vol_id,page,sentence_id,ent_id,entity,entity_type,start_char,end_char
mdp.39015039893741,1,0,0,1968,DATE,16,20
mdp.39015039893741,1,0,1,1968,DATE,28,32
mdp.39015039893741,1,1,0,21,CARDINAL,11,13
mdp.39015039893741,1,1,1,FREDERICK DOUGLASS 9,PERSON,22,42
mdp.39015039893741,1,1,2,AMERICAN,NORP,51,59
mdp.39015039893741,2,0,0,4.99,MONEY,27,31
mdp.39015039893741,2,0,1,5.99,MONEY,39,43
mdp.39015039893741,3,0,0,FREDERICK DOUGLASS,PERSON,0,18
mdp.39015039893741,3,0,1,"February, 1818",DATE,28,42
mdp.39015039893741,3,0,2,Negro,NORP,61,66
mdp.39015039893741,3,1,0,Doug,PERSON,37,41
mdp.39015039893741,3,2,0,Nat Turner,PERSON,77,87
mdp.39015039893741,3,2,1,Douglass,PERSON,89,97
mdp.39015039893741,3,3,0,North,LOC,59,64
mdp.39015039893741,3,4,0,1845,DATE,43,47
mdp.39015039893741,3,4,1,Douglass,PERSON,83,91
mdp.39015039893741,3,4,2,Ameriran,NORP,145,153
mdp.39015039893741,3,5,0,Negro,NORP,13,18
mdp.39015039893741,3,5,1,the Civil War,EVENT,34,47
mdp.39015039893741,3,6,0,Douglass,PERSON,0,8
mdp.39015039893741,3,6,1,the Santo Domingo Commission,ORG,29,57
mdp.39015039893741,3,6,2,the District of Columbia,GPE,80,104
mdp.39015039893741,3,6,3,United States,GPE,110,123
mdp.39015039893741,3,6,4,Haiti,GPE,136,141
mdp.39015039893741,3,7,0,1895,DATE,11,15
mdp.39015039893741,4,0,0,SIGNET O BLACK THUNDER: An Anthology of Contemporary African American Drama,WORK_OF_ART,32,107
mdp.39015039893741,4,1,0,William B. Branch,PERSON,35,52
mdp.39015039893741,4,2,0,today,DATE,14,19
mdp.39015039893741,4,2,1,Amiri Baraka,PERSON,50,62
mdp.39015039893741,4,2,2,August Wilson,PERSON,66,79
mdp.39015039893741,4,3,0,A RAISIN IN THE SUN,WORK_OF_ART,15,34
mdp.39015039893741,4,3,1,Lorraine Hansberry,PERSON,38,56
mdp.39015039893741,4,4,0,the 1955-,WORK_OF_ART,10,19
mdp.39015039893741,4,4,1,New York Drama Critics' Award,ORG,22,51
mdp.39015039893741,4,6,0,Lorraine Hansberry,PERSON,31,49
mdp.39015039893741,4,7,0,Robert Nemiroff,PERSON,11,26
mdp.39015039893741,4,8,0,James Baldwin,PERSON,16,29
mdp.39015039893741,4,9,0,Hansberry,PERSON,39,48
mdp.39015039893741,4,9,1,America,GPE,127,134
mdp.39015039893741,4,10,0,159527—$5.50,MONEY,1,13
mdp.39015039893741,4,11,0,Canada,GPE,25,31
mdp.39015039893741,4,13,0,PENGUIN USA,ORG,0,11
mdp.39015039893741,4,13,1,999,CARDINAL,21,24
mdp.39015039893741,4,13,2,Bergenfield,GPE,38,49
mdp.39015039893741,4,13,3,New Jersey,GPE,51,61
mdp.39015039893741,4,15,0,2.00,MONEY,30,34
mdp.39015039893741,4,16,0,Mastercard,ORG,61,71
mdp.39015039893741,4,16,1,VISA,ORG,75,79
mdp.39015039893741,4,16,2,15.00,MONEY,89,94
mdp.39015039893741,4,21,0,1-800-253-6476,CARDINAL,53,67
mdp.39015039893741,4,22,0,4-6 weeks,DATE,19,28
mdp.39015039893741,5,0,0,FREDERICK DOUGLASS,PERSON,25,43
mdp.39015039893741,5,0,1,AMERICAN,NORP,47,55
mdp.39015039893741,6,0,0,SIGNET,ORG,22,28
mdp.39015039893741,6,0,1,the Penguin Group,ORG,42,59
mdp.39015039893741,6,0,2,Penguin Books USA Inc,ORG,60,81
mdp.39015039893741,6,0,3,New York,GPE,103,111
mdp.39015039893741,6,0,4,New York,GPE,113,121
mdp.39015039893741,6,0,5,U.S.A.,GPE,129,135
mdp.39015039893741,6,0,6,Penguin Books Ltd,ORG,136,153
mdp.39015039893741,6,0,7,Wrights Lane,FAC,158,170
mdp.39015039893741,6,0,8,London,GPE,172,178
mdp.39015039893741,6,0,9,England,GPE,187,194
mdp.39015039893741,6,0,10,Penguin Books Australia Ltd,ORG,195,222
mdp.39015039893741,6,0,11,Ringwood,GPE,224,232
mdp.39015039893741,6,0,12,Victoria,GPE,234,242
mdp.39015039893741,6,0,13,Australia,GPE,244,253
mdp.39015039893741,6,0,14,Penguin Books Canada Ltd,ORG,254,278
mdp.39015039893741,6,0,15,Alcorn Avenue,FAC,283,296
mdp.39015039893741,6,0,16,Toronto,GPE,298,305
mdp.39015039893741,6,0,17,Ontario,GPE,307,314
mdp.39015039893741,6,0,18,Canada,GPE,316,322
mdp.39015039893741,6,0,19,Penguin Books (N.Z.) Ltd,ORG,331,355
mdp.39015039893741,6,0,20,Auckland,GPE,378,386
mdp.39015039893741,6,0,21,New Zealand,GPE,391,402
mdp.39015039893741,6,0,22,Penguin Books Ltd,ORG,403,420
mdp.39015039893741,6,0,23,Harmondsworth,ORG,442,455
mdp.39015039893741,6,0,24,Middlesex,GPE,457,466
mdp.39015039893741,6,0,25,England,GPE,468,475
mdp.39015039893741,6,0,26,Signet,ORG,489,495
mdp.39015039893741,6,0,27,Dutton Signet,ORG,511,524
mdp.39015039893741,6,0,28,Penguin Books USA Inc,ORG,540,561
mdp.39015039893741,6,0,29,First Signet Printing,ORG,562,583
mdp.39015039893741,6,0,30,"April, 1968",DATE,585,596
mdp.39015039893741,6,0,31,the United States of America,GPE,664,692
mdp.39015039893741,7,0,0,uel 30856r.,PERSON,0,11
mdp.39015039893741,7,1,0,"the month of August, 1841",DATE,3,28
mdp.39015039893741,7,1,1,Nantucket,GPE,70,79
mdp.39015039893741,7,1,2,FREDERICK DOUGLASS,PERSON,136,154
mdp.39015039893741,7,1,3,Narrative,WORK_OF_ART,184,193
mdp.39015039893741,7,2,0,New Bedford,GPE,405,416
mdp.39015039893741,7,3,0,millions,CARDINAL,56,64
mdp.39015039893741,8,1,0,first,ORDINAL,25,30
mdp.39015039893741,8,3,0,American,NORP,295,303
mdp.39015039893741,8,5,0,New Bedford,GPE,22,33
mdp.39015039893741,8,5,1,DOUGLASS,PERSON,51,59
mdp.39015039893741,9,1,0,PATRICK HENRY,PERSON,93,106
mdp.39015039893741,9,3,0,North,LOC,93,98
mdp.39015039893741,9,3,1,Massachusetts,GPE,108,121
mdp.39015039893741,9,5,0,Bay States,LOC,72,82
mdp.39015039893741,9,6,0,Mason,PERSON,95,100
mdp.39015039893741,9,6,1,Dixon,PERSON,105,110
mdp.39015039893741,9,7,0,DOUGLASS,PERSON,59,67
mdp.39015039893741,9,8,0,the Massachusetts Anti-Slavery Society,ORG,277,315
mdp.39015039893741,9,8,1,JOHN A. COLLINS,PERSON,321,336
mdp.39015039893741,9,9,0,first,ORDINAL,3,8
mdp.39015039893741,10,1,0,American,NORP,160,168
mdp.39015039893741,10,1,1,the Massachusetts Anti-Slavery Society,ORG,172,210
mdp.39015039893741,10,6,0,his day,DATE,41,48
mdp.39015039893741,10,8,0,FREDERICK DOUGLASS,PERSON,167,185
mdp.39015039893741,10,8,1,the United States,GPE,227,244
mdp.39015039893741,10,8,2,one,CARDINAL,272,275
mdp.39015039893741,10,8,3,CHARLES LENOX REMOND,PERSON,314,334
mdp.39015039893741,10,8,4,Atlantic,LOC,429,437
mdp.39015039893741,10,10,0,Avise,NORP,216,221
mdp.39015039893741,11,0,0,African,NORP,47,54
mdp.39015039893741,11,1,0,centuries,DATE,291,300
mdp.39015039893741,11,2,0,"brother,—DANIEL O'CONNELL",PERSON,151,176
mdp.39015039893741,11,2,1,Ireland,GPE,290,297
mdp.39015039893741,11,2,2,the Conciliation Hall,FAC,362,383
mdp.39015039893741,11,2,3,Dublin,GPE,385,391
mdp.39015039893741,11,2,4,the Loyal National Repeal Assa ciation,EVENT,400,438
mdp.39015039893741,11,2,5,"March 31, 1845",DATE,440,454
mdp.39015039893741,11,3,0,O'CONNELL,PERSON,22,31
mdp.39015039893741,11,5,0,American,NORP,3,11
mdp.39015039893741,11,5,1,Africa,LOC,54,60
mdp.39015039893741,11,5,2,three years,DATE,95,106
mdp.39015039893741,11,5,3,Arabic,LANGUAGE,305,311
mdp.39015039893741,11,5,4,English,LANGUAGE,316,323
mdp.39015039893741,11,8,0,DOUGLASS,PERSON,4,12
mdp.39015039893741,12,3,0,FREDERICK DOUGLASS,PERSON,18,36
mdp.39015039893741,12,3,1,Maryland,GPE,192,200
mdp.39015039893741,12,3,2,Georgia,GPE,290,297
mdp.39015039893741,12,3,3,Alabama,GPE,299,306
mdp.39015039893741,12,3,4,Louisiana,GPE,311,320
mdp.39015039893741,12,8,0,Christ Jesus,PERSON,151,163
mdp.39015039893741,12,14,0,Jesus,PERSON,30,35
mdp.39015039893741,13,3,0,DOUGLASS,PERSON,160,168
mdp.39015039893741,13,3,1,his ono day,DATE,259,270
mdp.39015039893741,13,3,2,the Chesapeake Bay,LOC,304,322
mdp.39015039893741,13,5,0,Alexandrian,NORP,30,41
mdp.39015039893741,13,6,0,four,CARDINAL,177,181
mdp.39015039893741,13,7,0,one hour,TIME,38,46
mdp.39015039893741,13,9,0,the United States,GPE,114,131
mdp.39015039893741,14,0,0,southern,NORP,107,115
mdp.39015039893741,14,8,0,DOUGLASS,PERSON,4,12
mdp.39015039893741,14,10,0,Narrative,WORK_OF_ART,21,30
mdp.39015039893741,14,10,1,two,CARDINAL,43,46
mdp.39015039893741,14,10,2,one,CARDINAL,82,85
mdp.39015039893741,14,11,0,DOUGLASS,PERSON,4,12
mdp.39015039893741,14,12,0,Baltimore,GPE,4,13
mdp.39015039893741,14,12,1,American,NORP,14,22
mdp.39015039893741,14,12,2,"March 17, 1845",DATE,27,41
mdp.39015039893741,15,1,0,Charles county,GPE,47,61
mdp.39015039893741,15,1,1,Maryland,GPE,63,71
mdp.39015039893741,15,1,2,Matthews,PERSON,135,143
mdp.39015039893741,15,1,3,Matthews,PERSON,165,173
mdp.39015039893741,15,1,4,Washington,GPE,228,238
mdp.39015039893741,15,1,5,one,CARDINAL,247,250
mdp.39015039893741,15,2,0,Matthews,PERSON,29,37
mdp.39015039893741,15,8,0,southern,NORP,55,63
mdp.39015039893741,15,10,0,DOUGLASS,PERSON,21,29
mdp.39015039893741,15,11,0,Christianity,ORG,31,43
mdp.39015039893741,16,3,0,LLOYD GARRISON BOSTON,PERSON,4,25
mdp.39015039893741,16,3,1,"May 1, 1845",DATE,27,38
mdp.39015039893741,17,0,0,WENDELL PHILLIPS,PERSON,12,28
mdp.39015039893741,17,0,1,ESQ.,GPE,30,34
mdp.39015039893741,17,0,2,BOSTON,GPE,35,41
mdp.39015039893741,17,0,3,"April 22, 1845",DATE,43,57
mdp.39015039893741,17,1,0,The Man and the Lion,WORK_OF_ART,47,67
mdp.39015039893741,17,5,0,the half-peck,QUANTITY,27,40
mdp.39015039893741,17,6,0,1838,DATE,20,24
mdp.39015039893741,17,6,1,West India,LOC,67,77
mdp.39015039893741,18,0,0,WENDELL PHILLIPS,PERSON,16,32
mdp.39015039893741,18,0,1,ESQ,GPE,34,37
mdp.39015039893741,18,1,0,Chesapeake,LOC,137,147
mdp.39015039893741,18,4,0,Valley,LOC,219,225
mdp.39015039893741,18,4,1,Mississippi,GPE,260,271
mdp.39015039893741,18,7,0,one,CARDINAL,3,6
mdp.39015039893741,18,8,0,some years,DATE,28,38
mdp.39015039893741,18,8,1,that “noon,TIME,128,138
mdp.39015039893741,18,8,2,Mason,PERSON,181,186
mdp.39015039893741,18,8,3,Dixon,PERSON,191,196
mdp.39015039893741,18,9,0,half,CARDINAL,32,36
mdp.39015039893741,18,9,1,Massachusetts,GPE,57,70
mdp.39015039893741,19,0,0,WENDELL PHILLIPS,PERSON,12,28
mdp.39015039893741,19,3,0,Some years ago,DATE,0,14
mdp.39015039893741,19,4,0,the other day,DATE,64,77
mdp.39015039893741,19,5,0,Massachusetts,GPE,128,141
mdp.39015039893741,19,6,0,1776,DATE,25,29
mdp.39015039893741,19,6,1,the Declaration of Independence,WORK_OF_ART,38,69
mdp.39015039893741,19,8,0,the Constitution of the United States,LAW,29,66
mdp.39015039893741,19,10,0,MS,ORG,57,59
mdp.39015039893741,20,0,0,WENDELL PHILLIPS,PERSON,18,34
mdp.39015039893741,20,0,1,ESQ.,GPE,36,40
mdp.39015039893741,20,0,2,New England,LOC,45,56
mdp.39015039893741,20,0,3,Union,GPE,93,98
mdp.39015039893741,20,0,4,Pilgrims,NORP,313,321
mdp.39015039893741,20,0,5,Carolinas,GPE,443,452
mdp.39015039893741,20,0,6,Massachusetts,GPE,520,533
mdp.39015039893741,20,1,0,the day,DATE,10,17
mdp.39015039893741,20,2,0,WENDELL PHILLIPS FREDERICK DOUGLASS,PERSON,34,69
mdp.39015039893741,21,0,0,FREDERICK DOUGLASS,PERSON,25,43
mdp.39015039893741,21,0,1,AMERICAN,NORP,47,55
mdp.39015039893741,21,0,2,25,CARDINAL,130,132
mdp.39015039893741,22,0,0,Act of Congress,LAW,22,37
mdp.39015039893741,22,0,1,the year 1845,DATE,42,55
mdp.39015039893741,22,0,2,Frederick Douglass,PERSON,60,78
mdp.39015039893741,22,0,3,the District Court,ORG,105,123
mdp.39015039893741,22,0,4,Massachusetts,GPE,127,140
mdp.39015039893741,23,0,0,Tuckahoe,GPE,24,32
mdp.39015039893741,23,0,1,Hillsborough,GPE,39,51
mdp.39015039893741,23,0,2,about twelve miles,QUANTITY,57,75
mdp.39015039893741,23,0,3,Easton,GPE,81,87
mdp.39015039893741,23,0,4,Talbot county,GPE,92,105
mdp.39015039893741,23,0,5,Maryland,GPE,107,115
mdp.39015039893741,23,4,0,spring-time,DATE,77,88
mdp.39015039893741,23,10,0,between twenty-seven and twenty-eight years,DATE,45,88
mdp.39015039893741,23,11,0,1835,DATE,61,65
mdp.39015039893741,23,11,1,about seventeen years old,DATE,73,98
mdp.39015039893741,23,12,0,Harriet Bailey,PERSON,20,34
mdp.39015039893741,23,13,0,Isaac,PERSON,24,29
mdp.39015039893741,23,13,1,Betsey Bailey,PERSON,34,47
mdp.39015039893741,23,17,0,21,DATE,53,55
mdp.39015039893741,24,0,0,FREDERICK DOUGLASS,PERSON,15,33
mdp.39015039893741,24,3,0,Maryland,GPE,38,46
mdp.39015039893741,24,4,0,its twelfth month,DATE,41,58
mdp.39015039893741,24,7,0,more than four,CARDINAL,44,58
mdp.39015039893741,24,7,1,five,CARDINAL,62,66
mdp.39015039893741,24,7,2,night,TIME,144,149
mdp.39015039893741,24,8,0,Stewart,PERSON,23,30
mdp.39015039893741,24,9,0,day,DATE,114,117
mdp.39015039893741,24,16,0,about seven years old,DATE,20,41
mdp.39015039893741,24,16,1,Lee's Mill,FAC,77,87
mdp.39015039893741,25,0,0,FREDERICK DOUGLASS,PERSON,12,30
mdp.39015039893741,25,5,0,first,ORDINAL,17,22
mdp.39015039893741,25,6,0,mulatto,NORP,217,224
mdp.39015039893741,25,7,0,one,CARDINAL,371,374
mdp.39015039893741,25,7,1,one,CARDINAL,511,514
mdp.39015039893741,25,8,0,huren,PERSON,54,59
mdp.39015039893741,25,8,1,one,CARDINAL,67,70
mdp.39015039893741,25,8,2,4,CARDINAL,74,75
mdp.39015039893741,26,0,0,24,CARDINAL,0,2
mdp.39015039893741,26,0,1,FREDERICK DOUGLASS,PERSON,17,35
mdp.39015039893741,26,1,0,one,CARDINAL,66,69
mdp.39015039893741,26,2,0,Africa,LOC,229,235
mdp.39015039893741,26,2,1,Ham,PERSON,341,344
mdp.39015039893741,26,2,2,American,NORP,360,368
mdp.39015039893741,26,3,0,Ham,PERSON,29,32
mdp.39015039893741,26,3,1,thousands,CARDINAL,148,157
mdp.39015039893741,26,4,0,two,CARDINAL,11,14
mdp.39015039893741,26,5,0,first,ORDINAL,3,8
mdp.39015039893741,26,5,1,Anthony,PERSON,27,34
mdp.39015039893741,26,6,0,first,ORDINAL,22,27
mdp.39015039893741,26,7,0,Anthony,PERSON,32,39
mdp.39015039893741,26,7,1,the Chesapeake Bay,LOC,100,118
mdp.39015039893741,26,8,0,two,CARDINAL,50,53
mdp.39015039893741,26,8,1,three,CARDINAL,57,62
mdp.39015039893741,26,8,2,about thirty,CARDINAL,74,86
mdp.39015039893741,26,10,0,Plummer,PERSON,24,31
mdp.39015039893741,26,11,0,Plummer,PERSON,4,11
mdp.39015039893741,27,0,0,FREDERICK DOUGLASS,PERSON,12,30
mdp.39015039893741,27,7,0,first,ORDINAL,11,16
mdp.39015039893741,27,13,0,Hester,PERSON,5,11
mdp.39015039893741,27,13,1,one night,TIME,21,30
mdp.39015039893741,27,14,0,evenings,TIME,33,41
mdp.39015039893741,27,14,1,Lloyd,PERSON,178,183
mdp.39015039893741,27,15,0,Ned Roberts,PERSON,25,36
mdp.39015039893741,27,15,1,Lloyd,PERSON,55,60
mdp.39015039893741,27,15,2,Ned,PERSON,63,66
mdp.39015039893741,27,18,0,Hester,PERSON,5,11
mdp.39015039893741,27,18,1,Lloyd,PERSON,95,100
mdp.39015039893741,27,18,2,Ned,PERSON,103,106
mdp.39015039893741,28,0,0,FREDERICK DOUGLASS,PERSON,15,33
mdp.39015039893741,28,1,0,Hester,PERSON,10,16
mdp.39015039893741,29,1,0,two,CARDINAL,32,35
mdp.39015039893741,29,1,1,Andrew,PERSON,42,48
mdp.39015039893741,29,1,2,Richard,PERSON,53,60
mdp.39015039893741,29,1,3,one,CARDINAL,62,65
mdp.39015039893741,29,1,4,Lucretia,PERSON,76,84
mdp.39015039893741,29,1,5,Thomas Auld,PERSON,111,122
mdp.39015039893741,29,2,0,one,CARDINAL,14,17
mdp.39015039893741,29,2,1,Edward Lloyd,PERSON,61,73
mdp.39015039893741,29,3,0,Lloyd,PERSON,22,27
mdp.39015039893741,29,5,0,two years,DATE,8,17
mdp.39015039893741,29,6,0,first,ORDINAL,68,73
mdp.39015039893741,29,7,0,about twelve miles,QUANTITY,18,36
mdp.39015039893741,29,7,1,Easton,GPE,46,52
mdp.39015039893741,29,7,2,Talbot county,GPE,57,70
mdp.39015039893741,29,7,3,Miles River,LOC,105,116
mdp.39015039893741,29,9,0,Baltimore,GPE,207,216
mdp.39015039893741,29,10,0,Sally Lloyd,PERSON,21,32
mdp.39015039893741,29,10,1,one,CARDINAL,46,49
mdp.39015039893741,29,11,0,Auld,PERSON,32,36
mdp.39015039893741,29,12,0,Peter,PERSON,17,22
mdp.39015039893741,29,12,1,Isaac,PERSON,24,29
mdp.39015039893741,29,12,2,Rich,PERSON,31,35
mdp.39015039893741,29,12,3,Jake,PERSON,41,45
mdp.39015039893741,29,13,0,Baltimore,GPE,187,196
mdp.39015039893741,29,15,0,Lloyd,PERSON,8,13
mdp.39015039893741,29,15,1,three to four hundred 27,DATE,24,48
mdp.39015039893741,30,0,0,FREDERICK DOUGLASS,PERSON,15,33
mdp.39015039893741,30,1,0,Wye Town,GPE,59,67
mdp.39015039893741,30,1,1,New Design,GPE,72,82
mdp.39015039893741,30,2,0,Wye Town,GPE,1,9
mdp.39015039893741,30,2,1,Noah Willis,PERSON,53,64
mdp.39015039893741,30,3,0,New Design,GPE,0,10
mdp.39015039893741,30,3,1,Townsend,PERSON,47,55
mdp.39015039893741,30,4,0,over twenty,CARDINAL,65,76
mdp.39015039893741,30,6,0,twenty,CARDINAL,44,50
mdp.39015039893741,30,8,0,Baltimore,GPE,197,206
mdp.39015039893741,30,8,1,Austin Woolfolk,PERSON,220,235
mdp.39015039893741,30,9,0,yearly,DATE,97,103
mdp.39015039893741,30,10,0,monthly,DATE,44,51
mdp.39015039893741,30,10,1,eight pounds,QUANTITY,71,83
mdp.39015039893741,30,10,2,one bushel,QUANTITY,124,134
mdp.39015039893741,30,11,0,two,CARDINAL,35,38
mdp.39015039893741,30,11,1,one,CARDINAL,60,63
mdp.39015039893741,30,11,2,one,CARDINAL,105,108
mdp.39015039893741,30,11,3,one,CARDINAL,117,120
mdp.39015039893741,30,11,4,winter,DATE,142,148
mdp.39015039893741,30,11,5,one,CARDINAL,178,181
mdp.39015039893741,30,11,6,one,CARDINAL,205,208
mdp.39015039893741,30,11,7,more than seven dollars,MONEY,263,286
mdp.39015039893741,30,13,0,two,CARDINAL,137,140
mdp.39015039893741,30,15,0,seven to ten years old,DATE,14,36
mdp.39015039893741,30,16,0,one,CARDINAL,44,47
mdp.39015039893741,31,0,0,FREDERICK DOUGLASS,PERSON,12,30
mdp.39015039893741,31,3,0,this morning,TIME,98,110
mdp.39015039893741,31,4,0,Severe,PERSON,4,10
mdp.39015039893741,31,5,0,Severe,PERSON,4,10
mdp.39015039893741,31,6,0,half an hour,TIME,55,67
mdp.39015039893741,32,0,0,FREDERICK DOUGLASS,PERSON,15,33
mdp.39015039893741,32,1,0,hours,TIME,63,68
mdp.39015039893741,32,1,1,Lloyd,PERSON,124,129
mdp.39015039893741,32,3,0,Severe,PERSON,4,10
mdp.39015039893741,32,3,1,Hopkins,PERSON,39,46
mdp.39015039893741,32,5,0,Severe,PERSON,63,69
mdp.39015039893741,32,9,0,Lloyd,PERSON,31,36
mdp.39015039893741,32,14,0,the Great House Farm,ORG,28,48
mdp.39015039893741,32,15,0,the Great House Farm,ORG,114,134
mdp.39015039893741,32,17,0,American,NORP,71,79
mdp.39015039893741,32,17,1,Congress,ORG,80,88
mdp.39015039893741,32,17,2,the Great House Farm,ORG,169,189
mdp.39015039893741,32,21,0,Lloyd,PERSON,54,59
mdp.39015039893741,32,22,0,Germs,ORG,14,19
mdp.39015039893741,33,0,0,FREDERICK DOUGLASS,PERSON,12,30
mdp.39015039893741,33,1,0,the Great House Farm,FAC,29,49
mdp.39015039893741,33,1,1,monthly,DATE,59,66
mdp.39015039893741,33,6,0,the Great House Farm,FAC,64,84
mdp.39015039893741,33,8,0,the Great House Farm,FAC,78,98
mdp.39015039893741,34,0,0,FREDERICK DOUGLASS,PERSON,15,33
mdp.39015039893741,34,5,0,Lloyd,PERSON,98,103
mdp.39015039893741,34,6,0,Pin,PERSON,0,3
mdp.39015039893741,35,1,0,Lloyd,PERSON,8,13
mdp.39015039893741,35,1,1,four,CARDINAL,103,107
mdp.39015039893741,35,1,2,M'Durmond,PERSON,146,155
mdp.39015039893741,35,3,0,the summer months,DATE,7,24
mdp.39015039893741,35,3,1,Baltimore,GPE,61,70
mdp.39015039893741,35,3,2,Easton,GPE,72,78
mdp.39015039893741,35,3,3,Annapolis,GPE,84,93
mdp.39015039893741,35,15,0,33,CARDINAL,0,2
mdp.39015039893741,36,0,0,FREDERICK DOUGLASS,PERSON,15,33
mdp.39015039893741,36,2,0,three,CARDINAL,29,34
mdp.39015039893741,36,2,1,three,CARDINAL,53,58
mdp.39015039893741,36,2,2,four,CARDINAL,62,66
mdp.39015039893741,36,3,0,two,CARDINAL,41,44
mdp.39015039893741,36,3,1,Barney,PERSON,57,63
mdp.39015039893741,36,3,2,Barney,PERSON,74,80
mdp.39015039893741,36,5,0,Lloyd,PERSON,70,75
mdp.39015039893741,36,6,0,Barney,PERSON,344,350
mdp.39015039893741,36,9,0,Lloyd,PERSON,76,81
mdp.39015039893741,36,14,0,Barney,PERSON,17,23
mdp.39015039893741,36,16,0,Lloyd,PERSON,8,13
mdp.39015039893741,36,18,0,Lloyd,PERSON,20,25
mdp.39015039893741,36,18,1,Barney,PERSON,35,41
mdp.39015039893741,37,0,0,FREDERICK DOUGLASS,PERSON,12,30
mdp.39015039893741,37,0,1,more than thirty,CARDINAL,228,244
mdp.39015039893741,37,1,0,Lloyd,PERSON,8,13
mdp.39015039893741,37,1,1,three,CARDINAL,18,23
mdp.39015039893741,37,1,2,Edward,PERSON,29,35
mdp.39015039893741,37,1,3,Murray,PERSON,37,43
mdp.39015039893741,37,1,4,three,CARDINAL,62,67
mdp.39015039893741,37,1,5,Winder,PERSON,84,90
mdp.39015039893741,37,1,6,Nicholson,PERSON,96,105
mdp.39015039893741,37,1,7,Lowndes,PERSON,115,122
mdp.39015039893741,37,2,0,the Great House Farm,FAC,22,42
mdp.39015039893741,37,2,1,Barney,PERSON,120,126
mdp.39015039893741,37,2,2,William Wilkes,PERSON,135,149
mdp.39015039893741,37,3,0,Winder,PERSON,12,18
mdp.39015039893741,37,4,0,Lloyd,PERSON,34,39
mdp.39015039893741,37,4,1,Job,PERSON,90,93
mdp.39015039893741,37,5,0,ten to fifteen,CARDINAL,13,27
mdp.39015039893741,37,6,0,a thousand,CARDINAL,19,29
mdp.39015039893741,37,7,0,Lloyd,PERSON,8,13
mdp.39015039893741,37,9,0,Lloyd,PERSON,12,17
mdp.39015039893741,37,17,0,two or three weeks,DATE,62,80
mdp.39015039893741,37,18,0,Georgia,GPE,120,127
mdp.39015039893741,38,0,0,FREDERICK DOUGLASS,PERSON,15,33
mdp.39015039893741,38,14,0,Lloyd,PERSON,13,18
mdp.39015039893741,38,14,1,Jacob Jepson,PERSON,46,58
mdp.39015039893741,38,14,2,Lloyd,PERSON,126,131
mdp.39015039893741,38,14,3,Jepson,PERSON,185,191
mdp.39015039893741,38,15,0,Colonel Lloyd's,PERSON,0,15
mdp.39015039893741,39,0,0,FREDERICK DOUGLASS,PERSON,12,30
mdp.39015039893741,39,0,1,Jacob Jepson,PERSON,74,86
mdp.39015039893741,39,1,0,Jepson,PERSON,4,10
mdp.39015039893741,39,1,1,Lloyd,PERSON,60,65
mdp.39015039893741,40,1,0,Hopkins,PERSON,4,11
mdp.39015039893741,40,2,0,Lloyd,PERSON,105,110
mdp.39015039893741,40,3,0,Hopkins,PERSON,4,11
mdp.39015039893741,40,3,1,Austin Gore,PERSON,33,44
mdp.39015039893741,40,3,2,first,ORDINAL,150,155
mdp.39015039893741,40,4,0,Gore,PERSON,4,8
mdp.39015039893741,40,4,1,Lloyd,PERSON,28,33
mdp.39015039893741,40,4,2,one,CARDINAL,69,72
mdp.39015039893741,40,4,3,Great House Farm,FAC,169,185
mdp.39015039893741,40,5,0,Gore,PERSON,4,8
mdp.39015039893741,40,11,0,Gore,PERSON,4,8
mdp.39015039893741,40,11,1,dozen,CARDINAL,85,90
mdp.39015039893741,40,12,0,Gore,PERSON,84,88
mdp.39015039893741,40,13,0,38,DATE,6,8
mdp.39015039893741,41,0,0,FREDERICK DOUGLASS,PERSON,12,30
mdp.39015039893741,41,0,1,39,CARDINAL,31,33
mdp.39015039893741,41,1,0,Gore,PERSON,122,126
mdp.39015039893741,41,7,0,Gore,PERSON,4,8
mdp.39015039893741,41,9,0,Gore,PERSON,88,92
mdp.39015039893741,41,16,0,Gore,PERSON,4,8
mdp.39015039893741,41,16,1,one,CARDINAL,32,35
mdp.39015039893741,41,16,2,Lloyd,PERSON,47,52
mdp.39015039893741,41,16,3,Demby,PERSON,78,83
mdp.39015039893741,41,17,0,Demby,PERSON,13,18
mdp.39015039893741,42,0,0,FREDERICK,PERSON,15,24
mdp.39015039893741,42,1,0,Gore,PERSON,4,8
mdp.39015039893741,42,1,1,three,CARDINAL,41,46
mdp.39015039893741,42,1,2,third,ORDINAL,94,99
mdp.39015039893741,42,2,0,first,ORDINAL,4,9
mdp.39015039893741,42,3,0,Demby,PERSON,0,5
mdp.39015039893741,42,4,0,second,ORDINAL,4,10
mdp.39015039893741,42,4,1,third,ORDINAL,15,20
mdp.39015039893741,42,5,0,Gore,PERSON,4,8
mdp.39015039893741,42,5,1,Demby,PERSON,82,87
mdp.39015039893741,42,5,2,Demby,PERSON,204,209
mdp.39015039893741,42,7,0,Gore,PERSON,81,85
mdp.39015039893741,42,9,0,Lloyd,PERSON,24,29
mdp.39015039893741,42,10,0,Demby,PERSON,49,54
mdp.39015039893741,42,12,0,one,CARDINAL,18,21
mdp.39015039893741,42,13,0,Gore,PERSON,4,8
mdp.39015039893741,42,17,0,one,CARDINAL,155,158
mdp.39015039893741,42,18,0,Gore,PERSON,4,8
mdp.39015039893741,42,18,1,St. Michael's,GPE,18,31
mdp.39015039893741,42,18,2,Talbot county,GPE,33,46
mdp.39015039893741,42,18,3,Maryland,GPE,48,56
mdp.39015039893741,43,0,0,FREDERICK DOUGLASS,PERSON,12,30
mdp.39015039893741,43,1,0,Thomas Lane,PERSON,0,11
mdp.39015039893741,43,2,0,Talbot county,GPE,83,96
mdp.39015039893741,43,2,1,Maryland,GPE,98,106
mdp.39015039893741,43,3,0,Thomas Lanman,PERSON,4,17
mdp.39015039893741,43,3,1,St. Michael's,GPE,22,35
mdp.39015039893741,43,3,2,two,CARDINAL,44,47
mdp.39015039893741,43,3,3,one,CARDINAL,56,59
mdp.39015039893741,43,6,0,Giles Hicks,PERSON,16,27
mdp.39015039893741,43,6,1,between fifteen and sixteen years of age,DATE,124,164
mdp.39015039893741,43,6,2,a few hours,TIME,295,306
mdp.39015039893741,43,7,0,a few hours,TIME,71,82
mdp.39015039893741,43,8,0,that night,TIME,77,87
mdp.39015039893741,43,8,1,Hicks,PERSON,101,106
mdp.39015039893741,43,9,0,several nights previous,DATE,30,53
mdp.39015039893741,43,10,0,Hicks,PERSON,37,42
mdp.39015039893741,43,11,0,Hicks,PERSON,5,10
mdp.39015039893741,44,0,0,FREDERICK DOUGLASS,PERSON,15,33
mdp.39015039893741,44,1,0,Lloyd,PERSON,78,83
mdp.39015039893741,44,1,1,Demby,PERSON,182,187
mdp.39015039893741,44,1,2,Gore,PERSON,195,199
mdp.39015039893741,44,2,0,Lloyd,PERSON,8,13
mdp.39015039893741,44,2,1,Sundays,DATE,80,87
mdp.39015039893741,44,3,0,Lloyd,PERSON,32,37
mdp.39015039893741,44,3,1,Lloyd,PERSON,104,109
mdp.39015039893741,44,3,2,Beal Bondly,PERSON,140,151
mdp.39015039893741,44,4,0,Bondly,PERSON,22,28
mdp.39015039893741,44,5,0,Bondly,PERSON,4,10
mdp.39015039893741,44,5,1,Lloyd,PERSON,36,41
mdp.39015039893741,44,5,2,the next day,DATE,42,54
mdp.39015039893741,44,8,0,a half-cent,MONEY,72,83
mdp.39015039893741,44,8,1,a half-cent,MONEY,108,119
mdp.39015039893741,45,1,0,Lloyd,PERSON,48,53
mdp.39015039893741,45,3,0,evening,TIME,49,56
mdp.39015039893741,45,3,1,Lucretia Auld,PERSON,173,186
mdp.39015039893741,45,4,0,Daniel Lloyd,PERSON,54,66
mdp.39015039893741,45,5,0,Daniel,PERSON,26,32
mdp.39015039893741,45,10,0,summer,DATE,11,17
mdp.39015039893741,45,10,1,winter,DATE,30,36
mdp.39015039893741,45,12,0,the coldest nights,DATE,42,60
mdp.39015039893741,45,15,0,43,CARDINAL,0,2
mdp.39015039893741,46,0,0,FREDERICK DOUGLASS,PERSON,15,33
mdp.39015039893741,46,7,0,between seven and eight years old,DATE,15,48
mdp.39015039893741,46,7,1,Lloyd,PERSON,69,74
mdp.39015039893741,46,9,0,Anthony,PERSON,92,99
mdp.39015039893741,46,9,1,Baltimore,GPE,132,141
mdp.39015039893741,46,9,2,Hugh Auld,PERSON,160,169
mdp.39015039893741,46,9,3,Thomas Auld,PERSON,218,229
mdp.39015039893741,46,10,0,about three days,DATE,28,44
mdp.39015039893741,46,11,0,three,CARDINAL,10,15
mdp.39015039893741,46,14,0,Lucretia,PERSON,79,87
mdp.39015039893741,46,14,1,Baltimore,GPE,172,181
mdp.39015039893741,46,14,2,Baltimore,GPE,202,211
mdp.39015039893741,46,18,0,first,ORDINAL,46,51
mdp.39015039893741,47,0,0,FREDERICK DOUGLASS,PERSON,12,30
mdp.39015039893741,47,3,0,two,CARDINAL,6,9
mdp.39015039893741,47,3,1,one,CARDINAL,22,25
mdp.39015039893741,47,6,0,Baltimore,GPE,188,197
mdp.39015039893741,47,6,1,Baltimore,GPE,240,249
mdp.39015039893741,47,6,2,England,GPE,306,313
mdp.39015039893741,47,6,3,Ireland,GPE,356,363
mdp.39015039893741,47,7,0,Baltimore,GPE,34,43
mdp.39015039893741,47,8,0,Tom,PERSON,7,10
mdp.39015039893741,47,9,0,the Great House,FAC,37,52
mdp.39015039893741,47,9,1,Baltimore,GPE,125,134
mdp.39015039893741,47,10,0,the Great House,FAC,5,20
mdp.39015039893741,47,10,1,Baltimore,GPE,90,99
mdp.39015039893741,47,13,0,Miles River,LOC,17,28
mdp.39015039893741,47,13,1,Baltimore,GPE,33,42
mdp.39015039893741,47,13,2,Saturday,DATE,48,56
mdp.39015039893741,47,13,3,morning,TIME,57,64
mdp.39015039893741,47,14,0,the day of the week,DATE,16,35
mdp.39015039893741,47,14,1,the days of the month,DATE,76,97
mdp.39015039893741,47,14,2,the months of the year,DATE,103,125
mdp.39015039893741,47,15,0,Lloyd,PERSON,51,56
mdp.39015039893741,47,16,0,the day,DATE,80,87
mdp.39015039893741,48,0,0,FREDERICK DOUGLASS,PERSON,15,33
mdp.39015039893741,48,1,0,the afternoon of that day,TIME,3,28
mdp.39015039893741,48,1,1,Annapolis,GPE,41,50
mdp.39015039893741,48,3,0,first,ORDINAL,11,16
mdp.39015039893741,48,3,1,New England,LOC,107,118
mdp.39015039893741,48,3,2,the Great House Farm,FAC,205,225
mdp.39015039893741,48,4,0,Baltimore,GPE,14,23
mdp.39015039893741,48,4,1,early on Sunday morning,TIME,24,47
mdp.39015039893741,48,4,2,Smith's Wharf,FAC,60,73
mdp.39015039893741,48,4,3,Bowley's Wharf,FAC,88,102
mdp.39015039893741,48,5,0,Curtis,PERSON,112,118
mdp.39015039893741,48,5,1,Louden Slater's Hill,LOC,122,142
mdp.39015039893741,48,5,2,Rich,PERSON,163,167
mdp.39015039893741,48,5,3,one,CARDINAL,169,172
mdp.39015039893741,48,5,4,Alliciana Street,FAC,237,253
mdp.39015039893741,48,5,5,Gardner,PERSON,264,271
mdp.39015039893741,48,5,6,Fells Point,LOC,288,299
mdp.39015039893741,48,6,0,Auld,PERSON,13,17
mdp.39015039893741,48,6,1,Thomas,PERSON,82,88
mdp.39015039893741,48,7,0,Sophia Auld,PERSON,140,151
mdp.39015039893741,48,10,0,Thomas,PERSON,7,13
mdp.39015039893741,48,10,1,Thomas,PERSON,84,90
mdp.39015039893741,48,11,0,Lloyd,PERSON,38,43
mdp.39015039893741,48,12,0,Baltimore,GPE,117,126
mdp.39015039893741,48,13,0,Baltimore,GPE,17,26
mdp.39015039893741,49,0,0,FREDERICK DOUGLASS,PERSON,12,30
mdp.39015039893741,49,3,0,Baltimore,GPE,87,96
mdp.39015039893741,50,0,0,VI,CARDINAL,8,10
mdp.39015039893741,50,1,0,first,ORDINAL,53,58
mdp.39015039893741,51,0,0,FREDERICK DOUGLASS,PERSON,12,30
mdp.39015039893741,51,1,0,Auld,PERSON,49,53
mdp.39015039893741,51,2,0,three or four,CARDINAL,72,85
mdp.39015039893741,51,3,0,Auld,PERSON,39,43
mdp.39015039893741,51,3,1,Auld,PERSON,98,102
mdp.39015039893741,52,0,0,FREDERICK DOUGLASS,PERSON,15,33
mdp.39015039893741,52,7,0,Baltimore,GPE,34,43
mdp.39015039893741,52,15,0,Philpot Street,FAC,28,42
mdp.39015039893741,52,15,1,Thomas Hamilton,PERSON,54,69
mdp.39015039893741,52,16,0,two,CARDINAL,9,12
mdp.39015039893741,52,17,0,Henrietta,PERSON,17,26
mdp.39015039893741,52,17,1,Mary,PERSON,31,35
mdp.39015039893741,52,18,0,Henrietta,PERSON,0,9
mdp.39015039893741,52,18,1,about twenty-two years of age,DATE,14,43
mdp.39015039893741,52,18,2,Mary,PERSON,45,49
mdp.39015039893741,52,18,3,about fourteen,DATE,54,68
mdp.39015039893741,52,18,4,two,CARDINAL,143,146
mdp.39015039893741,53,0,0,FREDERICK DOUGLASS 51,PERSON,12,33
mdp.39015039893741,53,2,0,Mary,PERSON,33,37
mdp.39015039893741,53,4,0,Hamilton,PERSON,102,110
mdp.39015039893741,53,5,0,Hamilton,PERSON,20,28
mdp.39015039893741,53,5,1,nearly every day,DATE,37,53
mdp.39015039893741,53,6,0,Hamilton,PERSON,5,13
mdp.39015039893741,53,6,1,one,CARDINAL,183,186
mdp.39015039893741,53,11,0,Mary,PERSON,12,16
mdp.39015039893741,53,12,0,Mary,PERSON,12,16
mdp.39015039893741,54,1,0,Hugh,PERSON,18,22
mdp.39015039893741,54,1,1,about seven years,DATE,32,49
mdp.39015039893741,54,7,0,first,ORDINAL,7,12
mdp.39015039893741,54,9,0,one,CARDINAL,178,181
mdp.39015039893741,55,0,0,FREDERICK DOUGLASS 53,PERSON,12,33
mdp.39015039893741,55,2,0,first,ORDINAL,4,9
mdp.39015039893741,55,13,0,first,ORDINAL,4,9
mdp.39015039893741,55,18,0,one,CARDINAL,72,75
mdp.39015039893741,56,0,0,FREDERICK DOUGLASS urchins,PERSON,15,41
mdp.39015039893741,56,1,0,two,CARDINAL,43,46
mdp.39015039893741,56,1,1,three,CARDINAL,50,55
mdp.39015039893741,56,1,2,Christian,NORP,292,301
mdp.39015039893741,56,2,0,Philpot Street,FAC,67,81
mdp.39015039893741,56,2,1,Durgin,GPE,93,99
mdp.39015039893741,56,2,2,Bailey,PERSON,104,110
mdp.39015039893741,56,5,0,twenty-one,DATE,37,47
mdp.39015039893741,56,8,0,about twelve years old,DATE,10,32
mdp.39015039893741,56,9,0,The Columbian Orator,WORK_OF_ART,53,73
mdp.39015039893741,56,12,0,three,CARDINAL,61,66
mdp.39015039893741,56,13,0,third,ORDINAL,104,109
mdp.39015039893741,56,16,0,one,CARDINAL,29,32
mdp.39015039893741,56,16,1,Sheridan,PERSON,36,44
mdp.39015039893741,56,16,2,Catholic,NORP,83,91
mdp.39015039893741,57,0,0,FREDERICK DOUGLASS,PERSON,12,30
mdp.39015039893741,57,0,1,one,CARDINAL,72,75
mdp.39015039893741,57,3,0,Sheridan,PERSON,16,24
mdp.39015039893741,57,4,0,one,CARDINAL,156,159
mdp.39015039893741,57,6,0,Africa,LOC,111,117
mdp.39015039893741,57,8,0,Hugh,PERSON,86,90
mdp.39015039893741,58,1,0,FREDERICK DOUGLASS,PERSON,12,30
mdp.39015039893741,58,15,0,the District of Columbia,GPE,160,184
mdp.39015039893741,58,15,1,States,GPE,221,227
mdp.39015039893741,58,18,0,one day,DATE,7,14
mdp.39015039893741,58,18,1,Waters,PERSON,40,46
mdp.39015039893741,58,18,2,two,CARDINAL,59,62
mdp.39015039893741,58,18,3,Irishmen,NORP,63,71
mdp.39015039893741,58,19,0,one,CARDINAL,22,25
mdp.39015039893741,58,23,0,Irishman,NORP,9,17
mdp.39015039893741,59,0,0,FREDERICK DOUGLASS,PERSON,12,30
mdp.39015039893741,59,9,0,one day,DATE,46,53
mdp.39015039893741,59,11,0,Durgin,PERSON,74,80
mdp.39015039893741,59,11,1,Bailey,PERSON,85,91
mdp.39015039893741,59,19,0,four,CARDINAL,79,83
mdp.39015039893741,60,0,0,FREDERICK DOUGLASS,PERSON,15,33
mdp.39015039893741,60,4,0,Webster's Spelling Book,WORK_OF_ART,54,77
mdp.39015039893741,60,5,0,Thomas,PERSON,31,37
mdp.39015039893741,60,7,0,Wilk Street,FAC,47,58
mdp.39015039893741,60,8,0,Thomas,PERSON,81,87
mdp.39015039893741,60,9,0,Thomas,PERSON,81,87
mdp.39015039893741,60,10,0,years,DATE,39,44
mdp.39015039893741,61,1,0,Baltimore,GPE,45,54
mdp.39015039893741,61,1,1,Richard,PERSON,85,92
mdp.39015039893741,61,1,2,about three years and six months,DATE,106,138
mdp.39015039893741,61,1,3,Captain Anthony,PERSON,171,186
mdp.39015039893741,61,1,4,Andrew,PERSON,216,222
mdp.39015039893741,61,1,5,Lucretia,PERSON,238,246
mdp.39015039893741,61,2,0,Hillsborough,GPE,48,60
mdp.39015039893741,61,4,0,Lucretia,PERSON,110,118
mdp.39015039893741,61,4,1,Andrew,PERSON,130,136
mdp.39015039893741,61,9,0,Baltimore,GPE,7,16
mdp.39015039893741,61,10,0,Rowe,PERSON,28,32
mdp.39015039893741,61,10,1,Wild Cat,PRODUCT,50,58
mdp.39015039893741,61,10,2,about twenty-four hours,TIME,81,104
mdp.39015039893741,61,11,0,five years,DATE,52,62
mdp.39015039893741,61,13,0,only about five years old,DATE,6,31
mdp.39015039893741,61,13,1,Lloyd,PERSON,92,97
mdp.39015039893741,61,13,2,between ten and eleven years old,DATE,130,162
mdp.39015039893741,61,16,0,59,CARDINAL,64,66
mdp.39015039893741,62,0,0,FREDERICK DOUGLASS,PERSON,15,33
mdp.39015039893741,62,8,0,Andrew,PERSON,102,108
mdp.39015039893741,62,10,0,Georgia,GPE,57,64
mdp.39015039893741,62,15,0,Baltimore,GPE,124,133
mdp.39015039893741,62,15,1,Andrew,PERSON,294,300
mdp.39015039893741,63,0,0,FREDERICK DOUGLASS,PERSON,12,30
mdp.39015039893741,63,2,0,Lucretia,PERSON,59,67
mdp.39015039893741,63,2,1,Baltimore,GPE,102,111
mdp.39015039893741,63,2,2,Hugh,PERSON,151,155
mdp.39015039893741,63,4,0,a glad day,DATE,7,17
mdp.39015039893741,63,6,0,Baltimore,GPE,18,27
mdp.39015039893741,63,6,1,just about one month,DATE,72,92
mdp.39015039893741,63,6,2,six,DATE,121,124
mdp.39015039893741,63,7,0,Baltimore,GPE,29,38
mdp.39015039893741,63,7,1,Lucretia,PERSON,53,61
mdp.39015039893741,63,7,2,one,CARDINAL,93,96
mdp.39015039893741,63,7,3,Amanda,PERSON,104,110
mdp.39015039893741,63,7,4,Andrew,PERSON,161,167
mdp.39015039893741,64,0,0,FREDERICK DOUGLASS,PERSON,15,33
mdp.39015039893741,64,3,0,Virginia,GPE,373,381
mdp.39015039893741,65,0,0,FREDERICK DOUGLASS,PERSON,18,36
mdp.39015039893741,65,1,0,twelve,CARDINAL,48,54
mdp.39015039893741,65,4,0,about two years,DATE,3,18
mdp.39015039893741,65,4,1,Lucretia,PERSON,43,51
mdp.39015039893741,65,4,2,Thomas,PERSON,60,66
mdp.39015039893741,65,4,3,second,ORDINAL,79,85
mdp.39015039893741,65,5,0,Rowena Hamilton,PERSON,13,28
mdp.39015039893741,65,6,0,William Hamilton,PERSON,35,51
mdp.39015039893741,65,6,1,St. Michael's,GPE,73,86
mdp.39015039893741,65,7,0,Hugh,PERSON,86,90
mdp.39015039893741,65,7,1,St. Michael's,FAC,177,190
mdp.39015039893741,65,9,0,Hugh,PERSON,149,153
mdp.39015039893741,65,12,0,Baltimore,GPE,23,32
mdp.39015039893741,65,15,0,Thomas,PERSON,7,13
mdp.39015039893741,66,0,0,FREDERICK DOUGLASS,PERSON,15,33
mdp.39015039893741,66,1,0,Baltimore,GPE,14,23
mdp.39015039893741,66,1,1,St. Michael's,GPE,28,41
mdp.39015039893741,66,1,2,Amanda,PRODUCT,55,61
mdp.39015039893741,66,1,3,Edward Dodson,PERSON,71,84
mdp.39015039893741,66,2,0,Philadelphia,GPE,95,107
mdp.39015039893741,66,3,0,North Point,LOC,44,55
mdp.39015039893741,67,2,0,Baltimore,GPE,7,16
mdp.39015039893741,67,2,1,Thomas Auld,PERSON,47,58
mdp.39015039893741,67,2,2,St. Michael's,FAC,63,76
mdp.39015039893741,67,2,3,"March, 1832",DATE,81,92
mdp.39015039893741,67,3,0,more than seven years,DATE,11,32
mdp.39015039893741,67,3,1,Lloyd,PERSON,99,104
mdp.39015039893741,67,10,0,first,ORDINAL,19,24
mdp.39015039893741,67,10,1,more than seven years,DATE,48,69
mdp.39015039893741,67,10,2,Lloyd,PERSON,182,187
mdp.39015039893741,67,12,0,Hugh,PERSON,45,49
mdp.39015039893741,67,13,0,Thomas,PERSON,19,25
mdp.39015039893741,67,17,0,Maryland,GPE,39,47
mdp.39015039893741,67,18,0,Thomas,PERSON,7,13
mdp.39015039893741,67,18,1,65,CARDINAL,51,53
mdp.39015039893741,68,0,0,FREDERICK,PERSON,15,24
mdp.39015039893741,68,2,0,four,CARDINAL,11,15
mdp.39015039893741,68,2,1,Eliza,PERSON,55,60
mdp.39015039893741,68,2,2,Priscilla,PERSON,70,79
mdp.39015039893741,68,2,3,Henny,PERSON,81,86
mdp.39015039893741,68,2,4,less than a half,CARDINAL,120,136
mdp.39015039893741,68,6,0,every morning,TIME,240,253
mdp.39015039893741,68,7,0,one,CARDINAL,44,47
mdp.39015039893741,68,9,0,one,CARDINAL,17,20
mdp.39015039893741,68,12,0,Auld,PERSON,8,12
mdp.39015039893741,68,18,0,Napoleon,PERSON,54,62
mdp.39015039893741,69,0,0,FREDERICK DOUGLASS,PERSON,12,30
mdp.39015039893741,69,5,0,Auld,PERSON,64,68
mdp.39015039893741,69,10,0,"August, 1832",DATE,3,15
mdp.39015039893741,69,10,1,Methodist,NORP,38,47
mdp.39015039893741,69,10,2,the Bay-side,LOC,69,81
mdp.39015039893741,69,10,3,Talbot county,GPE,83,96
mdp.39015039893741,69,18,0,morning,TIME,10,17
mdp.39015039893741,69,18,1,noon,TIME,19,23
mdp.39015039893741,69,18,2,night,TIME,29,34
mdp.39015039893741,70,0,0,FREDERICK,PERSON,15,24
mdp.39015039893741,70,3,0,three,CARDINAL,12,17
mdp.39015039893741,70,3,1,four,CARDINAL,21,25
mdp.39015039893741,70,4,0,Storks,PERSON,82,88
mdp.39015039893741,70,4,1,Ewery,PERSON,94,99
mdp.39015039893741,70,4,2,Humphry,PERSON,105,112
mdp.39015039893741,70,4,3,Hickey,PERSON,122,128
mdp.39015039893741,70,5,0,George Cookman,PERSON,21,35
mdp.39015039893741,70,6,0,Cookman,PERSON,20,27
mdp.39015039893741,70,8,0,Samuel Harrison,PERSON,43,58
mdp.39015039893741,70,11,0,Cookman,PERSON,4,11
mdp.39015039893741,70,13,0,St. Michael's,FAC,32,45
mdp.39015039893741,70,13,1,Wilson,PERSON,82,88
mdp.39015039893741,70,13,2,the New Testament,WORK_OF_ART,201,218
mdp.39015039893741,70,14,0,three,CARDINAL,11,16
mdp.39015039893741,70,14,1,West,PERSON,33,37
mdp.39015039893741,70,14,2,Fairbanks,PERSON,46,55
mdp.39015039893741,70,15,0,Sabbath,DATE,22,29
mdp.39015039893741,70,15,1,St. Michael's,GPE,58,71
mdp.39015039893741,70,17,0,one,CARDINAL,28,31
mdp.39015039893741,70,18,0,Scripture,WORK_OF_ART,212,221
mdp.39015039893741,70,19,0,four or five hours,TIME,78,96
mdp.39015039893741,71,0,0,FREDERICK DOUGLASS,PERSON,12,30
mdp.39015039893741,71,0,1,early in the morning,TIME,65,85
mdp.39015039893741,71,1,0,Henny,PERSON,39,44
mdp.39015039893741,71,10,0,Thomas,PERSON,7,13
mdp.39015039893741,71,15,0,One,CARDINAL,0,3
mdp.39015039893741,71,15,1,about five miles,QUANTITY,117,133
mdp.39015039893741,71,15,2,St. Michael's,FAC,139,152
mdp.39015039893741,71,18,0,William Hamilton,PERSON,7,23
mdp.39015039893741,71,20,0,Thomas,PERSON,7,13
mdp.39015039893741,71,21,0,nine months,DATE,21,32
mdp.39015039893741,72,0,0,FREDERICK DOUGLASS,PERSON,15,33
mdp.39015039893741,72,0,1,one year,DATE,34,42
mdp.39015039893741,72,0,2,Edward Covey,PERSON,58,70
mdp.39015039893741,72,1,0,Covey,PERSON,4,9
mdp.39015039893741,72,3,0,Covey,PERSON,4,9
mdp.39015039893741,72,5,0,Covey,PERSON,56,61
mdp.39015039893741,72,5,1,one year,DATE,83,91
mdp.39015039893741,72,7,0,Covey,PERSON,43,48
mdp.39015039893741,72,7,1,Methodist,NORP,129,138
mdp.39015039893741,73,1,0,Thomas,PERSON,14,20
mdp.39015039893741,73,1,1,Covey,PERSON,56,61
mdp.39015039893741,73,1,2,"the 1st of January, 1833",DATE,66,90
mdp.39015039893741,73,2,0,first,ORDINAL,19,24
mdp.39015039893741,73,4,0,one week,DATE,30,38
mdp.39015039893741,73,4,1,Covey,PERSON,50,55
mdp.39015039893741,73,5,0,Covey,PERSON,47,52
mdp.39015039893741,73,5,1,our coldest days,DATE,98,114
mdp.39015039893741,73,5,2,the month of January,DATE,118,138
mdp.39015039893741,73,14,0,71,CARDINAL,56,58
mdp.39015039893741,74,1,0,FREDERICK,PERSON,12,21
mdp.39015039893741,74,4,0,the day before,DATE,55,69
mdp.39015039893741,74,6,0,one half,CARDINAL,19,27
mdp.39015039893741,74,6,1,the day,DATE,31,38
mdp.39015039893741,74,9,0,one,CARDINAL,15,18
mdp.39015039893741,74,10,0,Covey,PERSON,25,30
mdp.39015039893741,74,14,0,three,CARDINAL,55,60
mdp.39015039893741,74,19,0,first,ORDINAL,22,27
mdp.39015039893741,74,20,0,Covey,PERSON,17,22
mdp.39015039893741,74,20,1,one year,DATE,23,31
mdp.39015039893741,74,21,0,"the first six months, of that year",DATE,7,41
mdp.39015039893741,75,0,0,FREDERICK DOUGLASS,PERSON,12,30
mdp.39015039893741,75,2,0,Covey,PERSON,4,9
mdp.39015039893741,75,3,0,less than five minutes,TIME,14,36
mdp.39015039893741,75,4,0,midnight,TIME,126,134
mdp.39015039893741,75,5,0,Covey,PERSON,0,5
mdp.39015039893741,75,9,0,Covey,PERSON,4,9
mdp.39015039893741,75,21,0,a single minute,TIME,58,73
mdp.39015039893741,75,25,0,St. Michael's,FAC,51,64
mdp.39015039893741,75,25,1,seven miles,QUANTITY,80,91
mdp.39015039893741,75,25,2,half an hour,TIME,100,112
mdp.39015039893741,76,0,0,FREDERICK DOUGLASS,PERSON,15,33
mdp.39015039893741,76,0,1,half,CARDINAL,238,242
mdp.39015039893741,76,1,0,Covey,PERSON,4,9
mdp.39015039893741,76,5,0,night,TIME,66,71
mdp.39015039893741,76,14,0,Covey,PERSON,37,42
mdp.39015039893741,76,14,1,one,CARDINAL,115,118
mdp.39015039893741,76,15,0,Caroline,PERSON,21,29
mdp.39015039893741,76,16,0,Covey,PERSON,4,9
mdp.39015039893741,76,16,1,Thomas Lowe,PERSON,30,41
mdp.39015039893741,76,16,2,about six miles,QUANTITY,43,58
mdp.39015039893741,76,16,3,St. Michael's,FAC,64,77
mdp.39015039893741,76,17,0,about twenty years old,DATE,36,58
mdp.39015039893741,76,18,0,one,CARDINAL,31,34
mdp.39015039893741,77,0,0,FREDERICK DOUGLASS,PERSON,12,30
mdp.39015039893741,77,1,0,Samuel Harrison,PERSON,48,63
mdp.39015039893741,77,1,1,one year,DATE,82,90
mdp.39015039893741,77,1,2,every night,TIME,130,141
mdp.39015039893741,77,2,0,the end of the year,DATE,25,44
mdp.39015039893741,77,3,0,Covey,PERSON,19,24
mdp.39015039893741,77,4,0,Carolino,PERSON,71,79
mdp.39015039893741,77,6,0,the first six months,DATE,122,142
mdp.39015039893741,77,6,1,Covey,PERSON,163,168
mdp.39015039893741,77,10,0,The longest days,DATE,0,16
mdp.39015039893741,77,10,1,the shortest nights,DATE,45,64
mdp.39015039893741,77,11,0,first,ORDINAL,35,40
mdp.39015039893741,77,11,1,a few months,DATE,57,69
mdp.39015039893741,77,12,0,Covey,PERSON,4,9
mdp.39015039893741,77,15,0,Sunday,DATE,0,6
mdp.39015039893741,77,19,0,Covey,PERSON,54,59
mdp.39015039893741,78,0,0,FREDERICK DOUGLASS,PERSON,15,33
mdp.39015039893741,78,0,1,the peake Bay,LOC,48,61
mdp.39015039893741,78,2,0,summer,DATE,41,47
mdp.39015039893741,78,27,0,only one,CARDINAL,7,15
mdp.39015039893741,78,29,0,one hundred miles,QUANTITY,18,35
mdp.39015039893741,78,36,0,North Point,LOC,51,62
mdp.39015039893741,78,37,0,Deladie,GPE,114,121
mdp.39015039893741,79,0,0,FREDERICK DOUGLASS,PERSON,12,30
mdp.39015039893741,79,0,1,Pennsylvania,GPE,44,56
mdp.39015039893741,79,2,0,first,ORDINAL,12,17
mdp.39015039893741,79,9,0,a better day,DATE,9,21
mdp.39015039893741,79,10,0,one,CARDINAL,86,89
mdp.39015039893741,79,11,0,the first six months,DATE,66,86
mdp.39015039893741,79,11,1,Covey,PERSON,105,110
mdp.39015039893741,79,11,2,the last six,DATE,122,134
mdp.39015039893741,79,12,0,Covey,PERSON,47,52
mdp.39015039893741,79,14,0,one,CARDINAL,3,6
mdp.39015039893741,79,14,1,"the hottest days of the month of August, 1833",DATE,10,55
mdp.39015039893741,79,14,2,Bill Smith,PERSON,57,67
mdp.39015039893741,79,14,3,William Hughes,PERSON,69,83
mdp.39015039893741,79,14,4,Eli,PERSON,99,102
mdp.39015039893741,79,15,0,Hughes,PERSON,0,6
mdp.39015039893741,79,16,0,Eli,PERSON,0,3
mdp.39015039893741,79,16,1,Smith,PERSON,17,22
mdp.39015039893741,79,18,0,About three o'clock of that day,TIME,0,31
mdp.39015039893741,79,23,0,Covey,PERSON,4,9
mdp.39015039893741,79,23,1,about one hundred yards,QUANTITY,28,51
mdp.39015039893741,80,0,0,FREDERICK DOUGLASS,PERSON,15,33
mdp.39015039893741,80,3,0,Bill,PERSON,0,4
mdp.39015039893741,80,6,0,one,CARDINAL,15,18
mdp.39015039893741,80,13,0,Covey,PERSON,34,39
mdp.39015039893741,80,13,1,Hughes,PERSON,76,82
mdp.39015039893741,80,13,2,half-bushel,QUANTITY,109,120
mdp.39015039893741,80,16,0,Covey,PERSON,4,9
mdp.39015039893741,80,17,0,first,ORDINAL,35,40
mdp.39015039893741,80,18,0,seven miles,QUANTITY,48,59
mdp.39015039893741,80,20,0,Covey,PERSON,37,42
mdp.39015039893741,80,20,1,St. Michael's,FAC,97,110
mdp.39015039893741,80,20,2,Covey,PERSON,188,193
mdp.39015039893741,81,0,0,FREDERICK DOUGLASS,PERSON,12,30
mdp.39015039893741,81,6,0,about three quarters of an hour,TIME,18,49
mdp.39015039893741,81,6,1,about seven miles,QUANTITY,223,240
mdp.39015039893741,81,6,2,some five hours,TIME,252,267
mdp.39015039893741,81,14,0,Covey,PERSON,50,55
mdp.39015039893741,81,16,0,Covey,PERSON,71,76
mdp.39015039893741,81,16,1,Covey,PERSON,129,134
mdp.39015039893741,81,17,0,Thomas,PERSON,7,13
mdp.39015039893741,81,17,1,Covey,PERSON,66,71
mdp.39015039893741,81,17,2,Covey,PERSON,112,117
mdp.39015039893741,81,17,3,the whole year's,DATE,231,247
mdp.39015039893741,81,17,4,Covey,PERSON,278,283
mdp.39015039893741,81,17,5,one year,DATE,288,296
mdp.39015039893741,82,0,0,FREDERICK DOUGLASS,PERSON,15,33
mdp.39015039893741,82,1,0,St. Michael's,FAC,100,113
mdp.39015039893741,82,1,1,that night,TIME,114,124
mdp.39015039893741,82,1,2,Covey,PERSON,184,189
mdp.39015039893741,82,1,3,early in the morning,TIME,192,212
mdp.39015039893741,82,2,0,all night,TIME,11,20
mdp.39015039893741,82,2,1,Covey,PERSON,69,74
mdp.39015039893741,82,2,2,the morning,TIME,80,91
mdp.39015039893741,82,2,3,Saturday,DATE,94,102
mdp.39015039893741,82,2,4,morning,TIME,103,110
mdp.39015039893741,82,3,0,that night,TIME,16,26
mdp.39015039893741,82,3,1,that morning,TIME,41,53
mdp.39015039893741,82,4,0,Covey,PERSON,10,15
mdp.39015039893741,82,4,1,about nine o'clock,TIME,18,36
mdp.39015039893741,82,4,2,Kemp,PERSON,97,101
mdp.39015039893741,82,4,3,Covey,PERSON,130,135
mdp.39015039893741,82,9,0,that day,DATE,8,16
mdp.39015039893741,82,10,0,Sandy Jenkins,PERSON,27,40
mdp.39015039893741,82,11,0,Sandy,PERSON,0,5
mdp.39015039893741,82,11,1,about four miles,QUANTITY,32,48
mdp.39015039893741,82,11,2,Covey,PERSON,58,63
mdp.39015039893741,82,11,3,Saturday,DATE,80,88
mdp.39015039893741,82,14,0,Sandy,PERSON,8,13
mdp.39015039893741,82,15,0,Covey,PERSON,52,57
mdp.39015039893741,82,15,1,Covey,PERSON,281,286
mdp.39015039893741,83,0,0,FREDERICK DOUGLASS,PERSON,12,30
mdp.39015039893741,83,0,1,81 years,DATE,31,39
mdp.39015039893741,83,1,0,first,ORDINAL,5,10
mdp.39015039893741,83,1,1,Sandy,PERSON,158,163
mdp.39015039893741,83,3,0,Sunday,DATE,9,15
mdp.39015039893741,83,3,1,morning,TIME,16,23
mdp.39015039893741,83,4,0,Covey,PERSON,78,83
mdp.39015039893741,83,6,0,Covey,PERSON,34,39
mdp.39015039893741,83,6,1,Sandy,PERSON,113,118
mdp.39015039893741,83,6,2,any other day,DATE,152,165
mdp.39015039893741,83,6,3,Sunday,DATE,171,177
mdp.39015039893741,83,6,4,first,ORDINAL,350,355
mdp.39015039893741,83,7,0,Monday,DATE,19,25
mdp.39015039893741,83,7,1,morning,TIME,26,33
mdp.39015039893741,83,8,0,this morning,TIME,3,15
mdp.39015039893741,83,11,0,Covey,PERSON,91,96
mdp.39015039893741,83,11,1,half,CARDINAL,152,156
mdp.39015039893741,83,13,0,Covey,PERSON,4,9
mdp.39015039893741,83,13,1,Covey,PERSON,203,208
mdp.39015039893741,83,15,0,Covey,PERSON,47,52
mdp.39015039893741,84,0,0,FREDERICK DOUGLASS,PERSON,15,33
mdp.39015039893741,84,1,0,Covey,PERSON,4,9
mdp.39015039893741,84,1,1,Hughes,PERSON,29,35
mdp.39015039893741,84,2,0,Hughes,PERSON,0,6
mdp.39015039893741,84,2,1,Covey,PERSON,24,29
mdp.39015039893741,84,4,0,Hughes,PERSON,26,32
mdp.39015039893741,84,4,1,Covey,PERSON,73,78
mdp.39015039893741,84,5,0,Hughes,PERSON,47,53
mdp.39015039893741,84,5,1,Covey,PERSON,59,64
mdp.39015039893741,84,6,0,Hughes,PERSON,12,18
mdp.39015039893741,84,8,0,six months,DATE,72,82
mdp.39015039893741,84,12,0,Bill,PERSON,14,18
mdp.39015039893741,84,13,0,Covey,PERSON,0,5
mdp.39015039893741,84,14,0,Bill,PERSON,0,4
mdp.39015039893741,84,15,0,Covey,PERSON,0,5
mdp.39015039893741,84,16,0,Bill,PERSON,0,4
mdp.39015039893741,84,16,1,Covey,PERSON,83,88
mdp.39015039893741,84,17,0,nearly two hours,TIME,18,34
mdp.39015039893741,84,18,0,Covey,PERSON,0,5
mdp.39015039893741,84,18,1,half,CARDINAL,128,132
mdp.39015039893741,84,21,0,The whole six months,DATE,0,20
mdp.39015039893741,84,21,1,Covey,PERSON,55,60
mdp.39015039893741,84,24,0,Covey,PERSON,21,26
mdp.39015039893741,85,0,0,FREDERICK DOUGLASS,PERSON,12,30
mdp.39015039893741,85,7,0,four years afterwards,DATE,96,117
mdp.39015039893741,85,9,0,Covey,PERSON,58,63
mdp.39015039893741,85,11,0,Covey,PERSON,4,9
mdp.39015039893741,85,11,1,first,ORDINAL,60,65
mdp.39015039893741,85,13,0,about sixteen years old,DATE,55,78
mdp.39015039893741,85,15,0,Edward Covey,PERSON,33,45
mdp.39015039893741,85,15,1,"Christmas day, 1833",DATE,55,74
mdp.39015039893741,85,16,0,The days,DATE,0,8
mdp.39015039893741,85,16,1,Christmas and New Year's day,DATE,17,45
mdp.39015039893741,86,0,0,FREDERICK DOUGLASS,PERSON,15,33
mdp.39015039893741,86,0,1,the whole six days,DATE,81,99
mdp.39015039893741,86,6,0,Christmas,DATE,45,54
mdp.39015039893741,86,6,1,the year,DATE,154,162
mdp.39015039893741,86,6,2,Christmas,DATE,205,214
mdp.39015039893741,86,10,0,the day,DATE,104,111
mdp.39015039893741,87,0,0,FREDERICK DOUGLASS,PERSON,12,30
mdp.39015039893741,87,0,1,85,CARDINAL,31,33
mdp.39015039893741,87,1,0,those days,DATE,85,95
mdp.39015039893741,88,0,0,FREDERICK,PERSON,15,24
mdp.39015039893741,88,5,0,"the first of January, 1834",DATE,3,29
mdp.39015039893741,88,5,1,Covey,PERSON,42,47
mdp.39015039893741,88,5,2,William Freeland,PERSON,75,91
mdp.39015039893741,88,5,3,about three miles,QUANTITY,103,120
mdp.39015039893741,88,5,4,St. Michael's,FAC,126,139
mdp.39015039893741,88,6,0,Freeland,PERSON,17,25
mdp.39015039893741,88,6,1,Covey,PERSON,56,61
mdp.39015039893741,88,8,0,Covey,PERSON,4,9
mdp.39015039893741,88,11,0,Freeland,PERSON,4,12
mdp.39015039893741,88,11,1,Covey,PERSON,212,217
mdp.39015039893741,89,0,0,FREDERICK DOUGLASS,PERSON,12,30
mdp.39015039893741,89,4,0,Freeland,PERSON,14,22
mdp.39015039893741,89,4,1,Daniel Weeden,PERSON,38,51
mdp.39015039893741,89,4,2,Rigby Hopkins,PERSON,97,110
mdp.39015039893741,89,5,0,the Reformed Methodist Church,ORG,36,65
mdp.39015039893741,89,6,0,Weeden,PERSON,4,10
mdp.39015039893741,89,7,0,weeks,DATE,23,28
mdp.39015039893741,89,11,0,Hopkins,PERSON,4,11
mdp.39015039893741,89,11,1,Weeden,PERSON,36,42
mdp.39015039893741,89,14,0,one,CARDINAL,26,29
mdp.39015039893741,89,14,1,every Monday,DATE,60,72
mdp.39015039893741,89,17,0,Hopkins,PERSON,4,11
mdp.39015039893741,90,0,0,FREDERICK DOUGLASS,PERSON,15,33
mdp.39015039893741,90,9,0,Hopkins,PERSON,4,11
mdp.39015039893741,90,10,0,Hopkins,PERSON,155,162
mdp.39015039893741,90,11,0,Rigby Hopkins,PERSON,311,324
mdp.39015039893741,90,12,0,Freeland,PERSON,21,29
mdp.39015039893741,90,13,0,Covey,PERSON,13,18
mdp.39015039893741,90,13,1,Covey,PERSON,59,64
mdp.39015039893741,90,17,0,Edward Covey,PERSON,106,118
mdp.39015039893741,90,18,0,Freeland,PERSON,4,12
mdp.39015039893741,90,18,1,two,CARDINAL,42,45
mdp.39015039893741,90,19,0,Henry Harris,PERSON,17,29
mdp.39015039893741,90,19,1,John Harris,PERSON,34,45
mdp.39015039893741,91,0,0,FREDERICK DOUGLASS 89,PERSON,12,33
mdp.39015039893741,91,0,1,Sandy Jenkins,PERSON,45,58
mdp.39015039893741,91,0,2,Handy Caldwell,PERSON,65,79
mdp.39015039893741,91,1,0,Henry,PERSON,0,5
mdp.39015039893741,91,1,1,John,PERSON,10,14
mdp.39015039893741,91,3,0,Sabbath,DATE,96,103
mdp.39015039893741,91,4,0,Sundays,DATE,46,53
mdp.39015039893741,91,8,0,St. Michael's,FAC,50,63
mdp.39015039893741,91,9,0,Wright Fairbanks,PERSON,64,80
mdp.39015039893741,91,9,1,Garrison West,PERSON,85,98
mdp.39015039893741,91,9,2,Sabbath,DATE,227,234
mdp.39015039893741,91,9,3,St. Michael's—,PERSON,246,260
mdp.39015039893741,91,9,4,Christians,NORP,283,293
mdp.39015039893741,91,13,0,Covey,PERSON,78,83
mdp.39015039893741,91,15,0,Covey,PERSON,48,53
mdp.39015039893741,92,0,0,FREDERICK DOUGLASS,PERSON,15,33
mdp.39015039893741,92,0,1,ten years ago,DATE,86,99
mdp.39015039893741,92,1,0,over forty,CARDINAL,18,28
mdp.39015039893741,92,3,0,those Sundays,DATE,15,28
mdp.39015039893741,92,9,0,Sabbath,DATE,29,36
mdp.39015039893741,92,10,0,thirty-nine,CARDINAL,83,94
mdp.39015039893741,92,15,0,Freeland,PERSON,59,67
mdp.39015039893741,92,15,1,Sabbath,DATE,84,91
mdp.39015039893741,92,15,2,three evenings,TIME,110,124
mdp.39015039893741,92,15,3,the winter,DATE,145,155
mdp.39015039893741,92,16,0,Sabbath,DATE,68,75
mdp.39015039893741,92,17,0,The year,DATE,0,8
mdp.39015039893741,92,18,0,only about half,CARDINAL,10,25
mdp.39015039893741,92,18,1,the year,DATE,37,45
mdp.39015039893741,92,20,0,Freeland,PERSON,16,24
mdp.39015039893741,92,21,0,the year,DATE,33,41
mdp.39015039893741,92,22,0,the whole years,DATE,85,100
mdp.39015039893741,92,22,1,the year by,DATE,118,129
mdp.39015039893741,93,0,0,FREDERICK DOUGLASS,PERSON,12,30
mdp.39015039893741,93,4,0,Freeland,PERSON,157,165
mdp.39015039893741,93,9,0,the close of the year 1834,DATE,3,29
mdp.39015039893741,93,9,1,Freeland,PERSON,35,43
mdp.39015039893741,93,9,2,the year 1835,DATE,77,90
mdp.39015039893741,93,10,0,Freeland,PERSON,74,82
mdp.39015039893741,93,11,0,the year,DATE,34,42
mdp.39015039893741,93,13,0,year,DATE,36,40
mdp.39015039893741,93,13,1,year,DATE,47,51
mdp.39015039893741,93,15,0,1835,DATE,26,30
mdp.39015039893741,93,21,0,first,ORDINAL,7,12
mdp.39015039893741,93,21,1,Henry,PERSON,16,21
mdp.39015039893741,93,21,2,John,PERSON,31,35
mdp.39015039893741,94,0,0,FREDERICK DOUGLASS,PERSON,15,33
mdp.39015039893741,94,2,0,at least one,CARDINAL,84,96
mdp.39015039893741,94,8,0,Canada,GPE,22,28
mdp.39015039893741,94,9,0,New York,GPE,55,63
mdp.39015039893741,94,13,0,one,CARDINAL,7,10
mdp.39015039893741,94,13,1,millions,CARDINAL,130,138
mdp.39015039893741,94,14,0,half,CARDINAL,171,175
mdp.39015039893741,95,0,0,FREDERICK DOUGLASS,PERSON,12,30
mdp.39015039893741,95,3,0,Patrick Henry,PERSON,65,78
mdp.39015039893741,95,6,0,Sandy,PERSON,0,5
mdp.39015039893741,95,6,1,one,CARDINAL,7,10
mdp.39015039893741,95,7,0,Henry Harris,PERSON,30,42
mdp.39015039893741,95,7,1,John Harris,PERSON,44,55
mdp.39015039893741,95,7,2,Henry Bailey,PERSON,57,69
mdp.39015039893741,95,7,3,Charles Roberts,PERSON,71,86
mdp.39015039893741,95,8,0,Henry Bailey,PERSON,0,12
mdp.39015039893741,95,9,0,Charles,PERSON,0,7
mdp.39015039893741,95,9,1,William Hamilton,PERSON,71,87
mdp.39015039893741,95,10,0,Hamilton,PERSON,78,86
mdp.39015039893741,95,10,1,the Saturday,TIME,97,109
mdp.39015039893741,95,10,2,Easter,DATE,128,134
mdp.39015039893741,95,10,3,the Chesapeake Bay,LOC,164,182
mdp.39015039893741,95,11,0,seventy or eighty miles,QUANTITY,53,76
mdp.39015039893741,95,11,1,Maryland,GPE,218,226
mdp.39015039893741,96,0,0,FREDERICK DOUGLASS,PERSON,15,33
mdp.39015039893741,96,1,0,The week,DATE,0,8
mdp.39015039893741,96,2,0,Baltimore,GPE,170,179
mdp.39015039893741,96,2,1,the Easter holidays,DATE,191,210
mdp.39015039893741,96,3,0,1835,DATE,33,37
mdp.39015039893741,96,4,0,WILLIAM HAMILTON,PERSON,1,17
mdp.39015039893741,96,4,1,St. Michael's,GPE,25,38
mdp.39015039893741,96,4,2,Talbot county,GPE,43,56
mdp.39015039893741,96,4,3,Maryland,GPE,58,66
mdp.39015039893741,96,5,0,Baltimore,GPE,21,30
mdp.39015039893741,96,5,1,Baltimore,GPE,73,82
mdp.39015039893741,96,9,0,half,CARDINAL,209,213
mdp.39015039893741,96,12,0,the middle of the week,DATE,12,34
mdp.39015039893741,96,15,0,Saturday,DATE,29,37
mdp.39015039893741,97,0,0,FREDERICK DOUGLASS,PERSON,12,30
mdp.39015039893741,97,2,0,Friday,DATE,0,6
mdp.39015039893741,97,2,1,night,TIME,7,12
mdp.39015039893741,97,6,0,The first two hours,TIME,0,19
mdp.39015039893741,97,6,1,that morning,TIME,23,35
mdp.39015039893741,97,7,0,Early in the morning,TIME,0,20
mdp.39015039893741,97,8,0,Sandy,PERSON,148,153
mdp.39015039893741,97,14,0,four,CARDINAL,67,71
mdp.39015039893741,97,14,1,two,CARDINAL,88,91
mdp.39015039893741,97,16,0,a few moments,TIME,15,28
mdp.39015039893741,97,19,0,a few moments,TIME,3,16
mdp.39015039893741,97,19,1,Hamilton,PERSON,30,38
mdp.39015039893741,97,20,0,William,PERSON,44,51
mdp.39015039893741,97,22,0,Hamilton,PERSON,4,12
mdp.39015039893741,97,23,0,a few moments,TIME,3,16
mdp.39015039893741,97,23,1,Freeland,PERSON,29,37
mdp.39015039893741,97,24,0,three,CARDINAL,18,23
mdp.39015039893741,97,24,1,William,PERSON,109,116
mdp.39015039893741,97,24,2,Hamilton,PERSON,125,133
mdp.39015039893741,97,25,0,John,PERSON,47,51
mdp.39015039893741,97,26,0,Henry,PERSON,0,5
mdp.39015039893741,97,26,1,Sandy,PERSON,10,15
mdp.39015039893741,97,27,0,Freeland,PERSON,4,12
mdp.39015039893741,98,0,0,FREDERICK,PERSON,15,24
mdp.39015039893741,98,5,0,a few moments,TIME,3,16
mdp.39015039893741,98,5,1,John,PERSON,42,46
mdp.39015039893741,98,6,0,Henry,PERSON,20,25
mdp.39015039893741,98,7,0,Henry,PERSON,16,21
mdp.39015039893741,98,8,0,Tom Graham,PERSON,18,28
mdp.39015039893741,98,9,0,Henry,PERSON,20,25
mdp.39015039893741,98,10,0,two,CARDINAL,11,14
mdp.39015039893741,98,11,0,Henry,PERSON,71,76
mdp.39015039893741,98,12,0,Henry,PERSON,27,32
mdp.39015039893741,98,15,0,one,CARDINAL,108,111
mdp.39015039893741,98,18,0,Easton,GPE,55,61
mdp.39015039893741,98,18,1,Betsy Freeland,PERSON,68,82
mdp.39015039893741,98,18,2,William Freeland,PERSON,94,110
mdp.39015039893741,98,18,3,Henry,PERSON,187,192
mdp.39015039893741,98,18,4,John,PERSON,197,201
mdp.39015039893741,98,21,0,Henry,PERSON,41,46
mdp.39015039893741,98,21,1,John,PERSON,51,55
mdp.39015039893741,99,0,0,FREDERICK DOUGLASS,PERSON,12,30
mdp.39015039893741,99,1,0,Henry,PERSON,0,5
mdp.39015039893741,99,1,1,John,PERSON,10,14
mdp.39015039893741,99,2,0,St. Michael's,FAC,57,70
mdp.39015039893741,99,3,0,Just a moment,TIME,0,13
mdp.39015039893741,99,3,1,Henry,PERSON,43,48
mdp.39015039893741,99,3,2,Hamilton,PERSON,54,62
mdp.39015039893741,99,3,3,Frederick,PERSON,150,159
mdp.39015039893741,99,4,0,Henry,PERSON,109,114
mdp.39015039893741,99,6,0,about half,CARDINAL,12,22
mdp.39015039893741,99,6,1,St. Michael's,FAC,30,43
mdp.39015039893741,99,6,2,Henry,PERSON,106,111
mdp.39015039893741,99,11,0,that morning,TIME,22,34
mdp.39015039893741,99,11,1,fifteen miles,QUANTITY,35,48
mdp.39015039893741,99,11,2,Easton,GPE,93,99
mdp.39015039893741,99,12,0,St. Michael's,FAC,16,29
mdp.39015039893741,99,18,0,one,CARDINAL,56,59
mdp.39015039893741,99,19,0,Easton,GPE,32,38
mdp.39015039893741,99,20,0,Joseph Graham,PERSON,60,73
mdp.39015039893741,99,21,0,Henry,PERSON,0,5
mdp.39015039893741,99,21,1,John,PERSON,7,11
mdp.39015039893741,99,21,2,one,CARDINAL,40,43
mdp.39015039893741,99,21,3,Charles,PERSON,58,65
mdp.39015039893741,100,0,0,FREDERICK DOUGLASS,PERSON,15,33
mdp.39015039893741,100,0,1,Henry Bailey,PERSON,38,50
mdp.39015039893741,100,3,0,scarcely twenty minutes,TIME,20,43
mdp.39015039893741,100,9,0,one,CARDINAL,44,47
mdp.39015039893741,100,9,1,one,CARDINAL,51,54
mdp.39015039893741,100,16,0,Hamilton,PERSON,80,88
mdp.39015039893741,100,16,1,Freeland,PERSON,97,105
mdp.39015039893741,100,16,2,Easton,GPE,117,123
mdp.39015039893741,100,16,3,Charles,PERSON,134,141
mdp.39015039893741,100,16,4,two,CARDINAL,147,150
mdp.39015039893741,100,16,5,Henrys,PERSON,151,157
mdp.39015039893741,100,16,6,John,PERSON,163,167
mdp.39015039893741,101,0,0,FREDERICK DOUGLASS,PERSON,12,30
mdp.39015039893741,101,0,1,Henry,PERSON,51,56
mdp.39015039893741,101,4,0,a few days before,DATE,4,21
mdp.39015039893741,101,7,0,about one week,DATE,23,37
mdp.39015039893741,101,7,1,Auld,PERSON,68,72
mdp.39015039893741,101,7,2,Alabama,GPE,227,234
mdp.39015039893741,101,8,0,Alabama,GPE,53,60
mdp.39015039893741,101,8,1,Baltimore,GPE,95,104
mdp.39015039893741,101,8,2,Hugh,PERSON,137,141
mdp.39015039893741,101,9,0,three years and one month,DATE,26,51
mdp.39015039893741,101,9,1,Baltimore,GPE,107,116
mdp.39015039893741,101,11,0,a few weeks,DATE,3,14
mdp.39015039893741,101,11,1,Baltimore,GPE,31,40
mdp.39015039893741,101,11,2,Hugh,PERSON,49,53
mdp.39015039893741,101,11,3,William Gardner,PERSON,70,85
mdp.39015039893741,101,11,4,Fell's Point,LOC,117,129
mdp.39015039893741,101,14,0,Gardner,PERSON,4,11
mdp.39015039893741,101,14,1,two,CARDINAL,48,51
mdp.39015039893741,101,14,2,Mexican,NORP,95,102
mdp.39015039893741,101,15,0,the July of that year,DATE,35,56
mdp.39015039893741,101,15,1,Gardner,PERSON,86,93
mdp.39015039893741,101,18,0,Gardner,PERSON,45,52
mdp.39015039893741,102,0,0,FREDERICK,PERSON,16,25
mdp.39015039893741,102,0,1,about seventy-five,CARDINAL,35,53
mdp.39015039893741,102,4,0,a dozen,CARDINAL,18,25
mdp.39015039893741,102,5,0,a dozen,CARDINAL,13,20
mdp.39015039893741,102,5,1,a single minute,TIME,42,57
mdp.39015039893741,102,6,0,Three,CARDINAL,0,5
mdp.39015039893741,102,6,1,four,CARDINAL,9,13
mdp.39015039893741,102,15,0,Fred,PERSON,10,14
mdp.39015039893741,102,16,0,Fred,PERSON,43,47
mdp.39015039893741,102,23,0,Three,CARDINAL,1,6
mdp.39015039893741,102,26,0,eight months,DATE,23,35
mdp.39015039893741,102,26,1,four,CARDINAL,116,120
mdp.39015039893741,102,34,0,Gardner,PERSON,29,36
mdp.39015039893741,103,0,0,FREDERICK DOUGLASS 101,PERSON,12,34
mdp.39015039893741,103,4,0,Covey,PERSON,59,64
mdp.39015039893741,103,6,0,One,CARDINAL,0,3
mdp.39015039893741,103,6,1,half,CARDINAL,25,29
mdp.39015039893741,103,7,0,one,CARDINAL,38,41
mdp.39015039893741,103,13,0,one,CARDINAL,20,23
mdp.39015039893741,103,19,0,one,CARDINAL,83,86
mdp.39015039893741,103,24,0,Lynch,PERSON,109,114
mdp.39015039893741,103,24,1,Gardner,PERSON,148,155
mdp.39015039893741,104,0,0,FREDERICK DOUGLASS,PERSON,16,34
mdp.39015039893741,104,0,1,Gardner,PERSON,88,95
mdp.39015039893741,104,1,0,Hugh,PERSON,64,68
mdp.39015039893741,104,1,1,Thomas,PERSON,183,189
mdp.39015039893741,104,7,0,Hugh,PERSON,7,11
mdp.39015039893741,104,9,0,Esquire Watson's,ORG,75,91
mdp.39015039893741,104,9,1,Bond Street,FAC,96,107
mdp.39015039893741,104,10,0,Watson,PERSON,4,10
mdp.39015039893741,104,11,0,Hugh,PERSON,7,11
mdp.39015039893741,104,11,1,Gardner,PERSON,40,47
mdp.39015039893741,104,11,2,midday,TIME,64,70
mdp.39015039893741,104,15,0,a thousand,CARDINAL,40,50
mdp.39015039893741,104,15,1,one,CARDINAL,138,141
mdp.39015039893741,104,16,0,Hugh,PERSON,7,11
mdp.39015039893741,105,0,0,FREDERICK DOUGLASS,PERSON,12,30
mdp.39015039893741,105,1,0,those days,DATE,58,68
mdp.39015039893741,105,3,0,Christian,NORP,55,64
mdp.39015039893741,105,3,1,Baltimore,GPE,73,82
mdp.39015039893741,105,4,0,Hugh,PERSON,7,11
mdp.39015039893741,105,4,1,Gardner,PERSON,85,92
mdp.39015039893741,105,6,0,Walter Price,PERSON,85,97
mdp.39015039893741,105,8,0,one year,DATE,17,25
mdp.39015039893741,105,8,1,Gardner,PERSON,51,58
mdp.39015039893741,105,10,0,six to seven dollars,MONEY,24,44
mdp.39015039893741,105,11,0,nine dollars,MONEY,24,36
mdp.39015039893741,105,11,1,a dollar,MONEY,61,69
mdp.39015039893741,105,16,0,Gardner,PERSON,12,19
mdp.39015039893741,106,0,0,FREDERICK DOUGLASS,PERSON,16,34
mdp.39015039893741,106,2,0,one dollar and fifty cents,MONEY,35,61
mdp.39015039893741,106,3,0,Saturday,DATE,104,112
mdp.39015039893741,106,3,1,night,TIME,113,118
mdp.39015039893741,106,3,2,Hugh,PERSON,182,186
mdp.39015039893741,107,2,0,First,ORDINAL,74,79
mdp.39015039893741,107,3,0,Secondly,ORDINAL,0,8
mdp.39015039893741,108,0,0,FREDERICK DOUGLASS,PERSON,16,34
mdp.39015039893741,109,0,0,FREDERICK DOUGLASS,PERSON,12,30
mdp.39015039893741,109,1,0,the early part,DATE,3,17
mdp.39015039893741,109,1,1,the year 1838,DATE,21,34
mdp.39015039893741,109,3,0,weekly,DATE,25,31
mdp.39015039893741,109,4,0,the last cent,MONEY,40,53
mdp.39015039893741,109,5,0,six dollars,MONEY,35,46
mdp.39015039893741,109,5,1,six cents,MONEY,66,75
mdp.39015039893741,109,9,0,a few cents,MONEY,83,94
mdp.39015039893741,109,12,0,the spring of 1838,DATE,3,21
mdp.39015039893741,109,12,1,Thomas,PERSON,35,41
mdp.39015039893741,109,12,2,Baltimore,GPE,50,59
mdp.39015039893741,109,21,0,About two months,DATE,0,16
mdp.39015039893741,110,0,0,FREDERICK DOUGLASS Hugh,PERSON,16,39
mdp.39015039893741,110,1,0,Thomas,PERSON,65,71
mdp.39015039893741,110,2,0,first,ORDINAL,11,16
mdp.39015039893741,110,2,1,three dollars,MONEY,296,309
mdp.39015039893741,110,3,0,two dollars,MONEY,13,24
mdp.39015039893741,110,4,0,about six dollars,MONEY,85,102
mdp.39015039893741,110,15,0,night,TIME,23,28
mdp.39015039893741,110,15,1,day,DATE,40,43
mdp.39015039893741,110,16,0,May,DATE,20,23
mdp.39015039893741,110,16,1,August,DATE,29,35
mdp.39015039893741,110,17,0,Hugh,PERSON,7,11
mdp.39015039893741,110,18,0,one Saturday,TIME,53,65
mdp.39015039893741,110,18,1,week,DATE,91,95
mdp.39015039893741,110,19,0,about ten miles,QUANTITY,59,74
mdp.39015039893741,110,19,1,Baltimore,GPE,80,89
mdp.39015039893741,110,20,0,the week,DATE,7,15
mdp.39015039893741,110,20,1,Baltimore,GPE,95,104
mdp.39015039893741,110,20,2,early Saturday,TIME,124,138
mdp.39015039893741,111,0,0,FREDERICK DOUGLASS,PERSON,12,30
mdp.39015039893741,111,0,1,Hugh,PERSON,109,113
mdp.39015039893741,111,1,0,Hugh,PERSON,19,23
mdp.39015039893741,111,2,0,the three dollars,MONEY,70,87
mdp.39015039893741,111,3,0,one day,DATE,29,36
mdp.39015039893741,111,9,0,a few moments,TIME,47,60
mdp.39015039893741,111,11,0,the whole week,DATE,108,122
mdp.39015039893741,111,13,0,Saturday,DATE,0,8
mdp.39015039893741,111,13,1,night,TIME,9,14
mdp.39015039893741,111,13,2,week,DATE,50,54
mdp.39015039893741,111,14,0,that week,DATE,46,55
mdp.39015039893741,111,19,0,the next day,DATE,33,45
mdp.39015039893741,111,19,1,Sunday,DATE,47,53
mdp.39015039893741,111,19,2,the third day of September,DATE,81,107
mdp.39015039893741,111,19,3,the day,DATE,112,119
mdp.39015039893741,111,19,4,second,ORDINAL,146,152
mdp.39015039893741,111,20,0,three weeks,DATE,10,21
mdp.39015039893741,111,21,0,Monday,DATE,9,15
mdp.39015039893741,111,21,1,morning,TIME,16,23
mdp.39015039893741,111,21,2,Hugh,PERSON,39,43
mdp.39015039893741,111,21,3,Butler,PERSON,121,127
mdp.39015039893741,111,21,4,the City Block,LOC,187,201
mdp.39015039893741,112,0,0,FREDERICK DOUGLASS,PERSON,16,34
mdp.39015039893741,112,1,0,the end of the week,DATE,3,22
mdp.39015039893741,112,1,1,between eight and nine dollars,MONEY,38,68
mdp.39015039893741,112,2,0,the week before,DATE,65,80
mdp.39015039893741,112,6,0,The second week,DATE,0,15
mdp.39015039893741,112,6,1,twenty-five cents,MONEY,107,124
mdp.39015039893741,112,11,0,thousands,CARDINAL,22,31
mdp.39015039893741,112,14,0,first,ORDINAL,110,115
mdp.39015039893741,113,0,0,FREDERICK DOUGLASS,PERSON,12,30
mdp.39015039893741,113,1,0,"the third day of September, 1838",DATE,53,85
mdp.39015039893741,113,1,1,New York,GPE,131,139
mdp.39015039893741,113,7,0,New York,GPE,61,69
mdp.39015039893741,113,12,0,thousands,CARDINAL,28,37
mdp.39015039893741,113,12,1,thousands,CARDINAL,117,126
mdp.39015039893741,114,0,0,FREDERICK DOUGLASS,PERSON,16,34
mdp.39015039893741,114,3,0,DAVID RUGGLES,PERSON,49,62
mdp.39015039893741,114,5,0,Ruggles,PERSON,4,11
mdp.39015039893741,114,6,0,New York,GPE,14,22
mdp.39015039893741,114,6,1,Ruggles,PERSON,48,55
mdp.39015039893741,114,6,2,Church and Lespenard Streets,FAC,134,162
mdp.39015039893741,114,7,0,Ruggles,PERSON,4,11
mdp.39015039893741,114,7,1,Darg,PERSON,58,62
mdp.39015039893741,115,0,0,FREDERICK DOUGLASS,PERSON,12,30
mdp.39015039893741,115,1,0,Ruggles,PERSON,30,37
mdp.39015039893741,115,1,1,New York,GPE,128,136
mdp.39015039893741,115,3,0,Canada,GPE,22,28
mdp.39015039893741,115,3,1,New Bedford,GPE,85,96
mdp.39015039893741,115,4,0,Anna,PERSON,14,18
mdp.39015039893741,115,4,1,New York,GPE,100,108
mdp.39015039893741,115,5,0,a few days,DATE,3,13
mdp.39015039893741,115,5,1,Ruggles,PERSON,37,44
mdp.39015039893741,115,5,2,J. W. C. Pennington,PERSON,64,83
mdp.39015039893741,115,5,3,Ruggles,PERSON,113,120
mdp.39015039893741,115,5,4,Michaels,PERSON,127,135
mdp.39015039893741,115,5,5,two,CARDINAL,141,144
mdp.39015039893741,115,5,6,three,CARDINAL,148,153
mdp.39015039893741,115,5,7,Frederick Johnson,PERSON,322,339
mdp.39015039893741,115,5,8,Anna Murray,PERSON,344,355
mdp.39015039893741,115,5,9,David Ruggles,PERSON,397,410
mdp.39015039893741,115,5,10,Michaels,PERSON,420,428
mdp.39015039893741,115,6,0,JAMES W. C. PENNINGTON,PERSON,1,23
mdp.39015039893741,115,6,1,New York,GPE,25,33
mdp.39015039893741,115,6,2,"Sept. 15, 1838",DATE,35,49
mdp.39015039893741,115,7,0,five-dollar,MONEY,39,50
mdp.39015039893741,115,7,1,Ruggles,PERSON,65,72
mdp.39015039893741,115,7,2,one,CARDINAL,87,90
mdp.39015039893741,115,7,3,Anna,PERSON,116,120
mdp.39015039893741,115,7,4,John W. Richmond,PRODUCT,207,223
mdp.39015039893741,115,7,5,Newport,GPE,228,235
mdp.39015039893741,115,7,6,New Bedford,GPE,251,262
mdp.39015039893741,115,8,0,Ruggles,PERSON,4,11
mdp.39015039893741,115,8,1,Shaw,PERSON,38,42
mdp.39015039893741,115,8,2,Newport,GPE,46,53
mdp.39015039893741,115,8,3,New Bedford,GPE,105,116
mdp.39015039893741,115,8,4,Newport,GPE,129,136
mdp.39015039893741,115,8,5,Newport,GPE,192,199
mdp.39015039893741,115,10,0,Frederick Bailey,PERSON,27,43
mdp.39015039893741,115,10,1,Johnson,PERSON,55,62
mdp.39015039893741,116,0,0,FREDERICK DOUGLASS,PERSON,16,34
mdp.39015039893741,116,0,1,New Bedford,GPE,118,129
mdp.39015039893741,116,1,0,two,CARDINAL,33,36
mdp.39015039893741,116,1,1,New Bedford,GPE,71,82
mdp.39015039893741,116,1,2,Joseph Ricketson,PERSON,126,142
mdp.39015039893741,116,1,3,William C. · Taber,PERSON,147,165
mdp.39015039893741,116,4,0,New Bedford,GPE,14,25
mdp.39015039893741,116,4,1,Nathan Johnson,PERSON,64,78
mdp.39015039893741,116,5,0,Johnson,PERSON,18,25
mdp.39015039893741,116,8,0,Johnson,PERSON,37,44
mdp.39015039893741,116,10,0,the morning,TIME,3,14
mdp.39015039893741,116,10,1,New Bedford,FAC,36,47
mdp.39015039893741,116,11,0,Frederick Augustus Washington Bailey,PERSON,37,73
mdp.39015039893741,116,12,0,two,CARDINAL,35,38
mdp.39015039893741,116,12,1,Maryland,GPE,71,79
mdp.39015039893741,116,12,2,Frederick Bailey,PERSON,126,142
mdp.39015039893741,116,13,0,Baltimore,GPE,15,24
mdp.39015039893741,116,13,1,Stanley,PERSON,46,53
mdp.39015039893741,116,14,0,New York,GPE,14,22
mdp.39015039893741,116,14,1,Frederick Johnson,PERSON,52,69
mdp.39015039893741,116,15,0,New Bedford,GPE,18,29
mdp.39015039893741,116,16,0,Johnsons,NORP,58,66
mdp.39015039893741,116,16,1,New Bedford,GPE,70,81
mdp.39015039893741,116,17,0,Johnson,PERSON,11,18
mdp.39015039893741,116,17,1,Frederick,PERSON,107,116
mdp.39015039893741,116,19,0,Johnson,PERSON,4,11
mdp.39015039893741,116,19,1,"the ""Lady of the",WORK_OF_ART,34,50
mdp.39015039893741,117,0,0,FREDERICK DOUGLASS,PERSON,12,30
mdp.39015039893741,117,0,1,Douglass,PERSON,81,89
mdp.39015039893741,117,1,0,Frederick Douglass,PERSON,45,63
mdp.39015039893741,117,2,0,New Bedford,GPE,64,75
mdp.39015039893741,117,9,0,Spartan,NORP,124,131
mdp.39015039893741,117,10,0,New Bedford,GPE,69,80
mdp.39015039893741,117,11,0,the afternoon of the day,TIME,3,27
mdp.39015039893741,117,11,1,New Bedford,GPE,43,54
mdp.39015039893741,118,0,0,FREDERICK DOUGLASS,PERSON,16,34
mdp.39015039893741,118,0,1,Baltimore,GPE,118,127
mdp.39015039893741,118,6,0,Maryland,GPE,280,288
mdp.39015039893741,118,8,0,Hillsborough,GPE,153,165
mdp.39015039893741,118,8,1,Easton,GPE,167,173
mdp.39015039893741,118,8,2,St. Michael's,GPE,175,188
mdp.39015039893741,118,8,3,Baltimore,GPE,194,203
mdp.39015039893741,118,9,0,Maryland,GPE,77,85
mdp.39015039893741,118,12,0,seven years,DATE,31,42
mdp.39015039893741,118,12,1,Maryland,GPE,177,185
mdp.39015039893741,118,13,0,Nathan Johnson,PERSON,45,59
mdp.39015039893741,118,13,1,nine tenths,CARDINAL,390,401
mdp.39015039893741,118,13,2,Talbot county,GPE,425,438
mdp.39015039893741,118,13,3,Maryland,GPE,439,447
mdp.39015039893741,118,14,0,Johnson,PERSON,8,15
mdp.39015039893741,119,0,0,FREDERICK DOUGLASS,PERSON,12,30
mdp.39015039893741,119,1,0,Johnson,PERSON,75,82
mdp.39015039893741,119,9,0,the appointed hour,TIME,19,37
mdp.39015039893741,119,10,0,New Bedford,GPE,172,183
mdp.39015039893741,119,12,0,the third day,DATE,20,33
mdp.39015039893741,119,17,0,Hugh,PERSON,20,24
mdp.39015039893741,119,18,0,that day,DATE,9,17
mdp.39015039893741,120,0,0,FREDERICK DOUGLASS,PERSON,16,34
mdp.39015039893741,120,3,0,Johnson,PERSON,4,11
mdp.39015039893741,120,5,0,nearly three years,DATE,111,129
mdp.39015039893741,120,5,1,New Bedford,GPE,133,144
mdp.39015039893741,120,6,0,about four months,DATE,3,20
mdp.39015039893741,120,6,1,New Bedford,GPE,37,48
mdp.39015039893741,120,6,2,Liberator,WORK_OF_ART,124,133
mdp.39015039893741,120,9,0,week,DATE,35,39
mdp.39015039893741,120,9,1,week,DATE,43,47
mdp.39015039893741,120,13,0,Liberator,WORK_OF_ART,37,46
mdp.39015039893741,120,17,0,Nantucket,GPE,51,60
mdp.39015039893741,120,17,1,"the 11th of August, 1841",DATE,65,89
mdp.39015039893741,120,17,2,William C. Coffin,PERSON,175,192
mdp.39015039893741,120,17,3,New Bedford,GPE,337,348
mdp.39015039893741,121,0,0,FREDERICK DOUGLASS,PERSON,12,30
mdp.39015039893741,121,0,1,New Bedford,GPE,79,90
mdp.39015039893741,122,2,0,Christ,PERSON,241,247
mdp.39015039893741,122,4,0,Christ,PERSON,58,64
mdp.39015039893741,122,5,0,Christianity,ORG,95,107
mdp.39015039893741,122,9,0,120,CARDINAL,55,58
mdp.39015039893741,123,0,0,FREDERICK DOUGLASS,PERSON,12,30
mdp.39015039893741,123,0,1,121,CARDINAL,31,34
mdp.39015039893741,123,1,0,the week,DATE,52,60
mdp.39015039893741,123,1,1,Sunday,DATE,81,87
mdp.39015039893741,123,1,2,Jesus,PERSON,139,144
mdp.39015039893741,123,2,0,Sunday,DATE,89,95
mdp.39015039893741,123,2,1,morning,TIME,96,103
mdp.39015039893741,123,4,0,Bible,WORK_OF_ART,49,54
mdp.39015039893741,123,5,0,millions,CARDINAL,56,64
mdp.39015039893741,123,8,0,Bibles,PRODUCT,97,103
mdp.39015039893741,123,14,0,Christianity,ORG,135,147
mdp.39015039893741,124,0,0,FREDERICK DOUGLASS,PERSON,16,34
mdp.39015039893741,124,3,0,Israel,GPE,54,60
mdp.39015039893741,124,9,0,Pilate,PERSON,138,144
mdp.39015039893741,124,9,1,Herod,PERSON,149,154
mdp.39015039893741,124,13,0,Christianity,ORG,33,45
mdp.39015039893741,124,13,1,Pharisees,NORP,127,136
mdp.39015039893741,124,13,2,one,CARDINAL,267,270
mdp.39015039893741,124,15,0,Rabbi,PERSON,112,117
mdp.39015039893741,124,15,1,Rabbi,PERSON,119,124
mdp.39015039893741,124,16,0,Pharisees,NORP,30,39
mdp.39015039893741,124,19,0,one,CARDINAL,32,35
mdp.39015039893741,124,20,0,Pharisees,NORP,26,35
mdp.39015039893741,125,0,0,FREDERICK DOUGLASS,PERSON,12,30
mdp.39015039893741,125,4,0,Pharisees,NORP,26,35
mdp.39015039893741,125,6,0,Pharisees,NORP,26,35
mdp.39015039893741,125,9,0,Christians,NORP,106,116
mdp.39015039893741,125,9,1,America,GPE,120,127
mdp.39015039893741,125,13,0,Pharisaical,NORP,17,28
mdp.39015039893741,125,17,0,Bible,WORK_OF_ART,45,50
mdp.39015039893741,125,18,0,Christian,NORP,285,294
mdp.39015039893741,126,0,0,FREDERICK DOUGLASS,PERSON,16,34
mdp.39015039893741,126,4,0,several years,DATE,31,44
mdp.39015039893741,126,4,1,Methodist,NORP,108,117
mdp.39015039893741,126,8,0,Jack,PERSON,72,76
mdp.39015039893741,126,8,1,Nell,PERSON,81,85
mdp.39015039893741,126,10,0,Tony,PERSON,85,89
mdp.39015039893741,126,10,1,Doll,PERSON,91,95
mdp.39015039893741,126,10,2,Sam,PERSON,101,104
mdp.39015039893741,126,11,0,Christ,PERSON,24,30
mdp.39015039893741,127,0,0,FREDERICK DOUGLASS,PERSON,12,30
mdp.39015039893741,127,4,0,Tony,PERSON,19,23
mdp.39015039893741,127,4,1,Bashan,NORP,63,69
mdp.39015039893741,127,4,2,Jacob,PERSON,125,130
mdp.39015039893741,127,6,0,Tom,PERSON,96,99
mdp.39015039893741,127,6,1,Dick,PERSON,105,109
mdp.39015039893741,127,6,2,Ned,PERSON,115,118
mdp.39015039893741,127,7,0,Nanny,PERSON,82,87
mdp.39015039893741,128,0,0,FREDERICK DOUGLASS,PERSON,16,34
mdp.39015039893741,128,1,0,Two,CARDINAL,1,4
mdp.39015039893741,128,3,0,Jack,PERSON,15,19
mdp.39015039893741,128,4,0,American,NORP,99,107
mdp.39015039893741,128,4,1,millions,CARDINAL,171,179
mdp.39015039893741,128,4,2,FREDERICK DOUGLASS LYNN,PERSON,376,399
mdp.39015039893741,128,4,3,Mass.,GPE,401,406
mdp.39015039893741,128,4,4,"April 28, 1845",DATE,408,422
mdp.39015039893741,129,1,0,Joseph E. Harris,PERSON,3,19
mdp.39015039893741,129,3,0,African,NORP,27,34
mdp.39015039893741,129,4,0,Africa,LOC,41,47
mdp.39015039893741,129,5,0,Columbia University,ORG,21,40
mdp.39015039893741,129,6,0,THE CLASSIC SLAVE NARRATIVES,WORK_OF_ART,15,43
mdp.39015039893741,129,6,1,"Henry Louis Gates, Jr.",PERSON,54,76
mdp.39015039893741,129,7,0,One,CARDINAL,0,3
mdp.39015039893741,129,7,1,America,GPE,7,14
mdp.39015039893741,129,7,2,four,CARDINAL,73,77
mdp.39015039893741,129,9,0,BEFORE FREEDOM,WORK_OF_ART,0,14
mdp.39015039893741,129,9,1,Belinda Hurmence,PERSON,50,66
mdp.39015039893741,129,10,0,American,NORP,20,28
mdp.39015039893741,129,11,0,two,CARDINAL,14,17
mdp.39015039893741,129,11,1,"Before Freedom,",WORK_OF_ART,26,41
mdp.39015039893741,129,11,2,When I Can Just Remember and My Folks Don't Want Me to Talk About Slavery,WORK_OF_ART,42,115
mdp.39015039893741,129,13,0,627814 $4.99,MONEY,32,44
mdp.39015039893741,129,13,1,BLACK LIKE ME,WORK_OF_ART,46,59
mdp.39015039893741,129,13,2,John Howard Griffin,PERSON,63,82
mdp.39015039893741,129,14,0,first,ORDINAL,28,33
mdp.39015039893741,129,14,1,South,LOC,116,121
mdp.39015039893741,129,15,0,the Saturday Review Anisfield-Wolf Award,WORK_OF_ART,10,50
mdp.39015039893741,129,16,0,163176_$4.99,MONEY,1,13
mdp.39015039893741,129,16,1,THE SOULS OF BLACK FOLK,WORK_OF_ART,15,38
mdp.39015039893741,129,16,2,W.E.B. DuBois,PERSON,42,55
mdp.39015039893741,129,18,0,Nathan Hare,PERSON,16,27
mdp.39015039893741,129,18,1,Alvin F. Poussaint,PERSON,32,50
mdp.39015039893741,129,19,0,523970_$4.95,MONEY,1,13
mdp.39015039893741,129,21,0,Canada,GPE,26,32
mdp.39015039893741,129,23,0,PENGUIN USA,ORG,0,11
mdp.39015039893741,129,23,1,999,CARDINAL,21,24
mdp.39015039893741,129,23,2,Bergenfield,GPE,38,49
mdp.39015039893741,129,23,3,New Jersey,GPE,51,61
mdp.39015039893741,129,25,0,2.00,MONEY,30,34
mdp.39015039893741,129,26,0,Mastercard,ORG,60,70
mdp.39015039893741,129,26,1,VISA,ORG,74,78
mdp.39015039893741,129,26,2,15.00,MONEY,88,93
mdp.39015039893741,129,30,0,1-800-253-8476,CARDINAL,53,67
mdp.39015039893741,129,30,1,4-6 weeks,DATE,87,96
mdp.39015039893741,130,2,0,The Autobiographies of William Wells Brown,WORK_OF_ART,76,118
mdp.39015039893741,130,3,0,William L. Andrews,PERSON,35,53
mdp.39015039893741,130,4,0,African American,NORP,99,115
mdp.39015039893741,130,6,0,Saunders Redding,PERSON,0,16
mdp.39015039893741,130,6,1,628608,CARDINAL,18,24
mdp.39015039893741,130,6,2,4.99,MONEY,26,30
mdp.39015039893741,130,6,3,CHARLES W. CHESNUTT,PERSON,57,76
mdp.39015039893741,130,7,0,William L. Andrews,PERSON,35,53
mdp.39015039893741,130,8,0,Chesnutt,PERSON,54,62
mdp.39015039893741,130,8,1,two,CARDINAL,65,68
mdp.39015039893741,130,8,2,The Conjure Woman and The Wife of His Youth,WORK_OF_ART,88,131
mdp.39015039893741,130,8,3,Other Stories of the Color Line,WORK_OF_ART,136,167
mdp.39015039893741,130,8,4,two,CARDINAL,180,183
mdp.39015039893741,130,8,5,Dave's Neckliss,WORK_OF_ART,215,230
mdp.39015039893741,130,8,6,Baxter's Procrustes,WORK_OF_ART,237,256
mdp.39015039893741,130,9,0,628438 $5.99,MONEY,1,13
mdp.39015039893741,130,10,0,AFRICAN-AMERICAN,NORP,4,20
mdp.39015039893741,130,10,1,THREE,CARDINAL,51,56
mdp.39015039893741,130,11,0,William L. Andrews,PERSON,35,53
mdp.39015039893741,130,12,0,lola Leroy,WORK_OF_ART,9,19
mdp.39015039893741,130,12,1,Frances E. W. Harper,PERSON,23,43
mdp.39015039893741,130,12,2,The Marrow of Tradition,WORK_OF_ART,45,68
mdp.39015039893741,130,12,3,Charles W. Chesnutt,PERSON,72,91
mdp.39015039893741,130,12,4,The Sport of the Gods,WORK_OF_ART,97,118
mdp.39015039893741,130,12,5,Paul Laurence Dunbar,PERSON,122,142
mdp.39015039893741,130,13,0,628497—$5.99,MONEY,1,13
mdp.39015039893741,130,14,0,NARRATIVE OF THE LIFE OF FREDERICK DOUGLASS: An American Slave,WORK_OF_ART,0,62
mdp.39015039893741,130,14,1,Frederick Douglass,PERSON,66,84
mdp.39015039893741,130,15,0,William Lloyd Garrison,PERSON,11,33
mdp.39015039893741,130,16,0,One,CARDINAL,0,3
mdp.39015039893741,130,16,1,pre-Civil War,EVENT,114,127
mdp.39015039893741,130,16,2,South,LOC,128,133
mdp.39015039893741,130,17,0,161882—$4.99,MONEY,1,13
mdp.39015039893741,130,18,0,Canada,GPE,28,34
mdp.39015039893741,130,19,0,PENGUIN USA,ORG,0,11
mdp.39015039893741,130,19,1,999,CARDINAL,21,24
mdp.39015039893741,130,19,2,Bergenfield,GPE,38,49
mdp.39015039893741,130,19,3,New Jersey,GPE,51,61
mdp.39015039893741,130,20,0,200,MONEY,76,79
mdp.39015039893741,130,21,0,Mastercard,ORG,60,70
mdp.39015039893741,130,21,1,VISA,ORG,74,78
mdp.39015039893741,130,21,2,$15 00,MONEY,87,93
mdp.39015039893741,130,23,0,1-800-253-6476,CARDINAL,73,87
mdp.39015039893741,130,23,1,4-6 weeks,DATE,107,116
mdp.39015039893741,131,0,0,0.25,MONEY,66,70
mdp.39015039893741,131,0,1,2.00,MONEY,103,107
mdp.39015039893741,131,0,2,MAY 1 2,DATE,136,143
mdp.39015039893741,131,0,3,1998 NOV 1 6,DATE,144,156
mdp.39015039893741,131,0,4,2000 DEC 1 5,DATE,157,169
mdp.39015039893741,131,0,5,1998 JAN 0,DATE,170,180
mdp.39015039893741,131,0,6,2002 SEP 28,DATE,236,247
mdp.39015039893741,131,0,7,2008,DATE,248,252
mdp.39015039893741,131,0,8,2003,DATE,271,275
mdp.39015039893741,131,0,9,2001 FEB 1 5,DATE,284,296
mdp.39015039893741,131,0,10,2004 NOV 2 5,DATE,297,309
mdp.39015039893741,131,0,11,2001 MAY 2,DATE,310,320
mdp.39015039893741,131,0,12,2006 FEB 13,DATE,321,332
mdp.39015039893741,131,0,13,2007 DEC 1,DATE,333,343
mdp.39015039893741,131,1,0,2007 JAN 2 8,DATE,0,12
mdp.39015039893741,131,1,1,2003,DATE,13,17
mdp.39015039893741,132,0,0,South,LOC,158,163
mdp.39015039893741,132,2,0,Narrative of the Life of Frederick Douglass,WORK_OF_ART,0,43
mdp.39015039893741,132,2,1,1854,DATE,45,49
mdp.39015039893741,132,2,2,pre-Civil War,EVENT,103,116
mdp.39015039893741,132,2,3,South,LOC,136,141
mdp.39015039893741,132,3,0,more than a century ago,DATE,8,31
mdp.39015039893741,132,3,1,an African American,NORP,35,54
mdp.39015039893741,132,3,2,U.S.,GPE,83,87
mdp.39015039893741,132,4,0,America,GPE,71,78
mdp.39015039893741,132,8,0,U.S.A.,GPE,0,6
mdp.39015039893741,132,8,1,4.99,MONEY,8,12
mdp.39015039893741,132,9,0,5.99,MONEY,1,5
