vol_id,page,sentence_id,ent_id,entity,entity_type,start_char,end_char
mdp.69015000003307,2,0,0,WILLIAM L. CLEMENTS,PERSON,0,19
mdp.69015000003307,2,0,1,the University of Michigan,ORG,32,58
mdp.69015000003307,9,0,0,FREDERICK DOUGLASS,PERSON,38,56
mdp.69015000003307,9,0,1,25,CARDINAL,169,171
mdp.69015000003307,10,0,0,Act of Congress,LAW,22,37
mdp.69015000003307,10,0,1,the year 1845,DATE,42,55
mdp.69015000003307,10,0,2,FREDERick Douglass,PERSON,60,78
mdp.69015000003307,10,0,3,the District Court of Massachuseº,ORG,105,138
mdp.69015000003307,11,1,0,"the month of August, 1841",DATE,3,28
mdp.69015000003307,11,1,1,Nantucket,GPE,70,79
mdp.69015000003307,11,1,2,FREDERICK DougLAss,PERSON,136,154
mdp.69015000003307,11,1,3,Narrative,WORK_OF_ART,184,193
mdp.69015000003307,11,2,0,New Bedford,GPE,409,420
mdp.69015000003307,11,3,0,millions,CARDINAL,59,67
mdp.69015000003307,12,3,0,first,ORDINAL,25,30
mdp.69015000003307,12,5,0,American,NORP,300,308
mdp.69015000003307,12,6,0,New Bedford,GPE,22,33
mdp.69015000003307,12,6,1,Douglass,PERSON,51,59
mdp.69015000003307,13,2,0,PATRICK HENRy,PERSON,93,106
mdp.69015000003307,13,4,0,North,LOC,93,98
mdp.69015000003307,13,4,1,Massachusetts,GPE,110,123
mdp.69015000003307,13,6,0,Bay State,LOC,72,81
mdp.69015000003307,13,8,0,Mason,PERSON,95,100
mdp.69015000003307,13,8,1,Dixon,PERSON,105,110
mdp.69015000003307,13,9,0,Doug LAss,PERSON,59,68
mdp.69015000003307,14,1,0,the Massachusetts Anti-Slavery Society,ORG,9,47
mdp.69015000003307,14,1,1,John A. Collins,PERSON,53,68
mdp.69015000003307,14,2,0,first,ORDINAL,3,8
mdp.69015000003307,14,3,0,American,NORP,160,168
mdp.69015000003307,14,3,1,the Massachusetts Anti-Slavery Society,ORG,172,210
mdp.69015000003307,14,8,0,his day,DATE,41,48
mdp.69015000003307,14,10,0,one,CARDINAL,45,48
mdp.69015000003307,14,10,1,FREDERICK Douglass,PERSON,167,185
mdp.69015000003307,14,10,2,the United States,GPE,227,244
mdp.69015000003307,14,10,3,one,CARDINAL,272,275
mdp.69015000003307,14,10,4,CHARLEs LENox REMOND,PERSON,314,334
mdp.69015000003307,14,10,5,Atlantic,LOC,429,437
mdp.69015000003307,15,3,0,African,NORP,246,253
mdp.69015000003307,15,4,0,centuries,DATE,290,299
mdp.69015000003307,15,5,0,DANIEL O’Conn ELL,PERSON,161,178
mdp.69015000003307,15,5,1,Ireland,GPE,292,299
mdp.69015000003307,15,5,2,the Conciliation Hall,FAC,364,385
mdp.69015000003307,15,5,3,Dublin,GPE,387,393
mdp.69015000003307,15,5,4,the Loyal National Repeal Association,ORG,402,439
mdp.69015000003307,15,5,5,"March 31, 1845",DATE,441,455
mdp.69015000003307,15,6,0,O'Conn ELL,PERSON,22,32
mdp.69015000003307,15,8,0,American,NORP,3,11
mdp.69015000003307,15,8,1,Africa,LOC,54,60
mdp.69015000003307,15,8,2,three years,DATE,95,106
mdp.69015000003307,15,8,3,Arabic,LANGUAGE,307,313
mdp.69015000003307,15,8,4,English,LANGUAGE,318,325
mdp.69015000003307,16,2,0,Doug LAss,PERSON,4,13
mdp.69015000003307,16,6,0,FREDERick Doug LAss,PERSON,18,37
mdp.69015000003307,16,6,1,Maryland,GPE,194,202
mdp.69015000003307,16,6,2,Georgia,GPE,292,299
mdp.69015000003307,16,6,3,Alabama,GPE,301,308
mdp.69015000003307,16,6,4,Louisiana,GPE,313,322
mdp.69015000003307,17,1,0,Christ Jesus,PERSON,216,228
mdp.69015000003307,17,4,0,Douglass,PERSON,160,168
mdp.69015000003307,17,4,1,the Chesapeake Bay,LOC,303,321
mdp.69015000003307,17,5,0,Alexandrian,NORP,103,114
mdp.69015000003307,18,0,0,four,CARDINAL,49,53
mdp.69015000003307,18,1,0,one hour,TIME,38,46
mdp.69015000003307,18,2,0,the United States,GPE,162,179
mdp.69015000003307,19,2,0,Doug LAss,PERSON,4,13
mdp.69015000003307,19,4,0,Narrative,WORK_OF_ART,21,30
mdp.69015000003307,19,4,1,two,CARDINAL,43,46
mdp.69015000003307,19,4,2,one,CARDINAL,83,86
mdp.69015000003307,19,5,0,Douglass,PERSON,4,12
mdp.69015000003307,19,6,0,Baltimore,GPE,4,13
mdp.69015000003307,19,6,1,American,NORP,14,22
mdp.69015000003307,19,6,2,"March 17, 1845",DATE,27,41
mdp.69015000003307,19,7,0,Charles county,GPE,48,62
mdp.69015000003307,19,7,1,Maryland,GPE,64,72
mdp.69015000003307,19,7,2,Matthews,PERSON,136,144
mdp.69015000003307,19,7,3,Matthews,PERSON,166,174
mdp.69015000003307,19,7,4,Washington,GPE,229,239
mdp.69015000003307,19,7,5,one,CARDINAL,248,251
mdp.69015000003307,19,8,0,Matthews,PERSON,29,37
mdp.69015000003307,20,4,0,southern,NORP,137,145
mdp.69015000003307,20,4,1,Narrative,WORK_OF_ART,192,201
mdp.69015000003307,20,6,0,Doug LAss,PERSON,21,30
mdp.69015000003307,20,17,0,Boston,GPE,0,6
mdp.69015000003307,20,17,1,"May 1, 1845",DATE,8,19
mdp.69015000003307,21,0,0,E. T. T. E. R.,PERSON,3,17
mdp.69015000003307,21,0,1,WINDELL PHILLIPS,GPE,23,39
mdp.69015000003307,21,0,2,ESQ,GPE,41,44
mdp.69015000003307,21,1,0,Boston,GPE,0,6
mdp.69015000003307,21,1,1,"April 22, 1845",DATE,8,22
mdp.69015000003307,21,2,0,The Man and the Lion,WORK_OF_ART,49,69
mdp.69015000003307,21,6,0,the half-peck,QUANTITY,27,40
mdp.69015000003307,21,7,0,1838,DATE,20,24
mdp.69015000003307,21,7,1,West India,LOC,67,77
mdp.69015000003307,22,1,0,WENDELL PHILLIPS,PERSON,12,28
mdp.69015000003307,22,1,1,ESQ,GPE,30,33
mdp.69015000003307,22,3,0,Chesapeake,LOC,114,124
mdp.69015000003307,22,4,0,one,CARDINAL,34,37
mdp.69015000003307,22,6,0,Valley,LOC,222,228
mdp.69015000003307,22,6,1,Mississippi,LOC,263,274
mdp.69015000003307,22,9,0,one,CARDINAL,3,6
mdp.69015000003307,22,10,0,some years,DATE,28,38
mdp.69015000003307,22,10,1,North,LOC,116,121
mdp.69015000003307,22,10,2,that “noon,TIME,128,138
mdp.69015000003307,22,10,3,Mason,PERSON,181,186
mdp.69015000003307,22,10,4,Dixon,PERSON,191,196
mdp.69015000003307,22,11,0,Massachusetts,GPE,57,70
mdp.69015000003307,23,1,0,WENDELL PHILLIPS,PERSON,12,28
mdp.69015000003307,23,5,0,Some years ago,DATE,0,14
mdp.69015000003307,23,6,0,the other day,DATE,64,77
mdp.69015000003307,23,7,0,Massachusetts,GPE,128,141
mdp.69015000003307,23,8,0,1776,DATE,25,29
mdp.69015000003307,23,8,1,the Declaration of Independence,WORK_OF_ART,38,69
mdp.69015000003307,23,10,0,the Constitution of the United States,LAW,29,66
mdp.69015000003307,23,12,0,MS,PERSON,57,59
mdp.69015000003307,23,14,0,Constitution,LAW,104,116
mdp.69015000003307,24,1,0,WENDELL PHILLIPS,GPE,12,28
mdp.69015000003307,24,1,1,ESQ.,GPE,30,34
mdp.69015000003307,24,3,0,New England,LOC,181,192
mdp.69015000003307,24,3,1,Union,GPE,229,234
mdp.69015000003307,24,3,2,Pilgrims,NORP,451,459
mdp.69015000003307,24,3,3,Carolinas,GPE,581,590
mdp.69015000003307,24,3,4,Massachusetts,GPE,658,671
mdp.69015000003307,24,4,0,the day,DATE,10,17
mdp.69015000003307,24,5,0,WENDELL PHILLIPS,PERSON,34,50
mdp.69015000003307,24,6,0,FREDERick Douglass,PERSON,0,18
mdp.69015000003307,25,0,0,FREDERLOK I)0UGLASS,PERSON,34,53
mdp.69015000003307,25,2,0,Tuckahoe,GPE,14,22
mdp.69015000003307,25,2,1,Hillsborough,GPE,29,41
mdp.69015000003307,25,2,2,about twelve miles,QUANTITY,47,65
mdp.69015000003307,25,2,3,Easton,GPE,71,77
mdp.69015000003307,25,2,4,Talbot county,GPE,82,95
mdp.69015000003307,25,2,5,Maryland,GPE,97,105
mdp.69015000003307,25,6,0,spring-time,DATE,76,87
mdp.69015000003307,26,2,0,between twenty-seven and twentyeight years of age,DATE,45,94
mdp.69015000003307,26,3,0,1835,DATE,61,65
mdp.69015000003307,26,3,1,about seventeen years old,DATE,73,98
mdp.69015000003307,26,4,0,Harriet Bailey,PERSON,20,34
mdp.69015000003307,26,5,0,Isaac,PERSON,24,29
mdp.69015000003307,26,5,1,Betsey Bailey,PERSON,34,47
mdp.69015000003307,26,11,0,Maryland,GPE,38,46
mdp.69015000003307,26,12,0,its twelfth month,DATE,41,58
mdp.69015000003307,26,15,0,more than four,CARDINAL,44,58
mdp.69015000003307,26,15,1,night,TIME,144,149
mdp.69015000003307,26,16,0,Stewart,PERSON,23,30
mdp.69015000003307,26,16,1,about twelve,DATE,42,54
mdp.69015000003307,27,0,0,FREDERICK DOUGLASS,PERSON,9,27
mdp.69015000003307,27,1,0,3 miles,QUANTITY,0,7
mdp.69015000003307,27,3,0,day,DATE,114,117
mdp.69015000003307,27,10,0,about seven years old,DATE,20,41
mdp.69015000003307,27,10,1,Lee's Mill,FAC,77,87
mdp.69015000003307,28,1,0,4,CARDINAL,0,1
mdp.69015000003307,28,3,0,first,ORDINAL,17,22
mdp.69015000003307,28,4,0,mulatto,NORP,218,225
mdp.69015000003307,28,5,0,one,CARDINAL,371,374
mdp.69015000003307,28,5,1,one,CARDINAL,511,514
mdp.69015000003307,28,7,0,one,CARDINAL,66,69
mdp.69015000003307,28,7,1,south,LOC,93,98
mdp.69015000003307,29,1,0,TREDERICK DOUGLASS.,PERSON,8,27
mdp.69015000003307,29,2,0,Africa,LOC,230,236
mdp.69015000003307,29,2,1,Ham,PERSON,342,345
mdp.69015000003307,29,2,2,American,NORP,361,369
mdp.69015000003307,29,3,0,Ham,PERSON,29,32
mdp.69015000003307,29,3,1,thousands,CARDINAL,147,156
mdp.69015000003307,29,4,0,two,CARDINAL,11,14
mdp.69015000003307,29,5,0,first,ORDINAL,3,8
mdp.69015000003307,29,5,1,Anthony,PERSON,27,34
mdp.69015000003307,29,6,0,first,ORDINAL,22,27
mdp.69015000003307,29,7,0,Anthony,PERSON,32,39
mdp.69015000003307,29,7,1,the Chesapeake Bay,LOC,102,120
mdp.69015000003307,29,9,0,two,CARDINAL,9,12
mdp.69015000003307,29,9,1,three,CARDINAL,16,21
mdp.69015000003307,29,9,2,about thirty,CARDINAL,33,45
mdp.69015000003307,29,11,0,Plummer,PERSON,24,31
mdp.69015000003307,29,12,0,Plummer,PERSON,4,11
mdp.69015000003307,30,3,0,the dawn of day,TIME,30,45
mdp.69015000003307,30,7,0,first,ORDINAL,15,20
mdp.69015000003307,30,10,0,first,ORDINAL,11,16
mdp.69015000003307,30,16,0,Hester,PERSON,5,11
mdp.69015000003307,30,16,1,one night,TIME,21,30
mdp.69015000003307,30,17,0,evenings,TIME,33,41
mdp.69015000003307,31,0,0,FREDERICK DOUGLASS,PERSON,9,27
mdp.69015000003307,31,0,1,Lloyd,PERSON,52,57
mdp.69015000003307,31,2,0,Ned Roberts,PERSON,4,15
mdp.69015000003307,31,2,1,Lloyd,PERSON,34,39
mdp.69015000003307,31,2,2,Ned,PERSON,42,45
mdp.69015000003307,31,5,0,Hester,PERSON,5,11
mdp.69015000003307,31,5,1,Lloyd,PERSON,95,100
mdp.69015000003307,31,5,2,Ned,PERSON,103,106
mdp.69015000003307,31,7,0,Hester,PERSON,34,40
mdp.69015000003307,32,7,0,two,CARDINAL,32,35
mdp.69015000003307,32,7,1,Andrew,PERSON,42,48
mdp.69015000003307,32,7,2,Richard,PERSON,53,60
mdp.69015000003307,32,7,3,one,CARDINAL,62,65
mdp.69015000003307,32,7,4,Lucretia,PERSON,76,84
mdp.69015000003307,32,7,5,Thomas Auld,PERSON,111,122
mdp.69015000003307,32,8,0,one,CARDINAL,14,17
mdp.69015000003307,32,8,1,Edward Lloyd,PERSON,61,73
mdp.69015000003307,32,9,0,Lloyd,PERSON,22,27
mdp.69015000003307,32,11,0,two years,DATE,8,17
mdp.69015000003307,32,12,0,first,ORDINAL,68,73
mdp.69015000003307,32,13,0,about twelve miles,QUANTITY,18,36
mdp.69015000003307,32,13,1,Easton,GPE,46,52
mdp.69015000003307,32,13,2,Talbot county,GPE,57,70
mdp.69015000003307,32,13,3,Miles River,LOC,105,116
mdp.69015000003307,33,0,0,FREDERICK DOUGLASS,PERSON,9,27
mdp.69015000003307,33,1,0,Baltimore,GPE,177,186
mdp.69015000003307,33,2,0,Sally Lloyd,PRODUCT,21,32
mdp.69015000003307,33,2,1,one,CARDINAL,46,49
mdp.69015000003307,33,3,0,Auld,PERSON,32,36
mdp.69015000003307,33,4,0,Peter,PERSON,17,22
mdp.69015000003307,33,4,1,Isaac,PERSON,24,29
mdp.69015000003307,33,4,2,Rich,PERSON,31,35
mdp.69015000003307,33,4,3,Jake,PERSON,41,45
mdp.69015000003307,33,5,0,Baltimore,GPE,187,196
mdp.69015000003307,33,6,0,Lloyd,PERSON,8,13
mdp.69015000003307,33,6,1,three to four hundred,CARDINAL,24,45
mdp.69015000003307,33,7,0,Wye Town,GPE,59,67
mdp.69015000003307,33,7,1,New Design,ORG,72,82
mdp.69015000003307,33,8,0,Wye Town,GPE,1,9
mdp.69015000003307,33,8,1,Noah Willis,PERSON,53,64
mdp.69015000003307,33,9,0,New Design,GPE,0,10
mdp.69015000003307,33,9,1,Townsend,PERSON,47,55
mdp.69015000003307,33,10,0,twenty,CARDINAL,70,76
mdp.69015000003307,33,12,0,twenty,CARDINAL,44,50
mdp.69015000003307,33,14,0,Baltimore,GPE,197,206
mdp.69015000003307,33,14,1,Austin Woolfolk,PERSON,220,235
mdp.69015000003307,34,0,0,yearly,DATE,63,69
mdp.69015000003307,34,1,0,eight pounds,QUANTITY,71,83
mdp.69015000003307,34,1,1,one bushel,QUANTITY,124,134
mdp.69015000003307,34,2,0,two,CARDINAL,35,38
mdp.69015000003307,34,2,1,one,CARDINAL,60,63
mdp.69015000003307,34,2,2,one,CARDINAL,105,108
mdp.69015000003307,34,2,3,one,CARDINAL,117,120
mdp.69015000003307,34,2,4,winter,DATE,142,148
mdp.69015000003307,34,2,5,one,CARDINAL,178,181
mdp.69015000003307,34,2,6,one,CARDINAL,205,208
mdp.69015000003307,34,2,7,more than seven dollars,MONEY,263,286
mdp.69015000003307,34,4,0,two,CARDINAL,137,140
mdp.69015000003307,34,6,0,seven to ten years old,DATE,14,36
mdp.69015000003307,34,7,0,one,CARDINAL,44,47
mdp.69015000003307,35,0,0,FREDERICK DOUGLASS.,PERSON,9,28
mdp.69015000003307,35,3,0,Severe,PERSON,4,10
mdp.69015000003307,35,4,0,Severe,PERSON,4,10
mdp.69015000003307,35,5,0,half an hour,TIME,55,67
mdp.69015000003307,35,14,0,Lloyd,PERSON,42,47
mdp.69015000003307,36,2,0,Severe,PERSON,4,10
mdp.69015000003307,36,2,1,Hopkins,PERSON,39,46
mdp.69015000003307,36,4,0,Severe,PERSON,63,69
mdp.69015000003307,36,8,0,Lloyd,PERSON,31,36
mdp.69015000003307,36,14,0,the Great House Farm,FAC,28,48
mdp.69015000003307,36,15,0,the Great House Farm,ORG,114,134
mdp.69015000003307,36,17,0,the American,ORG,67,79
mdp.69015000003307,36,17,1,Congress,ORG,80,88
mdp.69015000003307,36,17,2,one,CARDINAL,106,109
mdp.69015000003307,36,17,3,the Great House Farm,ORG,169,189
mdp.69015000003307,37,0,0,FREDERICK DOUGLASS.,PERSON,9,28
mdp.69015000003307,37,2,0,Lloyd,PERSON,54,59
mdp.69015000003307,37,3,0,the Great House Farm,FAC,29,49
mdp.69015000003307,37,3,1,monthly,DATE,59,66
mdp.69015000003307,37,10,0,the Great House Farm,ORG,80,100
mdp.69015000003307,38,11,0,Lloyd,PERSON,98,103
mdp.69015000003307,39,1,0,FREDERICK DOUGLASS,PERSON,8,26
mdp.69015000003307,39,11,0,III,CARDINAL,8,11
mdp.69015000003307,39,12,0,CoLoREL LLoyd,PERSON,0,13
mdp.69015000003307,39,12,1,four,CARDINAL,103,107
mdp.69015000003307,39,12,2,M’Dur. mond,PERSON,146,157
mdp.69015000003307,39,14,0,the summer months,DATE,7,24
mdp.69015000003307,39,14,1,Baltimore,GPE,63,72
mdp.69015000003307,39,14,2,Easton,GPE,74,80
mdp.69015000003307,39,14,3,Annapolis,GPE,86,95
mdp.69015000003307,40,10,0,three,CARDINAL,29,34
mdp.69015000003307,40,10,1,three,CARDINAL,53,58
mdp.69015000003307,40,10,2,four,CARDINAL,62,66
mdp.69015000003307,40,11,0,two,CARDINAL,41,44
mdp.69015000003307,40,11,1,Barney,PERSON,58,64
mdp.69015000003307,40,11,2,Barney,PERSON,75,81
mdp.69015000003307,40,13,0,Lloyd,PERSON,70,75
mdp.69015000003307,41,0,0,FREDERick Douglass,PERSON,9,27
mdp.69015000003307,41,1,0,17,CARDINAL,0,2
mdp.69015000003307,41,1,1,Barney,PERSON,115,121
mdp.69015000003307,41,4,0,Lloyd,PERSON,76,81
mdp.69015000003307,41,8,0,Barney,PERSON,285,291
mdp.69015000003307,41,10,0,Lloyd,PERSON,8,13
mdp.69015000003307,41,12,0,Lloyd,PERSON,20,25
mdp.69015000003307,41,12,1,Barney,PERSON,35,41
mdp.69015000003307,41,12,2,fifty and sixty years,DATE,57,78
mdp.69015000003307,41,12,3,more than thirty,CARDINAL,200,216
mdp.69015000003307,41,13,0,Lloyd,PERSON,8,13
mdp.69015000003307,41,13,1,three,CARDINAL,18,23
mdp.69015000003307,41,13,2,Edward,PERSON,31,37
mdp.69015000003307,41,13,3,Murray,PERSON,39,45
mdp.69015000003307,41,13,4,Daniel,PERSON,51,57
mdp.69015000003307,41,13,5,three,CARDINAL,63,68
mdp.69015000003307,41,13,6,Winder,PERSON,86,92
mdp.69015000003307,41,13,7,Nicholson,PERSON,98,107
mdp.69015000003307,42,0,0,Lowndes,PERSON,20,27
mdp.69015000003307,42,1,0,the Great House Farm,FAC,22,42
mdp.69015000003307,42,1,1,Barney,PERSON,120,126
mdp.69015000003307,42,1,2,William Wilkes,PERSON,135,149
mdp.69015000003307,42,2,0,Winder,PERSON,12,18
mdp.69015000003307,42,3,0,Lloyd,PERSON,34,39
mdp.69015000003307,42,3,1,Job,PERSON,90,93
mdp.69015000003307,42,4,0,ten to fifteen,CARDINAL,13,27
mdp.69015000003307,42,5,0,a thousand,CARDINAL,19,29
mdp.69015000003307,42,6,0,Lloyd,PERSON,8,13
mdp.69015000003307,42,7,0,Lloyd,PERSON,243,248
mdp.69015000003307,42,15,0,two or three weeks,DATE,62,80
mdp.69015000003307,42,16,0,Georgia,GPE,120,127
mdp.69015000003307,43,0,0,FREDERICK DOUGLASS,PERSON,9,27
mdp.69015000003307,43,1,0,19 moment's,TIME,0,11
mdp.69015000003307,44,3,0,Lloyd,PERSON,13,18
mdp.69015000003307,44,3,1,Jacob Jepson,PERSON,46,58
mdp.69015000003307,44,3,2,Lloyd,PERSON,126,131
mdp.69015000003307,44,3,3,Jepson,PERSON,185,191
mdp.69015000003307,44,4,0,Lloyd,PERSON,8,13
mdp.69015000003307,44,4,1,Jacob Jepson,PERSON,63,75
mdp.69015000003307,44,5,0,Jepson,PERSON,4,10
mdp.69015000003307,44,5,1,Lloyd,PERSON,60,65
mdp.69015000003307,44,9,0,IV,CARDINAL,8,10
mdp.69015000003307,44,10,0,Hopkins,PERSON,4,11
mdp.69015000003307,44,11,0,Lloyd,PERSON,105,110
mdp.69015000003307,44,12,0,Hopkins,PERSON,4,11
mdp.69015000003307,44,12,1,Austin Gore,PERSON,33,44
mdp.69015000003307,45,0,0,FREDERICK DOUGLASS.,PERSON,9,28
mdp.69015000003307,45,0,1,first,ORDINAL,49,54
mdp.69015000003307,45,1,0,Gore,PERSON,4,8
mdp.69015000003307,45,1,1,Lloyd,PERSON,28,33
mdp.69015000003307,45,1,2,Great House Farm,FAC,169,185
mdp.69015000003307,45,2,0,Gore,PERSON,4,8
mdp.69015000003307,45,7,0,explai,NORP,44,50
mdp.69015000003307,45,8,0,Gore,PERSON,4,8
mdp.69015000003307,45,8,1,dozen,CARDINAL,87,92
mdp.69015000003307,45,9,0,Gore,PERSON,86,90
mdp.69015000003307,45,11,0,Gore,PERSON,122,126
mdp.69015000003307,46,4,0,Gore,PERSON,4,8
mdp.69015000003307,46,6,0,Gore,PERSON,88,92
mdp.69015000003307,46,13,0,Gore,PERSON,4,8
mdp.69015000003307,46,13,1,one,CARDINAL,32,35
mdp.69015000003307,46,13,2,Lloyd,PERSON,47,52
mdp.69015000003307,46,13,3,Demby,PERSON,78,83
mdp.69015000003307,46,14,0,Demby,PERSON,13,18
mdp.69015000003307,47,1,0,FREDERICK DOUGLASS,PERSON,8,26
mdp.69015000003307,47,3,0,Gore,PERSON,4,8
mdp.69015000003307,47,3,1,three,CARDINAL,41,46
mdp.69015000003307,47,3,2,third,ORDINAL,94,99
mdp.69015000003307,47,4,0,first,ORDINAL,4,9
mdp.69015000003307,47,5,0,Demby,PERSON,0,5
mdp.69015000003307,47,6,0,second,ORDINAL,4,10
mdp.69015000003307,47,6,1,third,ORDINAL,15,20
mdp.69015000003307,47,7,0,Gore,PERSON,4,8
mdp.69015000003307,47,7,1,Demby,PERSON,82,87
mdp.69015000003307,47,7,2,Demby,PERSON,204,209
mdp.69015000003307,47,9,0,Gore,PERSON,81,85
mdp.69015000003307,47,11,0,Lloyd,PERSON,24,29
mdp.69015000003307,47,12,0,Demby,PERSON,49,54
mdp.69015000003307,47,14,0,one,CARDINAL,18,21
mdp.69015000003307,47,15,0,Gore,PERSON,4,8
mdp.69015000003307,47,19,0,one,CARDINAL,156,159
mdp.69015000003307,48,0,0,24,CARDINAL,0,2
mdp.69015000003307,48,1,0,Gore,PERSON,4,8
mdp.69015000003307,48,1,1,St. Michael's,GPE,18,31
mdp.69015000003307,48,1,2,Talbot county,GPE,33,46
mdp.69015000003307,48,1,3,Maryland,GPE,48,56
mdp.69015000003307,48,2,0,Talbot county,GPE,83,96
mdp.69015000003307,48,2,1,Maryland,GPE,98,106
mdp.69015000003307,48,3,0,Thomas Lanman,PERSON,4,17
mdp.69015000003307,48,3,1,St. Michael's,ORG,22,35
mdp.69015000003307,48,3,2,two,CARDINAL,44,47
mdp.69015000003307,48,3,3,one,CARDINAL,56,59
mdp.69015000003307,48,6,0,Giles Hick,PERSON,16,26
mdp.69015000003307,48,6,1,between fifteen and sixteen years of age,DATE,123,163
mdp.69015000003307,48,6,2,a few hours,TIME,294,305
mdp.69015000003307,48,7,0,a few hours,TIME,71,82
mdp.69015000003307,48,8,0,that night,TIME,79,89
mdp.69015000003307,48,8,1,Hick,PERSON,103,107
mdp.69015000003307,49,0,0,FREDERICK DOUGLASS,PERSON,9,27
mdp.69015000003307,49,0,1,the night,TIME,43,52
mdp.69015000003307,49,1,0,several nights previous,DATE,30,53
mdp.69015000003307,49,2,0,Hicks,PERSON,37,42
mdp.69015000003307,49,3,0,Hicks,PERSON,5,10
mdp.69015000003307,49,8,0,Lloyd,PERSON,78,83
mdp.69015000003307,49,8,1,Demby,PERSON,182,187
mdp.69015000003307,49,8,2,Gore,PERSON,195,199
mdp.69015000003307,49,9,0,Lloyd,PERSON,8,13
mdp.69015000003307,49,9,1,Sundays,DATE,80,87
mdp.69015000003307,49,10,0,Lloyd,PERSON,32,37
mdp.69015000003307,49,10,1,Lloyd,PERSON,104,109
mdp.69015000003307,49,10,2,Beal Bondly,PERSON,140,151
mdp.69015000003307,49,11,0,Bondly,PERSON,22,28
mdp.69015000003307,49,12,0,Bondly,PERSON,4,10
mdp.69015000003307,49,12,1,Lloyd,PERSON,36,41
mdp.69015000003307,49,12,2,the next day,DATE,42,54
mdp.69015000003307,50,2,0,a half-cent,MONEY,72,83
mdp.69015000003307,50,2,1,a half-cent,MONEY,108,119
mdp.69015000003307,50,4,0,Lloyd,PERSON,48,53
mdp.69015000003307,50,6,0,evening,TIME,49,56
mdp.69015000003307,50,6,1,Lucretia Auld,PERSON,173,186
mdp.69015000003307,50,7,0,Daniel Lloyd,PERSON,54,66
mdp.69015000003307,50,8,0,Daniel,PERSON,26,32
mdp.69015000003307,50,13,0,summer,DATE,11,17
mdp.69015000003307,50,13,1,winter,DATE,30,36
mdp.69015000003307,51,1,0,FREDERICK DOUGLASS,PERSON,8,26
mdp.69015000003307,51,4,0,the coldest nights,DATE,42,60
mdp.69015000003307,51,13,0,between seven and eight years old,DATE,15,48
mdp.69015000003307,51,13,1,Lloyd,PERSON,69,74
mdp.69015000003307,51,15,0,Anthony,PERSON,92,99
mdp.69015000003307,51,15,1,Baltimore,GPE,132,141
mdp.69015000003307,51,15,2,Hugh Auld,PERSON,160,169
mdp.69015000003307,51,15,3,Thomas Auld,PERSON,218,229
mdp.69015000003307,51,16,0,about three days,DATE,28,44
mdp.69015000003307,51,17,0,three,CARDINAL,10,15
mdp.69015000003307,51,18,0,these three days,DATE,29,45
mdp.69015000003307,52,0,0,Lucretia,PERSON,63,71
mdp.69015000003307,52,0,1,Baltimore,GPE,156,165
mdp.69015000003307,52,0,2,Baltimore,GPE,186,195
mdp.69015000003307,52,4,0,first,ORDINAL,46,51
mdp.69015000003307,52,9,0,two,CARDINAL,6,9
mdp.69015000003307,52,9,1,one,CARDINAL,22,25
mdp.69015000003307,52,12,0,Baltimore,GPE,188,197
mdp.69015000003307,53,0,0,FREDERICK DOUGLASS,PERSON,9,27
mdp.69015000003307,53,2,0,Baltimore,GPE,41,50
mdp.69015000003307,53,2,1,England,GPE,107,114
mdp.69015000003307,53,2,2,Ireland,GPE,157,164
mdp.69015000003307,53,3,0,Baltimore,GPE,34,43
mdp.69015000003307,53,4,0,Tom,PERSON,7,10
mdp.69015000003307,53,5,0,the Great House,FAC,37,52
mdp.69015000003307,53,5,1,Baltimore,GPE,125,134
mdp.69015000003307,53,6,0,the Great House,FAC,5,20
mdp.69015000003307,53,6,1,Baltimore,GPE,90,99
mdp.69015000003307,53,9,0,Miles River,LOC,17,28
mdp.69015000003307,53,9,1,Baltimore,GPE,33,42
mdp.69015000003307,53,9,2,Saturday,DATE,48,56
mdp.69015000003307,53,9,3,morning,TIME,57,64
mdp.69015000003307,53,10,0,the day of the week,DATE,16,35
mdp.69015000003307,53,10,1,the days of the month,DATE,76,97
mdp.69015000003307,53,10,2,the months of the year,DATE,103,125
mdp.69015000003307,53,11,0,Lloyd,PERSON,51,56
mdp.69015000003307,53,12,0,the day,DATE,80,87
mdp.69015000003307,53,13,0,the afternoon of that day,TIME,3,28
mdp.69015000003307,53,13,1,Annapolis,GPE,41,50
mdp.69015000003307,53,15,0,first,ORDINAL,11,16
mdp.69015000003307,54,0,0,England,GPE,20,27
mdp.69015000003307,54,0,1,the Great House Farm,FAC,116,136
mdp.69015000003307,54,0,2,Baltimore,GPE,151,160
mdp.69015000003307,54,0,3,early on Sunday,TIME,161,176
mdp.69015000003307,54,0,4,morning,TIME,177,184
mdp.69015000003307,54,0,5,Smith's Wharf,FAC,197,210
mdp.69015000003307,54,0,6,Bowley’s Wharf,FAC,225,239
mdp.69015000003307,54,1,0,Curtis,PERSON,112,118
mdp.69015000003307,54,1,1,Louden Slater's Hill,LOC,122,142
mdp.69015000003307,54,1,2,Rich,PERSON,163,167
mdp.69015000003307,54,1,3,one,CARDINAL,169,172
mdp.69015000003307,54,1,4,Alliciana Street,FAC,237,253
mdp.69015000003307,54,1,5,Gardner,PERSON,264,271
mdp.69015000003307,54,1,6,Fells Point,LOC,288,299
mdp.69015000003307,54,2,0,Auld,PERSON,13,17
mdp.69015000003307,54,2,1,Thomas,PERSON,82,88
mdp.69015000003307,54,3,0,Sophia Auld,PERSON,140,151
mdp.69015000003307,54,6,0,Thomas,PERSON,7,13
mdp.69015000003307,54,6,1,Freddy,PERSON,38,44
mdp.69015000003307,54,6,2,Thomas,PERSON,84,90
mdp.69015000003307,54,7,0,Lloyd,PERSON,38,43
mdp.69015000003307,54,8,0,Baltimore,GPE,117,126
mdp.69015000003307,55,1,0,FREDERICK DOUGLASS,PERSON,8,26
mdp.69015000003307,55,2,0,31,CARDINAL,0,2
mdp.69015000003307,55,3,0,Baltimore,GPE,17,26
mdp.69015000003307,55,6,0,Baltimore,GPE,87,96
mdp.69015000003307,55,8,0,first,ORDINAL,46,51
mdp.69015000003307,55,12,0,the darkest,TIME,158,169
mdp.69015000003307,56,0,0,32,CARDINAL,0,2
mdp.69015000003307,56,0,1,VI,CARDINAL,28,30
mdp.69015000003307,56,1,0,first,ORDINAL,53,58
mdp.69015000003307,57,0,0,FREDERICK DOUGLASS.,PERSON,8,27
mdp.69015000003307,57,1,0,Auld,PERSON,49,53
mdp.69015000003307,57,1,1,three,CARDINAL,178,183
mdp.69015000003307,57,1,2,four,CARDINAL,187,191
mdp.69015000003307,57,2,0,Auld,PERSON,39,43
mdp.69015000003307,57,2,1,Auld,PERSON,98,102
mdp.69015000003307,57,16,0,3,CARDINAL,7,8
mdp.69015000003307,58,10,0,Baltimore,GPE,34,43
mdp.69015000003307,59,1,0,FREDERICK DOUGLASS,PERSON,8,26
mdp.69015000003307,59,8,0,Philpot Street,FAC,28,42
mdp.69015000003307,59,8,1,Thomas Hamilton,PERSON,54,69
mdp.69015000003307,59,9,0,two,CARDINAL,9,12
mdp.69015000003307,59,10,0,Henrietta,PERSON,17,26
mdp.69015000003307,59,10,1,Mary,PERSON,31,35
mdp.69015000003307,59,11,0,Henrietta,PERSON,0,9
mdp.69015000003307,59,11,1,about twenty-two years of age,DATE,14,43
mdp.69015000003307,59,12,0,Mary,PERSON,0,4
mdp.69015000003307,59,12,1,about fourteen,DATE,9,23
mdp.69015000003307,59,12,2,two,CARDINAL,98,101
mdp.69015000003307,59,14,0,Mary,PERSON,33,37
mdp.69015000003307,59,16,0,Hamilton,PERSON,102,110
mdp.69015000003307,59,17,0,Hamilton,PERSON,20,28
mdp.69015000003307,59,17,1,nearly every day,DATE,37,53
mdp.69015000003307,59,18,0,Hamilton,PERSON,5,13
mdp.69015000003307,59,18,1,one,CARDINAL,183,186
mdp.69015000003307,60,0,0,36,CARDINAL,0,2
mdp.69015000003307,60,4,0,Mary,PERSON,12,16
mdp.69015000003307,60,5,0,Mary,PERSON,12,16
mdp.69015000003307,60,6,0,VII,CARDINAL,8,11
mdp.69015000003307,60,7,0,Hugh,PERSON,18,22
mdp.69015000003307,60,7,1,about seven years,DATE,32,49
mdp.69015000003307,61,1,0,FREDERICK DOUGLASS,PERSON,8,26
mdp.69015000003307,61,3,0,first,ORDINAL,121,126
mdp.69015000003307,61,3,1,one,CARDINAL,178,181
mdp.69015000003307,61,9,0,Slavery,ORG,0,7
mdp.69015000003307,61,11,0,first,ORDINAL,4,9
mdp.69015000003307,62,4,0,first,ORDINAL,4,9
mdp.69015000003307,62,9,0,one,CARDINAL,72,75
mdp.69015000003307,62,12,0,two,CARDINAL,43,46
mdp.69015000003307,62,12,1,three,CARDINAL,50,55
mdp.69015000003307,62,12,2,Christian,NORP,294,303
mdp.69015000003307,62,13,0,Philpot Street,FAC,67,81
mdp.69015000003307,62,13,1,Durgin and Bailey’s,FAC,93,112
mdp.69015000003307,63,0,0,FIREDERICK DOUGLASS,PERSON,8,27
mdp.69015000003307,63,4,0,twenty-one,DATE,37,47
mdp.69015000003307,63,7,0,about twelve years old,DATE,10,32
mdp.69015000003307,63,8,0,The Columbian Orator,WORK_OF_ART,53,73
mdp.69015000003307,63,11,0,three,CARDINAL,61,66
mdp.69015000003307,63,12,0,third,ORDINAL,104,109
mdp.69015000003307,63,15,0,one,CARDINAL,29,32
mdp.69015000003307,63,15,1,Sheridan,PERSON,36,44
mdp.69015000003307,63,15,2,Catholic,NORP,83,91
mdp.69015000003307,64,3,0,Sheridan,PERSON,16,24
mdp.69015000003307,64,4,0,one,CARDINAL,157,160
mdp.69015000003307,64,6,0,Africa,LOC,111,117
mdp.69015000003307,64,8,0,Hugh,PERSON,86,90
mdp.69015000003307,65,0,0,FREDERICK DOUGLASS,PERSON,9,27
mdp.69015000003307,66,0,0,the District of Columbia,GPE,118,142
mdp.69015000003307,66,0,1,States,GPE,179,185
mdp.69015000003307,66,3,0,Waters,PERSON,40,46
mdp.69015000003307,66,3,1,two,CARDINAL,59,62
mdp.69015000003307,66,3,2,Irishmen,NORP,63,71
mdp.69015000003307,66,4,0,one,CARDINAL,22,25
mdp.69015000003307,66,7,0,Irishman,NORP,9,17
mdp.69015000003307,67,1,0,FREDERICK DOUGLASS.,PERSON,8,27
mdp.69015000003307,67,1,1,one day,DATE,31,38
mdp.69015000003307,67,3,0,Durgin,PERSON,74,80
mdp.69015000003307,67,3,1,Bailey,PERSON,85,91
mdp.69015000003307,67,11,0,four,CARDINAL,79,83
mdp.69015000003307,68,0,0,THE Webster's Spelling Book,WORK_OF_ART,16,43
mdp.69015000003307,68,2,0,Thomas,PERSON,31,37
mdp.69015000003307,68,4,0,Wilk Street,FAC,47,58
mdp.69015000003307,68,5,0,Thomas,PERSON,81,87
mdp.69015000003307,68,6,0,Thomas,PERSON,81,87
mdp.69015000003307,68,7,0,years,DATE,39,44
mdp.69015000003307,68,9,0,VIII,CARDINAL,9,13
mdp.69015000003307,68,10,0,Baltimore,GPE,45,54
mdp.69015000003307,68,10,1,Richard,PERSON,85,92
mdp.69015000003307,68,10,2,about three years and six months,DATE,106,138
mdp.69015000003307,68,10,3,Captain Anthony,PERSON,171,186
mdp.69015000003307,68,10,4,Andrew,PERSON,216,222
mdp.69015000003307,68,10,5,Lucretia,PERSON,238,246
mdp.69015000003307,68,11,0,Hillsborough,GPE,48,60
mdp.69015000003307,68,13,0,Lucretia,PERSON,110,118
mdp.69015000003307,68,13,1,Andrew,PERSON,130,136
mdp.69015000003307,69,1,0,FREDERICK DOUGLASS,PERSON,8,26
mdp.69015000003307,69,6,0,Baltimore,GPE,7,16
mdp.69015000003307,69,7,0,Rowe,PERSON,28,32
mdp.69015000003307,69,7,1,Wild Cat,PRODUCT,50,58
mdp.69015000003307,69,7,2,about twentyfour hours,TIME,81,103
mdp.69015000003307,69,8,0,five years,DATE,52,62
mdp.69015000003307,69,10,0,only about five years old,DATE,6,31
mdp.69015000003307,69,10,1,Lloyd,PERSON,93,98
mdp.69015000003307,69,10,2,between ten and eleven years old,DATE,131,163
mdp.69015000003307,70,1,0,Andrew,PERSON,102,108
mdp.69015000003307,70,3,0,Georgia,GPE,57,64
mdp.69015000003307,70,8,0,Baltimore,GPE,124,133
mdp.69015000003307,70,8,1,Andrew,PERSON,294,300
mdp.69015000003307,71,1,0,FREDER1CK DOUGLASS,PERSON,8,26
mdp.69015000003307,71,3,0,Lucretia,PERSON,59,67
mdp.69015000003307,71,3,1,Baltimore,GPE,102,111
mdp.69015000003307,71,3,2,Hugh,PERSON,151,155
mdp.69015000003307,71,5,0,a glad day,DATE,7,17
mdp.69015000003307,71,7,0,Baltimore,GPE,18,27
mdp.69015000003307,71,7,1,just about one month,DATE,72,92
mdp.69015000003307,71,7,2,six,DATE,121,124
mdp.69015000003307,71,8,0,Baltimore,GPE,29,38
mdp.69015000003307,71,9,0,Lucretia,PERSON,0,8
mdp.69015000003307,71,9,1,one,CARDINAL,40,43
mdp.69015000003307,71,9,2,Amanda,PERSON,51,57
mdp.69015000003307,71,9,3,Andrew,PERSON,108,114
mdp.69015000003307,72,3,0,Whittier,PERSON,47,55
mdp.69015000003307,72,3,1,Virginia,GPE,380,388
mdp.69015000003307,73,1,0,FREDERICK DOUGLASS,PERSON,8,26
mdp.69015000003307,73,9,0,twelve,CARDINAL,419,425
mdp.69015000003307,73,13,0,about two years,DATE,3,18
mdp.69015000003307,73,13,1,Lucretia,PERSON,43,51
mdp.69015000003307,73,13,2,Thomas,PERSON,60,66
mdp.69015000003307,73,13,3,second,ORDINAL,79,85
mdp.69015000003307,73,14,0,Rowena Hamilton,PERSON,13,28
mdp.69015000003307,73,15,0,William Hamilton,PERSON,35,51
mdp.69015000003307,73,16,0,St. Michael's,FAC,20,33
mdp.69015000003307,73,17,0,Hugh,PERSON,86,90
mdp.69015000003307,73,17,1,St. Michael's,FAC,177,190
mdp.69015000003307,74,0,0,Hugh,PERSON,110,114
mdp.69015000003307,74,3,0,Baltimore,GPE,23,32
mdp.69015000003307,74,6,0,Thomas,PERSON,7,13
mdp.69015000003307,74,9,0,Baltimore,GPE,14,23
mdp.69015000003307,74,9,1,St. Michael's,GPE,28,41
mdp.69015000003307,74,9,2,Amanda,PRODUCT,55,61
mdp.69015000003307,74,9,3,Edward Dodson,PERSON,71,84
mdp.69015000003307,74,10,0,Philadelphia,GPE,95,107
mdp.69015000003307,74,11,0,North Point,LOC,44,55
mdp.69015000003307,75,1,0,FREDERICK DOUGLASS,PERSON,8,26
mdp.69015000003307,75,2,0,51,CARDINAL,0,2
mdp.69015000003307,75,2,1,IX,CARDINAL,11,13
mdp.69015000003307,75,4,0,Baltimore,GPE,7,16
mdp.69015000003307,75,4,1,Thomas Auld,PERSON,47,58
mdp.69015000003307,75,4,2,St. Michael's,FAC,63,76
mdp.69015000003307,75,4,3,"March, 1832",DATE,81,92
mdp.69015000003307,75,5,0,more than seven years,DATE,11,32
mdp.69015000003307,75,5,1,Lloyd,PERSON,99,104
mdp.69015000003307,75,12,0,first,ORDINAL,19,24
mdp.69015000003307,75,12,1,more than seven years,DATE,48,69
mdp.69015000003307,75,12,2,Lloyd,PERSON,184,189
mdp.69015000003307,75,14,0,Hugh,PERSON,45,49
mdp.69015000003307,75,15,0,Thomas,PERSON,19,25
mdp.69015000003307,75,19,0,Maryland,GPE,39,47
mdp.69015000003307,76,1,0,Thomas,PERSON,7,13
mdp.69015000003307,76,2,0,four,CARDINAL,11,15
mdp.69015000003307,76,2,1,Eliza,PERSON,56,61
mdp.69015000003307,76,2,2,Priscilla,PERSON,71,80
mdp.69015000003307,76,2,3,Henny,PERSON,82,87
mdp.69015000003307,76,2,4,less than a half,CARDINAL,121,137
mdp.69015000003307,76,6,0,every morning,TIME,240,253
mdp.69015000003307,76,7,0,one,CARDINAL,44,47
mdp.69015000003307,76,9,0,one,CARDINAL,17,20
mdp.69015000003307,76,12,0,Auld,PERSON,8,12
mdp.69015000003307,76,13,0,Bay,LOC,41,44
mdp.69015000003307,77,0,0,FREDERICK DOUGLASS,PERSON,9,27
mdp.69015000003307,77,2,0,Napoleon,PERSON,54,62
mdp.69015000003307,77,13,0,Auld,PERSON,66,70
mdp.69015000003307,77,18,0,"August, 1832",DATE,3,15
mdp.69015000003307,77,18,1,Methodist,NORP,38,47
mdp.69015000003307,77,18,2,the Bay-side,LOC,69,81
mdp.69015000003307,77,18,3,Talbot county,GPE,83,96
mdp.69015000003307,78,7,0,morning,TIME,10,17
mdp.69015000003307,78,7,1,noon,TIME,19,23
mdp.69015000003307,78,7,2,night,TIME,29,34
mdp.69015000003307,78,12,0,three,CARDINAL,12,17
mdp.69015000003307,78,12,1,four,CARDINAL,21,25
mdp.69015000003307,78,13,0,Storks,PERSON,82,88
mdp.69015000003307,78,13,1,Ewery,PERSON,94,99
mdp.69015000003307,78,13,2,Humphry,PERSON,105,112
mdp.69015000003307,78,13,3,Hickey,PERSON,122,128
mdp.69015000003307,78,14,0,George Cookman,PERSON,21,35
mdp.69015000003307,78,15,0,Cookman,PERSON,20,27
mdp.69015000003307,78,17,0,Samuel Harrison,PERSON,43,58
mdp.69015000003307,79,1,0,FREDERICK DOUGLASS.,PERSON,8,27
mdp.69015000003307,79,3,0,Cookman,PERSON,4,11
mdp.69015000003307,79,5,0,St. Michael's,FAC,32,45
mdp.69015000003307,79,5,1,Wilson,PERSON,82,88
mdp.69015000003307,79,5,2,the New Testament,WORK_OF_ART,201,218
mdp.69015000003307,79,6,0,three,CARDINAL,11,16
mdp.69015000003307,79,6,1,West,PERSON,33,37
mdp.69015000003307,79,6,2,Fairbanks,PERSON,46,55
mdp.69015000003307,79,7,0,Sabbath,DATE,22,29
mdp.69015000003307,79,7,1,St. Michael's,GPE,58,71
mdp.69015000003307,79,9,0,one,CARDINAL,28,31
mdp.69015000003307,79,10,0,Scripture,WORK_OF_ART,212,221
mdp.69015000003307,79,11,0,four or five hours,TIME,78,96
mdp.69015000003307,79,12,0,early in the morn,TIME,31,48
mdp.69015000003307,80,9,0,Thomas,PERSON,7,13
mdp.69015000003307,80,14,0,One,CARDINAL,0,3
mdp.69015000003307,80,14,1,about five miles,QUANTITY,117,133
mdp.69015000003307,80,14,2,St. Michael's,GPE,139,152
mdp.69015000003307,80,16,0,William Hamilton,PERSON,7,23
mdp.69015000003307,80,18,0,Thomas,PERSON,7,13
mdp.69015000003307,81,0,0,FREDERICK DOUGLASS,PERSON,9,27
mdp.69015000003307,81,1,0,57 longer,DATE,0,9
mdp.69015000003307,81,3,0,nine months,DATE,21,32
mdp.69015000003307,81,4,0,one year,DATE,91,99
mdp.69015000003307,81,4,1,Edward Covey,PERSON,115,127
mdp.69015000003307,81,5,0,Covey,PERSON,4,9
mdp.69015000003307,81,7,0,Covey,PERSON,4,9
mdp.69015000003307,81,9,0,Covey,PERSON,56,61
mdp.69015000003307,81,9,1,one year,DATE,83,91
mdp.69015000003307,81,11,0,Covey,PERSON,43,48
mdp.69015000003307,81,11,1,Methodist,NORP,131,140
mdp.69015000003307,82,0,0,58,CARDINAL,0,2
mdp.69015000003307,82,1,0,Thomas,PERSON,14,20
mdp.69015000003307,82,1,1,Covey,PERSON,56,61
mdp.69015000003307,82,1,2,"the 1st of January, 1833",DATE,66,90
mdp.69015000003307,82,2,0,first,ORDINAL,19,24
mdp.69015000003307,82,4,0,one week,DATE,30,38
mdp.69015000003307,82,4,1,Covey,PERSON,50,55
mdp.69015000003307,82,5,0,Covey,PERSON,47,52
mdp.69015000003307,82,5,1,one,CARDINAL,91,94
mdp.69015000003307,82,5,2,our coldest days,DATE,98,114
mdp.69015000003307,82,5,3,the month of January,DATE,118,138
mdp.69015000003307,83,0,0,FREDERICK DOUGLASS,PERSON,9,27
mdp.69015000003307,83,5,0,the day before,DATE,55,69
mdp.69015000003307,83,7,0,one half,CARDINAL,19,27
mdp.69015000003307,83,7,1,the day,DATE,31,38
mdp.69015000003307,83,8,0,a few inches,QUANTITY,307,319
mdp.69015000003307,83,9,0,one,CARDINAL,15,18
mdp.69015000003307,83,10,0,Covey,PERSON,25,30
mdp.69015000003307,83,14,0,three,CARDINAL,55,60
mdp.69015000003307,84,1,0,first,ORDINAL,22,27
mdp.69015000003307,84,2,0,Covey,PERSON,17,22
mdp.69015000003307,84,2,1,one year,DATE,23,31
mdp.69015000003307,84,3,0,"the first six months, of that year",DATE,7,41
mdp.69015000003307,84,7,0,first,ORDINAL,55,60
mdp.69015000003307,84,8,0,Covey,PERSON,4,9
mdp.69015000003307,84,9,0,less than five minutes,TIME,14,36
mdp.69015000003307,84,10,0,midnight,TIME,126,134
mdp.69015000003307,84,11,0,Covey,PERSON,0,5
mdp.69015000003307,84,15,0,Covey,PERSON,4,9
mdp.69015000003307,85,1,0,FREDERICK DOUGLASS,PERSON,8,26
mdp.69015000003307,85,8,0,a single minute,TIME,57,72
mdp.69015000003307,85,12,0,St. Michael's,FAC,51,64
mdp.69015000003307,85,12,1,seven miles,QUANTITY,80,91
mdp.69015000003307,85,12,2,half an hour,TIME,100,112
mdp.69015000003307,85,14,0,half,CARDINAL,231,235
mdp.69015000003307,85,15,0,Covey,PERSON,4,9
mdp.69015000003307,86,0,0,night,TIME,70,75
mdp.69015000003307,86,9,0,Covey,PERSON,38,43
mdp.69015000003307,86,9,1,one,CARDINAL,116,119
mdp.69015000003307,86,10,0,Caroline,PERSON,21,29
mdp.69015000003307,86,11,0,Covey,PERSON,4,9
mdp.69015000003307,86,11,1,Thomas Lowe,PERSON,30,41
mdp.69015000003307,86,11,2,about six miles,QUANTITY,43,58
mdp.69015000003307,86,11,3,St. Michael’s,FAC,64,77
mdp.69015000003307,86,12,0,about twenty years old,DATE,36,58
mdp.69015000003307,86,13,0,one,CARDINAL,31,34
mdp.69015000003307,86,14,0,Samuel Harrison,PERSON,48,63
mdp.69015000003307,86,14,1,one year,DATE,82,90
mdp.69015000003307,86,14,2,every night,TIME,130,141
mdp.69015000003307,86,15,0,the end of the year,DATE,25,44
mdp.69015000003307,87,0,0,FREDERICK DOUGLASS,PERSON,9,27
mdp.69015000003307,87,1,0,63,CARDINAL,0,2
mdp.69015000003307,87,1,1,twins,CARDINAL,12,17
mdp.69015000003307,87,2,0,Covey,PERSON,19,24
mdp.69015000003307,87,3,0,Caroline,PERSON,71,79
mdp.69015000003307,87,5,0,the first six months,DATE,122,142
mdp.69015000003307,87,5,1,Covey,PERSON,163,168
mdp.69015000003307,87,9,0,The longest days,DATE,0,16
mdp.69015000003307,87,9,1,the shortest nights,DATE,45,64
mdp.69015000003307,87,10,0,first,ORDINAL,35,40
mdp.69015000003307,87,10,1,a few months,DATE,57,69
mdp.69015000003307,87,11,0,Covey,PERSON,4,9
mdp.69015000003307,87,14,0,Sunday,DATE,0,6
mdp.69015000003307,87,18,0,Covey,PERSON,54,59
mdp.69015000003307,88,0,0,64,CARDINAL,0,2
mdp.69015000003307,88,2,0,a few rods,QUANTITY,23,33
mdp.69015000003307,88,2,1,the Chesapeake Bay,LOC,37,55
mdp.69015000003307,89,1,0,FREDERICK DOUGLASS,PERSON,8,26
mdp.69015000003307,89,8,0,only one,CARDINAL,49,57
mdp.69015000003307,89,10,0,one hundred miles,QUANTITY,18,35
mdp.69015000003307,89,17,0,North Point,LOC,51,62
mdp.69015000003307,89,18,0,Delaware,GPE,114,122
mdp.69015000003307,89,18,1,Pennsylvania,GPE,128,140
mdp.69015000003307,89,20,0,first,ORDINAL,12,17
mdp.69015000003307,89,26,0,a better day,DATE,9,21
mdp.69015000003307,89,28,0,the first six months,DATE,66,86
mdp.69015000003307,89,28,1,Covey,PERSON,105,110
mdp.69015000003307,89,28,2,the last six,DATE,122,134
mdp.69015000003307,89,29,0,Covey,PERSON,47,52
mdp.69015000003307,90,1,0,one,CARDINAL,3,6
mdp.69015000003307,90,1,1,the hottest days,DATE,10,26
mdp.69015000003307,90,1,2,"the month of August, 1833",DATE,30,55
mdp.69015000003307,90,1,3,Bill Smith,PERSON,57,67
mdp.69015000003307,90,1,4,William Hughes,PERSON,69,83
mdp.69015000003307,90,1,5,Eli,PERSON,99,102
mdp.69015000003307,90,2,0,Hughes,PERSON,0,6
mdp.69015000003307,90,2,1,Eli,PERSON,58,61
mdp.69015000003307,90,2,2,Smith,PERSON,75,80
mdp.69015000003307,90,4,0,About three o'clock of that day,TIME,0,31
mdp.69015000003307,90,9,0,Covey,PERSON,4,9
mdp.69015000003307,90,9,1,about one hundred yards,QUANTITY,28,51
mdp.69015000003307,90,12,0,Bill,PERSON,0,4
mdp.69015000003307,90,15,0,one,CARDINAL,15,18
mdp.69015000003307,91,1,0,FREDERICK DOUGLASS67,PERSON,8,28
mdp.69015000003307,91,5,0,Covey,PERSON,34,39
mdp.69015000003307,91,5,1,Hughes,PERSON,76,82
mdp.69015000003307,91,5,2,half,CARDINAL,109,113
mdp.69015000003307,91,8,0,Covey,PERSON,4,9
mdp.69015000003307,91,9,0,first,ORDINAL,35,40
mdp.69015000003307,91,10,0,seven miles,QUANTITY,45,56
mdp.69015000003307,91,12,0,Covey,PERSON,37,42
mdp.69015000003307,91,12,1,St. Michael's,FAC,97,110
mdp.69015000003307,91,13,0,Covey,PERSON,76,81
mdp.69015000003307,92,6,0,about three quarters of an hour,TIME,18,49
mdp.69015000003307,92,6,1,about seven miles,QUANTITY,223,240
mdp.69015000003307,92,6,2,some five hours,TIME,252,267
mdp.69015000003307,92,14,0,Covey,PERSON,50,55
mdp.69015000003307,92,16,0,Covey,PERSON,71,76
mdp.69015000003307,92,16,1,Covey,PERSON,129,134
mdp.69015000003307,92,17,0,Thomas,PERSON,7,13
mdp.69015000003307,93,0,0,FREDERICK DOUGLASS.,PERSON,9,28
mdp.69015000003307,93,0,1,Covey,PERSON,39,44
mdp.69015000003307,93,0,2,Covey,PERSON,85,90
mdp.69015000003307,93,0,3,the whole year's,DATE,206,222
mdp.69015000003307,93,0,4,Covey,PERSON,253,258
mdp.69015000003307,93,0,5,one year,DATE,263,271
mdp.69015000003307,93,1,0,St. Michael's,FAC,100,113
mdp.69015000003307,93,1,1,Covey,PERSON,184,189
mdp.69015000003307,93,1,2,early in the morning,TIME,192,212
mdp.69015000003307,93,2,0,Covey,PERSON,69,74
mdp.69015000003307,93,2,1,morning,TIME,84,91
mdp.69015000003307,93,2,2,Saturday,DATE,94,102
mdp.69015000003307,93,2,3,morning,TIME,103,110
mdp.69015000003307,93,3,0,that morning,TIME,41,53
mdp.69015000003307,93,4,0,Covey,PERSON,10,15
mdp.69015000003307,93,4,1,about nine o'clock,TIME,18,36
mdp.69015000003307,93,4,2,Kemp,PERSON,97,101
mdp.69015000003307,93,4,3,Covey,PERSON,130,135
mdp.69015000003307,93,9,0,that day,DATE,8,16
mdp.69015000003307,93,10,0,Sandy Jenkins,PERSON,27,40
mdp.69015000003307,94,2,0,Sandy,PERSON,0,5
mdp.69015000003307,94,2,1,about four miles,QUANTITY,32,48
mdp.69015000003307,94,2,2,Covey,PERSON,58,63
mdp.69015000003307,94,2,3,Saturday,DATE,80,88
mdp.69015000003307,94,5,0,Sandy,PERSON,8,13
mdp.69015000003307,94,6,0,Covey,PERSON,52,57
mdp.69015000003307,94,6,1,Covey,PERSON,281,286
mdp.69015000003307,94,7,0,years,DATE,30,35
mdp.69015000003307,94,8,0,first,ORDINAL,5,10
mdp.69015000003307,94,8,1,Sandy,PERSON,158,163
mdp.69015000003307,94,10,0,Sunday,DATE,9,15
mdp.69015000003307,94,10,1,morning,TIME,16,23
mdp.69015000003307,94,11,0,Covey,PERSON,78,83
mdp.69015000003307,94,13,0,Covey,PERSON,34,39
mdp.69015000003307,94,13,1,Sandy,PERSON,113,118
mdp.69015000003307,94,13,2,any other day,DATE,152,165
mdp.69015000003307,94,13,3,Sunday,DATE,171,177
mdp.69015000003307,95,0,0,FREDERICK DOUGLASS,PERSON,9,27
mdp.69015000003307,95,1,0,71,CARDINAL,0,2
mdp.69015000003307,95,1,1,half,CARDINAL,48,52
mdp.69015000003307,95,1,2,more than 1,CARDINAL,96,107
mdp.69015000003307,95,1,3,first,ORDINAL,111,116
mdp.69015000003307,95,2,0,Monday,DATE,19,25
mdp.69015000003307,95,2,1,morning,TIME,26,33
mdp.69015000003307,95,3,0,this morning,TIME,3,15
mdp.69015000003307,95,6,0,Covey,PERSON,91,96
mdp.69015000003307,95,6,1,half,CARDINAL,153,157
mdp.69015000003307,95,8,0,Covey,PERSON,4,9
mdp.69015000003307,95,8,1,Covey,PERSON,205,210
mdp.69015000003307,95,10,0,Covey,PERSON,47,52
mdp.69015000003307,95,13,0,Covey,PERSON,4,9
mdp.69015000003307,95,13,1,Hughes,PERSON,29,35
mdp.69015000003307,95,14,0,Hughes,PERSON,0,6
mdp.69015000003307,95,14,1,Covey,PERSON,24,29
mdp.69015000003307,95,16,0,Hughes,PERSON,26,32
mdp.69015000003307,95,16,1,Covey,PERSON,73,78
mdp.69015000003307,95,17,0,Hughes,PERSON,47,53
mdp.69015000003307,95,17,1,Covey,PERSON,59,64
mdp.69015000003307,95,18,0,Hughes,PERSON,12,18
mdp.69015000003307,96,2,0,six months,DATE,72,82
mdp.69015000003307,96,6,0,Bill,PERSON,14,18
mdp.69015000003307,96,7,0,Covey,PERSON,0,5
mdp.69015000003307,96,8,0,Bill,PERSON,0,4
mdp.69015000003307,96,9,0,Covey,PERSON,0,5
mdp.69015000003307,96,10,0,Bill,PERSON,0,4
mdp.69015000003307,96,10,1,Covey,PERSON,84,89
mdp.69015000003307,96,11,0,nearly two hour,TIME,18,33
mdp.69015000003307,96,11,1,half,CARDINAL,152,156
mdp.69015000003307,96,14,0,The whole six months,DATE,0,20
mdp.69015000003307,96,14,1,Covey,PERSON,55,60
mdp.69015000003307,96,17,0,Covey,PERSON,21,26
mdp.69015000003307,97,1,0,FREDERICK DOUGLASS,PERSON,8,26
mdp.69015000003307,97,2,0,73,CARDINAL,0,2
mdp.69015000003307,97,8,0,four years,DATE,96,106
mdp.69015000003307,97,10,0,Covey,PERSON,58,63
mdp.69015000003307,97,12,0,Covey,PERSON,4,9
mdp.69015000003307,97,14,0,about sixteen years old,DATE,56,79
mdp.69015000003307,97,15,0,Edward Covey,PERSON,33,45
mdp.69015000003307,98,0,0,"Christmas day, 1833",DATE,29,48
mdp.69015000003307,98,1,0,The days,DATE,0,8
mdp.69015000003307,98,1,1,Christmas and New Year's day,DATE,17,45
mdp.69015000003307,98,3,0,the whole six days,DATE,76,94
mdp.69015000003307,98,9,0,Christmas,DATE,45,54
mdp.69015000003307,98,9,1,the year,DATE,154,162
mdp.69015000003307,98,9,2,Christmas,DATE,205,214
mdp.69015000003307,99,0,0,FREDERICK DOUGLASS,PERSON,9,27
mdp.69015000003307,99,1,0,75,CARDINAL,0,2
mdp.69015000003307,99,3,0,the day,DATE,104,111
mdp.69015000003307,99,7,0,those days,DATE,85,95
mdp.69015000003307,101,0,0,FREDERICK DOUGLASS,PERSON,9,27
mdp.69015000003307,101,3,0,"the first of January, 1834",DATE,3,29
mdp.69015000003307,101,3,1,Covey,PERSON,42,47
mdp.69015000003307,101,3,2,William Freeland,PERSON,75,91
mdp.69015000003307,101,3,3,about three miles,QUANTITY,103,120
mdp.69015000003307,101,3,4,St. Michael’s,FAC,126,139
mdp.69015000003307,101,4,0,Freeland,PERSON,17,25
mdp.69015000003307,101,4,1,Covey,PERSON,56,61
mdp.69015000003307,101,6,0,Covey,PERSON,4,9
mdp.69015000003307,101,9,0,Freeland,PERSON,4,12
mdp.69015000003307,101,9,1,Covey,PERSON,212,217
mdp.69015000003307,102,5,0,Freeland,PERSON,14,22
mdp.69015000003307,102,5,1,Daniel Weeden,PERSON,38,51
mdp.69015000003307,102,5,2,Rigby Hopkins,PERSON,97,110
mdp.69015000003307,102,6,0,the Reformed Methodist Church,ORG,36,65
mdp.69015000003307,102,7,0,Weeden,PERSON,4,10
mdp.69015000003307,102,8,0,weeks,DATE,23,28
mdp.69015000003307,102,12,0,Hopkins,PERSON,4,11
mdp.69015000003307,102,12,1,Weeden,PERSON,36,42
mdp.69015000003307,102,15,0,one,CARDINAL,26,29
mdp.69015000003307,102,15,1,Monday,DATE,66,72
mdp.69015000003307,102,18,0,Hopkins,PERSON,4,11
mdp.69015000003307,103,0,0,FREDERICK DOUGLASS,PERSON,9,27
mdp.69015000003307,103,12,0,Hopkins,PERSON,4,11
mdp.69015000003307,103,13,0,Hopkins,PERSON,155,162
mdp.69015000003307,103,14,0,Rigby Hopkins,PERSON,314,327
mdp.69015000003307,103,15,0,Freeland,PERSON,21,29
mdp.69015000003307,104,1,0,Covey,PERSON,13,18
mdp.69015000003307,104,1,1,Covey,PERSON,59,64
mdp.69015000003307,104,5,0,Edward Covey,PERSON,106,118
mdp.69015000003307,104,6,0,Freeland,PERSON,4,12
mdp.69015000003307,104,6,1,two,CARDINAL,42,45
mdp.69015000003307,104,7,0,Henry Harris,PERSON,17,29
mdp.69015000003307,104,7,1,John Harris,PERSON,34,45
mdp.69015000003307,104,9,0,Sandy Jenkins,PERSON,27,40
mdp.69015000003307,104,9,1,Handy Caldwell,PERSON,47,61
mdp.69015000003307,104,10,0,Henry,PERSON,0,5
mdp.69015000003307,104,10,1,John,PERSON,10,14
mdp.69015000003307,104,12,0,Sundays,DATE,158,165
mdp.69015000003307,104,14,0,Covey,PERSON,130,135
mdp.69015000003307,104,16,0,Covey,PERSON,48,53
mdp.69015000003307,105,0,0,FREDERICK DOUGLASS.,PERSON,9,28
mdp.69015000003307,105,3,0,St. Michael's,FAC,50,63
mdp.69015000003307,105,4,0,Wright Fairbanks,PERSON,64,80
mdp.69015000003307,105,4,1,Garrison West,PERSON,85,98
mdp.69015000003307,105,4,2,Sabbath,DATE,227,234
mdp.69015000003307,105,4,3,St. Michael’s,FAC,246,259
mdp.69015000003307,105,4,4,Christians,NORP,285,295
mdp.69015000003307,105,7,0,Sabbath,DATE,10,17
mdp.69015000003307,105,7,1,ten years ago,DATE,214,227
mdp.69015000003307,105,8,0,one,CARDINAL,9,12
mdp.69015000003307,105,8,1,over forty,CARDINAL,18,28
mdp.69015000003307,105,10,0,those Sundays,DATE,15,28
mdp.69015000003307,105,15,0,6,CARDINAL,0,1
mdp.69015000003307,106,0,0,82,CARDINAL,0,2
mdp.69015000003307,106,1,0,Sabbath,DATE,29,36
mdp.69015000003307,106,2,0,thirty-nine,CARDINAL,83,94
mdp.69015000003307,106,7,0,Freeland,PERSON,59,67
mdp.69015000003307,106,7,1,Sabbath,DATE,84,91
mdp.69015000003307,106,7,2,three evenings,TIME,110,124
mdp.69015000003307,106,7,3,the winter,DATE,145,155
mdp.69015000003307,106,8,0,Sabbath,DATE,68,75
mdp.69015000003307,106,9,0,The year,DATE,0,8
mdp.69015000003307,106,10,0,the year,DATE,37,45
mdp.69015000003307,106,12,0,Freeland,PERSON,16,24
mdp.69015000003307,106,13,0,the year,DATE,33,41
mdp.69015000003307,107,1,0,FIREDERICK DOUGLASS.,PERSON,9,29
mdp.69015000003307,107,5,0,Freeland,PERSON,158,166
mdp.69015000003307,107,10,0,the close of the year 1834,DATE,3,29
mdp.69015000003307,107,10,1,Freeland,PERSON,35,43
mdp.69015000003307,107,10,2,the year 1835,DATE,77,90
mdp.69015000003307,107,11,0,Freeland,PERSON,74,82
mdp.69015000003307,107,12,0,the year,DATE,34,42
mdp.69015000003307,107,14,0,year,DATE,36,40
mdp.69015000003307,107,14,1,year,DATE,47,51
mdp.69015000003307,107,16,0,1835,DATE,26,30
mdp.69015000003307,108,3,0,first,ORDINAL,7,12
mdp.69015000003307,108,3,1,Henry,PERSON,16,21
mdp.69015000003307,108,3,2,John,PERSON,31,35
mdp.69015000003307,108,7,0,at least one,CARDINAL,83,95
mdp.69015000003307,108,13,0,Canada,GPE,22,28
mdp.69015000003307,108,14,0,New York,GPE,55,63
mdp.69015000003307,109,1,0,FREDERICK DOUGLASS,PERSON,8,26
mdp.69015000003307,109,5,0,one,CARDINAL,7,10
mdp.69015000003307,109,5,1,millions,CARDINAL,130,138
mdp.69015000003307,109,12,0,Patrick Henry,PERSON,65,78
mdp.69015000003307,110,4,0,Sandy,PERSON,0,5
mdp.69015000003307,110,4,1,one,CARDINAL,7,10
mdp.69015000003307,110,5,0,Henry Harris,PERSON,30,42
mdp.69015000003307,110,5,1,John Harris,PERSON,44,55
mdp.69015000003307,110,5,2,Henry Bailey,PERSON,57,69
mdp.69015000003307,110,5,3,Charles Roberts,PERSON,71,86
mdp.69015000003307,110,6,0,Henry Bailey,PERSON,0,12
mdp.69015000003307,110,7,0,Charles,PERSON,0,7
mdp.69015000003307,110,7,1,William Hamilton,PERSON,71,87
mdp.69015000003307,110,8,0,Hamilton,PERSON,78,86
mdp.69015000003307,110,8,1,the Saturday,TIME,97,109
mdp.69015000003307,110,8,2,the Chesapeake Bay,LOC,164,182
mdp.69015000003307,110,9,0,seventy or eighty miles,QUANTITY,53,76
mdp.69015000003307,110,9,1,Maryland,GPE,218,226
mdp.69015000003307,110,12,0,The week,DATE,0,8
mdp.69015000003307,110,12,1,one,CARDINAL,65,68
mdp.69015000003307,110,13,0,Baltimore,GPE,170,179
mdp.69015000003307,111,0,0,FREDERICK DOUGLASS,PERSON,9,27
mdp.69015000003307,111,1,0,the Easter holidays,DATE,13,32
mdp.69015000003307,111,2,0,1835,DATE,33,37
mdp.69015000003307,111,3,0,WILLIAM HAMILTON,PERSON,1,17
mdp.69015000003307,111,3,1,St. Michael's,GPE,25,38
mdp.69015000003307,111,3,2,Talbot county,GPE,43,56
mdp.69015000003307,111,3,3,Maryland,GPE,58,66
mdp.69015000003307,111,4,0,Baltimore,GPE,21,30
mdp.69015000003307,111,4,1,Baltimore,GPE,73,82
mdp.69015000003307,111,8,0,half,CARDINAL,209,213
mdp.69015000003307,111,11,0,the middle of the week,DATE,12,34
mdp.69015000003307,111,14,0,Saturday,DATE,29,37
mdp.69015000003307,111,14,1,morning,TIME,38,45
mdp.69015000003307,112,3,0,Friday,DATE,0,6
mdp.69015000003307,112,3,1,night,TIME,7,12
mdp.69015000003307,112,7,0,The first two hours,TIME,0,19
mdp.69015000003307,112,8,0,Early in the morning,TIME,0,20
mdp.69015000003307,112,9,0,Sandy,PERSON,148,153
mdp.69015000003307,112,15,0,four,CARDINAL,67,71
mdp.69015000003307,112,15,1,two,CARDINAL,88,91
mdp.69015000003307,112,17,0,a few moments,TIME,15,28
mdp.69015000003307,112,20,0,a few moments,TIME,3,16
mdp.69015000003307,112,20,1,Hamilton,PERSON,30,38
mdp.69015000003307,112,21,0,William,PERSON,44,51
mdp.69015000003307,112,23,0,Hamilton,PERSON,4,12
mdp.69015000003307,113,0,0,FIREDERICK DOUGLASS,PERSON,9,28
mdp.69015000003307,113,1,0,89,CARDINAL,0,2
mdp.69015000003307,113,2,0,a few moments,TIME,3,16
mdp.69015000003307,113,2,1,Freeland,PERSON,29,37
mdp.69015000003307,113,3,0,three,CARDINAL,18,23
mdp.69015000003307,113,3,1,William,PERSON,109,116
mdp.69015000003307,113,3,2,Hamilton,PERSON,125,133
mdp.69015000003307,113,4,0,John,PERSON,47,51
mdp.69015000003307,113,5,0,Henry,PERSON,0,5
mdp.69015000003307,113,5,1,Sandy,PERSON,10,15
mdp.69015000003307,113,6,0,Freeland,PERSON,4,12
mdp.69015000003307,113,11,0,a few moments,TIME,3,16
mdp.69015000003307,113,11,1,John,PERSON,42,46
mdp.69015000003307,113,12,0,Henry,PERSON,20,25
mdp.69015000003307,113,13,0,Henry,PERSON,16,21
mdp.69015000003307,113,14,0,Tom Graham,PERSON,18,28
mdp.69015000003307,113,15,0,Henry,PERSON,20,25
mdp.69015000003307,113,16,0,two,CARDINAL,11,14
mdp.69015000003307,113,17,0,Henry,PERSON,71,76
mdp.69015000003307,113,18,0,Henry,PERSON,27,32
mdp.69015000003307,114,1,0,one,CARDINAL,157,160
mdp.69015000003307,114,4,0,Easton,GPE,55,61
mdp.69015000003307,114,4,1,Betsy Freeland,PERSON,68,82
mdp.69015000003307,114,4,2,William Freeland,PERSON,94,110
mdp.69015000003307,114,4,3,Henry,PERSON,187,192
mdp.69015000003307,114,4,4,John,PERSON,197,201
mdp.69015000003307,114,5,0,Henry,PERSON,173,178
mdp.69015000003307,114,5,1,John,PERSON,183,187
mdp.69015000003307,114,7,0,Henry,PERSON,0,5
mdp.69015000003307,114,7,1,John,PERSON,10,14
mdp.69015000003307,114,8,0,St. Michael's,FAC,57,70
mdp.69015000003307,114,9,0,Just a moment,TIME,0,13
mdp.69015000003307,114,9,1,Henry,PERSON,43,48
mdp.69015000003307,114,9,2,Hamilton,PERSON,54,62
mdp.69015000003307,114,9,3,Frederick,PERSON,150,159
mdp.69015000003307,114,10,0,Henry,PERSON,109,114
mdp.69015000003307,114,12,0,about half,CARDINAL,12,22
mdp.69015000003307,114,12,1,St. Michael's,FAC,30,43
mdp.69015000003307,115,1,0,FREDERICK DOUGLASS,PERSON,8,26
mdp.69015000003307,115,3,0,Henry,PERSON,0,5
mdp.69015000003307,115,8,0,that morning,TIME,22,34
mdp.69015000003307,115,8,1,fifteen miles,QUANTITY,35,48
mdp.69015000003307,115,8,2,Easton,GPE,93,99
mdp.69015000003307,115,9,0,St. Michael's,FAC,16,29
mdp.69015000003307,115,15,0,one,CARDINAL,56,59
mdp.69015000003307,115,16,0,Easton,GPE,32,38
mdp.69015000003307,115,17,0,Joseph Graham,PERSON,60,73
mdp.69015000003307,115,18,0,Henry,PERSON,0,5
mdp.69015000003307,115,18,1,John,PERSON,7,11
mdp.69015000003307,115,18,2,one,CARDINAL,40,43
mdp.69015000003307,115,18,3,Charles,PERSON,59,66
mdp.69015000003307,115,18,4,Henry Bailey,PERSON,72,84
mdp.69015000003307,115,20,0,scarcely twenty minutes,TIME,20,43
mdp.69015000003307,116,4,0,one,CARDINAL,44,47
mdp.69015000003307,116,4,1,one,CARDINAL,51,54
mdp.69015000003307,116,11,0,Hamilton,PERSON,80,88
mdp.69015000003307,116,11,1,Freeland,PERSON,97,105
mdp.69015000003307,116,11,2,Easton,GPE,117,123
mdp.69015000003307,116,11,3,Charles,PERSON,134,141
mdp.69015000003307,116,11,4,two,CARDINAL,147,150
mdp.69015000003307,116,11,5,Henrys,PERSON,151,157
mdp.69015000003307,116,11,6,John,PERSON,163,167
mdp.69015000003307,117,0,0,FREDERICK Doug LAss.,PERSON,9,29
mdp.69015000003307,117,3,0,Henry,PERSON,23,28
mdp.69015000003307,117,7,0,a few days before,DATE,4,21
mdp.69015000003307,117,10,0,about one week,DATE,23,37
mdp.69015000003307,117,10,1,Auld,PERSON,68,72
mdp.69015000003307,117,10,2,Alabama,GPE,227,234
mdp.69015000003307,117,11,0,Alabama,GPE,53,60
mdp.69015000003307,117,11,1,Baltimore,GPE,95,104
mdp.69015000003307,117,11,2,Hugh,PERSON,137,141
mdp.69015000003307,117,12,0,three years and one month,DATE,26,51
mdp.69015000003307,117,12,1,Baltimore,GPE,107,116
mdp.69015000003307,117,14,0,a few weeks,DATE,3,14
mdp.69015000003307,117,14,1,Baltimore,GPE,31,40
mdp.69015000003307,117,14,2,Hugh,PERSON,49,53
mdp.69015000003307,117,14,3,William Gardner,PERSON,70,85
mdp.69015000003307,117,14,4,Fell's Point,LOC,117,129
mdp.69015000003307,118,1,0,Gardner,PERSON,20,27
mdp.69015000003307,118,1,1,two,CARDINAL,64,67
mdp.69015000003307,118,1,2,Mexican,NORP,112,119
mdp.69015000003307,118,2,0,the July of that year,DATE,35,56
mdp.69015000003307,118,2,1,Gardner,PERSON,86,93
mdp.69015000003307,118,5,0,Gardner,PERSON,46,53
mdp.69015000003307,118,6,0,about seventy-five,CARDINAL,44,62
mdp.69015000003307,118,10,0,a dozen,CARDINAL,18,25
mdp.69015000003307,118,11,0,a dozen,CARDINAL,13,20
mdp.69015000003307,118,11,1,a single minute,TIME,42,57
mdp.69015000003307,118,12,0,Three,CARDINAL,0,5
mdp.69015000003307,118,12,1,four,CARDINAL,9,13
mdp.69015000003307,118,13,0,Fred,PERSON,10,14
mdp.69015000003307,118,14,0,Fred,PERSON,3,7
mdp.69015000003307,118,15,0,Fred,PERSON,3,7
mdp.69015000003307,118,16,0,Fred,PERSON,3,7
mdp.69015000003307,118,17,0,Fred,PERSON,3,7
mdp.69015000003307,118,18,0,Fred,PERSON,3,7
mdp.69015000003307,118,19,0,Fred,PERSON,3,7
mdp.69015000003307,118,19,1,Fred,PERSON,69,73
mdp.69015000003307,118,19,2,Fred,PERSON,116,120
mdp.69015000003307,118,23,0,Three,CARDINAL,1,6
mdp.69015000003307,119,1,0,FREDERICK DOUGLASS,PERSON,8,26
mdp.69015000003307,119,2,0,eight months,DATE,23,35
mdp.69015000003307,119,2,1,four,CARDINAL,116,120
mdp.69015000003307,119,10,0,Gardner,PERSON,29,36
mdp.69015000003307,119,14,0,Covey,PERSON,59,64
mdp.69015000003307,120,3,0,One,CARDINAL,0,3
mdp.69015000003307,120,3,1,half,CARDINAL,25,29
mdp.69015000003307,120,4,0,one,CARDINAL,38,41
mdp.69015000003307,120,5,0,one,CARDINAL,65,68
mdp.69015000003307,120,10,0,one,CARDINAL,20,23
mdp.69015000003307,120,16,0,one,CARDINAL,83,86
mdp.69015000003307,120,20,0,Lynch,PERSON,109,114
mdp.69015000003307,120,20,1,Gardner,PERSON,148,155
mdp.69015000003307,120,20,2,Gardner,PERSON,211,218
mdp.69015000003307,121,1,0,FREDERICK DOUGLASS.,PERSON,8,27
mdp.69015000003307,121,1,1,Hugh,PERSON,49,53
mdp.69015000003307,121,1,2,Thomas,PERSON,168,174
mdp.69015000003307,121,7,0,Hugh,PERSON,7,11
mdp.69015000003307,121,8,0,Esquire Watson's,ORG,75,91
mdp.69015000003307,121,8,1,Bond Street,FAC,96,107
mdp.69015000003307,121,9,0,Watson,PERSON,4,10
mdp.69015000003307,121,10,0,Hugh,PERSON,7,11
mdp.69015000003307,121,10,1,Gardner,PERSON,40,47
mdp.69015000003307,121,10,2,midday,TIME,64,70
mdp.69015000003307,121,14,0,a thousand,CARDINAL,40,50
mdp.69015000003307,121,14,1,one,CARDINAL,138,141
mdp.69015000003307,121,15,0,Hugh,PERSON,8,12
mdp.69015000003307,121,16,0,7,CARDINAL,3,4
mdp.69015000003307,122,6,0,Christian,NORP,55,64
mdp.69015000003307,122,6,1,Baltimore,GPE,73,82
mdp.69015000003307,122,7,0,Hugh,PERSON,7,11
mdp.69015000003307,122,7,1,Gardner,PERSON,85,92
mdp.69015000003307,122,9,0,Walter Price,PERSON,85,97
mdp.69015000003307,122,11,0,one year,DATE,17,25
mdp.69015000003307,122,11,1,Gardner,PERSON,51,58
mdp.69015000003307,122,13,0,six to seven dollars,MONEY,24,44
mdp.69015000003307,122,14,0,nine dollars,MONEY,24,36
mdp.69015000003307,122,14,1,a dollar,MONEY,61,69
mdp.69015000003307,123,1,0,FREDERICK DOUGLASS.,PERSON,8,27
mdp.69015000003307,123,4,0,Gardner,PERSON,12,19
mdp.69015000003307,123,9,0,one dollar and fifty cents,MONEY,35,61
mdp.69015000003307,123,10,0,Saturday,DATE,105,113
mdp.69015000003307,123,10,1,Hugh,PERSON,183,187
mdp.69015000003307,124,1,0,XI,CARDINAL,29,31
mdp.69015000003307,124,4,0,First,ORDINAL,74,79
mdp.69015000003307,124,5,0,Secondly,ORDINAL,0,8
mdp.69015000003307,125,0,0,FREDERICK DOUGLASS,PERSON,9,27
mdp.69015000003307,125,1,0,101,CARDINAL,0,3
mdp.69015000003307,126,5,0,the year 1838,DATE,21,34
mdp.69015000003307,126,7,0,weekly,DATE,25,31
mdp.69015000003307,126,8,0,the last cent,MONEY,40,53
mdp.69015000003307,126,9,0,six dollars,MONEY,35,46
mdp.69015000003307,126,9,1,six cents,MONEY,66,75
mdp.69015000003307,126,13,0,a few cents,MONEY,83,94
mdp.69015000003307,126,16,0,the spring of 1838,DATE,3,21
mdp.69015000003307,126,16,1,Thomas,PERSON,35,41
mdp.69015000003307,126,16,2,Baltimore,GPE,50,59
mdp.69015000003307,127,0,0,FREDERICK DOUGLASS.,PERSON,9,28
mdp.69015000003307,127,10,0,About two months,DATE,0,16
mdp.69015000003307,127,10,1,Hugh,PERSON,49,53
mdp.69015000003307,127,11,0,Thomas,PERSON,65,71
mdp.69015000003307,127,12,0,first,ORDINAL,11,16
mdp.69015000003307,127,12,1,three dollars,MONEY,296,309
mdp.69015000003307,127,13,0,two dollars,MONEY,13,24
mdp.69015000003307,127,14,0,about six dollars,MONEY,85,102
mdp.69015000003307,128,11,0,night,TIME,23,28
mdp.69015000003307,128,12,0,May,DATE,20,23
mdp.69015000003307,128,12,1,August,DATE,29,35
mdp.69015000003307,128,13,0,Hugh,PERSON,7,11
mdp.69015000003307,128,14,0,one Saturday,TIME,53,65
mdp.69015000003307,128,14,1,night,TIME,66,71
mdp.69015000003307,128,14,2,week,DATE,91,95
mdp.69015000003307,128,15,0,about ten miles,QUANTITY,59,74
mdp.69015000003307,128,15,1,Baltimore,GPE,80,89
mdp.69015000003307,128,16,0,the week,DATE,7,15
mdp.69015000003307,128,16,1,Baltimore,GPE,95,104
mdp.69015000003307,128,16,2,early Saturday,TIME,124,138
mdp.69015000003307,128,16,3,Hugh,PERSON,218,222
mdp.69015000003307,128,17,0,Hugh,PERSON,19,23
mdp.69015000003307,128,17,1,that night,TIME,60,70
mdp.69015000003307,128,17,2,the three dollars,MONEY,142,159
mdp.69015000003307,128,18,0,one day,DATE,28,35
mdp.69015000003307,129,1,0,FREDERICK DOUGLASS,PERSON,8,26
mdp.69015000003307,129,8,0,a few moments,TIME,47,60
mdp.69015000003307,129,10,0,the whole week,DATE,109,123
mdp.69015000003307,129,12,0,Saturday,DATE,0,8
mdp.69015000003307,129,12,1,night,TIME,9,14
mdp.69015000003307,129,12,2,week,DATE,50,54
mdp.69015000003307,129,13,0,that week,DATE,46,55
mdp.69015000003307,129,18,0,the next day,DATE,33,45
mdp.69015000003307,129,18,1,Sunday,DATE,47,53
mdp.69015000003307,129,18,2,the third day of September,DATE,81,107
mdp.69015000003307,129,18,3,the day,DATE,112,119
mdp.69015000003307,129,18,4,second,ORDINAL,146,152
mdp.69015000003307,129,19,0,three weeks,DATE,10,21
mdp.69015000003307,129,20,0,Monday,DATE,9,15
mdp.69015000003307,129,20,1,morning,TIME,16,23
mdp.69015000003307,130,1,0,Hugh,PERSON,21,25
mdp.69015000003307,130,1,1,Butler,PERSON,103,109
mdp.69015000003307,130,1,2,the City Block,LOC,169,183
mdp.69015000003307,130,2,0,the end of the week,DATE,3,22
mdp.69015000003307,130,2,1,between eight and nine dollars,MONEY,38,68
mdp.69015000003307,130,3,0,the week before,DATE,68,83
mdp.69015000003307,130,7,0,The second week,DATE,0,15
mdp.69015000003307,130,7,1,twenty-five cents,MONEY,107,124
mdp.69015000003307,130,11,0,Baltimore,GPE,42,51
mdp.69015000003307,130,12,0,thousands,CARDINAL,22,31
mdp.69015000003307,131,1,0,FREDERICK DOUGLASS,PERSON,8,26
mdp.69015000003307,131,2,0,107,CARDINAL,0,3
mdp.69015000003307,131,3,0,first,ORDINAL,110,115
mdp.69015000003307,131,10,0,"the third day of September, 1838",DATE,57,89
mdp.69015000003307,131,10,1,New York,GPE,135,143
mdp.69015000003307,131,12,0,State,GPE,70,75
mdp.69015000003307,131,16,0,New York,GPE,61,69
mdp.69015000003307,132,5,0,thousands,CARDINAL,28,37
mdp.69015000003307,132,5,1,thousands,CARDINAL,117,126
mdp.69015000003307,133,1,0,FREDERICK DOUGLASS,PERSON,8,26
mdp.69015000003307,133,4,0,DAVID RUGGLEs,PERSON,49,62
mdp.69015000003307,133,6,0,Ruggles,PERSON,4,11
mdp.69015000003307,133,7,0,New York,GPE,14,22
mdp.69015000003307,133,7,1,Ruggles,PERSON,48,55
mdp.69015000003307,133,7,2,Church and Lespenard Streets,FAC,134,162
mdp.69015000003307,133,8,0,Ruggles,PERSON,4,11
mdp.69015000003307,133,8,1,Darg,PERSON,58,62
mdp.69015000003307,133,9,0,Ruggles,PERSON,30,37
mdp.69015000003307,134,1,0,New York,GPE,100,108
mdp.69015000003307,134,3,0,Canada,GPE,22,28
mdp.69015000003307,134,3,1,New Bedford,GPE,85,96
mdp.69015000003307,134,4,0,Anna,PERSON,14,18
mdp.69015000003307,134,4,1,New York,GPE,100,108
mdp.69015000003307,134,5,0,a few days,DATE,3,13
mdp.69015000003307,134,5,1,Ruggles,PERSON,37,44
mdp.69015000003307,134,5,2,J. W. C. Pennington,PERSON,64,83
mdp.69015000003307,134,5,3,Ruggles,PERSON,113,120
mdp.69015000003307,134,5,4,Michaels,PERSON,127,135
mdp.69015000003307,134,5,5,two or three,CARDINAL,141,153
mdp.69015000003307,134,5,6,Frederick Johnsonſ,PERSON,325,343
mdp.69015000003307,134,5,7,Anna Murray,PERSON,348,359
mdp.69015000003307,134,5,8,David Ruggles,PERSON,401,414
mdp.69015000003307,134,5,9,Michaels,PERSON,424,432
mdp.69015000003307,134,6,0,JAMES W. C. PENNINGTON,PERSON,1,23
mdp.69015000003307,134,7,0,New York,GPE,2,10
mdp.69015000003307,134,7,1,"Sept. 15, 1838",DATE,12,26
mdp.69015000003307,134,8,0,five-dollar,MONEY,39,50
mdp.69015000003307,134,8,1,Ruggles,PERSON,65,72
mdp.69015000003307,134,8,2,one,CARDINAL,87,90
mdp.69015000003307,134,8,3,Anna,PERSON,116,120
mdp.69015000003307,134,8,4,John W. Richmond,PRODUCT,207,223
mdp.69015000003307,134,8,5,Newport,GPE,228,235
mdp.69015000003307,134,8,6,New *,GPE,251,256
mdp.69015000003307,134,10,0,Frederick Bailey,PERSON,29,45
mdp.69015000003307,134,10,1,Johnson,PERSON,57,64
mdp.69015000003307,135,1,0,FREDERICK DOUGLASS,PERSON,8,26
mdp.69015000003307,135,3,0,Ruggles,PERSON,4,11
mdp.69015000003307,135,3,1,Shaw,PERSON,38,42
mdp.69015000003307,135,3,2,Newport,GPE,46,53
mdp.69015000003307,135,3,3,New Bedford,GPE,105,116
mdp.69015000003307,135,3,4,Newport,GPE,129,136
mdp.69015000003307,135,3,5,Newport,GPE,192,199
mdp.69015000003307,135,3,6,New Bedford,GPE,391,402
mdp.69015000003307,135,4,0,two,CARDINAL,33,36
mdp.69015000003307,135,4,1,New Bedford,GPE,71,82
mdp.69015000003307,135,4,2,Joseph Ricketson,PERSON,126,142
mdp.69015000003307,135,4,3,William C. Taber,PERSON,147,163
mdp.69015000003307,135,7,0,New Bedford,GPE,14,25
mdp.69015000003307,135,7,1,Nathan Johnson,PERSON,64,78
mdp.69015000003307,135,8,0,Johnson,PERSON,18,25
mdp.69015000003307,135,11,0,Johnson,PERSON,37,44
mdp.69015000003307,135,13,0,the morning,TIME,3,14
mdp.69015000003307,135,13,1,New Bedford,FAC,36,47
mdp.69015000003307,135,14,0,Frederick Augustus Washington Bailey,PERSON,37,73
mdp.69015000003307,136,0,0,two,CARDINAL,30,33
mdp.69015000003307,136,0,1,Maryland,GPE,66,74
mdp.69015000003307,136,0,2,Fred. erick Bailey,PERSON,122,140
mdp.69015000003307,136,1,0,Baltimore,GPE,15,24
mdp.69015000003307,136,1,1,Stanley,PERSON,46,53
mdp.69015000003307,136,2,0,New York,GPE,14,22
mdp.69015000003307,136,2,1,Frederick Johnson,PERSON,52,69
mdp.69015000003307,136,3,0,New Bedford,GPE,18,29
mdp.69015000003307,136,4,0,Johnsons,NORP,58,66
mdp.69015000003307,136,4,1,New Bedford,GPE,70,81
mdp.69015000003307,136,5,0,Johnson,PERSON,11,18
mdp.69015000003307,136,5,1,Frederick,PERSON,107,116
mdp.69015000003307,136,7,0,Johnson,PERSON,4,11
mdp.69015000003307,136,7,1,the “Lady of the Lake,WORK_OF_ART,34,55
mdp.69015000003307,136,7,2,Douglass,PERSON,98,106
mdp.69015000003307,136,8,0,Frederick Douglass,PERSON,45,63
mdp.69015000003307,136,9,0,New Bedford,GPE,64,75
mdp.69015000003307,137,0,0,FIREDERICK DOUGLASS.,PERSON,9,29
mdp.69015000003307,137,1,0,113,CARDINAL,0,3
mdp.69015000003307,137,3,0,Spartan,NORP,124,131
mdp.69015000003307,137,4,0,New Bedford,GPE,69,80
mdp.69015000003307,137,5,0,the afternoon of the day,TIME,3,27
mdp.69015000003307,137,5,1,New Bedford,GPE,43,54
mdp.69015000003307,137,9,0,Baltimore,GPE,122,131
mdp.69015000003307,137,13,0,8,CARDINAL,171,172
mdp.69015000003307,138,2,0,Maryland,GPE,281,289
mdp.69015000003307,138,4,0,Hillsborough,GPE,152,164
mdp.69015000003307,138,4,1,Easton,GPE,166,172
mdp.69015000003307,138,4,2,St. Michael's,GPE,174,187
mdp.69015000003307,138,4,3,Baltimore,GPE,193,202
mdp.69015000003307,138,5,0,Maryland,GPE,77,85
mdp.69015000003307,138,8,0,seven years,DATE,31,42
mdp.69015000003307,138,8,1,Maryland,GPE,177,185
mdp.69015000003307,138,9,0,Nathan Johnson,PERSON,44,58
mdp.69015000003307,138,9,1,nine tenths,CARDINAL,390,401
mdp.69015000003307,138,9,2,Talbot county,GPE,425,438
mdp.69015000003307,139,0,0,FREDERick Doug LAss,PERSON,9,28
mdp.69015000003307,139,0,1,Maryland,GPE,34,42
mdp.69015000003307,139,1,0,Johnson,PERSON,8,15
mdp.69015000003307,139,2,0,Johnson,PERSON,75,82
mdp.69015000003307,139,10,0,the appointed hour,TIME,19,37
mdp.69015000003307,139,11,0,New Bedford,GPE,172,183
mdp.69015000003307,139,13,0,the third day,DATE,20,33
mdp.69015000003307,140,3,0,Hugh,PERSON,20,24
mdp.69015000003307,140,4,0,that day,DATE,9,17
mdp.69015000003307,140,9,0,Johnson,PERSON,4,11
mdp.69015000003307,140,11,0,nearly three years,DATE,114,132
mdp.69015000003307,140,11,1,New Bedford,GPE,136,147
mdp.69015000003307,140,12,0,about four months,DATE,3,20
mdp.69015000003307,140,12,1,New Bedford,GPE,37,48
mdp.69015000003307,140,12,2,Liberator,WORK_OF_ART,124,133
mdp.69015000003307,140,15,0,week,DATE,35,39
mdp.69015000003307,140,15,1,week,DATE,43,47
mdp.69015000003307,140,15,2,New Bedford,GPE,128,139
mdp.69015000003307,141,0,0,FREDERICK DOUGLASS,PERSON,9,27
mdp.69015000003307,141,1,0,117,CARDINAL,0,3
mdp.69015000003307,141,4,0,Liberator,WORK_OF_ART,289,298
mdp.69015000003307,141,9,0,Nantucket,GPE,51,60
mdp.69015000003307,141,9,1,"the 11th of August, 1841",DATE,65,89
mdp.69015000003307,141,9,2,William C. Coffin,PERSON,175,192
mdp.69015000003307,141,9,3,New Bedford,GPE,264,275
mdp.69015000003307,142,3,0,Christianity,ORG,152,164
mdp.69015000003307,142,3,1,Christ,PERSON,241,247
mdp.69015000003307,142,5,0,Christ,PERSON,58,64
mdp.69015000003307,142,5,1,Christianity,ORG,169,181
mdp.69015000003307,142,6,0,Christianity,ORG,95,107
mdp.69015000003307,143,0,0,FREDERICK DOUGLASS.,PERSON,9,28
mdp.69015000003307,143,3,0,the week,DATE,52,60
mdp.69015000003307,143,3,1,Sunday,DATE,81,87
mdp.69015000003307,143,3,2,Jesus,PERSON,139,144
mdp.69015000003307,143,4,0,Sunday,DATE,88,94
mdp.69015000003307,143,4,1,morning,TIME,95,102
mdp.69015000003307,143,6,0,Bible,WORK_OF_ART,49,54
mdp.69015000003307,143,7,0,millions,CARDINAL,56,64
mdp.69015000003307,143,10,0,Bibles,PRODUCT,97,103
mdp.69015000003307,144,5,0,Christianity,ORG,136,148
mdp.69015000003307,144,9,0,Israel,GPE,54,60
mdp.69015000003307,144,14,0,Pilate,PERSON,2,8
mdp.69015000003307,144,14,1,Herod,PERSON,13,18
mdp.69015000003307,145,1,0,FREDERICK DOUGLASS,PERSON,8,26
mdp.69015000003307,145,2,0,121,CARDINAL,0,3
mdp.69015000003307,145,2,1,Pharisees,NORP,24,33
mdp.69015000003307,145,2,2,one,CARDINAL,165,168
mdp.69015000003307,145,5,0,Pharisees,NORP,30,39
mdp.69015000003307,145,8,0,one,CARDINAL,32,35
mdp.69015000003307,145,9,0,Pharisees,NORP,26,35
mdp.69015000003307,145,11,0,Pharisees,NORP,26,35
mdp.69015000003307,145,12,0,Pharisees,NORP,26,35
mdp.69015000003307,146,1,0,Christians,NORP,20,30
mdp.69015000003307,146,1,1,America,GPE,34,41
mdp.69015000003307,146,9,0,Bible,WORK_OF_ART,45,50
mdp.69015000003307,146,11,0,Christian,NORP,11,20
mdp.69015000003307,146,14,0,several years,DATE,31,44
mdp.69015000003307,147,1,0,FREDERICK DOUGLASS,PERSON,8,26
mdp.69015000003307,147,2,0,123,CARDINAL,0,3
mdp.69015000003307,147,2,1,Methodist,NORP,48,57
mdp.69015000003307,147,5,0,Jack,PERSON,63,67
mdp.69015000003307,147,5,1,Nell,PERSON,72,76
mdp.69015000003307,147,7,0,Tony,PERSON,85,89
mdp.69015000003307,147,7,1,Doll,PERSON,91,95
mdp.69015000003307,147,7,2,Sam,PERSON,101,104
mdp.69015000003307,147,7,3,Kidnapper,PERSON,142,151
mdp.69015000003307,147,8,0,Christ,PERSON,24,30
mdp.69015000003307,148,4,0,Tony,PERSON,19,23
mdp.69015000003307,148,4,1,Bashan,NORP,63,69
mdp.69015000003307,148,4,2,Jacob,PERSON,125,130
mdp.69015000003307,148,6,0,Tom,PERSON,94,97
mdp.69015000003307,148,6,1,Dick,PERSON,103,107
mdp.69015000003307,148,6,2,Ned,PERSON,113,116
mdp.69015000003307,149,1,0,FREDERICK DOUGLASS,PERSON,8,26
mdp.69015000003307,149,3,0,Nanny,PERSON,12,17
mdp.69015000003307,149,4,0,Two,CARDINAL,1,4
mdp.69015000003307,149,5,0,Jack,PERSON,15,19
mdp.69015000003307,149,6,0,American,NORP,99,107
mdp.69015000003307,149,6,1,millions,CARDINAL,171,179
mdp.69015000003307,149,6,2,FREDERICK DOUGLASS,PERSON,380,398
mdp.69015000003307,149,7,0,LYNN,GPE,0,4
mdp.69015000003307,149,7,1,Mass.,GPE,6,11
mdp.69015000003307,149,7,2,"April 28, 1845",DATE,13,27
