vol_id,page,sentence_id,ent_id,entity,entity_type,start_char,end_char
mdp.39015081383146,1,0,0,REDDER BLO WILLIAM:M,PERSON,1,21
mdp.39015081383146,7,0,0,REDDER BLOOD A NOVEL,WORK_OF_ART,0,20
mdp.39015081383146,7,0,1,WILLIAM M. ASHBY,PERSON,24,40
mdp.39015081383146,7,0,2,NEW YORK,GPE,43,51
mdp.39015081383146,7,0,3,THE COSMOPOLITAN PRESS,ORG,52,74
mdp.39015081383146,7,0,4,1915,DATE,75,79
mdp.39015081383146,8,0,0,SPicha,GPE,0,6
mdp.39015081383146,8,0,1,1915,DATE,25,29
mdp.39015081383146,8,0,2,THE COSMOPOLITAN PRESS,ORG,34,56
mdp.39015081383146,9,0,0,5-15-02,DATE,24,31
mdp.39015081383146,9,3,0,two,CARDINAL,62,65
mdp.39015081383146,9,3,1,Othello,PERSON,216,223
mdp.39015081383146,9,3,2,Desdemona,PERSON,230,239
mdp.39015081383146,11,0,0,REDDER BLOOD,PERSON,0,12
mdp.39015081383146,11,1,0,New York,GPE,40,48
mdp.39015081383146,11,1,1,twenty-five years ago,DATE,49,70
mdp.39015081383146,11,1,2,Stanton Birch,PERSON,75,88
mdp.39015081383146,11,2,0,thirty-four,DATE,7,18
mdp.39015081383146,11,5,0,Albion,PERSON,73,79
mdp.39015081383146,11,5,1,Gilbo,ORG,85,90
mdp.39015081383146,11,5,2,"the East End Athletic,—while",ORG,92,120
mdp.39015081383146,11,5,3,Birch,PERSON,252,257
mdp.39015081383146,12,0,0,8 REDDER BLOOD,PERSON,0,14
mdp.39015081383146,12,0,1,tonight,TIME,55,62
mdp.39015081383146,12,0,2,"Wallack's,",ORG,66,76
mdp.39015081383146,12,0,3,Modjeska,PERSON,92,100
mdp.39015081383146,12,0,4,Ellen Terry,PERSON,102,113
mdp.39015081383146,12,0,5,MacCullough,PERSON,115,126
mdp.39015081383146,12,0,6,Jefferson,PERSON,131,140
mdp.39015081383146,12,3,0,New York,GPE,40,48
mdp.39015081383146,12,5,0,one bright morning,TIME,25,43
mdp.39015081383146,12,5,1,November,DATE,52,60
mdp.39015081383146,12,5,2,Fifth Avenue,FAC,77,89
mdp.39015081383146,12,5,3,Arabian,NORP,118,125
mdp.39015081383146,12,5,4,Seventy-second Street,FAC,145,166
mdp.39015081383146,12,5,5,Central Park,LOC,172,184
mdp.39015081383146,12,7,0,one,CARDINAL,141,144
mdp.39015081383146,12,7,1,Besnard,PERSON,148,155
mdp.39015081383146,12,7,2,Moroccan,NORP,210,218
mdp.39015081383146,12,8,0,Park,FAC,41,45
mdp.39015081383146,12,8,1,Sixty-fifth Street,FAC,63,81
mdp.39015081383146,13,2,0,one,CARDINAL,126,129
mdp.39015081383146,13,5,0,two,CARDINAL,25,28
mdp.39015081383146,13,9,0,Stanton Birch,PERSON,19,32
mdp.39015081383146,13,10,0,Eighth Avenue,FAC,81,94
mdp.39015081383146,13,10,1,Sixty-fourth Street,FAC,107,126
mdp.39015081383146,13,11,0,One,CARDINAL,0,3
mdp.39015081383146,14,2,0,Stanton Birch,PERSON,9,22
mdp.39015081383146,14,4,0,Stanton Birch's,PERSON,13,28
mdp.39015081383146,14,7,0,Birch,PERSON,117,122
mdp.39015081383146,14,8,0,a few minutes,TIME,3,16
mdp.39015081383146,14,8,1,Bellevue,GPE,49,57
mdp.39015081383146,14,9,0,those exciting moments,TIME,3,25
mdp.39015081383146,14,13,0,Stanton Boirch,PERSON,0,14
mdp.39015081383146,14,15,0,Stanton Boirch,PERSON,0,14
mdp.39015081383146,14,16,0,two cents,MONEY,14,23
mdp.39015081383146,14,17,0,Twenty-sixth Street,FAC,77,96
mdp.39015081383146,15,2,0,one,CARDINAL,52,55
mdp.39015081383146,15,9,0,the Albion Club,ORG,29,44
mdp.39015081383146,15,9,1,Missah Boirch,PERSON,163,176
mdp.39015081383146,15,10,0,Birch,PERSON,17,22
mdp.39015081383146,15,10,1,fifteen or twenty dollars,MONEY,36,61
mdp.39015081383146,15,11,0,yearly,DATE,166,172
mdp.39015081383146,16,0,0,12,CARDINAL,0,2
mdp.39015081383146,16,1,0,Post,PERSON,59,63
mdp.39015081383146,16,3,0,Marston,PERSON,15,22
mdp.39015081383146,16,4,0,Munn,PERSON,58,62
mdp.39015081383146,16,5,0,Post,PERSON,49,53
mdp.39015081383146,16,8,0,Marston,PERSON,6,13
mdp.39015081383146,16,8,1,Post,PERSON,26,30
mdp.39015081383146,16,10,0,one,CARDINAL,59,62
mdp.39015081383146,16,15,0,Marston,PERSON,47,54
mdp.39015081383146,16,16,0,two days,DATE,4,12
mdp.39015081383146,17,0,0,REDDER BLOOD,PERSON,0,12
mdp.39015081383146,17,1,0,the third morning,TIME,3,20
mdp.39015081383146,17,1,1,Marston,PERSON,26,33
mdp.39015081383146,17,1,2,only a few hours,TIME,65,81
mdp.39015081383146,17,1,3,the three days',DATE,89,104
mdp.39015081383146,17,1,4,Dell,PERSON,150,154
mdp.39015081383146,17,3,0,Birch,PERSON,4,9
mdp.39015081383146,17,4,0,Post,PERSON,35,39
mdp.39015081383146,17,6,0,Post,PERSON,34,38
mdp.39015081383146,17,9,0,Bellevue Hospital,ORG,4,21
mdp.39015081383146,17,14,0,this morning,TIME,17,29
mdp.39015081383146,17,14,1,Marston,PERSON,43,50
mdp.39015081383146,17,16,0,a thousand,CARDINAL,15,25
mdp.39015081383146,18,0,0,14,CARDINAL,0,2
mdp.39015081383146,18,0,1,Fifth Avenue,FAC,65,77
mdp.39015081383146,18,0,2,Central Park,FAC,82,94
mdp.39015081383146,18,0,3,Stanton Birch's,PERSON,235,250
mdp.39015081383146,18,0,4,Salvation Army,ORG,379,393
mdp.39015081383146,18,0,5,Santa Claus,PERSON,448,459
mdp.39015081383146,18,1,0,Marston,PERSON,14,21
mdp.39015081383146,18,2,0,Conqueror,PERSON,158,167
mdp.39015081383146,18,4,0,Stanton Birch's,PERSON,3,18
mdp.39015081383146,18,7,0,a thousand,CARDINAL,27,37
mdp.39015081383146,19,0,0,REDDER BLOOD,PERSON,0,12
mdp.39015081383146,19,2,0,Birch,PERSON,112,117
mdp.39015081383146,19,5,0,Stanton Birch,PERSON,28,41
mdp.39015081383146,19,6,0,Marston,PERSON,35,42
mdp.39015081383146,19,8,0,Æsculapius,PERSON,18,28
mdp.39015081383146,19,9,0,Æsculapius,PERSON,1,11
mdp.39015081383146,19,10,0,Mt. Olympus,LOC,30,41
mdp.39015081383146,20,0,0,16 REDDER BLOOD,PERSON,0,15
mdp.39015081383146,20,3,0,Birch,PERSON,5,10
mdp.39015081383146,20,5,0,Marston,PERSON,12,19
mdp.39015081383146,20,8,0,only 1-,CARDINAL,37,44
mdp.39015081383146,20,11,0,Birch,PERSON,13,18
mdp.39015081383146,21,0,0,REDDER BLOOD,PERSON,0,12
mdp.39015081383146,21,1,0,Stanton Birch,PERSON,0,13
mdp.39015081383146,21,5,0,one,CARDINAL,217,220
mdp.39015081383146,22,0,0,18 REDDER BLOOD,PERSON,0,15
mdp.39015081383146,22,1,0,Zelda,PERSON,1,6
mdp.39015081383146,22,4,0,first,ORDINAL,120,125
mdp.39015081383146,22,5,0,one,CARDINAL,12,15
mdp.39015081383146,22,13,0,Birch,PERSON,36,41
mdp.39015081383146,23,0,0,REDDER BLOOD,PERSON,0,12
mdp.39015081383146,23,1,0,midnight,TIME,31,39
mdp.39015081383146,23,10,0,Fifth Avenue,FAC,15,27
mdp.39015081383146,23,10,1,Arctic,LOC,206,212
mdp.39015081383146,24,0,0,20 REDDER BLOOD,PERSON,0,15
mdp.39015081383146,24,5,0,John,PERSON,1,5
mdp.39015081383146,24,5,1,André,PERSON,45,50
mdp.39015081383146,24,6,0,Marston,PERSON,21,28
mdp.39015081383146,24,6,1,Irish,NORP,121,126
mdp.39015081383146,24,7,0,John,PERSON,0,4
mdp.39015081383146,24,8,0,A few days afterward,DATE,0,20
mdp.39015081383146,24,8,1,Stanton Birch,PERSON,21,34
mdp.39015081383146,25,2,0,Gold,PERSON,207,211
mdp.39015081383146,25,3,0,twenty-two-year-old,DATE,55,74
mdp.39015081383146,25,8,0,21,CARDINAL,0,2
mdp.39015081383146,26,0,0,22,CARDINAL,0,2
mdp.39015081383146,26,1,0,one,CARDINAL,38,41
mdp.39015081383146,26,1,1,Clairmont,LOC,62,71
mdp.39015081383146,26,1,2,night,TIME,196,201
mdp.39015081383146,26,2,0,Inness,PERSON,93,99
mdp.39015081383146,26,3,0,Americans,NORP,31,40
mdp.39015081383146,26,3,1,Southern,NORP,63,71
mdp.39015081383146,26,3,2,American,NORP,107,115
mdp.39015081383146,26,3,3,one,CARDINAL,146,149
mdp.39015081383146,26,3,4,philippics,NORP,229,239
mdp.39015081383146,26,5,0,half,CARDINAL,85,89
mdp.39015081383146,26,5,1,Morris,PERSON,105,111
mdp.39015081383146,26,7,0,the Tell Tale,WORK_OF_ART,63,76
mdp.39015081383146,26,7,1,American,NORP,102,110
mdp.39015081383146,26,7,2,American,NORP,213,221
mdp.39015081383146,27,0,0,REDDER BLOOD,PERSON,0,12
mdp.39015081383146,27,3,0,centuries,DATE,25,34
mdp.39015081383146,27,3,1,African,NORP,38,45
mdp.39015081383146,27,3,2,two hundred and fifty years,DATE,59,86
mdp.39015081383146,27,3,3,American,NORP,90,98
mdp.39015081383146,27,6,0,Stanton,PERSON,58,65
mdp.39015081383146,27,7,0,a million,CARDINAL,173,182
mdp.39015081383146,27,9,0,Biblical,NORP,222,230
mdp.39015081383146,27,9,1,Biblical,NORP,268,276
mdp.39015081383146,27,10,0,one,CARDINAL,74,77
mdp.39015081383146,28,0,0,24,CARDINAL,0,2
mdp.39015081383146,28,0,1,one,CARDINAL,22,25
mdp.39015081383146,28,3,0,South,LOC,39,44
mdp.39015081383146,28,3,1,Negroes,NORP,66,73
mdp.39015081383146,28,4,0,South,LOC,17,22
mdp.39015081383146,28,5,0,Negro,NORP,12,17
mdp.39015081383146,28,5,1,Southern,NORP,39,47
mdp.39015081383146,28,5,2,American,NORP,77,85
mdp.39015081383146,28,6,0,New York,GPE,63,71
mdp.39015081383146,28,6,1,New York's,GPE,111,121
mdp.39015081383146,28,8,0,Stanton,PERSON,15,22
mdp.39015081383146,28,11,0,May Manton's,ORG,116,128
mdp.39015081383146,28,11,1,Newton,GPE,288,294
mdp.39015081383146,28,12,0,Adrian,PERSON,18,24
mdp.39015081383146,29,0,0,Pemberton,GPE,51,60
mdp.39015081383146,29,0,1,the following day,DATE,64,81
mdp.39015081383146,29,1,0,Bookworm,PERSON,7,15
mdp.39015081383146,29,2,0,Ad,PERSON,8,10
mdp.39015081383146,29,8,0,Bob Norton,PERSON,0,10
mdp.39015081383146,29,9,0,Adrian,PERSON,34,40
mdp.39015081383146,29,10,0,Eloise,PERSON,21,27
mdp.39015081383146,29,10,1,Roy Houston,PERSON,71,82
mdp.39015081383146,29,12,0,Elsie Van Deman,PERSON,0,15
mdp.39015081383146,29,12,1,French,NORP,55,61
mdp.39015081383146,29,12,2,Charlie,PERSON,73,80
mdp.39015081383146,29,12,3,Parisian,NORP,139,147
mdp.39015081383146,29,13,0,Birch,PERSON,5,10
mdp.39015081383146,29,14,0,Elsie,PERSON,0,5
mdp.39015081383146,29,14,1,Charlie Van Deman,PERSON,163,180
mdp.39015081383146,29,14,2,Elsie,PERSON,196,201
mdp.39015081383146,29,15,0,America,GPE,18,25
mdp.39015081383146,29,15,1,European,NORP,65,73
mdp.39015081383146,29,15,2,five years,DATE,82,92
mdp.39015081383146,30,0,0,26,CARDINAL,0,2
mdp.39015081383146,30,0,1,the day,DATE,16,23
mdp.39015081383146,30,0,2,New York,GPE,54,62
mdp.39015081383146,30,0,3,Paris,GPE,68,73
mdp.39015081383146,30,1,0,Elsie,PERSON,8,13
mdp.39015081383146,30,1,1,Birch,PERSON,21,26
mdp.39015081383146,30,2,0,Adrian,PERSON,52,58
mdp.39015081383146,30,3,0,afternoon,TIME,34,43
mdp.39015081383146,30,5,0,Charlie,PERSON,38,45
mdp.39015081383146,30,7,0,Mother,PERSON,18,24
mdp.39015081383146,30,7,1,Adrian,PERSON,33,39
mdp.39015081383146,30,10,0,Adrian,PERSON,1,7
mdp.39015081383146,30,11,0,Mother,PERSON,13,19
mdp.39015081383146,30,12,0,Elsie,PERSON,9,14
mdp.39015081383146,30,14,0,first,ORDINAL,155,160
mdp.39015081383146,30,15,0,one,CARDINAL,60,63
mdp.39015081383146,31,0,0,REDDER BLOOD,PERSON,0,12
mdp.39015081383146,31,0,1,Mother,PERSON,32,38
mdp.39015081383146,31,5,0,Mother,PERSON,6,12
mdp.39015081383146,31,5,1,the past five years,DATE,126,145
mdp.39015081383146,31,6,0,millions,CARDINAL,129,137
mdp.39015081383146,31,6,1,sixteen,CARDINAL,185,192
mdp.39015081383146,31,6,2,Hymen,PERSON,201,206
mdp.39015081383146,31,6,3,the preceding five years,DATE,223,247
mdp.39015081383146,31,7,0,Adrian,PERSON,29,35
mdp.39015081383146,31,10,0,Sixteen,CARDINAL,1,8
mdp.39015081383146,31,12,0,Conover,PERSON,70,77
mdp.39015081383146,31,12,1,Woody,PERSON,112,117
mdp.39015081383146,31,12,2,seven,DATE,165,170
mdp.39015081383146,31,12,3,Conover,PERSON,186,193
mdp.39015081383146,31,12,4,Woody,PERSON,203,208
mdp.39015081383146,31,12,5,only five years,DATE,226,241
mdp.39015081383146,32,0,0,Six,CARDINAL,17,20
mdp.39015081383146,32,1,0,Adrian,PERSON,39,45
mdp.39015081383146,32,2,0,Birch,PERSON,58,63
mdp.39015081383146,32,4,0,Adrian,PERSON,31,37
mdp.39015081383146,32,10,0,Stanton Birch,PERSON,0,13
mdp.39015081383146,33,0,0,REDDER BLOOD,PERSON,0,12
mdp.39015081383146,33,1,0,Ad,PERSON,46,48
mdp.39015081383146,33,4,0,Newton,GPE,72,78
mdp.39015081383146,33,5,0,Pemberton,GPE,30,39
mdp.39015081383146,33,6,0,Adrian,PERSON,18,24
mdp.39015081383146,33,9,0,midnight,TIME,65,73
mdp.39015081383146,33,10,0,Adrian,PERSON,0,6
mdp.39015081383146,33,10,1,first,ORDINAL,15,20
mdp.39015081383146,33,13,0,Goodnight,TIME,0,9
mdp.39015081383146,34,0,0,Adrian,PERSON,4,10
mdp.39015081383146,34,0,1,the next morning,TIME,23,39
mdp.39015081383146,34,0,2,more than one,CARDINAL,45,58
mdp.39015081383146,34,1,0,the preceding afternoon,TIME,30,53
mdp.39015081383146,34,1,1,Jersey,GPE,116,122
mdp.39015081383146,34,3,0,six o'clock,TIME,3,14
mdp.39015081383146,34,3,1,Stillson,PERSON,65,73
mdp.39015081383146,34,4,0,one,CARDINAL,16,19
mdp.39015081383146,34,5,0,Adrian,PERSON,167,173
mdp.39015081383146,34,6,0,an hour earlier,TIME,14,29
mdp.39015081383146,34,7,0,Adrian,PERSON,29,35
mdp.39015081383146,34,7,1,30,DATE,40,42
mdp.39015081383146,35,0,0,REDDER BLOOD,PERSON,0,12
mdp.39015081383146,35,1,0,three,CARDINAL,12,17
mdp.39015081383146,35,1,1,Freshie,NORP,123,130
mdp.39015081383146,35,3,0,that afternoon,TIME,54,68
mdp.39015081383146,35,3,1,Adrian,PERSON,70,76
mdp.39015081383146,35,4,0,Birchs,PERSON,52,58
mdp.39015081383146,35,4,1,Birch,PERSON,162,167
mdp.39015081383146,35,4,2,ten-dollar,MONEY,355,365
mdp.39015081383146,35,6,0,Birch,PERSON,4,9
mdp.39015081383146,35,6,1,Birch,PERSON,19,24
mdp.39015081383146,35,6,2,Birch,PERSON,186,191
mdp.39015081383146,36,0,0,32,CARDINAL,0,2
mdp.39015081383146,36,3,0,one,CARDINAL,21,24
mdp.39015081383146,36,4,0,French,NORP,22,28
mdp.39015081383146,36,4,1,more than twenty years,DATE,60,82
mdp.39015081383146,36,4,2,ten dollars,MONEY,129,140
mdp.39015081383146,36,4,3,only five,CARDINAL,174,183
mdp.39015081383146,36,5,0,Bridget McCoogan,PERSON,56,72
mdp.39015081383146,36,5,1,Bridget,PERSON,179,186
mdp.39015081383146,36,6,0,one hundred and ninety-three,CARDINAL,155,183
mdp.39015081383146,36,6,1,thirty-two inches,QUANTITY,213,230
mdp.39015081383146,36,7,0,one night,TIME,169,178
mdp.39015081383146,37,0,0,REDDER BLOOD,PERSON,0,12
mdp.39015081383146,37,1,0,English,LANGUAGE,180,187
mdp.39015081383146,37,3,0,Birch,PERSON,10,15
mdp.39015081383146,37,3,1,morning,TIME,34,41
mdp.39015081383146,37,4,0,André,PERSON,75,80
mdp.39015081383146,37,5,0,Bridget,PERSON,57,64
mdp.39015081383146,37,6,0,Anne,PERSON,34,38
mdp.39015081383146,37,6,1,one,CARDINAL,40,43
mdp.39015081383146,37,7,0,Birch,PERSON,108,113
mdp.39015081383146,37,9,0,Anne,PERSON,1,5
mdp.39015081383146,38,0,0,Anne,PERSON,56,60
mdp.39015081383146,38,3,0,André,PERSON,19,24
mdp.39015081383146,38,3,1,Irish,NORP,82,87
mdp.39015081383146,38,8,0,Anne,PERSON,6,10
mdp.39015081383146,38,8,1,Birch,PERSON,27,32
mdp.39015081383146,38,9,0,André,PERSON,35,40
mdp.39015081383146,38,11,0,Birch,PERSON,26,31
mdp.39015081383146,38,12,0,Anne,PERSON,6,10
mdp.39015081383146,38,12,1,thirty-two,DATE,95,105
mdp.39015081383146,38,13,0,Birch,PERSON,35,40
mdp.39015081383146,38,14,0,Birch,PERSON,5,10
mdp.39015081383146,38,15,0,Meg,PERSON,18,21
mdp.39015081383146,39,0,0,REDDER BLOOD,PERSON,0,12
mdp.39015081383146,39,2,0,morning,TIME,6,13
mdp.39015081383146,39,3,0,morning,TIME,6,13
mdp.39015081383146,39,3,1,Birch,PERSON,30,35
mdp.39015081383146,39,5,0,Meg,PERSON,45,48
mdp.39015081383146,39,6,0,Meg,PERSON,5,8
mdp.39015081383146,39,6,1,Meg,PERSON,10,13
mdp.39015081383146,39,6,2,Birch,PERSON,34,39
mdp.39015081383146,39,8,0,André,PERSON,7,12
mdp.39015081383146,39,8,1,this morning,TIME,33,45
mdp.39015081383146,39,9,0,Meg,PERSON,6,9
mdp.39015081383146,39,9,1,André,PERSON,11,16
mdp.39015081383146,39,10,0,Birch,PERSON,5,10
mdp.39015081383146,39,16,0,Van Deman,PERSON,48,57
mdp.39015081383146,39,17,0,Birch,PERSON,22,27
mdp.39015081383146,39,17,1,Japanese,NORP,118,126
mdp.39015081383146,39,17,2,two,CARDINAL,163,166
mdp.39015081383146,40,0,0,36,CARDINAL,0,2
mdp.39015081383146,40,1,0,one,CARDINAL,0,3
mdp.39015081383146,40,1,1,two,CARDINAL,41,44
mdp.39015081383146,40,1,2,Elsie,PERSON,45,50
mdp.39015081383146,40,2,0,Zelda Birch's,PERSON,7,20
mdp.39015081383146,40,2,1,fortytwo,DATE,42,50
mdp.39015081383146,40,2,2,Elsie,PERSON,55,60
mdp.39015081383146,40,2,3,only twenty-four,DATE,61,77
mdp.39015081383146,40,3,0,Elsie,PERSON,6,11
mdp.39015081383146,40,3,1,Zelda,PERSON,19,24
mdp.39015081383146,40,5,0,Carlsbad,GPE,82,90
mdp.39015081383146,40,5,1,Wiesbaden,GPE,95,104
mdp.39015081383146,40,6,0,Zelda,PERSON,11,16
mdp.39015081383146,40,6,1,Ponce de Leon,PERSON,66,79
mdp.39015081383146,40,6,2,America,GPE,95,102
mdp.39015081383146,40,8,0,Charlie,PERSON,5,12
mdp.39015081383146,40,11,0,Artie Darnton,PERSON,46,59
mdp.39015081383146,40,11,1,five years ago,DATE,85,99
mdp.39015081383146,40,12,0,about 12:30,TIME,26,37
mdp.39015081383146,40,13,0,Elsie,PERSON,6,11
mdp.39015081383146,41,0,0,Elsie,PERSON,59,64
mdp.39015081383146,41,0,1,Zelda,PERSON,94,99
mdp.39015081383146,41,1,0,Elsie,PERSON,13,18
mdp.39015081383146,41,4,0,Zelda,PERSON,0,5
mdp.39015081383146,41,10,0,Christmas,DATE,39,48
mdp.39015081383146,41,12,0,Elsie,PERSON,29,34
mdp.39015081383146,41,14,0,Charlie,PERSON,1,8
mdp.39015081383146,42,0,0,Zelda,PERSON,32,37
mdp.39015081383146,42,3,0,Charlie,PERSON,0,7
mdp.39015081383146,42,4,0,Zelda,PERSON,23,28
mdp.39015081383146,42,7,0,Charlie,PERSON,5,12
mdp.39015081383146,42,9,0,Zelda,PERSON,41,46
mdp.39015081383146,43,0,0,39,CARDINAL,13,15
mdp.39015081383146,43,1,0,Zelda,PERSON,10,15
mdp.39015081383146,43,6,0,this morning,TIME,35,47
mdp.39015081383146,43,6,1,Zelda,PERSON,49,54
mdp.39015081383146,43,6,2,Birch,PERSON,66,71
mdp.39015081383146,43,7,0,Charlie,PERSON,5,12
mdp.39015081383146,43,7,1,Zelda,PERSON,51,56
mdp.39015081383146,43,7,2,Charlie,PERSON,73,80
mdp.39015081383146,43,8,0,Birch,PERSON,23,28
mdp.39015081383146,43,9,0,Elsie,PERSON,7,12
mdp.39015081383146,43,9,1,Birch,PERSON,55,60
mdp.39015081383146,43,11,0,fifty-six,DATE,23,32
mdp.39015081383146,43,11,1,only forty,DATE,72,82
mdp.39015081383146,43,12,0,Birch,PERSON,44,49
mdp.39015081383146,43,15,0,Charlie,PERSON,20,27
mdp.39015081383146,43,15,1,Zelda,PERSON,36,41
mdp.39015081383146,44,0,0,40 REDDER BLOOD,PERSON,0,15
mdp.39015081383146,44,11,0,Charlie,PERSON,5,12
mdp.39015081383146,44,11,1,Elsie,PERSON,46,51
mdp.39015081383146,44,13,0,Zelda,PERSON,13,18
mdp.39015081383146,44,15,0,Elsie,PERSON,18,23
mdp.39015081383146,44,17,0,Elsie,PERSON,50,55
mdp.39015081383146,44,19,0,Stanton,PERSON,21,28
mdp.39015081383146,44,19,1,Zelda,PERSON,36,41
mdp.39015081383146,44,20,0,Zelda,PERSON,41,46
mdp.39015081383146,45,0,0,Stanton,PERSON,37,44
mdp.39015081383146,45,0,1,one morning,TIME,45,56
mdp.39015081383146,45,0,2,about three weeks,DATE,73,90
mdp.39015081383146,45,0,3,André,PERSON,97,102
mdp.39015081383146,45,1,0,Texas,GPE,57,62
mdp.39015081383146,45,1,1,Montana,GPE,100,107
mdp.39015081383146,45,2,0,Buffalo,GPE,34,41
mdp.39015081383146,45,2,1,Billy Dodd,PERSON,66,76
mdp.39015081383146,45,2,2,Mediterranean,LOC,129,142
mdp.39015081383146,45,2,3,Nile,PERSON,156,160
mdp.39015081383146,45,4,0,Stanton,PERSON,10,17
mdp.39015081383146,45,5,0,Stanton,PERSON,15,22
mdp.39015081383146,45,5,1,Zelda,PERSON,30,35
mdp.39015081383146,45,8,0,Billy,PERSON,1,6
mdp.39015081383146,45,8,1,Zelda,PERSON,37,42
mdp.39015081383146,45,9,0,Balastol,GPE,45,53
mdp.39015081383146,45,10,0,Zelda,PERSON,0,5
mdp.39015081383146,45,10,1,41,CARDINAL,42,44
mdp.39015081383146,46,0,0,42,CARDINAL,0,2
mdp.39015081383146,46,0,1,morning,TIME,39,46
mdp.39015081383146,46,1,0,half,CARDINAL,39,43
mdp.39015081383146,46,9,0,one,CARDINAL,18,21
mdp.39015081383146,46,9,1,twentyfive years,DATE,83,99
mdp.39015081383146,47,0,0,REDDER BLOOD,PERSON,0,12
mdp.39015081383146,47,3,0,Zelda,PERSON,0,5
mdp.39015081383146,47,5,0,one,CARDINAL,70,73
mdp.39015081383146,47,6,0,Leon,PERSON,32,36
mdp.39015081383146,47,7,0,morning,TIME,6,13
mdp.39015081383146,47,9,0,Zelda,PERSON,0,5
mdp.39015081383146,48,0,0,44 REDDER BLOOD,PERSON,0,15
mdp.39015081383146,48,1,0,one,CARDINAL,52,55
mdp.39015081383146,48,6,0,Stanton Birch's,PERSON,208,223
mdp.39015081383146,48,7,0,Zelda,PERSON,23,28
mdp.39015081383146,48,10,0,one,CARDINAL,34,37
mdp.39015081383146,48,10,1,Birch,PERSON,52,57
mdp.39015081383146,48,10,2,one,CARDINAL,92,95
mdp.39015081383146,48,10,3,6:30,TIME,111,115
mdp.39015081383146,48,12,0,Birch,PERSON,35,40
mdp.39015081383146,48,15,0,Spot,PERSON,9,13
mdp.39015081383146,48,16,0,Birch,PERSON,5,10
mdp.39015081383146,48,16,1,Spot,PERSON,71,75
mdp.39015081383146,49,1,0,second,ORDINAL,38,44
mdp.39015081383146,49,3,0,One,CARDINAL,0,3
mdp.39015081383146,49,4,0,twentyfive years,DATE,36,52
mdp.39015081383146,49,5,0,thousands,CARDINAL,43,52
mdp.39015081383146,50,5,0,Alexander,PERSON,0,9
mdp.39015081383146,50,5,1,Leon,PERSON,106,110
mdp.39015081383146,50,7,0,The hour,TIME,0,8
mdp.39015081383146,50,9,0,Zelda,PERSON,24,29
mdp.39015081383146,51,0,0,REDDER BLOOD,PERSON,0,12
mdp.39015081383146,51,4,0,the next afternoon,TIME,60,78
mdp.39015081383146,51,4,1,Leon,PERSON,157,161
mdp.39015081383146,51,7,0,Zelda,PERSON,1,6
mdp.39015081383146,51,8,0,Zelda,PERSON,0,5
mdp.39015081383146,51,9,0,Zelda,PERSON,0,5
mdp.39015081383146,52,0,0,48,CARDINAL,0,2
mdp.39015081383146,52,1,0,Zelda,PERSON,1,6
mdp.39015081383146,52,7,0,David,PERSON,5,10
mdp.39015081383146,52,7,1,Bethsheba,PERSON,19,28
mdp.39015081383146,52,7,2,Uriah,PERSON,57,62
mdp.39015081383146,52,7,3,Paris,GPE,97,102
mdp.39015081383146,52,7,4,Helen,PERSON,136,141
mdp.39015081383146,52,7,5,Hymen,PERSON,150,155
mdp.39015081383146,52,7,6,Menelaus,PERSON,175,183
mdp.39015081383146,53,0,0,REDDER BLOOD,PERSON,0,12
mdp.39015081383146,53,3,0,Leon,PERSON,5,9
mdp.39015081383146,53,3,1,Leon,PERSON,11,15
mdp.39015081383146,53,6,0,Leon,PERSON,12,16
mdp.39015081383146,53,7,0,one instant,TIME,147,158
mdp.39015081383146,53,8,0,Leon,PERSON,8,12
mdp.39015081383146,53,15,0,three days,DATE,16,26
mdp.39015081383146,54,0,0,50 REDDER BLOOD,PERSON,0,15
mdp.39015081383146,54,2,0,Leon,PERSON,1,5
mdp.39015081383146,54,14,0,Birch,PERSON,31,36
mdp.39015081383146,54,16,0,Birch,PERSON,107,112
mdp.39015081383146,54,18,0,Birch,PERSON,23,28
mdp.39015081383146,54,19,0,Stanton,PERSON,134,141
mdp.39015081383146,55,1,0,morning,TIME,6,13
mdp.39015081383146,55,1,1,Leon,PERSON,15,19
mdp.39015081383146,55,3,0,Zelda,PERSON,34,39
mdp.39015081383146,55,7,0,Birch,PERSON,24,29
mdp.39015081383146,55,7,1,one,CARDINAL,142,145
mdp.39015081383146,55,9,0,Stanton,PERSON,0,7
mdp.39015081383146,55,11,0,Stanton,PERSON,19,26
mdp.39015081383146,55,18,0,Leon,PERSON,50,54
mdp.39015081383146,55,21,0,Stanton,PERSON,9,16
mdp.39015081383146,55,22,0,a moment,TIME,25,33
mdp.39015081383146,56,0,0,52 REDDER BLOOD,PERSON,0,15
mdp.39015081383146,56,2,0,Russian,NORP,45,52
mdp.39015081383146,56,3,0,Stanton,PERSON,27,34
mdp.39015081383146,56,3,1,one,CARDINAL,69,72
mdp.39015081383146,56,3,2,Chadwick,PERSON,76,84
mdp.39015081383146,56,4,0,Chadwick,PERSON,9,17
mdp.39015081383146,56,8,0,That Mysterious Rag',WORK_OF_ART,0,20
mdp.39015081383146,56,9,0,Zelda,PERSON,0,5
mdp.39015081383146,56,9,1,Home,ORG,110,114
mdp.39015081383146,56,9,2,Newton,GPE,119,125
mdp.39015081383146,56,13,0,Adrian,PERSON,66,72
mdp.39015081383146,56,13,1,season,DATE,111,117
mdp.39015081383146,56,13,2,Broadway,FAC,174,182
mdp.39015081383146,57,0,0,REDDER BLOOD,PERSON,0,12
mdp.39015081383146,57,14,0,Stanton,PERSON,12,19
mdp.39015081383146,57,14,1,Metropolitan,FAC,89,101
mdp.39015081383146,57,16,0,Spot,PERSON,0,4
mdp.39015081383146,57,16,1,Meg,PERSON,160,163
mdp.39015081383146,58,0,0,54,CARDINAL,0,2
mdp.39015081383146,58,1,0,Leon,PERSON,15,19
mdp.39015081383146,58,4,0,A quarter of a century,DATE,0,22
mdp.39015081383146,58,4,1,Stanton,PERSON,61,68
mdp.39015081383146,58,10,0,these last twenty-five years,DATE,17,45
mdp.39015081383146,58,10,1,a few days,DATE,125,135
mdp.39015081383146,58,11,0,Home,FAC,16,20
mdp.39015081383146,58,11,1,this afternoon,TIME,22,36
mdp.39015081383146,58,12,0,Stanton,PERSON,0,7
mdp.39015081383146,58,15,0,Zelda,PERSON,42,47
mdp.39015081383146,59,0,0,REDDER BLOOD,PERSON,0,12
mdp.39015081383146,59,1,0,Stanton,PERSON,7,14
mdp.39015081383146,59,4,0,tenth,ORDINAL,67,72
mdp.39015081383146,59,4,1,Newton,GPE,81,87
mdp.39015081383146,59,4,2,ten years,DATE,92,101
mdp.39015081383146,59,4,3,Zelda,PERSON,109,114
mdp.39015081383146,59,5,0,Babylon,GPE,14,21
mdp.39015081383146,59,5,1,Rome,GPE,50,54
mdp.39015081383146,59,5,2,Nero,PERSON,71,75
mdp.39015081383146,59,5,3,Sodom,GPE,82,87
mdp.39015081383146,59,5,4,Gomorrah,GPE,92,100
mdp.39015081383146,59,6,0,Zelda,PERSON,0,5
mdp.39015081383146,59,6,1,first,ORDINAL,8,13
mdp.39015081383146,59,7,0,days,DATE,23,27
mdp.39015081383146,59,7,1,a certain night,TIME,61,76
mdp.39015081383146,60,0,0,56,CARDINAL,0,2
mdp.39015081383146,60,2,0,Christmas,DATE,219,228
mdp.39015081383146,60,12,0,ten years,DATE,3,12
mdp.39015081383146,61,0,0,REDDER BLOOD,PERSON,0,12
mdp.39015081383146,61,2,0,Skinny Hagan,PERSON,0,12
mdp.39015081383146,61,2,1,Nigger Jones,PERSON,14,26
mdp.39015081383146,61,2,2,Izzy Greenbaum,PERSON,28,42
mdp.39015081383146,61,2,3,Dutch Smultz,PERSON,44,56
mdp.39015081383146,61,2,4,Woop,PERSON,58,62
mdp.39015081383146,61,2,5,Damfino,PERSON,64,71
mdp.39015081383146,61,2,6,two,CARDINAL,122,125
mdp.39015081383146,61,2,7,three,CARDINAL,145,150
mdp.39015081383146,61,3,0,"the “Scotch Fitzmaurice,",PERSON,16,40
mdp.39015081383146,61,4,0,Birch,PERSON,8,13
mdp.39015081383146,61,4,1,Home,ORG,28,32
mdp.39015081383146,61,4,2,Americans,NORP,76,85
mdp.39015081383146,61,4,3,Italians,NORP,87,95
mdp.39015081383146,61,4,4,Jews,NORP,97,101
mdp.39015081383146,61,4,5,Germans,NORP,103,110
mdp.39015081383146,61,4,6,Negroes,NORP,112,119
mdp.39015081383146,61,5,0,Assembly,ORG,18,26
mdp.39015081383146,61,5,1,that afternoon,TIME,32,46
mdp.39015081383146,61,5,2,Birch,PERSON,52,57
mdp.39015081383146,61,6,0,about four feet,QUANTITY,134,149
mdp.39015081383146,61,7,0,Birch,PERSON,5,10
mdp.39015081383146,62,0,0,two or three,CARDINAL,39,51
mdp.39015081383146,62,3,0,Leon,PERSON,12,16
mdp.39015081383146,62,9,0,half,CARDINAL,62,66
mdp.39015081383146,63,0,0,REDDER BLOOD,PERSON,0,12
mdp.39015081383146,63,2,0,this morning,TIME,36,48
mdp.39015081383146,63,2,1,Birch,PERSON,60,65
mdp.39015081383146,63,11,0,Rip Van Winkle,PERSON,104,118
mdp.39015081383146,63,14,0,two weeks,DATE,28,37
mdp.39015081383146,64,0,0,60,CARDINAL,0,2
mdp.39015081383146,64,1,0,Leon,PERSON,11,15
mdp.39015081383146,64,4,0,Leon,PERSON,6,10
mdp.39015081383146,65,0,0,REDDER BLOOD,PERSON,0,12
mdp.39015081383146,65,0,1,Haran,NORP,39,44
mdp.39015081383146,65,0,2,Rachel,PERSON,65,71
mdp.39015081383146,65,1,0,Jesus,PERSON,73,78
mdp.39015081383146,65,2,0,Ganges,LOC,46,52
mdp.39015081383146,65,6,0,first,ORDINAL,18,23
mdp.39015081383146,65,6,1,five,CARDINAL,146,150
mdp.39015081383146,65,6,2,three,CARDINAL,162,167
mdp.39015081383146,65,6,3,twelve,CARDINAL,251,257
mdp.39015081383146,65,7,0,a second,TIME,15,23
mdp.39015081383146,65,8,0,three days,DATE,48,58
mdp.39015081383146,65,12,0,Leon,PERSON,0,4
mdp.39015081383146,66,1,0,fifty dollars,MONEY,9,22
mdp.39015081383146,66,5,0,evening,TIME,6,13
mdp.39015081383146,66,5,1,Horace,PERSON,15,21
mdp.39015081383146,67,0,0,V Pemberton,ORG,0,11
mdp.39015081383146,67,1,0,PEMBERTON,PERSON,45,54
mdp.39015081383146,67,2,0,Pemberton,ORG,58,67
mdp.39015081383146,67,4,0,Pemberton,ORG,12,21
mdp.39015081383146,67,4,1,thousands of dollars,MONEY,31,51
mdp.39015081383146,67,6,0,Pemberton,GPE,158,167
mdp.39015081383146,67,7,0,Waldron' Field,FAC,113,127
mdp.39015081383146,67,8,0,Old Glory,WORK_OF_ART,14,23
mdp.39015081383146,67,8,1,85,DATE,30,32
mdp.39015081383146,68,0,0,64,CARDINAL,0,2
mdp.39015081383146,68,1,0,dollar,MONEY,42,48
mdp.39015081383146,68,1,1,the morrow,DATE,92,102
mdp.39015081383146,68,1,2,dime,MONEY,119,123
mdp.39015081383146,68,2,0,Souvenir,NORP,0,8
mdp.39015081383146,68,3,0,Pemberton 6–Hall o.,WORK_OF_ART,59,78
mdp.39015081383146,68,5,0,Thousands,CARDINAL,0,9
mdp.39015081383146,68,5,1,hundreds,CARDINAL,45,53
mdp.39015081383146,68,5,2,Pemberton,ORG,57,66
mdp.39015081383146,68,5,3,the Winter Garden,FAC,96,113
mdp.39015081383146,68,5,4,Gaby Delys,PERSON,126,136
mdp.39015081383146,68,6,0,Pemberton,GPE,79,88
mdp.39015081383146,68,6,1,many days,DATE,93,102
mdp.39015081383146,68,10,0,his last year,DATE,7,20
mdp.39015081383146,68,11,0,that night,TIME,14,24
mdp.39015081383146,68,12,0,twenty-two,DATE,43,53
mdp.39015081383146,69,0,0,REDDER BLOOD,PERSON,0,12
mdp.39015081383146,69,0,1,Dionysus,PERSON,178,186
mdp.39015081383146,69,0,2,New York,GPE,233,241
mdp.39015081383146,69,1,0,New York,GPE,107,115
mdp.39015081383146,69,1,1,the Christmas holidays,DATE,123,145
mdp.39015081383146,69,2,0,the “Senior Prom,EVENT,93,109
mdp.39015081383146,69,4,0,Adrian,PERSON,208,214
mdp.39015081383146,69,4,1,Adrian,PERSON,216,222
mdp.39015081383146,69,6,0,annual,DATE,165,171
mdp.39015081383146,69,6,1,Prom,WORK_OF_ART,173,177
mdp.39015081383146,69,6,2,Gymnasium,FAC,195,204
mdp.39015081383146,69,7,0,America,GPE,62,69
mdp.39015081383146,70,0,0,Prom,WORK_OF_ART,46,50
mdp.39015081383146,70,0,1,that night,TIME,69,79
mdp.39015081383146,70,1,0,Newport,GPE,0,7
mdp.39015081383146,70,1,1,Narragansett,GPE,9,21
mdp.39015081383146,70,1,2,Bar Harbor,GPE,23,33
mdp.39015081383146,70,1,3,"Atlantic City,—no",GPE,51,68
mdp.39015081383146,70,1,4,Palm Beach,GPE,164,174
mdp.39015081383146,70,1,5,Nassau,GPE,176,182
mdp.39015081383146,70,1,6,California,GPE,184,194
mdp.39015081383146,70,1,7,the West Indies,GPE,200,215
mdp.39015081383146,70,1,8,the winter,DATE,219,229
mdp.39015081383146,70,1,9,the day,DATE,238,245
mdp.39015081383146,70,2,0,Reno,GPE,203,207
mdp.39015081383146,70,2,1,second,ORDINAL,286,292
mdp.39015081383146,70,2,2,Pinaud,PERSON,329,335
mdp.39015081383146,70,2,3,Worth,ORG,460,465
mdp.39015081383146,70,2,4,Hepner,PERSON,516,522
mdp.39015081383146,70,2,5,Prom,EVENT,802,806
mdp.39015081383146,70,3,0,Cupid,PERSON,20,25
mdp.39015081383146,70,3,1,a thousand,CARDINAL,123,133
mdp.39015081383146,70,3,2,one,CARDINAL,154,157
mdp.39015081383146,71,0,0,REDDER BLOOD,PERSON,0,12
mdp.39015081383146,71,1,0,Y. M. C. A.,ORG,52,63
mdp.39015081383146,71,1,1,two,CARDINAL,124,127
mdp.39015081383146,71,8,0,the years,DATE,51,60
mdp.39015081383146,72,2,0,a South American,NORP,15,31
mdp.39015081383146,72,6,0,ten,CARDINAL,27,30
mdp.39015081383146,72,9,0,three,CARDINAL,16,21
mdp.39015081383146,72,9,1,One,CARDINAL,74,77
mdp.39015081383146,72,14,0,two,CARDINAL,10,13
mdp.39015081383146,72,16,0,Innocence,PERSON,21,30
mdp.39015081383146,72,20,0,this summer,DATE,20,31
mdp.39015081383146,72,25,0,eighteen,CARDINAL,46,54
mdp.39015081383146,73,0,0,REDDER BLOOD 69,PERSON,0,15
mdp.39015081383146,73,2,0,Caesar,PERSON,65,71
mdp.39015081383146,73,5,0,Becky Sharp,PERSON,16,27
mdp.39015081383146,73,5,1,Irina,PERSON,44,49
mdp.39015081383146,73,8,0,Sunday,DATE,71,77
mdp.39015081383146,73,8,1,Bible,WORK_OF_ART,88,93
mdp.39015081383146,73,10,0,Esther,PERSON,8,14
mdp.39015081383146,73,10,1,Delilah,PERSON,19,26
mdp.39015081383146,73,15,0,Fifth Avenue,FAC,2,14
mdp.39015081383146,73,15,1,only yesterday,DATE,61,75
mdp.39015081383146,73,17,0,only twenty-four,DATE,21,37
mdp.39015081383146,73,19,0,thirty-six years old,DATE,7,27
mdp.39015081383146,73,25,0,The Blue,WORK_OF_ART,1,9
mdp.39015081383146,74,0,0,Herr Strauss,PERSON,63,75
mdp.39015081383146,74,1,0,"Home, Sweet Home",WORK_OF_ART,6,22
mdp.39015081383146,74,1,1,night,TIME,74,79
mdp.39015081383146,75,0,0,Roland Bullock,PERSON,25,39
mdp.39015081383146,75,0,1,about six o'clock the Sunday,TIME,40,68
mdp.39015081383146,75,0,2,Adrian,PERSON,109,115
mdp.39015081383146,75,1,0,Adrian,PERSON,0,6
mdp.39015081383146,75,1,1,O. Henry's,PERSON,49,59
mdp.39015081383146,75,1,2,half,CARDINAL,84,88
mdp.39015081383146,75,3,0,day,DATE,104,107
mdp.39015081383146,75,3,1,year,DATE,133,137
mdp.39015081383146,75,5,0,The past twenty-four hours,TIME,0,26
mdp.39015081383146,75,6,0,Bullock,PERSON,140,147
mdp.39015081383146,75,6,1,one,CARDINAL,265,268
mdp.39015081383146,76,0,0,Bullock,PERSON,16,23
mdp.39015081383146,76,0,1,German,NORP,206,212
mdp.39015081383146,76,1,0,Addie,PERSON,20,25
mdp.39015081383146,76,2,0,Roland,PERSON,12,18
mdp.39015081383146,76,2,1,Adrian,PERSON,26,32
mdp.39015081383146,76,4,0,the Science Building,FAC,72,92
mdp.39015081383146,76,4,1,Friday,DATE,142,148
mdp.39015081383146,76,6,0,Roland,PERSON,20,26
mdp.39015081383146,76,7,0,O. Henry,PERSON,0,8
mdp.39015081383146,76,8,0,Adrian,PERSON,20,26
mdp.39015081383146,76,13,0,Bullock,PERSON,0,7
mdp.39015081383146,76,13,1,one,CARDINAL,50,53
mdp.39015081383146,77,0,0,REDDER BLOOD,PERSON,0,12
mdp.39015081383146,77,1,0,Roland,PERSON,64,70
mdp.39015081383146,77,2,0,the night,TIME,39,48
mdp.39015081383146,77,3,0,one,CARDINAL,10,13
mdp.39015081383146,77,3,1,one,CARDINAL,27,30
mdp.39015081383146,77,4,0,only one,CARDINAL,10,18
mdp.39015081383146,77,4,1,second,ORDINAL,36,42
mdp.39015081383146,77,4,2,Croydon,PERSON,67,74
mdp.39015081383146,77,5,0,third,ORDINAL,30,35
mdp.39015081383146,77,6,0,Zack Tamer,PERSON,5,15
mdp.39015081383146,77,6,1,Zack,PERSON,22,26
mdp.39015081383146,77,6,2,Bowery,GPE,39,45
mdp.39015081383146,77,6,3,"""Shark"" Wilkins",PERSON,95,110
mdp.39015081383146,77,6,4,Bowery,LOC,154,160
mdp.39015081383146,77,6,5,Zack,PERSON,200,204
mdp.39015081383146,77,6,6,a summer's day,DATE,224,238
mdp.39015081383146,77,6,7,California,GPE,289,299
mdp.39015081383146,77,7,0,Zack,PERSON,4,8
mdp.39015081383146,77,7,1,East Side,LOC,34,43
mdp.39015081383146,77,7,2,Chuck Connors,PERSON,99,112
mdp.39015081383146,77,7,3,Encyclopedia Britannica,ORG,144,167
mdp.39015081383146,77,7,4,Arabic,LANGUAGE,236,242
mdp.39015081383146,77,7,5,Hebrew,LANGUAGE,254,260
mdp.39015081383146,77,7,6,Icelandic,NORP,300,309
mdp.39015081383146,78,0,0,74,CARDINAL,0,2
mdp.39015081383146,78,0,1,one,CARDINAL,118,121
mdp.39015081383146,78,0,2,Ingersoll,ORG,146,155
mdp.39015081383146,78,1,0,Bowery,GPE,37,43
mdp.39015081383146,78,2,0,Zack,PERSON,32,36
mdp.39015081383146,78,2,1,Pemberton,ORG,91,100
mdp.39015081383146,78,2,2,a thousand,CARDINAL,113,123
mdp.39015081383146,78,3,0,half mile,QUANTITY,25,34
mdp.39015081383146,78,3,1,quarter,CARDINAL,85,92
mdp.39015081383146,78,4,0,Anton Scutter,PERSON,79,92
mdp.39015081383146,78,5,0,Zack,PERSON,32,36
mdp.39015081383146,78,6,0,Scutter,PERSON,38,45
mdp.39015081383146,78,7,0,a million,CARDINAL,41,50
mdp.39015081383146,78,7,1,Bob Atkinson,PERSON,65,77
mdp.39015081383146,78,8,0,Thou Hunter of Fortune,PERSON,1,23
mdp.39015081383146,78,8,1,Zack,PERSON,33,37
mdp.39015081383146,78,12,0,June,DATE,70,74
mdp.39015081383146,78,13,0,Bullock,PERSON,18,25
mdp.39015081383146,79,0,0,REDDER BLOOD,PERSON,0,12
mdp.39015081383146,79,1,0,Atkinson,PERSON,23,31
mdp.39015081383146,79,3,0,Xantippe,PERSON,15,23
mdp.39015081383146,79,3,1,Socrates,PERSON,89,97
mdp.39015081383146,79,3,2,Soc,PERSON,149,152
mdp.39015081383146,79,3,3,Athenian,NORP,176,184
mdp.39015081383146,79,5,0,Bob,PERSON,15,18
mdp.39015081383146,79,5,1,Zack,PERSON,29,33
mdp.39015081383146,79,6,0,Socrates,PERSON,100,108
mdp.39015081383146,79,8,0,Adrian,PERSON,110,116
mdp.39015081383146,79,13,0,Venus,PERSON,11,16
mdp.39015081383146,79,14,0,Zack,PERSON,181,185
mdp.39015081383146,79,15,0,Atkinson,PERSON,26,34
mdp.39015081383146,79,15,1,Adrian,PERSON,58,64
mdp.39015081383146,80,2,0,Adrian,PERSON,11,17
mdp.39015081383146,80,3,0,every penny,MONEY,11,22
mdp.39015081383146,80,3,1,Scutter,PERSON,79,86
mdp.39015081383146,80,4,0,Zack,PERSON,51,55
mdp.39015081383146,80,4,1,Bowery,NORP,75,81
mdp.39015081383146,80,5,0,Scutter,PERSON,50,57
mdp.39015081383146,80,7,0,Atkinson,PERSON,26,34
mdp.39015081383146,80,8,0,Tom Blackwell,PERSON,102,115
mdp.39015081383146,80,11,0,Tom,PERSON,45,48
mdp.39015081383146,80,11,1,Atkinson,PERSON,90,98
mdp.39015081383146,80,13,0,Adrian,PERSON,39,45
mdp.39015081383146,80,13,1,Blackwell,PERSON,53,62
mdp.39015081383146,81,0,0,77,CARDINAL,13,15
mdp.39015081383146,81,0,1,Adrian,PERSON,48,54
mdp.39015081383146,81,1,0,Ted Matthews,PERSON,33,45
mdp.39015081383146,81,1,1,last night,TIME,73,83
mdp.39015081383146,81,2,0,Mart Downing,PERSON,46,58
mdp.39015081383146,81,3,0,Blackwell,PERSON,0,9
mdp.39015081383146,81,3,1,a few years,DATE,100,111
mdp.39015081383146,81,3,2,fifty years hence,DATE,184,201
mdp.39015081383146,81,4,0,Blackwell,PERSON,8,17
mdp.39015081383146,81,4,1,Mart,PERSON,26,30
mdp.39015081383146,81,4,2,half a century ago,DATE,94,112
mdp.39015081383146,81,5,0,Havelock Ellis,PERSON,10,24
mdp.39015081383146,81,6,0,Frau Olive Schreiner,PERSON,14,34
mdp.39015081383146,81,6,1,Scutter,PERSON,63,70
mdp.39015081383146,81,7,0,German,NORP,32,38
mdp.39015081383146,81,7,1,Matthews,PERSON,49,57
mdp.39015081383146,81,8,0,Zack,PERSON,42,46
mdp.39015081383146,81,9,0,Greeks,NORP,4,10
mdp.39015081383146,81,10,0,Blackwell,PERSON,17,26
mdp.39015081383146,81,11,0,Croydon,PERSON,42,49
mdp.39015081383146,81,11,1,Atkinson,PERSON,57,65
mdp.39015081383146,81,13,0,one,CARDINAL,36,39
mdp.39015081383146,82,0,0,78,CARDINAL,0,2
mdp.39015081383146,82,1,0,Carey,PERSON,5,10
mdp.39015081383146,82,1,1,Phillips Brooks,WORK_OF_ART,22,37
mdp.39015081383146,82,1,2,Addie,PERSON,64,69
mdp.39015081383146,82,2,0,midnight,TIME,97,105
mdp.39015081383146,83,0,0,ADRIAN,PERSON,9,15
mdp.39015081383146,83,1,0,Saturday,DATE,62,70
mdp.39015081383146,83,6,0,the centuries,DATE,9,22
mdp.39015081383146,83,7,0,Adam,PERSON,38,42
mdp.39015081383146,83,7,1,Eve,PERSON,61,64
mdp.39015081383146,83,7,2,one,CARDINAL,74,77
mdp.39015081383146,83,7,3,Eve,PERSON,187,190
mdp.39015081383146,83,7,4,Adam,PERSON,217,221
mdp.39015081383146,83,12,0,Adrian,PERSON,70,76
mdp.39015081383146,83,12,1,Adrian,PERSON,94,100
mdp.39015081383146,84,0,0,80,CARDINAL,0,2
mdp.39015081383146,84,0,1,3,CARDINAL,16,17
mdp.39015081383146,84,4,0,WANDA CROYDON,PERSON,7,20
mdp.39015081383146,84,5,0,Adrian,PERSON,0,6
mdp.39015081383146,84,5,1,one morning,TIME,67,78
mdp.39015081383146,84,6,0,CROYDON,PERSON,30,37
mdp.39015081383146,84,10,0,ADRIAN BIRCH,PERSON,17,29
mdp.39015081383146,84,11,0,ADRIAN,PERSON,21,27
mdp.39015081383146,84,14,0,Adrian,PERSON,0,6
mdp.39015081383146,84,14,1,Plato,PERSON,40,45
mdp.39015081383146,84,15,0,Plato,PERSON,5,10
mdp.39015081383146,84,18,0,two,CARDINAL,33,36
mdp.39015081383146,84,19,0,Adrian,PERSON,13,19
mdp.39015081383146,84,21,0,Adrian,PERSON,50,56
mdp.39015081383146,85,0,0,8,CARDINAL,13,14
mdp.39015081383146,85,0,1,first,ORDINAL,31,36
mdp.39015081383146,85,0,2,two,CARDINAL,37,40
mdp.39015081383146,85,1,0,Adrian,PERSON,21,27
mdp.39015081383146,85,2,0,WANDA,PERSON,0,5
mdp.39015081383146,85,3,0,Adrian,PERSON,5,11
mdp.39015081383146,85,3,1,first,ORDINAL,37,42
mdp.39015081383146,85,3,2,second,ORDINAL,129,135
mdp.39015081383146,85,4,0,Plato,PERSON,45,50
mdp.39015081383146,85,4,1,Biblical,NORP,93,101
mdp.39015081383146,85,7,0,a thousand years old,DATE,68,88
mdp.39015081383146,85,8,0,one,CARDINAL,15,18
mdp.39015081383146,85,10,0,Prom,EVENT,43,47
mdp.39015081383146,85,12,0,Adrian,PERSON,10,16
mdp.39015081383146,86,0,0,82,CARDINAL,0,2
mdp.39015081383146,86,3,0,Wanda,PERSON,28,33
mdp.39015081383146,86,10,0,Sunday,DATE,98,104
mdp.39015081383146,86,11,0,the Holy Day,EVENT,100,112
mdp.39015081383146,87,0,0,REDDER BLOOD,PERSON,0,12
mdp.39015081383146,87,5,0,Wanda,PERSON,0,5
mdp.39015081383146,87,6,0,Adrian,PERSON,16,22
mdp.39015081383146,87,7,0,Adrian,PERSON,59,65
mdp.39015081383146,88,0,0,Zelda,PERSON,5,10
mdp.39015081383146,88,1,0,a strenuous day,DATE,6,21
mdp.39015081383146,88,2,0,Leon,PERSON,0,4
mdp.39015081383146,88,3,0,Zelda,PERSON,42,47
mdp.39015081383146,88,6,0,Centuries ago,DATE,0,13
mdp.39015081383146,89,0,0,REDDER BLOOD,PERSON,0,12
mdp.39015081383146,89,1,0,Christianity,ORG,52,64
mdp.39015081383146,89,2,0,the Healer of Healers,WORK_OF_ART,155,176
mdp.39015081383146,89,3,0,Zelda,PERSON,78,83
mdp.39015081383146,90,8,0,two,CARDINAL,4,7
mdp.39015081383146,90,13,0,one,CARDINAL,61,64
mdp.39015081383146,91,13,0,one,CARDINAL,55,58
mdp.39015081383146,91,14,0,One,CARDINAL,0,3
mdp.39015081383146,92,0,0,88,CARDINAL,0,2
mdp.39015081383146,92,1,0,Zelda,PERSON,0,5
mdp.39015081383146,92,4,0,one,CARDINAL,3,6
mdp.39015081383146,92,6,0,Zelda,PERSON,32,37
mdp.39015081383146,92,8,0,November,DATE,50,58
mdp.39015081383146,92,9,0,Zelda,PERSON,104,109
mdp.39015081383146,93,0,0,REDDER BLOOD,PERSON,0,12
mdp.39015081383146,93,2,0,Jesus,PERSON,154,159
mdp.39015081383146,93,4,0,dawn,TIME,78,82
mdp.39015081383146,93,4,1,night,TIME,150,155
mdp.39015081383146,93,5,0,Leon,PERSON,0,4
mdp.39015081383146,93,7,0,Stanton,PERSON,10,17
mdp.39015081383146,93,9,0,an extra quarter of an hour,TIME,15,42
mdp.39015081383146,94,1,0,that night,TIME,79,89
mdp.39015081383146,94,8,0,Christian,NORP,116,125
mdp.39015081383146,94,9,0,State,ORG,87,92
mdp.39015081383146,94,11,0,Zelda,PERSON,0,5
mdp.39015081383146,94,11,1,that evening,TIME,30,42
mdp.39015081383146,94,12,0,Stanton,PERSON,34,41
mdp.39015081383146,94,12,1,Leon,PERSON,60,64
mdp.39015081383146,95,0,0,REDDER BLOOD 91,PERSON,0,15
mdp.39015081383146,95,1,0,two,CARDINAL,52,55
mdp.39015081383146,95,3,0,one,CARDINAL,9,12
mdp.39015081383146,95,4,0,Leon,PERSON,124,128
mdp.39015081383146,95,5,0,night,TIME,13,18
mdp.39015081383146,95,8,0,Orient,LOC,84,90
mdp.39015081383146,95,11,0,two,CARDINAL,44,47
mdp.39015081383146,96,0,0,92,CARDINAL,0,2
mdp.39015081383146,96,1,0,Leon,PERSON,31,35
mdp.39015081383146,96,3,0,Leon,PERSON,188,192
mdp.39015081383146,96,10,0,Zelda,PERSON,0,5
mdp.39015081383146,96,11,0,Aurora,PERSON,31,37
mdp.39015081383146,97,1,0,two,CARDINAL,89,92
mdp.39015081383146,97,6,0,Zelda,PERSON,68,73
mdp.39015081383146,97,7,0,one,CARDINAL,98,101
mdp.39015081383146,97,10,0,Zelda,PERSON,0,5
mdp.39015081383146,97,13,0,God,PERSON,5,8
mdp.39015081383146,97,14,0,Zelda,PERSON,0,5
mdp.39015081383146,97,15,0,Brazil,GPE,49,55
mdp.39015081383146,98,6,0,Zelda,PERSON,29,34
mdp.39015081383146,98,6,1,Zelda,PERSON,56,61
mdp.39015081383146,98,6,2,Zelda,PERSON,77,82
mdp.39015081383146,98,7,0,one,CARDINAL,247,250
mdp.39015081383146,98,8,0,Zelda,PERSON,25,30
mdp.39015081383146,99,4,0,Zelda,PERSON,0,5
mdp.39015081383146,99,4,1,five years,DATE,34,44
mdp.39015081383146,99,10,0,Mark,PERSON,200,204
mdp.39015081383146,99,11,0,Zelda,PERSON,22,27
mdp.39015081383146,100,2,0,Leon,PERSON,13,17
mdp.39015081383146,100,7,0,Leon,PERSON,20,24
mdp.39015081383146,100,10,0,first,ORDINAL,15,20
mdp.39015081383146,100,18,0,Birch,PERSON,8,13
mdp.39015081383146,100,20,0,Anne,PERSON,0,4
mdp.39015081383146,101,0,0,REDDER BLOOD,PERSON,0,12
mdp.39015081383146,101,2,0,Zelda,PERSON,3,8
mdp.39015081383146,101,3,0,one,CARDINAL,35,38
mdp.39015081383146,101,4,0,Leon,PERSON,34,38
mdp.39015081383146,101,8,0,all night,TIME,59,68
mdp.39015081383146,101,12,0,Zelda,PERSON,57,62
mdp.39015081383146,101,13,0,Leon,PERSON,31,35
mdp.39015081383146,102,0,0,98,CARDINAL,0,2
mdp.39015081383146,102,1,0,Leon,PERSON,269,273
mdp.39015081383146,103,0,0,Zelda,PERSON,3,8
mdp.39015081383146,103,2,0,Stanton,PERSON,107,114
mdp.39015081383146,103,3,0,Stanton,PERSON,109,116
mdp.39015081383146,103,4,0,the night,TIME,7,16
mdp.39015081383146,103,4,1,Stanton,PERSON,52,59
mdp.39015081383146,103,5,0,years,DATE,77,82
mdp.39015081383146,103,10,0,Stanton,PERSON,18,25
mdp.39015081383146,103,10,1,99,CARDINAL,101,103
mdp.39015081383146,104,0,0,100,CARDINAL,0,3
mdp.39015081383146,104,1,0,fourth,ORDINAL,23,29
mdp.39015081383146,104,1,1,one,CARDINAL,44,47
mdp.39015081383146,104,1,2,Eastmans,PERSON,135,143
mdp.39015081383146,104,1,3,Zelda,PERSON,229,234
mdp.39015081383146,104,3,0,Zelda,PERSON,63,68
mdp.39015081383146,104,3,1,Leon,PERSON,99,103
mdp.39015081383146,104,5,0,Star and Garter,WORK_OF_ART,60,75
mdp.39015081383146,104,5,1,two or,CARDINAL,88,94
mdp.39015081383146,104,5,2,three,CARDINAL,95,100
mdp.39015081383146,104,5,3,"the ""Annual Saloonmen's Outing",WORK_OF_ART,119,149
mdp.39015081383146,104,6,0,midnight,TIME,119,127
mdp.39015081383146,104,7,0,one,CARDINAL,12,15
mdp.39015081383146,105,0,0,about half an inch,QUANTITY,22,40
mdp.39015081383146,105,1,0,Zelda,PERSON,61,66
mdp.39015081383146,105,2,0,one,CARDINAL,38,41
mdp.39015081383146,105,2,1,two,CARDINAL,49,52
mdp.39015081383146,105,12,0,Zelda,PERSON,23,28
mdp.39015081383146,106,0,0,102,CARDINAL,0,3
mdp.39015081383146,106,0,1,fifty thousand dollars,MONEY,17,39
mdp.39015081383146,106,1,0,Leon,PERSON,48,52
mdp.39015081383146,106,1,1,"50,000",MONEY,75,81
mdp.39015081383146,106,2,0,ten thousand,CARDINAL,20,32
mdp.39015081383146,106,2,1,yearly,DATE,33,39
mdp.39015081383146,106,8,0,Zelda,PERSON,6,11
mdp.39015081383146,106,9,0,fifty thousand,CARDINAL,6,20
mdp.39015081383146,106,9,1,America,GPE,34,41
mdp.39015081383146,106,9,2,the Isles of the Sea,LOC,49,69
mdp.39015081383146,106,9,3,the South Sea Islands,LOC,345,366
mdp.39015081383146,107,0,0,REDDER BLOOD,PERSON,0,12
mdp.39015081383146,107,0,1,103,CARDINAL,13,16
mdp.39015081383146,107,5,0,Zelda,PERSON,10,15
mdp.39015081383146,107,6,0,one minute,TIME,102,112
mdp.39015081383146,107,6,1,years ago,DATE,161,170
mdp.39015081383146,107,9,0,Leon,PERSON,6,10
mdp.39015081383146,107,19,0,two,CARDINAL,8,11
mdp.39015081383146,107,19,1,two,CARDINAL,46,49
mdp.39015081383146,107,19,2,two,CARDINAL,68,71
mdp.39015081383146,107,19,3,two,CARDINAL,91,94
mdp.39015081383146,107,19,4,two,CARDINAL,112,115
mdp.39015081383146,107,20,0,New York,GPE,22,30
mdp.39015081383146,107,20,1,Jersey City,GPE,82,93
mdp.39015081383146,107,20,2,Trenton,GPE,122,129
mdp.39015081383146,108,0,0,104,CARDINAL,0,3
mdp.39015081383146,108,1,0,Boston,GPE,0,6
mdp.39015081383146,108,1,1,Capetown,GPE,23,31
mdp.39015081383146,108,1,2,London,GPE,46,52
mdp.39015081383146,108,1,3,Pekin,GPE,65,70
mdp.39015081383146,108,3,0,Leon,PERSON,1,5
mdp.39015081383146,108,6,0,one,CARDINAL,81,84
mdp.39015081383146,108,8,0,Leon,PERSON,17,21
mdp.39015081383146,108,17,0,twentyfive years,DATE,57,73
mdp.39015081383146,109,0,0,REDDER BLOOD,PERSON,0,12
mdp.39015081383146,109,2,0,Zelda,PERSON,56,61
mdp.39015081383146,109,5,0,half-pint,QUANTITY,26,35
mdp.39015081383146,109,8,0,noon-day,DATE,67,75
mdp.39015081383146,109,11,0,Zelda,PERSON,0,5
mdp.39015081383146,109,12,0,Leon,PERSON,0,4
mdp.39015081383146,110,0,0,106,CARDINAL,0,3
mdp.39015081383146,110,0,1,America,GPE,50,57
mdp.39015081383146,110,4,0,one-hundredth,CARDINAL,5,18
mdp.39015081383146,110,4,1,New York,GPE,49,57
mdp.39015081383146,110,14,0,Book,WORK_OF_ART,34,38
mdp.39015081383146,111,0,0,night,TIME,238,243
mdp.39015081383146,111,11,0,Leon,PERSON,14,18
mdp.39015081383146,112,0,0,108,CARDINAL,0,3
mdp.39015081383146,112,10,0,Leon,PERSON,37,41
mdp.39015081383146,113,0,0,REDDER BLOOD,PERSON,0,12
mdp.39015081383146,114,0,0,1,CARDINAL,2,3
mdp.39015081383146,114,1,0,two,CARDINAL,100,103
mdp.39015081383146,114,1,1,Leon,PERSON,144,148
mdp.39015081383146,114,1,2,Zelda,PERSON,292,297
mdp.39015081383146,114,2,0,Leon,PERSON,20,24
mdp.39015081383146,114,4,0,Zelda,PERSON,0,5
mdp.39015081383146,114,5,0,Eastsiders,WORK_OF_ART,13,23
mdp.39015081383146,114,6,0,one,CARDINAL,84,87
mdp.39015081383146,115,1,0,Zelda,PERSON,26,31
mdp.39015081383146,115,1,1,Stanton,PERSON,73,80
mdp.39015081383146,115,1,2,Leon,PERSON,131,135
mdp.39015081383146,115,1,3,Zelda,PERSON,236,241
mdp.39015081383146,115,3,0,Leon,PERSON,33,37
mdp.39015081383146,115,4,0,Home,ORG,151,155
mdp.39015081383146,115,5,0,that afternoon,TIME,23,37
mdp.39015081383146,115,5,1,Leon,PERSON,72,76
mdp.39015081383146,115,5,2,Stanton,PERSON,78,85
mdp.39015081383146,115,6,0,three days,DATE,39,49
mdp.39015081383146,116,2,0,Stanton,PERSON,57,64
mdp.39015081383146,116,6,0,years,DATE,27,32
mdp.39015081383146,116,6,1,Leon,PERSON,45,49
mdp.39015081383146,116,6,2,Stanton,PERSON,106,113
mdp.39015081383146,116,6,3,Adrian,PERSON,123,129
mdp.39015081383146,116,7,0,Leon,PERSON,3,7
mdp.39015081383146,116,8,0,Stanton,PERSON,0,7
mdp.39015081383146,116,8,1,Home,ORG,127,131
mdp.39015081383146,116,9,0,Christmas,DATE,22,31
mdp.39015081383146,116,10,0,her first Christmas,DATE,6,25
mdp.39015081383146,116,10,1,that day,DATE,88,96
mdp.39015081383146,116,12,0,December,DATE,25,33
mdp.39015081383146,116,12,1,Clairmont,GPE,60,69
mdp.39015081383146,116,12,2,Newton,GPE,74,80
mdp.39015081383146,116,13,0,Yuletide,EVENT,41,49
mdp.39015081383146,116,13,1,a May day,DATE,77,86
mdp.39015081383146,116,14,0,daily,DATE,15,20
mdp.39015081383146,117,0,0,REDDER BLOOD,PERSON,0,12
mdp.39015081383146,117,0,1,Leon,PERSON,95,99
mdp.39015081383146,117,2,0,New York,GPE,66,74
mdp.39015081383146,117,6,0,Zelda,PERSON,48,53
mdp.39015081383146,117,15,0,New York,GPE,25,33
mdp.39015081383146,118,0,0,114 REDDER BLOOD,PERSON,0,16
mdp.39015081383146,118,2,0,Leon,PERSON,0,4
mdp.39015081383146,118,7,0,Stanton,PERSON,23,30
mdp.39015081383146,118,7,1,Adrian,PERSON,37,43
mdp.39015081383146,118,13,0,Napoleon,PERSON,0,8
mdp.39015081383146,119,0,0,REDDER BLOOD,PERSON,0,12
mdp.39015081383146,119,2,0,Zelda,PERSON,4,9
mdp.39015081383146,119,3,0,Leon,PERSON,1,5
mdp.39015081383146,119,14,0,Zelda,PERSON,7,12
mdp.39015081383146,119,16,0,Stanton,PERSON,30,37
mdp.39015081383146,119,16,1,Bountiful,PERSON,224,233
mdp.39015081383146,119,18,0,Leon,PERSON,7,11
mdp.39015081383146,120,0,0,116 REDDER BLOOD,PERSON,0,16
mdp.39015081383146,121,9,0,Fitz,PERSON,18,22
mdp.39015081383146,121,11,0,one,CARDINAL,29,32
mdp.39015081383146,121,14,0,Home,FAC,49,53
mdp.39015081383146,122,2,0,Zelda,PERSON,39,44
mdp.39015081383146,122,5,0,Dan,PERSON,47,50
mdp.39015081383146,122,5,1,Dan,PERSON,128,131
mdp.39015081383146,122,18,0,third,ORDINAL,8,13
mdp.39015081383146,123,0,0,119 day,DATE,13,20
mdp.39015081383146,123,4,0,Zelda,PERSON,25,30
mdp.39015081383146,123,7,0,ten years ago,DATE,43,56
mdp.39015081383146,123,10,0,only two,CARDINAL,52,60
mdp.39015081383146,125,0,0,پر I21,PERSON,0,6
mdp.39015081383146,125,12,0,O'Reilly,PERSON,28,36
mdp.39015081383146,126,0,0,22,CARDINAL,2,4
mdp.39015081383146,126,0,1,seven,TIME,86,91
mdp.39015081383146,126,5,0,Zelda,PERSON,55,60
mdp.39015081383146,126,6,0,Stanton,PERSON,51,58
mdp.39015081383146,126,6,1,Elsie Van Deman,PERSON,77,92
mdp.39015081383146,126,6,2,Xmas,DATE,113,117
mdp.39015081383146,126,7,0,Stanton,PERSON,17,24
mdp.39015081383146,126,8,0,Thomas,PERSON,57,63
mdp.39015081383146,126,8,1,Leon,PERSON,87,91
mdp.39015081383146,126,8,2,day,DATE,94,97
mdp.39015081383146,126,12,0,Brocktons,PERSON,28,37
mdp.39015081383146,126,14,0,That night,TIME,0,10
mdp.39015081383146,127,3,0,Yorktown,GPE,49,57
mdp.39015081383146,127,3,1,Leon,PERSON,102,106
mdp.39015081383146,127,3,2,Mark,PERSON,144,148
mdp.39015081383146,127,3,3,Marks,PERSON,211,216
mdp.39015081383146,127,5,0,Stanton,PERSON,155,162
mdp.39015081383146,127,7,0,Stanton,PERSON,95,102
mdp.39015081383146,127,7,1,a month old,DATE,195,206
mdp.39015081383146,127,8,0,two hours old,TIME,87,100
mdp.39015081383146,127,10,0,the first days,DATE,15,29
mdp.39015081383146,128,0,0,124,CARDINAL,0,3
mdp.39015081383146,128,4,0,Leon,PERSON,56,60
mdp.39015081383146,128,4,1,Leon,PERSON,79,83
mdp.39015081383146,128,8,0,Satanic,NORP,65,72
mdp.39015081383146,128,10,0,one,CARDINAL,79,82
mdp.39015081383146,129,0,0,Adrian,PERSON,4,10
mdp.39015081383146,129,3,0,the Senate of the United States,ORG,76,107
mdp.39015081383146,129,3,1,the Temple of Fame,ORG,131,149
mdp.39015081383146,129,8,0,Croydon,PERSON,53,60
mdp.39015081383146,130,0,0,126,CARDINAL,0,3
mdp.39015081383146,130,2,0,Adrian,PERSON,25,31
mdp.39015081383146,130,8,0,between five and seven o'clock,TIME,27,57
mdp.39015081383146,130,8,1,nightly,DATE,64,71
mdp.39015081383146,130,8,2,New York,GPE,79,87
mdp.39015081383146,130,8,3,Northern New Jersey,LOC,116,135
mdp.39015081383146,130,8,4,Lackawanna,LOC,145,155
mdp.39015081383146,130,8,5,Adrian,PERSON,157,163
mdp.39015081383146,130,9,0,Hoboken,GPE,39,46
mdp.39015081383146,130,11,0,Wanda,PERSON,93,98
mdp.39015081383146,131,1,0,Adrian,PERSON,0,6
mdp.39015081383146,131,2,0,Croydon,PERSON,39,46
mdp.39015081383146,131,4,0,Adrian,PERSON,53,59
mdp.39015081383146,131,6,0,Diana,PERSON,74,79
mdp.39015081383146,131,11,0,Boonsville,GPE,27,37
mdp.39015081383146,131,14,0,Clairmont,GPE,4,13
mdp.39015081383146,131,15,0,the night,TIME,14,23
mdp.39015081383146,131,15,1,Brocktons,PERSON,39,48
mdp.39015081383146,131,16,0,Pemberton,GPE,29,38
mdp.39015081383146,132,0,0,128 REDDER BLOOD,PERSON,0,16
mdp.39015081383146,132,9,0,Croydon,PERSON,22,29
mdp.39015081383146,132,9,1,the Cholly Knickerbockers,PERSON,36,61
mdp.39015081383146,133,0,0,REDDER BLOOD,PERSON,0,12
mdp.39015081383146,133,1,0,Adrian,PERSON,5,11
mdp.39015081383146,133,4,0,Carnegie Hall,ORG,35,48
mdp.39015081383146,133,4,1,Vronski,PERSON,57,64
mdp.39015081383146,133,6,0,springtime,DATE,142,152
mdp.39015081383146,133,8,0,Addie,PERSON,9,14
mdp.39015081383146,133,10,0,Adrian,PERSON,0,6
mdp.39015081383146,134,0,0,130,CARDINAL,0,3
mdp.39015081383146,134,1,0,Croydon,PERSON,126,133
mdp.39015081383146,134,2,0,Wanda,PERSON,4,9
mdp.39015081383146,134,10,0,Adrian,PERSON,59,65
mdp.39015081383146,135,0,0,REDDER BLOOD 131,PERSON,0,16
mdp.39015081383146,135,6,0,Adrian,PERSON,48,54
mdp.39015081383146,135,7,0,New York,GPE,20,28
mdp.39015081383146,135,9,0,New York,GPE,12,20
mdp.39015081383146,135,10,0,Wanda,PERSON,5,10
mdp.39015081383146,135,10,1,Wanda,PERSON,12,17
mdp.39015081383146,135,13,0,Adrian,PERSON,24,30
mdp.39015081383146,135,15,0,Glaucus,PERSON,87,94
mdp.39015081383146,136,0,0,132,CARDINAL,0,3
mdp.39015081383146,136,0,1,your future days,DATE,34,50
mdp.39015081383146,136,5,0,morning,TIME,152,159
mdp.39015081383146,136,7,0,millions,CARDINAL,96,104
mdp.39015081383146,136,13,0,Wand,PERSON,6,10
mdp.39015081383146,136,13,1,first,ORDINAL,54,59
mdp.39015081383146,137,0,0,REDDER BLOOD,PERSON,0,12
mdp.39015081383146,137,4,0,Adrian,PERSON,4,10
mdp.39015081383146,137,7,0,millions,CARDINAL,81,89
mdp.39015081383146,137,14,0,Brocktons,PERSON,64,73
mdp.39015081383146,137,14,1,Clairmont,GPE,94,103
mdp.39015081383146,137,14,2,Brockton,PERSON,202,210
mdp.39015081383146,137,15,0,Wanda,PERSON,0,5
mdp.39015081383146,138,0,0,five blocks,QUANTITY,59,70
mdp.39015081383146,138,0,1,Brockton,PERSON,110,118
mdp.39015081383146,138,0,2,Wanda,PERSON,165,170
mdp.39015081383146,138,1,0,Brockton,PERSON,5,13
mdp.39015081383146,138,1,1,fifty,DATE,40,45
mdp.39015081383146,138,5,0,Wanda,PERSON,8,13
mdp.39015081383146,138,5,1,Croydon,PERSON,87,94
mdp.39015081383146,138,6,0,Brockton,PERSON,5,13
mdp.39015081383146,138,6,1,Wanda,PERSON,37,42
mdp.39015081383146,138,6,2,Europe,LOC,61,67
mdp.39015081383146,138,7,0,Boonsville,GPE,111,121
mdp.39015081383146,138,7,1,Brockton,PERSON,151,159
mdp.39015081383146,138,8,0,Wanda,PERSON,29,34
mdp.39015081383146,138,9,0,Brockton,PERSON,114,122
mdp.39015081383146,139,0,0,REDDER BLOOD,PERSON,0,12
mdp.39015081383146,139,0,1,Antietam,GPE,25,33
mdp.39015081383146,139,0,2,Chancellorsville,GPE,35,51
mdp.39015081383146,139,0,3,Shenandoah,GPE,57,67
mdp.39015081383146,139,0,4,Wanda,PERSON,143,148
mdp.39015081383146,139,0,5,one,CARDINAL,234,237
mdp.39015081383146,139,1,0,the pioneer days,DATE,10,26
mdp.39015081383146,139,2,0,millions of dollars,MONEY,88,107
mdp.39015081383146,139,2,1,an hour,TIME,117,124
mdp.39015081383146,139,4,0,Brockton,PERSON,5,13
mdp.39015081383146,139,4,1,one,CARDINAL,48,51
mdp.39015081383146,139,5,0,Wanda,PERSON,0,5
mdp.39015081383146,139,5,1,Addie,PERSON,73,78
mdp.39015081383146,139,5,2,Wanda,PERSON,230,235
mdp.39015081383146,139,5,3,Brockton,PERSON,277,285
mdp.39015081383146,139,6,0,this evening,TIME,44,56
mdp.39015081383146,139,6,1,Brockton,PERSON,64,72
mdp.39015081383146,139,8,0,Wanda,PERSON,6,11
mdp.39015081383146,139,8,1,Brockton,PERSON,211,219
mdp.39015081383146,140,0,0,136,CARDINAL,0,3
mdp.39015081383146,140,1,0,31,CARDINAL,6,8
mdp.39015081383146,140,1,1,Clairmont,PERSON,11,20
mdp.39015081383146,140,1,2,Croydon,PERSON,57,64
mdp.39015081383146,140,1,3,one,CARDINAL,79,82
mdp.39015081383146,140,2,0,Stanton Birch's,PERSON,8,23
mdp.39015081383146,140,2,1,Brockton,PERSON,36,44
mdp.39015081383146,140,3,0,Adrian,PERSON,23,29
mdp.39015081383146,140,6,0,Pemberton,GPE,26,35
mdp.39015081383146,140,7,0,three months,DATE,46,58
mdp.39015081383146,140,9,0,Brockton,PERSON,32,40
mdp.39015081383146,140,9,1,Wanda,PERSON,108,113
mdp.39015081383146,140,10,0,Adrian,PERSON,10,16
mdp.39015081383146,140,12,0,Adrian,PERSON,1,7
mdp.39015081383146,141,0,0,REDDER BLOOD,PERSON,0,12
mdp.39015081383146,141,4,0,fifteen minutes,TIME,24,39
mdp.39015081383146,141,5,0,night,TIME,81,86
mdp.39015081383146,141,7,0,Adrian,PERSON,13,19
mdp.39015081383146,141,7,1,Zelda,PERSON,29,34
mdp.39015081383146,141,8,0,Brockton,PERSON,21,29
mdp.39015081383146,141,10,0,an hour,TIME,78,85
mdp.39015081383146,141,11,0,a minute,TIME,27,35
mdp.39015081383146,141,11,1,Adrian,PERSON,37,43
mdp.39015081383146,141,12,0,Mother,PERSON,6,12
mdp.39015081383146,141,14,0,Brockton,PERSON,44,52
mdp.39015081383146,142,0,0,138,CARDINAL,0,3
mdp.39015081383146,142,1,0,Brockton,PERSON,75,83
mdp.39015081383146,142,5,0,Wanda,PERSON,17,22
mdp.39015081383146,142,6,0,Adrian,PERSON,11,17
mdp.39015081383146,142,7,0,A thousand,CARDINAL,0,10
mdp.39015081383146,142,8,0,Persian,NORP,174,181
mdp.39015081383146,142,9,0,Brockton,PERSON,77,85
mdp.39015081383146,142,10,0,Brockton,PERSON,65,73
mdp.39015081383146,142,10,1,Adrian,PERSON,77,83
mdp.39015081383146,142,10,2,Croydon,PERSON,156,163
mdp.39015081383146,143,0,0,REDDER BLOOD 139,WORK_OF_ART,0,16
mdp.39015081383146,143,1,0,Wanda,PERSON,26,31
mdp.39015081383146,143,3,0,Adrian,PERSON,0,6
mdp.39015081383146,143,3,1,first,ORDINAL,49,54
mdp.39015081383146,143,6,0,Adrian,PERSON,0,6
mdp.39015081383146,143,6,1,Vronski,PERSON,42,49
mdp.39015081383146,143,7,0,Wanda,PERSON,14,19
mdp.39015081383146,143,7,1,one,CARDINAL,60,63
mdp.39015081383146,143,7,2,Adrian,PERSON,139,145
mdp.39015081383146,143,7,3,Brockton,PERSON,206,214
mdp.39015081383146,143,8,0,Wanda,PERSON,16,21
mdp.39015081383146,143,8,1,Adrian,PERSON,29,35
mdp.39015081383146,143,9,0,Brocktons,PERSON,4,13
mdp.39015081383146,143,10,0,Adrian,PERSON,0,6
mdp.39015081383146,143,10,1,Wanda,PERSON,33,38
mdp.39015081383146,144,0,0,140,CARDINAL,0,3
mdp.39015081383146,144,3,0,one,CARDINAL,40,43
mdp.39015081383146,144,7,0,Wanda,PERSON,4,9
mdp.39015081383146,144,8,0,Adrian,PERSON,1,7
mdp.39015081383146,144,9,0,Adrian,PERSON,4,10
mdp.39015081383146,145,1,0,Addie,PERSON,26,31
mdp.39015081383146,145,4,0,Adrian,PERSON,25,31
mdp.39015081383146,145,4,1,Eve,PERSON,104,107
mdp.39015081383146,145,4,2,Adam,PERSON,119,123
mdp.39015081383146,145,4,3,Adrian,PERSON,172,178
mdp.39015081383146,145,7,0,Adrian,PERSON,0,6
mdp.39015081383146,145,8,0,Wanda,PERSON,27,32
mdp.39015081383146,145,10,0,one,CARDINAL,20,23
mdp.39015081383146,145,10,1,Wanda,PERSON,124,129
mdp.39015081383146,146,1,0,a few hours ago,TIME,206,221
mdp.39015081383146,146,3,0,Pemberton,ORG,64,73
mdp.39015081383146,146,7,0,early in the morning,TIME,32,52
mdp.39015081383146,146,7,1,Pemberton,GPE,57,66
mdp.39015081383146,146,8,0,an evening,TIME,16,26
mdp.39015081383146,146,8,1,Boonsville,GPE,38,48
mdp.39015081383146,146,9,0,that season,DATE,22,33
mdp.39015081383146,147,0,0,REDDER BLOOD,PERSON,0,12
mdp.39015081383146,147,5,0,Wanda,PERSON,1,6
mdp.39015081383146,148,0,0,Adrian,PERSON,23,29
mdp.39015081383146,148,3,0,Géricault,PERSON,23,32
mdp.39015081383146,148,3,1,American,NORP,84,92
mdp.39015081383146,148,3,2,Remington,PRODUCT,93,102
mdp.39015081383146,148,5,0,Bonheur,PERSON,8,15
mdp.39015081383146,148,6,0,Troyon,PERSON,18,24
mdp.39015081383146,148,8,0,Wanda,PERSON,26,31
mdp.39015081383146,148,8,1,Crews,PERSON,46,51
mdp.39015081383146,148,10,0,Adrian,PERSON,23,29
mdp.39015081383146,148,12,0,Crews,PERSON,89,94
mdp.39015081383146,148,13,0,Crews,PERSON,47,52
mdp.39015081383146,148,14,0,Adrian,PERSON,54,60
mdp.39015081383146,148,14,1,Wanda,PERSON,69,74
mdp.39015081383146,148,16,0,144,CARDINAL,0,3
mdp.39015081383146,149,0,0,REDDER BLOOD,PERSON,0,12
mdp.39015081383146,149,1,0,Alex,PERSON,1,5
mdp.39015081383146,149,1,1,Birch,PERSON,32,37
mdp.39015081383146,149,2,0,Caribelle,PERSON,22,31
mdp.39015081383146,149,2,1,Guy Hessden,PERSON,36,47
mdp.39015081383146,149,2,2,Adrian,PERSON,56,62
mdp.39015081383146,149,9,0,Wanda,PERSON,84,89
mdp.39015081383146,149,10,0,Laugh and the world,WORK_OF_ART,83,102
mdp.39015081383146,149,12,0,Wanda,PERSON,67,72
mdp.39015081383146,149,17,0,Adrian,PERSON,1,7
mdp.39015081383146,150,0,0,146 REDDER BLOOD,PERSON,0,16
mdp.39015081383146,150,2,0,Paris,GPE,93,98
mdp.39015081383146,150,3,0,French,NORP,26,32
mdp.39015081383146,150,4,0,Americans,NORP,76,85
mdp.39015081383146,150,9,0,Adrian,PERSON,16,22
mdp.39015081383146,150,10,0,Victrola,PRODUCT,31,39
mdp.39015081383146,150,11,0,Victrola,PRODUCT,5,13
mdp.39015081383146,150,17,0,Adrian,PERSON,13,19
mdp.39015081383146,151,0,0,147,CARDINAL,13,16
mdp.39015081383146,151,6,0,morning,TIME,65,72
mdp.39015081383146,151,7,0,noon,TIME,6,10
mdp.39015081383146,151,10,0,Adrian,PERSON,16,22
mdp.39015081383146,151,12,0,Adrian,PERSON,5,11
mdp.39015081383146,151,15,0,one,CARDINAL,14,17
mdp.39015081383146,151,16,0,one,CARDINAL,10,13
mdp.39015081383146,151,18,0,Adrian,PERSON,0,6
mdp.39015081383146,152,0,0,148,CARDINAL,0,3
mdp.39015081383146,152,5,0,Wanda,PERSON,1,6
mdp.39015081383146,152,5,1,first,ORDINAL,57,62
mdp.39015081383146,152,7,0,Adrian,PERSON,28,34
mdp.39015081383146,153,0,0,REDDER BLOOD,PERSON,0,12
mdp.39015081383146,153,0,1,1,CARDINAL,17,18
mdp.39015081383146,153,1,0,Wanda,PERSON,150,155
mdp.39015081383146,153,5,0,Wanda,PERSON,10,15
mdp.39015081383146,153,8,0,Adrian,PERSON,26,32
mdp.39015081383146,154,0,0,150,CARDINAL,0,3
mdp.39015081383146,154,1,0,Adrian,PERSON,27,33
mdp.39015081383146,154,3,0,Adrian,PERSON,0,6
mdp.39015081383146,154,7,0,Wanda,PERSON,1,6
mdp.39015081383146,154,8,0,Wanda,PERSON,0,5
mdp.39015081383146,155,6,0,Wanda,PERSON,26,31
mdp.39015081383146,155,9,0,Wanda,PERSON,0,5
mdp.39015081383146,155,11,0,Adrian,PERSON,5,11
mdp.39015081383146,155,15,0,Adrian,PERSON,56,62
mdp.39015081383146,155,18,0,Howell,PERSON,43,49
mdp.39015081383146,156,3,0,Mendelssohn,PERSON,11,22
mdp.39015081383146,156,3,1,March,DATE,34,39
mdp.39015081383146,156,8,0,Adrian,PERSON,11,17
mdp.39015081383146,156,10,0,June,DATE,4,8
mdp.39015081383146,156,12,0,two,CARDINAL,14,17
mdp.39015081383146,156,14,0,June,DATE,1,5
mdp.39015081383146,156,15,0,June,DATE,0,4
mdp.39015081383146,156,16,0,days,DATE,73,77
mdp.39015081383146,156,18,0,Adrian,PERSON,10,16
mdp.39015081383146,157,3,0,Adrian,PERSON,41,47
mdp.39015081383146,157,5,0,one,CARDINAL,73,76
mdp.39015081383146,157,14,0,Adrian,PERSON,37,43
mdp.39015081383146,157,18,0,Wanda,PERSON,72,77
mdp.39015081383146,157,19,0,Adrian,PERSON,6,12
mdp.39015081383146,158,0,0,154 REDDER BLOOD,PERSON,0,16
mdp.39015081383146,158,7,0,Hedda Gablers,PERSON,7,20
mdp.39015081383146,158,8,0,Judiths,NORP,65,72
mdp.39015081383146,158,8,1,Keller,PERSON,81,87
mdp.39015081383146,158,8,2,Adrian,PERSON,98,104
mdp.39015081383146,158,8,3,Green Henry,WORK_OF_ART,120,131
mdp.39015081383146,158,9,0,Wanda,PERSON,18,23
mdp.39015081383146,158,10,0,Crews,PERSON,17,22
mdp.39015081383146,158,10,1,Wanda,PERSON,25,30
mdp.39015081383146,158,11,0,twenty,DATE,31,37
mdp.39015081383146,158,13,0,Adrian Birch,PERSON,45,57
mdp.39015081383146,158,14,0,Crews,PERSON,44,49
mdp.39015081383146,158,16,0,Adrian Birch,PERSON,73,85
mdp.39015081383146,158,22,0,Twelve days,DATE,1,12
mdp.39015081383146,159,0,0,REDDER BLOOD,PERSON,0,12
mdp.39015081383146,159,1,0,every day,DATE,22,31
mdp.39015081383146,159,2,0,Adrian,PERSON,37,43
mdp.39015081383146,159,5,0,Adrian,PERSON,28,34
mdp.39015081383146,159,6,0,Wanda,PERSON,41,46
mdp.39015081383146,159,11,0,Wanda,PERSON,34,39
mdp.39015081383146,160,1,0,Zelda,PERSON,42,47
mdp.39015081383146,160,1,1,seven,TIME,57,62
mdp.39015081383146,160,2,0,one minute's,TIME,4,16
mdp.39015081383146,160,2,1,the night,TIME,51,60
mdp.39015081383146,160,4,0,Leon,PERSON,49,53
mdp.39015081383146,160,11,0,English,LANGUAGE,257,264
mdp.39015081383146,160,12,0,156,CARDINAL,45,48
mdp.39015081383146,161,3,0,Anne,PERSON,61,65
mdp.39015081383146,161,3,1,Zelda,PERSON,123,128
mdp.39015081383146,161,8,0,"December the twenty-second,—the",DATE,11,42
mdp.39015081383146,161,9,0,Twenty-three years ago,DATE,0,22
mdp.39015081383146,161,9,1,Fifth Avenue,FAC,44,56
mdp.39015081383146,161,9,2,Stanton,PERSON,66,73
mdp.39015081383146,161,11,0,Stanton,PERSON,0,7
mdp.39015081383146,161,11,1,Adrian,PERSON,38,44
mdp.39015081383146,161,11,2,Adrian,PERSON,51,57
mdp.39015081383146,161,12,0,every day,DATE,18,27
mdp.39015081383146,161,12,1,the twelve days,DATE,32,47
mdp.39015081383146,161,15,0,Stanton,PERSON,0,7
mdp.39015081383146,161,15,1,West,LOC,28,32
mdp.39015081383146,161,17,0,Stanton,PERSON,48,55
mdp.39015081383146,161,18,0,that day,DATE,65,73
mdp.39015081383146,162,0,0,158,CARDINAL,0,3
mdp.39015081383146,162,1,0,the day,DATE,50,57
mdp.39015081383146,162,3,0,that day,DATE,46,54
mdp.39015081383146,162,4,0,Leon,PERSON,18,22
mdp.39015081383146,162,6,0,Leon,PERSON,24,28
mdp.39015081383146,162,6,1,André,PERSON,39,44
mdp.39015081383146,162,7,0,morning,TIME,6,13
mdp.39015081383146,162,7,1,Leon,PERSON,21,25
mdp.39015081383146,162,8,0,yesterday,DATE,63,72
mdp.39015081383146,162,9,0,his last day,DATE,22,34
mdp.39015081383146,162,13,0,Zelda,PERSON,5,10
mdp.39015081383146,163,3,0,Zelda,PERSON,1,6
mdp.39015081383146,163,4,0,Zelda,PERSON,0,5
mdp.39015081383146,163,4,1,Stanton,PERSON,16,23
mdp.39015081383146,163,4,2,Adrian,PERSON,55,61
mdp.39015081383146,163,6,0,Stanton,PERSON,0,7
mdp.39015081383146,163,7,0,Leon,PERSON,35,39
mdp.39015081383146,163,7,1,Zelda,PERSON,61,66
mdp.39015081383146,163,8,0,Leon,PERSON,22,26
mdp.39015081383146,163,9,0,Zelda,PERSON,51,56
mdp.39015081383146,163,10,0,Leon,PERSON,0,4
mdp.39015081383146,163,11,0,Zelda,PERSON,48,53
mdp.39015081383146,163,12,0,Stanton,PERSON,16,23
mdp.39015081383146,163,14,0,Zelda,PERSON,0,5
mdp.39015081383146,163,15,0,Leon,PERSON,0,4
mdp.39015081383146,163,15,1,Stanton,PERSON,35,42
mdp.39015081383146,163,16,0,Leon,PERSON,46,50
mdp.39015081383146,163,17,0,Zelda,PERSON,38,43
mdp.39015081383146,164,0,0,1 60,CARDINAL,0,4
mdp.39015081383146,164,0,1,Zelda,PERSON,34,39
mdp.39015081383146,164,2,0,Zelda,PERSON,0,5
mdp.39015081383146,164,4,0,Stanton,PERSON,26,33
mdp.39015081383146,164,11,0,Adrian,PERSON,18,24
mdp.39015081383146,164,16,0,Stanton,PERSON,20,27
mdp.39015081383146,164,19,0,Adrian,PERSON,32,38
mdp.39015081383146,164,21,0,Leon,PERSON,23,27
mdp.39015081383146,164,23,0,Leon,PERSON,0,4
mdp.39015081383146,164,27,0,Leon,PERSON,13,17
mdp.39015081383146,164,27,1,Clarence Williamson,PERSON,31,50
mdp.39015081383146,164,27,2,Williamson,PERSON,56,66
mdp.39015081383146,164,27,3,the State of,GPE,91,103
mdp.39015081383146,164,27,4,years,DATE,108,113
mdp.39015081383146,164,28,0,Williamson,PERSON,9,19
mdp.39015081383146,164,28,1,Williamson,PERSON,71,81
mdp.39015081383146,165,0,0,REDDER BLOOD,PERSON,0,12
mdp.39015081383146,165,1,0,Stanton,PERSON,31,38
mdp.39015081383146,165,3,0,Leon,PERSON,15,19
mdp.39015081383146,165,6,0,Zelda,PERSON,99,104
mdp.39015081383146,165,11,0,Zelda,PERSON,23,28
mdp.39015081383146,165,17,0,a thousand years',DATE,13,30
mdp.39015081383146,165,18,0,Adrian,PERSON,21,27
mdp.39015081383146,165,19,0,Adrian,PERSON,25,31
mdp.39015081383146,165,20,0,Mother,PERSON,9,15
mdp.39015081383146,165,21,0,Stanton,PERSON,32,39
mdp.39015081383146,166,0,0,162,CARDINAL,0,3
mdp.39015081383146,166,0,1,Cleopatra,PERSON,18,27
mdp.39015081383146,166,1,0,Adrian,PERSON,66,72
mdp.39015081383146,166,2,0,Adrian,PERSON,83,89
mdp.39015081383146,166,5,0,Virginia,GPE,15,23
mdp.39015081383146,166,5,1,John Marston,PERSON,97,109
mdp.39015081383146,166,6,0,mulatto,NORP,24,31
mdp.39015081383146,166,9,0,Leon,PERSON,1,5
mdp.39015081383146,167,1,0,Stanton,PERSON,0,7
mdp.39015081383146,167,5,0,Stanton,PERSON,64,71
mdp.39015081383146,167,7,0,three days,DATE,23,33
mdp.39015081383146,167,18,0,Adrian,PERSON,42,48
mdp.39015081383146,168,0,0,164,CARDINAL,0,3
mdp.39015081383146,168,3,0,three months ago,DATE,26,42
mdp.39015081383146,168,11,0,Adrian,PERSON,38,44
mdp.39015081383146,168,13,0,Adrian,PERSON,24,30
mdp.39015081383146,168,14,0,Stanton,PERSON,20,27
mdp.39015081383146,168,22,0,nights,TIME,30,36
mdp.39015081383146,169,0,0,REDDER BLOOD,PERSON,0,12
mdp.39015081383146,169,10,0,Stanton,PERSON,42,49
mdp.39015081383146,169,15,0,two,CARDINAL,20,23
mdp.39015081383146,169,16,0,millions,CARDINAL,93,101
mdp.39015081383146,170,0,0,166,CARDINAL,0,3
mdp.39015081383146,170,5,0,Snowball,WORK_OF_ART,45,53
mdp.39015081383146,170,9,0,Stanton,PERSON,16,23
mdp.39015081383146,170,11,0,Adrian,PERSON,36,42
mdp.39015081383146,171,0,0,REDDER BLOOD,PERSON,0,12
mdp.39015081383146,171,3,0,Stanton Birch,PERSON,4,17
mdp.39015081383146,171,6,0,Adrian,PERSON,1,7
mdp.39015081383146,171,7,0,Adrian,PERSON,0,6
mdp.39015081383146,171,7,1,Zelda,PERSON,15,20
mdp.39015081383146,171,7,2,Stanton,PERSON,26,33
mdp.39015081383146,171,8,0,Adrian,PERSON,28,34
mdp.39015081383146,171,11,0,Stanton,PERSON,0,7
mdp.39015081383146,172,0,0,John Marston,PERSON,40,52
mdp.39015081383146,172,2,0,John Marston,PERSON,28,40
mdp.39015081383146,172,2,1,James City County,GPE,45,62
mdp.39015081383146,172,2,2,Virginia,GPE,64,72
mdp.39015081383146,172,2,3,the London Company,ORG,121,139
mdp.39015081383146,172,2,4,one,CARDINAL,153,156
mdp.39015081383146,172,2,5,the Declaration of Independence,WORK_OF_ART,175,206
mdp.39015081383146,172,2,6,Williamsburg,GPE,263,275
mdp.39015081383146,172,2,7,Virginia,GPE,277,285
mdp.39015081383146,172,2,8,four hundred and fifty (450) acres,QUANTITY,302,336
mdp.39015081383146,172,2,9,James City County,GPE,340,357
mdp.39015081383146,172,2,10,Zelda,PERSON,361,366
mdp.39015081383146,172,2,11,Cathering Edwards,PERSON,384,401
mdp.39015081383146,172,5,0,Zelda,PERSON,40,45
mdp.39015081383146,172,10,0,Zelda,PERSON,1,6
mdp.39015081383146,172,11,0,168,CARDINAL,69,72
mdp.39015081383146,173,1,0,Marston,PERSON,37,44
mdp.39015081383146,173,2,0,Adrian,PERSON,24,30
mdp.39015081383146,173,2,1,Zelda,PERSON,53,58
mdp.39015081383146,173,3,0,Stanton,PERSON,4,11
mdp.39015081383146,173,8,0,years,DATE,105,110
mdp.39015081383146,173,12,0,Adrian,PERSON,17,23
mdp.39015081383146,173,13,0,Adrian,PERSON,22,28
mdp.39015081383146,173,16,0,Stanton,PERSON,25,32
mdp.39015081383146,173,17,0,Adrian,PERSON,33,39
mdp.39015081383146,173,20,0,fifty years ago,DATE,56,71
mdp.39015081383146,174,0,0,170,CARDINAL,0,3
mdp.39015081383146,174,1,0,Adrian,PERSON,29,35
mdp.39015081383146,175,14,0,An hour later,TIME,0,13
mdp.39015081383146,175,17,0,171,CARDINAL,11,14
mdp.39015081383146,176,0,0,172 REDDER BLOOD,PERSON,0,16
mdp.39015081383146,176,2,0,an hour,TIME,46,53
mdp.39015081383146,176,3,0,Fooll,PERSON,0,5
mdp.39015081383146,176,12,0,Adrian,PERSON,0,6
mdp.39015081383146,177,0,0,REDDER BLOOD,PERSON,0,12
mdp.39015081383146,177,6,0,Wanda,PERSON,9,14
mdp.39015081383146,177,7,0,A few hours,TIME,0,11
mdp.39015081383146,177,8,0,The night,TIME,0,9
mdp.39015081383146,177,12,0,millions,CARDINAL,21,29
mdp.39015081383146,177,17,0,Wanda,PERSON,5,10
mdp.39015081383146,178,0,0,174,CARDINAL,0,3
mdp.39015081383146,178,6,0,Wanda,PERSON,1,6
mdp.39015081383146,178,12,0,first,ORDINAL,21,26
mdp.39015081383146,178,13,0,the thousands of years,DATE,12,34
mdp.39015081383146,178,13,1,one,CARDINAL,87,90
mdp.39015081383146,178,18,0,Two hours later,TIME,0,15
mdp.39015081383146,178,18,1,Wanda,PERSON,60,65
mdp.39015081383146,178,19,0,Wanda,ORG,67,72
mdp.39015081383146,178,20,0,only a few hours,TIME,77,93
mdp.39015081383146,179,0,0,REDDER BLOOD,PERSON,0,12
mdp.39015081383146,179,0,1,afternoon,TIME,75,84
mdp.39015081383146,179,3,0,Wanda,PERSON,9,14
mdp.39015081383146,179,4,0,Adrian,PERSON,32,38
mdp.39015081383146,179,7,0,Wanda,PERSON,13,18
mdp.39015081383146,179,7,1,one,CARDINAL,39,42
mdp.39015081383146,179,14,0,Wanda,PERSON,1,6
mdp.39015081383146,179,19,0,Adrian,PERSON,35,41
mdp.39015081383146,180,0,0,176,CARDINAL,0,3
mdp.39015081383146,180,4,0,Wanda,PERSON,27,32
mdp.39015081383146,180,9,0,Adrian,PERSON,8,14
mdp.39015081383146,180,9,1,twenty years hence,DATE,71,89
mdp.39015081383146,180,15,0,Adrian,PERSON,7,13
mdp.39015081383146,180,20,0,Wanda,GPE,48,53
mdp.39015081383146,180,20,1,Wanda,PERSON,55,60
mdp.39015081383146,180,20,2,one,CARDINAL,208,211
mdp.39015081383146,181,1,0,Wanda,PERSON,21,26
mdp.39015081383146,181,3,0,Adrian,PERSON,6,12
mdp.39015081383146,181,7,0,Wanda,PERSON,18,23
mdp.39015081383146,181,11,0,Wanda,PERSON,24,29
mdp.39015081383146,181,18,0,Wanda,PERSON,0,5
mdp.39015081383146,181,20,0,Adrian,PERSON,28,34
mdp.39015081383146,182,0,0,178 REDDER BLOOD,PERSON,0,16
mdp.39015081383146,182,7,0,Wanda,PERSON,1,6
mdp.39015081383146,182,9,0,Addie,PERSON,6,11
mdp.39015081383146,182,12,0,Wanda,PERSON,1,6
mdp.39015081383146,182,22,0,midnight,TIME,107,115
mdp.39015081383146,182,27,0,Adrian,PERSON,0,6
mdp.39015081383146,183,0,0,REDDER BLOOD,PERSON,0,12
mdp.39015081383146,183,5,0,Wanda,PERSON,4,9
mdp.39015081383146,183,10,0,Adrian,PERSON,1,7
mdp.39015081383146,183,10,1,Adrian,PERSON,9,15
mdp.39015081383146,183,12,0,Wanda,PERSON,9,14
mdp.39015081383146,183,13,0,a thousand years,DATE,58,74
mdp.39015081383146,183,14,0,Adrian,PERSON,43,49
mdp.39015081383146,184,0,0,180,CARDINAL,0,3
mdp.39015081383146,184,0,1,Adrian Birch,PERSON,71,83
mdp.39015081383146,184,0,2,Wanda Croydon,PERSON,88,101
mdp.39015081383146,184,2,0,Wanda,PERSON,57,62
mdp.39015081383146,184,7,0,Protestant,NORP,3,13
mdp.39015081383146,184,7,1,Catholic,NORP,29,37
mdp.39015081383146,184,7,2,Wanda,PERSON,45,50
mdp.39015081383146,184,7,3,Jewess,NORP,75,81
mdp.39015081383146,184,7,4,Gentile,NORP,97,104
mdp.39015081383146,184,7,5,Negro,NORP,126,131
mdp.39015081383146,184,8,0,America,GPE,19,26
mdp.39015081383146,184,9,0,Europe,LOC,17,23
mdp.39015081383146,184,11,0,Adrian,PERSON,54,60
mdp.39015081383146,184,12,0,God,PERSON,3,6
mdp.39015081383146,184,15,0,Wanda,PERSON,24,29
mdp.39015081383146,185,0,0,REDDER BLOOD,PERSON,0,12
mdp.39015081383146,185,2,0,Adrian,PERSON,11,17
mdp.39015081383146,185,4,0,Wanda,PERSON,41,46
mdp.39015081383146,185,5,0,Thousands of years,DATE,0,18
mdp.39015081383146,185,6,0,Negroid,NORP,25,32
mdp.39015081383146,185,6,1,Caucasian,NORP,92,101
mdp.39015081383146,185,8,0,Adrian,PERSON,12,18
mdp.39015081383146,185,8,1,Bahaman,NORP,77,84
mdp.39015081383146,185,11,0,millions and millions,CARDINAL,18,39
mdp.39015081383146,185,11,1,Adrian,PERSON,55,61
mdp.39015081383146,186,0,0,182,CARDINAL,0,3
mdp.39015081383146,186,1,0,Adrian,PERSON,15,21
mdp.39015081383146,186,3,0,your last day,DATE,88,101
mdp.39015081383146,186,7,0,Adrian,PERSON,1,7
mdp.39015081383146,186,8,0,Wanda,PERSON,11,16
mdp.39015081383146,186,11,0,Adrian,PERSON,1,7
mdp.39015081383146,186,11,1,Adrian,PERSON,9,15
mdp.39015081383146,187,0,0,A year,DATE,5,11
mdp.39015081383146,187,0,1,Stanton,PERSON,29,36
mdp.39015081383146,187,0,2,Zelda,PERSON,42,47
mdp.39015081383146,187,1,0,Stanton,PERSON,33,40
mdp.39015081383146,187,2,0,Europe,LOC,15,21
mdp.39015081383146,187,2,1,Asia,LOC,26,30
mdp.39015081383146,187,2,2,Egypt,GPE,35,40
mdp.39015081383146,187,3,0,European,NORP,46,54
mdp.39015081383146,187,3,1,American,NORP,59,67
mdp.39015081383146,187,11,0,183,CARDINAL,17,20
mdp.39015081383146,188,0,0,184,CARDINAL,0,3
mdp.39015081383146,188,1,0,Zelda,PERSON,33,38
mdp.39015081383146,188,3,0,Zelda,PERSON,50,55
mdp.39015081383146,188,7,0,Zelda,PERSON,43,48
mdp.39015081383146,188,9,0,One night,TIME,0,9
mdp.39015081383146,188,9,1,Brussels,GPE,58,66
mdp.39015081383146,188,17,0,Zelda,PERSON,28,33
mdp.39015081383146,188,17,1,centuries,DATE,134,143
mdp.39015081383146,189,0,0,185,CARDINAL,13,16
mdp.39015081383146,189,1,0,one,CARDINAL,95,98
mdp.39015081383146,189,2,0,Zelda,PERSON,41,46
mdp.39015081383146,189,3,0,Zelda,PERSON,0,5
mdp.39015081383146,189,9,0,the morning,TIME,20,31
mdp.39015081383146,189,10,0,Zelda,PERSON,12,17
mdp.39015081383146,189,10,1,the morning,TIME,28,39
mdp.39015081383146,190,0,0,186 REDDER BLOOD,PERSON,0,16
mdp.39015081383146,190,17,0,Zelda,PERSON,0,5
mdp.39015081383146,190,19,0,Clairmont,GPE,9,18
mdp.39015081383146,190,19,1,Northern New Jersey,LOC,74,93
mdp.39015081383146,190,21,0,one,CARDINAL,87,90
mdp.39015081383146,190,22,0,Stanton,PERSON,42,49
mdp.39015081383146,191,0,0,REDDER BLOOD,PERSON,0,12
mdp.39015081383146,191,1,0,Stanton,PERSON,50,57
mdp.39015081383146,191,4,0,One evening,TIME,0,11
mdp.39015081383146,191,4,1,early March,DATE,15,26
mdp.39015081383146,191,4,2,about fifteen months,DATE,28,48
mdp.39015081383146,191,4,3,Zelda,PERSON,73,78
mdp.39015081383146,191,4,4,Stanton,PERSON,158,165
mdp.39015081383146,191,5,0,March,DATE,53,58
mdp.39015081383146,191,7,0,one,CARDINAL,4,7
mdp.39015081383146,191,7,1,one,CARDINAL,30,33
mdp.39015081383146,191,8,0,two,CARDINAL,10,13
mdp.39015081383146,191,8,1,a few minutes,TIME,74,87
mdp.39015081383146,191,9,0,Zelda,PERSON,51,56
mdp.39015081383146,191,10,0,Zelda,PERSON,23,28
mdp.39015081383146,192,0,0,188,CARDINAL,0,3
mdp.39015081383146,192,0,1,Zelda,PERSON,54,59
mdp.39015081383146,192,0,2,Zelda,PERSON,62,67
mdp.39015081383146,192,1,0,Stanton,PERSON,23,30
mdp.39015081383146,198,0,0,NOVA,ORG,0,4
mdp.39015081383146,200,0,0,NOVAL,PERSON,0,5
