vol_id,page,sentence_id,ent_id,entity,entity_type,start_char,end_char
mdp.39015020736131,4,1,0,1817,CARDINAL,27,31
mdp.39015020736131,9,0,0,David Parks,PERSON,12,23
mdp.39015020736131,9,0,1,New York,GPE,85,93
mdp.39015020736131,9,0,2,Evanston,GPE,95,103
mdp.39015020736131,9,0,3,London,GPE,109,115
mdp.39015020736131,10,0,0,557,CARDINAL,3,6
mdp.39015020736131,10,1,0,1968,DATE,12,16
mdp.39015020736131,10,1,1,David M. Parks,PERSON,20,34
mdp.39015020736131,10,2,0,the United States of America,GPE,11,39
mdp.39015020736131,10,5,0,"Harper & Row, Publishers, Incorporated",ORG,24,62
mdp.39015020736131,10,5,1,New York,GPE,85,93
mdp.39015020736131,10,5,2,N.Y.,GPE,95,99
mdp.39015020736131,11,4,0,many weeks,DATE,61,71
mdp.39015020736131,11,6,0,Rochester,GPE,0,9
mdp.39015020736131,11,6,1,New York,GPE,11,19
mdp.39015020736131,11,6,2,"January, 1968",DATE,20,33
mdp.39015020736131,13,0,0,Liz,PERSON,20,23
mdp.39015020736131,13,0,1,Toni,PERSON,25,29
mdp.39015020736131,13,0,2,Gordon,PERSON,31,37
mdp.39015020736131,13,0,3,Alain,PERSON,39,44
mdp.39015020736131,13,0,4,Leslie,PERSON,49,55
mdp.39015020736131,15,0,0,5,CARDINAL,23,24
mdp.39015020736131,15,0,1,1,CARDINAL,30,31
mdp.39015020736131,15,0,2,11,CARDINAL,42,44
mdp.39015020736131,15,0,3,2,CARDINAL,50,51
mdp.39015020736131,15,0,4,55,CARDINAL,60,62
mdp.39015020736131,15,0,5,65,CARDINAL,77,79
mdp.39015020736131,15,0,6,97,CARDINAL,84,86
mdp.39015020736131,17,0,0,"Sunday, November 21, 1965",DATE,11,36
mdp.39015020736131,17,0,1,FORT DIX,GPE,37,45
mdp.39015020736131,17,0,2,N.J.,GPE,47,51
mdp.39015020736131,17,2,0,three days,DATE,20,30
mdp.39015020736131,17,2,1,three years,DATE,53,64
mdp.39015020736131,17,3,0,Liz,PERSON,0,3
mdp.39015020736131,17,3,1,4 A.M.,TIME,41,47
mdp.39015020736131,17,3,2,Thursday,DATE,51,59
mdp.39015020736131,17,3,3,morning,TIME,60,67
mdp.39015020736131,17,3,4,Samuel,PERSON,109,115
mdp.39015020736131,17,5,0,about three,TIME,30,41
mdp.39015020736131,17,10,0,Liz,PERSON,0,3
mdp.39015020736131,17,11,0,White Plains,GPE,18,30
mdp.39015020736131,17,11,1,Mount Vernon,ORG,43,55
mdp.39015020736131,17,16,0,Vietnam,GPE,79,86
mdp.39015020736131,17,17,0,the very last minute,TIME,26,46
mdp.39015020736131,17,18,0,at least two years,DATE,12,30
mdp.39015020736131,18,0,0,Jag,PRODUCT,23,26
mdp.39015020736131,18,1,0,about one hundred,CARDINAL,11,28
mdp.39015020736131,18,1,1,Puerto Ricans,NORP,65,78
mdp.39015020736131,18,1,2,Negroes,NORP,91,98
mdp.39015020736131,18,2,0,the Fort Hamilton Induction Center,ORG,87,121
mdp.39015020736131,18,2,1,Brooklyn,GPE,130,138
mdp.39015020736131,18,7,0,Fort Hamilton,FAC,40,53
mdp.39015020736131,18,9,0,two years,DATE,104,113
mdp.39015020736131,18,16,0,about a hundred,CARDINAL,13,28
mdp.39015020736131,18,16,1,Fort Hamilton,FAC,66,79
mdp.39015020736131,18,16,2,two hours later,TIME,80,95
mdp.39015020736131,18,17,0,New York,GPE,10,18
mdp.39015020736131,18,17,1,Queens,GPE,20,26
mdp.39015020736131,18,17,2,Westchester,GPE,28,39
mdp.39015020736131,18,17,3,Brooklyn,GPE,41,49
mdp.39015020736131,18,19,0,first,ORDINAL,2,7
mdp.39015020736131,18,25,0,about a minute,TIME,19,33
mdp.39015020736131,18,27,0,about four-thirty in the afternoon,TIME,32,66
mdp.39015020736131,18,28,0,12,CARDINAL,24,26
mdp.39015020736131,19,4,0,that morning,TIME,57,69
mdp.39015020736131,19,5,0,About seven o'clock that evening,TIME,0,32
mdp.39015020736131,19,5,1,some five hundred,CARDINAL,45,62
mdp.39015020736131,19,5,2,about ten,CARDINAL,74,83
mdp.39015020736131,19,5,3,Fort Dix,GPE,110,118
mdp.39015020736131,19,5,4,New Jersey,GPE,120,130
mdp.39015020736131,19,6,0,CCC,ORG,36,39
mdp.39015020736131,19,9,0,Dix,GPE,39,42
mdp.39015020736131,19,9,1,about nine o'clock,TIME,43,61
mdp.39015020736131,19,17,0,dozens,CARDINAL,18,24
mdp.39015020736131,19,20,0,about 1 A.M.,TIME,19,31
mdp.39015020736131,19,20,1,nearly two hours,TIME,86,102
mdp.39015020736131,19,27,0,13,CARDINAL,56,58
mdp.39015020736131,20,1,0,about a foot,QUANTITY,9,21
mdp.39015020736131,20,14,0,5 A.M.,TIME,22,28
mdp.39015020736131,20,14,1,the next morning,TIME,29,45
mdp.39015020736131,20,14,2,about two hours',TIME,53,69
mdp.39015020736131,20,15,0,the day before,DATE,56,70
mdp.39015020736131,20,16,0,five until,TIME,70,80
mdp.39015020736131,20,16,1,eight,TIME,81,86
mdp.39015020736131,20,16,2,about a thousand,CARDINAL,87,103
mdp.39015020736131,20,20,0,Lopez,PERSON,31,36
mdp.39015020736131,20,21,0,White Plains,GPE,33,45
mdp.39015020736131,20,22,0,Cuban,NORP,20,25
mdp.39015020736131,20,22,1,Puerto Rican,NORP,31,43
mdp.39015020736131,20,25,0,Cuba,GPE,58,62
mdp.39015020736131,20,25,1,Castro,PERSON,70,76
mdp.39015020736131,20,26,0,Havana,GPE,85,91
mdp.39015020736131,20,26,1,Cuba,GPE,93,97
mdp.39015020736131,20,32,0,about four 14,CARDINAL,13,26
mdp.39015020736131,21,0,0,minutes,TIME,0,7
mdp.39015020736131,21,9,0,Vietnam,GPE,64,71
mdp.39015020736131,21,11,0,miles long,TIME,29,39
mdp.39015020736131,21,14,0,White Plains,LOC,1,13
mdp.39015020736131,21,17,0,David Parks,PERSON,1,12
mdp.39015020736131,21,19,0,David Parks,PERSON,1,12
mdp.39015020736131,21,21,0,Parks,PERSON,27,32
mdp.39015020736131,21,27,0,fifteen,CARDINAL,27,34
mdp.39015020736131,21,29,0,eighteen,CARDINAL,6,14
mdp.39015020736131,21,30,0,fifteen,CARDINAL,29,36
mdp.39015020736131,21,30,1,fifteen,CARDINAL,45,52
mdp.39015020736131,21,31,0,ten,CARDINAL,36,39
mdp.39015020736131,21,32,0,ten,CARDINAL,6,9
mdp.39015020736131,21,37,0,about seven,CARDINAL,11,22
mdp.39015020736131,21,37,1,a minute flat,TIME,79,92
mdp.39015020736131,21,39,0,15,CARDINAL,0,2
mdp.39015020736131,22,0,0,Spanish,NORP,55,62
mdp.39015020736131,22,1,0,the day,DATE,43,50
mdp.39015020736131,22,4,0,Lopez,PERSON,33,38
mdp.39015020736131,22,8,0,about two weeks,DATE,23,38
mdp.39015020736131,22,9,0,Negro,NORP,12,17
mdp.39015020736131,22,11,0,the winter,DATE,30,40
mdp.39015020736131,22,11,1,Dixie,GPE,61,66
mdp.39015020736131,22,13,0,Greenwich Village,GPE,32,49
mdp.39015020736131,22,16,0,Yesterday,DATE,0,9
mdp.39015020736131,22,16,1,twenty-four hours,TIME,39,56
mdp.39015020736131,22,18,0,"November 27, 1965",DATE,4,21
mdp.39015020736131,22,21,0,Every day,DATE,0,9
mdp.39015020736131,22,24,0,Rico,PERSON,54,58
mdp.39015020736131,22,24,1,only one,CARDINAL,63,71
mdp.39015020736131,22,25,0,16,CARDINAL,0,2
mdp.39015020736131,23,0,0,"November 30, 1965",DATE,0,17
mdp.39015020736131,23,1,0,today,DATE,27,32
mdp.39015020736131,23,4,0,Lopez,PERSON,0,5
mdp.39015020736131,23,4,1,this afternoon,TIME,21,35
mdp.39015020736131,23,5,0,Cuban,NORP,59,64
mdp.39015020736131,23,7,0,Cha Cha,PERSON,12,19
mdp.39015020736131,23,8,0,six,CARDINAL,21,24
mdp.39015020736131,23,10,0,Brooklyn,GPE,31,39
mdp.39015020736131,23,12,0,Five,CARDINAL,0,4
mdp.39015020736131,23,12,1,three,CARDINAL,14,19
mdp.39015020736131,23,12,2,Italians,NORP,20,28
mdp.39015020736131,23,12,3,two,CARDINAL,33,36
mdp.39015020736131,23,12,4,three,CARDINAL,55,60
mdp.39015020736131,23,12,5,last night,TIME,78,88
mdp.39015020736131,23,17,0,"December 1, 1965",DATE,0,16
mdp.39015020736131,23,18,0,today,DATE,61,66
mdp.39015020736131,23,22,0,Southern,NORP,9,17
mdp.39015020736131,23,25,0,Fort Riley,GPE,23,33
mdp.39015020736131,23,25,1,Kansas,GPE,35,41
mdp.39015020736131,23,26,0,Pops,PERSON,0,4
mdp.39015020736131,23,26,1,17,DATE,14,16
mdp.39015020736131,24,0,0,Fort Scott,FAC,15,25
mdp.39015020736131,24,2,0,the winter,DATE,63,73
mdp.39015020736131,24,4,0,tomorrow,DATE,9,17
mdp.39015020736131,24,5,0,"December 2, 1965",DATE,0,16
mdp.39015020736131,24,6,0,today,DATE,36,41
mdp.39015020736131,24,6,1,Newark Airport,FAC,58,72
mdp.39015020736131,24,10,0,about two hundred,CARDINAL,48,65
mdp.39015020736131,24,11,0,Cha Cha,PERSON,10,17
mdp.39015020736131,24,13,0,two,CARDINAL,5,8
mdp.39015020736131,24,14,0,five hours,TIME,19,29
mdp.39015020736131,24,14,1,Manhattan Airport,FAC,45,62
mdp.39015020736131,24,14,2,about five miles,QUANTITY,73,89
mdp.39015020736131,24,14,3,Fort Riley,FAC,95,105
mdp.39015020736131,24,16,0,FORT RILEY,PERSON,6,16
mdp.39015020736131,24,16,1,KANSAS,GPE,18,24
mdp.39015020736131,24,20,0,Crouch,PERSON,14,20
mdp.39015020736131,25,0,0,Brooklyn,GPE,17,25
mdp.39015020736131,25,1,0,Fort Riley,FAC,37,47
mdp.39015020736131,25,6,0,Riley,PERSON,0,5
mdp.39015020736131,25,6,1,Dix,PERSON,35,38
mdp.39015020736131,25,10,0,Army,ORG,16,20
mdp.39015020736131,25,13,0,Davey boy,PERSON,10,19
mdp.39015020736131,25,14,0,"December 7, 1965",DATE,0,16
mdp.39015020736131,25,15,0,Riley,PERSON,0,5
mdp.39015020736131,25,15,1,four,CARDINAL,24,28
mdp.39015020736131,25,15,2,about five miles,QUANTITY,46,62
mdp.39015020736131,25,15,3,Main Post,ORG,70,79
mdp.39015020736131,25,15,4,Custer Hill,LOC,81,92
mdp.39015020736131,25,15,5,Forsyth,GPE,94,101
mdp.39015020736131,25,15,6,Funston,GPE,106,113
mdp.39015020736131,25,16,0,Custer Hill,LOC,9,20
mdp.39015020736131,25,18,0,South,LOC,26,31
mdp.39015020736131,25,20,0,Negro,NORP,27,32
mdp.39015020736131,25,20,1,Baker,PERSON,38,43
mdp.39015020736131,25,24,0,4 A.M.,TIME,18,24
mdp.39015020736131,25,30,0,one,CARDINAL,38,41
mdp.39015020736131,25,30,1,Dix,ORG,77,80
mdp.39015020736131,25,32,0,19,CARDINAL,4,6
mdp.39015020736131,26,1,0,less than five minutes,TIME,44,66
mdp.39015020736131,26,2,0,M-14,PRODUCT,46,50
mdp.39015020736131,26,3,0,first,ORDINAL,41,46
mdp.39015020736131,26,8,0,Crouch,PERSON,38,44
mdp.39015020736131,26,9,0,today,DATE,25,30
mdp.39015020736131,26,17,0,Fifteen,CARDINAL,1,8
mdp.39015020736131,26,19,0,fifteen,CARDINAL,10,17
mdp.39015020736131,26,21,0,Ten minutes later,TIME,0,17
mdp.39015020736131,26,22,0,Crouch,PERSON,46,52
mdp.39015020736131,26,27,0,every day,DATE,40,49
mdp.39015020736131,26,35,0,All day long,DATE,0,12
mdp.39015020736131,26,36,0,Hour,TIME,0,4
mdp.39015020736131,26,36,1,hour,TIME,11,15
mdp.39015020736131,26,39,0,20,CARDINAL,0,2
mdp.39015020736131,27,0,0,"December 8, 1965",DATE,0,16
mdp.39015020736131,27,1,0,March-march-march,DATE,0,17
mdp.39015020736131,27,3,0,Christmas,DATE,51,60
mdp.39015020736131,27,4,0,Drew KP,ORG,0,7
mdp.39015020736131,27,4,1,tomorrow,DATE,17,25
mdp.39015020736131,27,6,0,Crouch,PERSON,0,6
mdp.39015020736131,27,7,0,Negroes,NORP,9,16
mdp.39015020736131,27,8,0,Southern,NORP,30,38
mdp.39015020736131,27,9,0,Georgia,GPE,28,35
mdp.39015020736131,27,9,1,Alabama,GPE,37,44
mdp.39015020736131,27,9,2,Mississippi,GPE,49,60
mdp.39015020736131,27,11,0,the other day,DATE,34,47
mdp.39015020736131,27,15,0,this morning,TIME,55,67
mdp.39015020736131,27,18,0,about two years ago,DATE,40,59
mdp.39015020736131,27,19,0,two,CARDINAL,15,18
mdp.39015020736131,27,19,1,two,CARDINAL,70,73
mdp.39015020736131,27,20,0,third,ORDINAL,11,16
mdp.39015020736131,27,20,1,Kansas,GPE,47,53
mdp.39015020736131,27,21,0,Missouri,GPE,32,40
mdp.39015020736131,27,24,0,Bible,WORK_OF_ART,44,49
mdp.39015020736131,27,24,1,every night,TIME,50,61
mdp.39015020736131,27,29,0,"December 18, 1965",DATE,0,17
mdp.39015020736131,27,31,0,fourteen-day,DATE,19,31
mdp.39015020736131,27,31,1,next week,DATE,38,47
mdp.39015020736131,27,33,0,21,CARDINAL,0,2
mdp.39015020736131,28,0,0,"January 4, 1966",DATE,0,15
mdp.39015020736131,28,1,0,3 A.M.,TIME,6,12
mdp.39015020736131,28,1,1,today,DATE,13,18
mdp.39015020736131,28,1,2,300 meters,QUANTITY,76,86
mdp.39015020736131,28,3,0,25,CARDINAL,6,8
mdp.39015020736131,28,3,1,38,CARDINAL,16,18
mdp.39015020736131,28,6,0,Eskimo,NORP,26,32
mdp.39015020736131,28,8,0,the M-14,PRODUCT,29,37
mdp.39015020736131,28,8,1,M-1,PRODUCT,79,82
mdp.39015020736131,28,12,0,Irishman,NORP,3,11
mdp.39015020736131,28,12,1,Shea,PERSON,18,22
mdp.39015020736131,28,19,0,Crouch,PERSON,9,15
mdp.39015020736131,28,20,0,"January 5, 1966",DATE,0,15
mdp.39015020736131,28,22,0,Christmas,DATE,7,16
mdp.39015020736131,28,23,0,thirty minutes,TIME,31,45
mdp.39015020736131,28,23,1,earlier tonight,TIME,46,61
mdp.39015020736131,28,24,0,tomorrow,DATE,25,33
mdp.39015020736131,28,25,0,twenty-five-mile,QUANTITY,22,38
mdp.39015020736131,28,28,0,22,CARDINAL,0,2
mdp.39015020736131,29,0,0,"January 7, 1966",DATE,0,15
mdp.39015020736131,29,1,0,Yesterday,DATE,0,9
mdp.39015020736131,29,2,0,ten-mile,QUANTITY,22,30
mdp.39015020736131,29,7,0,first,ORDINAL,25,30
mdp.39015020736131,29,8,0,One,CARDINAL,0,3
mdp.39015020736131,29,10,0,Vietnam,GPE,30,37
mdp.39015020736131,29,11,0,earlier in the day,TIME,31,49
mdp.39015020736131,29,13,0,"January 8, 1966",DATE,0,15
mdp.39015020736131,29,15,0,over five weeks,DATE,17,32
mdp.39015020736131,29,17,0,New York,GPE,17,25
mdp.39015020736131,29,17,1,Negroes,NORP,44,51
mdp.39015020736131,29,21,0,last night,TIME,8,18
mdp.39015020736131,29,21,1,six months more,DATE,50,65
mdp.39015020736131,29,23,0,Crouch,PERSON,0,6
mdp.39015020736131,29,26,0,New York,GPE,10,18
mdp.39015020736131,29,26,1,23,CARDINAL,75,77
mdp.39015020736131,30,1,0,every day,DATE,59,68
mdp.39015020736131,30,2,0,today,DATE,26,31
mdp.39015020736131,30,3,0,two,CARDINAL,4,7
mdp.39015020736131,30,4,0,Bible,WORK_OF_ART,63,68
mdp.39015020736131,30,14,0,"January 11, 1966",DATE,33,49
mdp.39015020736131,30,15,0,today,DATE,36,41
mdp.39015020736131,30,20,0,today,DATE,33,38
mdp.39015020736131,30,20,1,38,CARDINAL,40,42
mdp.39015020736131,30,20,2,45,CARDINAL,50,52
mdp.39015020736131,30,23,0,four in the cold,TIME,19,35
mdp.39015020736131,30,25,0,that time of the morning,TIME,31,55
mdp.39015020736131,30,27,0,about six,TIME,27,36
mdp.39015020736131,30,28,0,about twelve miles,QUANTITY,23,41
mdp.39015020736131,30,29,0,This morning,TIME,0,12
mdp.39015020736131,30,31,0,Marie Ann,PERSON,18,27
mdp.39015020736131,30,31,1,today,DATE,28,33
mdp.39015020736131,30,34,0,24,CARDINAL,0,2
mdp.39015020736131,31,0,0,"January 12, 1966",DATE,0,16
mdp.39015020736131,31,1,0,today,DATE,18,23
mdp.39015020736131,31,2,0,4 A.M.,TIME,14,20
mdp.39015020736131,31,3,0,all day,DATE,23,30
mdp.39015020736131,31,4,0,first,ORDINAL,16,21
mdp.39015020736131,31,4,1,the day,DATE,48,55
mdp.39015020736131,31,6,0,an awful day,DATE,7,19
mdp.39015020736131,31,9,0,Southern,NORP,4,12
mdp.39015020736131,31,10,0,Rogers,PERSON,0,6
mdp.39015020736131,31,10,1,Phillips,PERSON,25,33
mdp.39015020736131,31,12,0,two,CARDINAL,12,15
mdp.39015020736131,31,12,1,today,DATE,22,27
mdp.39015020736131,31,13,0,six weeks,DATE,35,44
mdp.39015020736131,31,14,0,second,ORDINAL,13,19
mdp.39015020736131,31,18,0,"January 15, 1966",DATE,0,16
mdp.39015020736131,31,19,0,One,CARDINAL,0,3
mdp.39015020736131,31,19,1,five-mile,QUANTITY,84,93
mdp.39015020736131,31,20,0,Night,TIME,0,5
mdp.39015020736131,31,20,1,day,DATE,31,34
mdp.39015020736131,31,21,0,night,TIME,3,8
mdp.39015020736131,31,22,0,night,TIME,34,39
mdp.39015020736131,31,22,1,Vietnam,GPE,52,59
mdp.39015020736131,31,25,0,Phillips,PERSON,0,8
mdp.39015020736131,31,27,0,290 pounds,QUANTITY,10,20
mdp.39015020736131,31,28,0,25,CARDINAL,0,2
mdp.39015020736131,32,0,0,"January 16, 1966",DATE,0,16
mdp.39015020736131,32,1,0,today,DATE,56,61
mdp.39015020736131,32,3,0,one,CARDINAL,92,95
mdp.39015020736131,32,3,1,hours,TIME,111,116
mdp.39015020736131,32,5,0,Three,CARDINAL,0,5
mdp.39015020736131,32,5,1,this week,DATE,20,29
mdp.39015020736131,32,5,2,Vietnam,EVENT,53,60
mdp.39015020736131,32,6,0,Riley,FAC,30,35
mdp.39015020736131,32,11,0,"January 17, 1966",DATE,0,16
mdp.39015020736131,32,11,1,Only three weeks,DATE,17,33
mdp.39015020736131,32,19,0,yesterday,DATE,9,18
mdp.39015020736131,32,19,1,Crouch,PERSON,19,25
mdp.39015020736131,32,21,0,26,CARDINAL,52,54
mdp.39015020736131,33,1,0,"January 18, 1966",DATE,0,16
mdp.39015020736131,33,2,0,Shea,PERSON,9,13
mdp.39015020736131,33,2,1,Crouch,PERSON,46,52
mdp.39015020736131,33,5,0,This morning,TIME,0,12
mdp.39015020736131,33,8,0,Crouch,PERSON,15,21
mdp.39015020736131,33,9,0,Shea,PERSON,0,4
mdp.39015020736131,33,10,0,next week,DATE,26,35
mdp.39015020736131,33,11,0,Irishman,NORP,13,21
mdp.39015020736131,33,13,0,About ten,CARDINAL,0,9
mdp.39015020736131,33,14,0,"January 19, 1966",DATE,0,16
mdp.39015020736131,33,15,0,this morning,TIME,32,44
mdp.39015020736131,33,15,1,tonight,TIME,55,62
mdp.39015020736131,33,16,0,about 250 yards,QUANTITY,67,82
mdp.39015020736131,33,19,0,second,ORDINAL,27,33
mdp.39015020736131,33,19,1,Christmas,DATE,72,81
mdp.39015020736131,33,21,0,this afternoon,TIME,47,61
mdp.39015020736131,33,21,1,this Saturday,DATE,117,130
mdp.39015020736131,33,22,0,Crouch,PERSON,20,26
mdp.39015020736131,33,25,0,27,CARDINAL,0,2
mdp.39015020736131,34,0,0,"January 20, 1966",DATE,0,16
mdp.39015020736131,34,2,0,about two feet,QUANTITY,10,24
mdp.39015020736131,34,2,1,this morning,TIME,48,60
mdp.39015020736131,34,3,0,"January 21, 1966",DATE,0,16
mdp.39015020736131,34,3,1,one,CARDINAL,25,28
mdp.39015020736131,34,4,0,Knowles,PERSON,12,19
mdp.39015020736131,34,6,0,one,CARDINAL,9,12
mdp.39015020736131,34,9,0,"January 24, 1966",DATE,0,16
mdp.39015020736131,34,14,0,today,DATE,16,21
mdp.39015020736131,34,14,1,next week,DATE,86,95
mdp.39015020736131,34,15,0,Tomorrow,DATE,0,8
mdp.39015020736131,34,17,0,today,DATE,25,30
mdp.39015020736131,34,20,0,Crouch,PERSON,5,11
mdp.39015020736131,34,20,1,today,DATE,57,62
mdp.39015020736131,34,23,0,KP,ORG,0,2
mdp.39015020736131,34,23,1,tomorrow,DATE,8,16
mdp.39015020736131,34,24,0,Brown,PERSON,48,53
mdp.39015020736131,34,24,1,Minneapolis,GPE,60,71
mdp.39015020736131,34,25,0,28,CARDINAL,34,36
mdp.39015020736131,35,2,0,Feets,WORK_OF_ART,13,18
mdp.39015020736131,35,4,0,Groper,PERSON,5,11
mdp.39015020736131,35,4,1,Joe,PERSON,28,31
mdp.39015020736131,35,7,0,Mary Jo,PERSON,104,111
mdp.39015020736131,35,10,0,"January 26, 1966",DATE,58,74
mdp.39015020736131,35,10,1,Crouch,PERSON,75,81
mdp.39015020736131,35,11,0,KP,ORG,5,7
mdp.39015020736131,35,11,1,this weekend,DATE,15,27
mdp.39015020736131,35,12,0,Nine days,DATE,0,9
mdp.39015020736131,35,13,0,today,DATE,37,42
mdp.39015020736131,35,15,0,one,CARDINAL,6,9
mdp.39015020736131,35,16,0,"January 27, 1966",DATE,72,88
mdp.39015020736131,35,16,1,early this morning,TIME,109,127
mdp.39015020736131,35,17,0,at least ten degrees below zero,QUANTITY,19,50
mdp.39015020736131,35,18,0,Eskimos,NORP,34,41
mdp.39015020736131,35,20,0,one,CARDINAL,3,6
mdp.39015020736131,35,23,0,29,CARDINAL,8,10
mdp.39015020736131,36,1,0,Ten hours,TIME,0,9
mdp.39015020736131,36,4,0,One,CARDINAL,0,3
mdp.39015020736131,36,5,0,South,LOC,19,24
mdp.39015020736131,36,7,0,one,CARDINAL,33,36
mdp.39015020736131,36,11,0,"January 29, 1966",DATE,0,16
mdp.39015020736131,36,16,0,last night,TIME,46,56
mdp.39015020736131,36,17,0,Shea,PERSON,0,4
mdp.39015020736131,36,18,0,over five minutes,TIME,36,53
mdp.39015020736131,36,19,0,Crouch,PERSON,0,6
mdp.39015020736131,36,19,1,Vietnam,GPE,39,46
mdp.39015020736131,36,19,2,Charlie,PERSON,48,55
mdp.39015020736131,36,20,0,Three,CARDINAL,0,5
mdp.39015020736131,36,22,0,FBI,ORG,0,3
mdp.39015020736131,36,24,0,Only one week,DATE,0,13
mdp.39015020736131,36,26,0,Samuel,PERSON,6,12
mdp.39015020736131,36,26,1,the next twenty-two months,DATE,26,52
mdp.39015020736131,36,27,0,"January 31, 1966",DATE,0,16
mdp.39015020736131,36,31,0,30,DATE,26,28
mdp.39015020736131,37,2,0,One,CARDINAL,0,3
mdp.39015020736131,37,2,1,fourteen-day,DATE,31,43
mdp.39015020736131,37,5,0,"February 3, 1966",DATE,0,16
mdp.39015020736131,37,9,0,One,CARDINAL,0,3
mdp.39015020736131,37,10,0,"February 5, 1966",DATE,0,16
mdp.39015020736131,37,12,0,85,CARDINAL,9,11
mdp.39015020736131,37,13,0,Shea,PERSON,0,4
mdp.39015020736131,37,14,0,today,DATE,32,37
mdp.39015020736131,37,16,0,Cha Cha Lopez,PERSON,11,24
mdp.39015020736131,37,17,0,Funston,GPE,20,27
mdp.39015020736131,37,19,0,tomorrow,DATE,44,52
mdp.39015020736131,37,19,1,morning,TIME,53,60
mdp.39015020736131,37,20,0,the next two weeks,DATE,4,22
mdp.39015020736131,37,20,1,"February 19, 1966",DATE,71,88
mdp.39015020736131,37,22,0,Jag,PRODUCT,60,63
mdp.39015020736131,37,22,1,31,DATE,79,81
mdp.39015020736131,38,0,0,forty hours,TIME,58,69
mdp.39015020736131,38,4,0,one,CARDINAL,27,30
mdp.39015020736131,38,9,0,Bobo,PERSON,23,27
mdp.39015020736131,38,10,0,"February 20, 1966",DATE,101,118
mdp.39015020736131,38,11,0,Funston,GPE,9,16
mdp.39015020736131,38,12,0,Custer Hill,LOC,26,37
mdp.39015020736131,38,15,0,two,CARDINAL,30,33
mdp.39015020736131,38,16,0,World War I.,EVENT,31,43
mdp.39015020736131,38,17,0,AIT,ORG,0,3
mdp.39015020736131,38,20,0,ten more months,DATE,23,38
mdp.39015020736131,38,21,0,Christmas,DATE,11,20
mdp.39015020736131,38,22,0,"February 21, 1966",DATE,0,17
mdp.39015020736131,38,23,0,Marie Ann,PERSON,18,27
mdp.39015020736131,38,23,1,Sweden,GPE,31,37
mdp.39015020736131,38,23,2,today,DATE,38,43
mdp.39015020736131,38,28,0,32,CARDINAL,0,2
mdp.39015020736131,39,0,0,"February 26, 1966",DATE,0,17
mdp.39015020736131,39,1,0,today,DATE,52,57
mdp.39015020736131,39,4,0,Groper,PERSON,5,11
mdp.39015020736131,39,5,0,another week,DATE,39,51
mdp.39015020736131,39,6,0,"March 4, 1966",DATE,54,67
mdp.39015020736131,39,8,0,today,DATE,23,28
mdp.39015020736131,39,9,0,First,ORDINAL,0,5
mdp.39015020736131,39,9,1,my birthday,DATE,18,29
mdp.39015020736131,39,9,2,KP,ORG,56,58
mdp.39015020736131,39,10,0,third,ORDINAL,11,16
mdp.39015020736131,39,10,1,this week,DATE,22,31
mdp.39015020736131,39,10,2,every two weeks,DATE,74,89
mdp.39015020736131,39,11,0,Negro,NORP,8,13
mdp.39015020736131,39,12,0,Allgood,PERSON,12,19
mdp.39015020736131,39,13,0,Funston,GPE,88,95
mdp.39015020736131,39,14,0,Morris,PERSON,21,27
mdp.39015020736131,39,17,0,this morning,TIME,18,30
mdp.39015020736131,39,17,1,Parks,PERSON,51,56
mdp.39015020736131,39,17,2,Harlem,GPE,101,107
mdp.39015020736131,39,18,0,Sergeant,PERSON,6,14
mdp.39015020736131,39,28,0,ten,CARDINAL,25,28
mdp.39015020736131,39,29,0,ten,CARDINAL,53,56
mdp.39015020736131,39,30,0,tenth,ORDINAL,7,12
mdp.39015020736131,39,31,0,33,CARDINAL,49,51
mdp.39015020736131,40,0,0,Oklahoma,GPE,7,15
mdp.39015020736131,40,3,0,KP,ORG,26,28
mdp.39015020736131,40,4,0,every day,DATE,37,46
mdp.39015020736131,40,5,0,your twenty-second year,DATE,34,57
mdp.39015020736131,40,6,0,"March 7, 1966",DATE,0,13
mdp.39015020736131,40,8,0,all week,DATE,60,68
mdp.39015020736131,40,10,0,Threefourths,CARDINAL,0,12
mdp.39015020736131,40,10,1,South,LOC,34,39
mdp.39015020736131,40,11,0,Allgood,PERSON,10,17
mdp.39015020736131,40,11,1,Mississippi,GPE,33,44
mdp.39015020736131,40,11,2,English,NORP,106,113
mdp.39015020736131,40,11,3,Oxford,GPE,125,131
mdp.39015020736131,40,15,0,Posthorn,PERSON,18,26
mdp.39015020736131,40,15,1,Sheboygan,GPE,32,41
mdp.39015020736131,40,15,2,Wisconsin,GPE,43,52
mdp.39015020736131,40,18,0,"March 10, 1966",DATE,0,14
mdp.39015020736131,40,24,0,one minute,TIME,73,83
mdp.39015020736131,41,2,0,one,CARDINAL,17,20
mdp.39015020736131,41,3,0,the United Nations,ORG,52,70
mdp.39015020736131,41,6,0,"March 12, 1966",DATE,0,14
mdp.39015020736131,41,8,0,Vietnam,GPE,60,67
mdp.39015020736131,41,9,0,next year,DATE,65,74
mdp.39015020736131,41,17,0,"March 15, 1966",DATE,0,14
mdp.39015020736131,41,18,0,today,DATE,17,22
mdp.39015020736131,41,20,0,Boy Scouts,ORG,11,21
mdp.39015020736131,41,22,0,second,ORDINAL,4,10
mdp.39015020736131,41,23,0,85,CARDINAL,8,10
mdp.39015020736131,41,27,0,35,CARDINAL,39,41
mdp.39015020736131,42,4,0,Kansas,GPE,19,25
mdp.39015020736131,42,6,0,about 110,CARDINAL,17,26
mdp.39015020736131,42,6,1,the summer,DATE,47,57
mdp.39015020736131,42,7,0,"March 18, 1966",DATE,0,14
mdp.39015020736131,42,7,1,Marie Ann,PERSON,34,43
mdp.39015020736131,42,7,2,today,DATE,44,49
mdp.39015020736131,42,10,0,Kingston,GPE,18,26
mdp.39015020736131,42,10,1,Jamaica,GPE,28,35
mdp.39015020736131,42,15,0,one,CARDINAL,12,15
mdp.39015020736131,42,15,1,first,ORDINAL,41,46
mdp.39015020736131,42,18,0,Half,CARDINAL,0,4
mdp.39015020736131,42,20,0,Cha Cha Lopez,PERSON,0,13
mdp.39015020736131,42,20,1,Japanese,NORP,63,71
mdp.39015020736131,42,20,2,Cuban,NORP,102,107
mdp.39015020736131,42,23,0,"March 21, 1966",DATE,0,14
mdp.39015020736131,42,24,0,45-cal,QUANTITY,26,32
mdp.39015020736131,42,24,1,today,DATE,41,46
mdp.39015020736131,42,27,0,Vietnam,GPE,76,83
mdp.39015020736131,42,29,0,Crouch,PERSON,15,21
mdp.39015020736131,43,7,0,Today,DATE,0,5
mdp.39015020736131,43,7,1,first,ORDINAL,16,21
mdp.39015020736131,43,8,0,Cha Cha,PERSON,0,7
mdp.39015020736131,43,8,1,Junction City,GPE,27,40
mdp.39015020736131,43,13,0,Negro,NORP,14,19
mdp.39015020736131,43,14,0,The Military Police,ORG,0,19
mdp.39015020736131,43,16,0,Southern,NORP,0,8
mdp.39015020736131,43,17,0,One,CARDINAL,0,3
mdp.39015020736131,43,17,1,Calhoun,PERSON,18,25
mdp.39015020736131,43,17,2,half,CARDINAL,47,51
mdp.39015020736131,43,17,3,late tonight,TIME,59,71
mdp.39015020736131,43,21,0,One,CARDINAL,1,4
mdp.39015020736131,43,27,0,"March 28, 1966",DATE,0,14
mdp.39015020736131,43,29,0,Crouch,PERSON,5,11
mdp.39015020736131,43,29,1,the other day,DATE,12,25
mdp.39015020736131,43,31,0,37,CARDINAL,33,35
mdp.39015020736131,44,2,0,Parks,PERSON,17,22
mdp.39015020736131,44,3,0,Sergeant,PERSON,37,45
mdp.39015020736131,44,7,0,Vietnam,GPE,17,24
mdp.39015020736131,44,7,1,any day,DATE,25,32
mdp.39015020736131,44,8,0,"April 1, 1966",DATE,0,13
mdp.39015020736131,44,8,1,Marie Ann,PERSON,14,23
mdp.39015020736131,44,8,2,today,DATE,30,35
mdp.39015020736131,44,10,0,only a few months,DATE,33,50
mdp.39015020736131,44,11,0,3.5,PRODUCT,41,44
mdp.39015020736131,44,11,1,M-79,PRODUCT,66,70
mdp.39015020736131,44,11,2,81 mm,QUANTITY,96,101
mdp.39015020736131,44,13,0,three,CARDINAL,12,17
mdp.39015020736131,44,15,0,today,DATE,38,43
mdp.39015020736131,44,15,1,Junction City,GPE,52,65
mdp.39015020736131,44,16,0,twelve bucks,MONEY,20,32
mdp.39015020736131,44,19,0,"April 11, 1966",DATE,0,14
mdp.39015020736131,44,20,0,Easter Sunday,DATE,12,25
mdp.39015020736131,44,23,0,second,ORDINAL,11,17
mdp.39015020736131,44,23,1,a week,DATE,38,44
mdp.39015020736131,44,24,0,Only four more weeks,DATE,0,20
mdp.39015020736131,44,25,0,"April 19, 1966",DATE,0,14
mdp.39015020736131,44,25,1,last night,TIME,46,56
mdp.39015020736131,44,26,0,Vietnam,GPE,21,28
mdp.39015020736131,44,27,0,first,ORDINAL,28,33
mdp.39015020736131,44,27,1,38,CARDINAL,39,41
mdp.39015020736131,45,0,0,last night,TIME,0,10
mdp.39015020736131,45,2,0,Two hours,TIME,0,9
mdp.39015020736131,45,2,1,four hours,TIME,17,27
mdp.39015020736131,45,8,0,Only three weeks,DATE,0,16
mdp.39015020736131,45,8,1,AIT,ORG,25,28
mdp.39015020736131,45,11,0,Every day,DATE,0,9
mdp.39015020736131,45,13,0,Armored Personnel Carriers,PRODUCT,11,37
mdp.39015020736131,45,13,1,yesterday,DATE,38,47
mdp.39015020736131,45,14,0,Playland,FAC,58,66
mdp.39015020736131,45,14,1,"April 25, 1966",DATE,68,82
mdp.39015020736131,45,17,0,today,DATE,17,22
mdp.39015020736131,45,18,0,third,ORDINAL,22,27
mdp.39015020736131,45,18,1,KP,ORG,28,30
mdp.39015020736131,45,18,2,the week,DATE,48,56
mdp.39015020736131,45,19,0,Cha Cha,PERSON,21,28
mdp.39015020736131,45,19,1,the Main Post PX,ORG,48,64
mdp.39015020736131,45,20,0,first,ORDINAL,21,26
mdp.39015020736131,45,22,0,35 percent,PERCENT,9,19
mdp.39015020736131,45,22,1,this year,DATE,46,55
mdp.39015020736131,45,24,0,next week,DATE,13,22
mdp.39015020736131,45,24,1,next month,DATE,26,36
mdp.39015020736131,45,26,0,Cub Scouts,ORG,36,46
mdp.39015020736131,45,27,0,"May 11, 1966",DATE,0,12
mdp.39015020736131,45,28,0,AIT,ORG,17,20
mdp.39015020736131,45,29,0,"Eight sickening,",DATE,0,16
mdp.39015020736131,45,30,0,Cha Cha,PERSON,0,7
mdp.39015020736131,46,0,0,all day,DATE,34,41
mdp.39015020736131,46,3,0,Germany,GPE,37,44
mdp.39015020736131,46,5,0,Vietnam,GPE,11,18
mdp.39015020736131,46,7,0,Crouch,PERSON,8,14
mdp.39015020736131,46,11,0,One,CARDINAL,0,3
mdp.39015020736131,46,11,1,Paris,GPE,46,51
mdp.39015020736131,46,13,0,"June 12, 1966",DATE,0,13
mdp.39015020736131,46,14,0,May,DATE,32,35
mdp.39015020736131,46,16,0,Crouch,PERSON,10,16
mdp.39015020736131,46,21,0,Tonight,TIME,0,7
mdp.39015020736131,46,22,0,twenty-four hours,TIME,40,57
mdp.39015020736131,46,23,0,night,TIME,19,24
mdp.39015020736131,46,26,0,States,GPE,61,67
mdp.39015020736131,46,27,0,half,CARDINAL,92,96
mdp.39015020736131,46,27,1,half,CARDINAL,142,146
mdp.39015020736131,46,29,0,40,CARDINAL,0,2
mdp.39015020736131,47,1,0,Southern,NORP,30,38
mdp.39015020736131,47,1,1,Vietcong,NORP,87,95
mdp.39015020736131,47,2,0,Vietnamese,NORP,27,37
mdp.39015020736131,47,5,0,fourteen-day,DATE,13,25
mdp.39015020736131,47,8,0,tomorrow,DATE,5,13
mdp.39015020736131,47,9,0,"July 15, 1966",DATE,0,13
mdp.39015020736131,47,13,0,months,DATE,66,72
mdp.39015020736131,47,14,0,first,ORDINAL,93,98
mdp.39015020736131,47,20,0,Marie Ann,PERSON,12,21
mdp.39015020736131,47,21,0,"July 20, 1966",DATE,0,13
mdp.39015020736131,47,23,0,41,CARDINAL,34,36
mdp.39015020736131,48,0,0,the night,TIME,46,55
mdp.39015020736131,48,3,0,Saigon,GPE,31,37
mdp.39015020736131,48,3,1,December,DATE,41,49
mdp.39015020736131,48,4,0,D Company,ORG,7,16
mdp.39015020736131,48,4,1,56th Infantry,ORG,18,31
mdp.39015020736131,48,5,0,Cha Cha,PERSON,0,7
mdp.39015020736131,48,6,0,"July 26, 1966",DATE,0,13
mdp.39015020736131,48,9,0,the past two weeks,DATE,22,40
mdp.39015020736131,48,9,1,Vietnam,GPE,45,52
mdp.39015020736131,48,10,0,four,TIME,12,16
mdp.39015020736131,48,10,1,"around twelve,",TIME,36,50
mdp.39015020736131,48,10,2,one o'clock,TIME,61,72
mdp.39015020736131,48,17,0,"August 26, 1966",DATE,0,15
mdp.39015020736131,48,17,1,three,CARDINAL,26,31
mdp.39015020736131,48,18,0,the Three Stooges,ORG,12,29
mdp.39015020736131,48,26,0,1,CARDINAL,0,1
mdp.39015020736131,49,1,0,Vietnam,GPE,26,33
mdp.39015020736131,49,3,0,Riley,GPE,28,33
mdp.39015020736131,49,3,1,Nam,GPE,76,79
mdp.39015020736131,49,6,0,"August 29, 1966",DATE,0,15
mdp.39015020736131,49,7,0,this morning,TIME,23,35
mdp.39015020736131,49,8,0,four more days,DATE,31,45
mdp.39015020736131,49,9,0,all day,DATE,39,46
mdp.39015020736131,49,10,0,110 degrees,QUANTITY,18,29
mdp.39015020736131,49,12,0,The Three Stooges,ORG,0,17
mdp.39015020736131,49,12,1,later in the evening,TIME,43,63
mdp.39015020736131,49,13,0,Sanchez,PERSON,0,7
mdp.39015020736131,49,13,1,Mexican,NORP,11,18
mdp.39015020736131,49,13,2,Nevada,GPE,24,30
mdp.39015020736131,49,15,0,One,CARDINAL,0,3
mdp.39015020736131,49,16,0,Cha Cha,PERSON,6,13
mdp.39015020736131,49,17,0,one,CARDINAL,36,39
mdp.39015020736131,49,19,0,Sanchez,PERSON,0,7
mdp.39015020736131,49,20,0,English,LANGUAGE,37,44
mdp.39015020736131,49,32,0,43,CARDINAL,9,11
mdp.39015020736131,50,3,0,"September 2, 1966",DATE,0,17
mdp.39015020736131,50,3,1,the Three Stooges,ORG,58,75
mdp.39015020736131,50,6,0,three,CARDINAL,6,11
mdp.39015020736131,50,6,1,Vietcong,NORP,66,74
mdp.39015020736131,50,8,0,Sanchez,PERSON,6,13
mdp.39015020736131,50,8,1,last night,TIME,27,37
mdp.39015020736131,50,13,0,Sanchez,PERSON,4,11
mdp.39015020736131,50,14,0,Tomorrow,DATE,0,8
mdp.39015020736131,50,14,1,the last day,DATE,12,24
mdp.39015020736131,50,14,2,the weekend,DATE,111,122
mdp.39015020736131,50,15,0,nights,TIME,112,118
mdp.39015020736131,50,16,0,Vietnam,GPE,25,32
mdp.39015020736131,50,17,0,five days,DATE,25,34
mdp.39015020736131,50,18,0,"September 10, 1966",DATE,0,18
mdp.39015020736131,50,22,0,Pops,PERSON,43,47
mdp.39015020736131,50,23,0,44,DATE,42,44
mdp.39015020736131,51,3,0,"September 15, 1966",DATE,0,18
mdp.39015020736131,51,5,0,December,DATE,59,67
mdp.39015020736131,51,7,0,Nam,GPE,69,72
mdp.39015020736131,51,8,0,a whole year,DATE,39,51
mdp.39015020736131,51,10,0,seven days,DATE,23,33
mdp.39015020736131,51,11,0,"September 19, 1966",DATE,0,18
mdp.39015020736131,51,12,0,four days,DATE,37,46
mdp.39015020736131,51,14,0,night,TIME,3,8
mdp.39015020736131,51,19,0,FO,ORG,7,9
mdp.39015020736131,51,20,0,"September 25, 1966",DATE,0,18
mdp.39015020736131,51,21,0,hours,TIME,14,19
mdp.39015020736131,51,21,1,last night,TIME,20,30
mdp.39015020736131,51,23,0,midnight,TIME,20,28
mdp.39015020736131,51,23,1,two,CARDINAL,42,45
mdp.39015020736131,51,23,2,45,DATE,60,62
mdp.39015020736131,52,4,0,81,CARDINAL,10,12
mdp.39015020736131,52,7,0,one,CARDINAL,9,12
mdp.39015020736131,52,9,0,"September 29, 1966",DATE,0,18
mdp.39015020736131,52,10,0,today,DATE,23,28
mdp.39015020736131,52,13,0,"October 3, 1966",DATE,0,15
mdp.39015020736131,52,15,0,Sp4,ORG,22,25
mdp.39015020736131,52,15,1,the other day,DATE,26,39
mdp.39015020736131,52,15,2,Sanchez,PERSON,47,54
mdp.39015020736131,52,16,0,Pfcs,ORG,12,16
mdp.39015020736131,52,17,0,The Three Stooges',ORG,0,18
mdp.39015020736131,52,24,0,second,ORDINAL,78,84
mdp.39015020736131,52,25,0,46,CARDINAL,0,2
mdp.39015020736131,53,0,0,"October 10, 1966",DATE,0,16
mdp.39015020736131,53,1,0,this past week,DATE,27,41
mdp.39015020736131,53,3,0,second,ORDINAL,5,11
mdp.39015020736131,53,7,0,all day,DATE,61,68
mdp.39015020736131,53,8,0,night,TIME,67,72
mdp.39015020736131,53,11,0,Thanksgiving,DATE,23,35
mdp.39015020736131,53,12,0,Forsyth,GPE,23,30
mdp.39015020736131,53,12,1,the other day,DATE,31,44
mdp.39015020736131,53,14,0,over $,MONEY,15,21
mdp.39015020736131,53,14,1,150,MONEY,21,24
mdp.39015020736131,53,14,2,one,CARDINAL,28,31
mdp.39015020736131,53,15,0,fifty bucks,MONEY,7,18
mdp.39015020736131,53,16,0,Cha Cha,PERSON,0,7
mdp.39015020736131,53,16,1,fifty,CARDINAL,21,26
mdp.39015020736131,53,17,0,Nam,GPE,47,50
mdp.39015020736131,53,19,0,"October 15, 1966",DATE,0,16
mdp.39015020736131,53,19,1,Last night,TIME,17,27
mdp.39015020736131,53,20,0,about three o'clock in the morning,TIME,31,65
mdp.39015020736131,53,20,1,five-mile,QUANTITY,85,94
mdp.39015020736131,53,23,0,night,TIME,39,44
mdp.39015020736131,53,24,0,VC,ORG,4,6
mdp.39015020736131,53,25,0,First,ORDINAL,0,5
mdp.39015020736131,53,25,1,today,DATE,20,25
mdp.39015020736131,53,31,0,250-pound,QUANTITY,2,11
mdp.39015020736131,53,31,1,47,CARDINAL,21,23
mdp.39015020736131,54,4,0,"October 21, 1966",DATE,78,94
mdp.39015020736131,54,7,0,Nam,GPE,89,92
mdp.39015020736131,54,10,0,night,TIME,46,51
mdp.39015020736131,54,11,0,Morson,PERSON,0,6
mdp.39015020736131,54,11,1,Manhattan,GPE,23,32
mdp.39015020736131,54,11,2,tonight,TIME,33,40
mdp.39015020736131,54,12,0,about ten miles,QUANTITY,5,20
mdp.39015020736131,54,13,0,Negro,NORP,15,20
mdp.39015020736131,54,14,0,Morson,PERSON,0,6
mdp.39015020736131,54,16,0,Brooklyn,GPE,60,68
mdp.39015020736131,54,18,0,Negro,LOC,27,32
mdp.39015020736131,54,20,0,half an hour,TIME,32,44
mdp.39015020736131,54,23,0,48,CARDINAL,9,11
mdp.39015020736131,55,1,0,"October 28, 1966",DATE,0,16
mdp.39015020736131,55,2,0,today,DATE,24,29
mdp.39015020736131,55,3,0,five,CARDINAL,7,11
mdp.39015020736131,55,3,1,three,CARDINAL,36,41
mdp.39015020736131,55,3,2,two,CARDINAL,51,54
mdp.39015020736131,55,4,0,second,ORDINAL,14,20
mdp.39015020736131,55,5,0,Nam,GPE,53,56
mdp.39015020736131,55,6,0,"November 12, 1966",DATE,47,64
mdp.39015020736131,55,6,1,today,DATE,108,113
mdp.39015020736131,55,8,0,Vietnam,GPE,37,44
mdp.39015020736131,55,12,0,"November 15, 1966",DATE,0,17
mdp.39015020736131,55,13,0,the end of the month,DATE,16,36
mdp.39015020736131,55,13,1,"November 25, 1966",DATE,38,55
mdp.39015020736131,55,15,0,the thirteenth of,DATE,23,40
mdp.39015020736131,55,17,0,49,CARDINAL,7,9
mdp.39015020736131,56,3,0,Cha Cha,PERSON,26,33
mdp.39015020736131,56,3,1,Morson,PERSON,35,41
mdp.39015020736131,56,6,0,APC,ORG,14,17
mdp.39015020736131,56,7,0,Davey boy,PERSON,3,12
mdp.39015020736131,56,11,0,each day,DATE,43,51
mdp.39015020736131,56,12,0,One minute,TIME,0,10
mdp.39015020736131,56,12,1,the next minute,TIME,27,42
mdp.39015020736131,56,19,0,"December 5, 1966",DATE,64,80
mdp.39015020736131,56,24,0,this next year,DATE,24,38
mdp.39015020736131,57,2,0,Marie Ann,PERSON,9,18
mdp.39015020736131,57,2,1,Sweden,GPE,22,28
mdp.39015020736131,57,5,0,"December 13, 1966",DATE,0,17
mdp.39015020736131,57,8,0,the West Coast,LOC,58,72
mdp.39015020736131,57,10,0,Fort Riley,ORG,4,14
mdp.39015020736131,57,13,0,yesterday,DATE,30,39
mdp.39015020736131,57,17,0,"December 14, 1966",DATE,38,55
mdp.39015020736131,57,17,1,Nevada,GPE,69,75
mdp.39015020736131,57,18,0,the Sahara Desert,LOC,11,28
mdp.39015020736131,57,19,0,Tubbs,PERSON,30,35
mdp.39015020736131,57,22,0,Negro,NORP,22,27
mdp.39015020736131,57,25,0,51,CARDINAL,0,2
mdp.39015020736131,58,0,0,Cha Cha,PERSON,0,7
mdp.39015020736131,58,0,1,about seven,CARDINAL,11,22
mdp.39015020736131,58,3,0,"December 15, 1966",DATE,0,17
mdp.39015020736131,58,3,1,Oakland,GPE,18,25
mdp.39015020736131,58,3,2,the next ten hours,TIME,29,47
mdp.39015020736131,58,4,0,California,GPE,97,107
mdp.39015020736131,58,6,0,Tubbs,PERSON,0,5
mdp.39015020736131,58,10,0,Tubbs,PERSON,0,5
mdp.39015020736131,58,13,0,seventeen thousand,CARDINAL,47,65
mdp.39015020736131,58,14,0,four months,DATE,32,43
mdp.39015020736131,58,14,1,half,CARDINAL,52,56
mdp.39015020736131,58,14,2,Nam,GPE,82,85
mdp.39015020736131,58,15,0,another four months,DATE,19,38
mdp.39015020736131,58,18,0,CO,ORG,36,38
mdp.39015020736131,58,20,0,hours,TIME,37,42
mdp.39015020736131,58,22,0,52,CARDINAL,73,75
mdp.39015020736131,59,1,0,Oakland,GPE,26,33
mdp.39015020736131,59,2,0,twenty-eight-day,DATE,26,42
mdp.39015020736131,59,3,0,one thousand,CARDINAL,25,37
mdp.39015020736131,59,3,1,nearly a month,DATE,77,91
mdp.39015020736131,59,5,0,53,CARDINAL,0,2
mdp.39015020736131,60,0,0,SIAM,GPE,8,12
mdp.39015020736131,60,0,1,Mekong SAIGON,GPE,42,55
mdp.39015020736131,60,0,2,Kien Tan,PERSON,61,69
mdp.39015020736131,60,0,3,An My Tho,PERSON,70,79
mdp.39015020736131,60,0,4,Vung Tau Camp Sierra,FAC,115,135
mdp.39015020736131,60,0,5,50,CARDINAL,136,138
mdp.39015020736131,60,0,6,CHINA,GPE,166,171
mdp.39015020736131,60,0,7,BURMA THAILAND,GPE,182,196
mdp.39015020736131,60,0,8,Hanoi,GPE,197,202
mdp.39015020736131,60,0,9,Mekong NORTH,GPE,203,215
mdp.39015020736131,60,0,10,CHINA,GPE,230,235
mdp.39015020736131,60,0,11,VIETNAM,GPE,246,253
mdp.39015020736131,60,0,12,SIAM,GPE,262,266
mdp.39015020736131,60,0,13,CAMBODIA,GPE,267,275
mdp.39015020736131,60,0,14,Saigon,GPE,276,282
mdp.39015020736131,61,0,0,"December 16, 1966",DATE,9,26
mdp.39015020736131,61,1,0,this morning,TIME,39,51
mdp.39015020736131,61,9,0,four,CARDINAL,14,18
mdp.39015020736131,61,9,1,ten,CARDINAL,35,38
mdp.39015020736131,61,9,2,"December 17, 1966",DATE,47,64
mdp.39015020736131,61,10,0,the 1st Brigade,ORG,16,31
mdp.39015020736131,61,13,0,"December 18, 1966",DATE,65,82
mdp.39015020736131,62,4,0,"over 2,500",CARDINAL,10,20
mdp.39015020736131,62,6,0,KP,ORG,0,2
mdp.39015020736131,62,6,1,every third day,DATE,6,21
mdp.39015020736131,62,8,0,3 A.M.,TIME,30,36
mdp.39015020736131,62,8,1,9 P.M.,TIME,40,46
mdp.39015020736131,62,9,0,all day,DATE,9,16
mdp.39015020736131,62,9,1,three,CARDINAL,34,39
mdp.39015020736131,62,10,0,one,CARDINAL,5,8
mdp.39015020736131,62,12,0,the cold days,DATE,21,34
mdp.39015020736131,62,12,1,Kansas,GPE,60,66
mdp.39015020736131,62,13,0,Riley,GPE,27,32
mdp.39015020736131,62,18,0,"December 20, 1966",DATE,0,17
mdp.39015020736131,62,19,0,today,DATE,21,26
mdp.39015020736131,62,22,0,Vietnam,GPE,38,45
mdp.39015020736131,62,28,0,Cha Cha,PERSON,14,21
mdp.39015020736131,62,28,1,this morning,TIME,22,34
mdp.39015020736131,62,31,0,56,CARDINAL,0,2
mdp.39015020736131,63,5,0,"December 22, 1966",DATE,0,17
mdp.39015020736131,63,7,0,Marie Ann,PERSON,46,55
mdp.39015020736131,63,11,0,next year,DATE,79,88
mdp.39015020736131,63,19,0,"December 25, 1966",DATE,0,17
mdp.39015020736131,63,20,0,Today,DATE,0,5
mdp.39015020736131,63,20,1,Christmas,DATE,9,18
mdp.39015020736131,63,22,0,Nam,GPE,51,54
mdp.39015020736131,63,23,0,today,DATE,22,27
mdp.39015020736131,63,25,0,Vietnam,GPE,47,54
mdp.39015020736131,63,28,0,Ashworth,PERSON,5,13
mdp.39015020736131,63,28,1,Viet57,NORP,56,62
mdp.39015020736131,64,0,0,namese,NORP,0,6
mdp.39015020736131,64,2,0,Yost,PERSON,24,28
mdp.39015020736131,64,2,1,hours,TIME,43,48
mdp.39015020736131,64,6,0,"December 30, 1966",DATE,0,17
mdp.39015020736131,64,8,0,Patch,LOC,74,79
mdp.39015020736131,64,13,0,tomorrow,DATE,26,34
mdp.39015020736131,64,15,0,Pacific,LOC,31,38
mdp.39015020736131,64,17,0,"December 31, 1966",DATE,0,17
mdp.39015020736131,64,17,1,New Year's Eve,EVENT,18,32
mdp.39015020736131,64,18,0,Auld Lang Syne,WORK_OF_ART,24,38
mdp.39015020736131,64,21,0,about one o'clock,TIME,5,22
mdp.39015020736131,64,21,1,Patch,LOC,98,103
mdp.39015020736131,64,23,0,a happy New Year,DATE,16,32
mdp.39015020736131,64,24,0,"January 1, 1967",DATE,0,15
mdp.39015020736131,64,24,1,About 5 A.M.,TIME,16,28
mdp.39015020736131,64,24,2,Vietnam,GPE,81,88
mdp.39015020736131,64,25,0,58,CARDINAL,0,2
mdp.39015020736131,65,1,0,the next twelve months,DATE,52,74
mdp.39015020736131,65,3,0,"January 2, 1967",DATE,0,15
mdp.39015020736131,65,9,0,"January 3, 1967",DATE,0,15
mdp.39015020736131,65,9,1,VIETNAM,PERSON,16,23
mdp.39015020736131,65,10,0,today,DATE,17,22
mdp.39015020736131,65,11,0,M-16s,PRODUCT,32,37
mdp.39015020736131,65,11,1,six,CARDINAL,42,45
mdp.39015020736131,65,14,0,Cha Cha,PERSON,20,27
mdp.39015020736131,65,14,1,Ashworth,PERSON,32,40
mdp.39015020736131,65,15,0,Zulu,GPE,52,56
mdp.39015020736131,65,16,0,Charlie,PERSON,61,68
mdp.39015020736131,65,17,0,Highway 15,FAC,25,35
mdp.39015020736131,65,18,0,two hundred,CARDINAL,11,22
mdp.39015020736131,65,21,0,two,CARDINAL,13,16
mdp.39015020736131,65,22,0,two bucks,MONEY,107,116
mdp.39015020736131,65,23,0,59,CARDINAL,21,23
mdp.39015020736131,66,3,0,a few miles,QUANTITY,33,44
mdp.39015020736131,66,4,0,APCs,PRODUCT,10,14
mdp.39015020736131,66,7,0,the 173rd Airborne,ORG,15,33
mdp.39015020736131,66,7,1,the 137th Australian Regiment,ORG,38,67
mdp.39015020736131,66,8,0,"January 6, 1967",DATE,42,57
mdp.39015020736131,66,8,1,today,DATE,82,87
mdp.39015020736131,66,8,2,E Company,ORG,89,98
mdp.39015020736131,66,8,3,Mechanized Infantry,ORG,115,134
mdp.39015020736131,66,9,0,about twenty-five,CARDINAL,22,39
mdp.39015020736131,66,12,0,the Fourth Platoon,ORG,9,27
mdp.39015020736131,66,12,1,three,CARDINAL,47,52
mdp.39015020736131,66,14,0,Saigon,GPE,24,30
mdp.39015020736131,66,14,1,the Mekong Delta,LOC,52,68
mdp.39015020736131,66,15,0,Delta,LOC,45,50
mdp.39015020736131,66,18,0,"January 7, 1967",DATE,0,15
mdp.39015020736131,66,19,0,second,ORDINAL,60,66
mdp.39015020736131,66,19,1,Alden,PERSON,79,84
mdp.39015020736131,66,20,0,FDC,ORG,17,20
mdp.39015020736131,66,23,0,the 60,DATE,39,45
mdp.39015020736131,67,5,0,First,ORDINAL,0,5
mdp.39015020736131,67,5,1,tomorrow,DATE,14,22
mdp.39015020736131,67,6,0,"January 8, 1967",DATE,0,15
mdp.39015020736131,67,8,0,Today,DATE,0,5
mdp.39015020736131,67,8,1,Charlie,PERSON,22,29
mdp.39015020736131,67,18,0,"January 9, 1967",DATE,0,15
mdp.39015020736131,67,19,0,first,ORDINAL,15,20
mdp.39015020736131,67,19,1,today,DATE,31,36
mdp.39015020736131,67,19,2,ten days,DATE,75,83
mdp.39015020736131,67,20,0,Highway 15,FAC,30,40
mdp.39015020736131,67,20,1,Delta,LOC,66,71
mdp.39015020736131,67,20,2,Saigon,GPE,75,81
mdp.39015020736131,67,23,0,just six,CARDINAL,10,18
mdp.39015020736131,67,24,0,Scioscia,PERSON,0,8
mdp.39015020736131,67,24,1,Zerman,PERSON,13,19
mdp.39015020736131,67,24,2,New York,GPE,25,33
mdp.39015020736131,67,24,3,Christensen,PERSON,39,50
mdp.39015020736131,67,24,4,Negro,NORP,72,77
mdp.39015020736131,67,24,5,Connecticut,GPE,83,94
mdp.39015020736131,67,25,0,Alden,PERSON,18,23
mdp.39015020736131,67,25,1,Golas,PERSON,33,38
mdp.39015020736131,67,31,0,Day,DATE,12,15
mdp.39015020736131,67,32,0,Picke 61,PERSON,4,12
mdp.39015020736131,68,0,0,Zerman,PERSON,0,6
mdp.39015020736131,68,1,0,Scioscia,PERSON,0,8
mdp.39015020736131,68,2,0,Alden,PERSON,4,9
mdp.39015020736131,68,2,1,Golas,PERSON,19,24
mdp.39015020736131,68,3,0,one,CARDINAL,7,10
mdp.39015020736131,68,6,0,four,CARDINAL,11,15
mdp.39015020736131,68,6,1,50,CARDINAL,43,45
mdp.39015020736131,68,6,2,60-cal,QUANTITY,55,61
mdp.39015020736131,68,7,0,one,CARDINAL,29,32
mdp.39015020736131,68,8,0,"January 11, 1967",DATE,0,16
mdp.39015020736131,68,10,0,VC,ORG,21,23
mdp.39015020736131,68,11,0,more than fifteen or sixteen years old,DATE,24,62
mdp.39015020736131,68,14,0,a day,DATE,6,11
mdp.39015020736131,68,14,1,Christensen,PERSON,23,34
mdp.39015020736131,68,15,0,today,DATE,23,28
mdp.39015020736131,68,15,1,VC,ORG,63,65
mdp.39015020736131,68,16,0,about fifty yards,QUANTITY,59,76
mdp.39015020736131,68,18,0,two days,DATE,4,12
mdp.39015020736131,68,19,0,the next day,DATE,3,15
mdp.39015020736131,68,20,0,Charlie,PERSON,48,55
mdp.39015020736131,68,23,0,"January 12, 1967",DATE,0,16
mdp.39015020736131,68,23,1,two,CARDINAL,24,27
mdp.39015020736131,68,23,2,Charlie,ORG,28,35
mdp.39015020736131,68,23,3,today,DATE,46,51
mdp.39015020736131,68,24,0,50,CARDINAL,33,35
mdp.39015020736131,68,28,0,all day,DATE,24,31
mdp.39015020736131,68,29,0,62,CARDINAL,16,18
mdp.39015020736131,69,2,0,about a thousand,CARDINAL,25,41
mdp.39015020736131,69,3,0,Charlie,PERSON,0,7
mdp.39015020736131,69,8,0,night,TIME,36,41
mdp.39015020736131,69,8,1,the day,DATE,67,74
mdp.39015020736131,69,11,0,Scioscia,PERSON,0,8
mdp.39015020736131,69,12,0,Zerman,PERSON,0,6
mdp.39015020736131,69,13,0,Christensen,PERSON,0,11
mdp.39015020736131,69,14,0,ten days,DATE,62,70
mdp.39015020736131,69,14,1,Charlie,PERSON,131,138
mdp.39015020736131,69,15,0,Alden,PERSON,67,72
mdp.39015020736131,69,15,1,Golas,PERSON,81,86
mdp.39015020736131,69,17,0,Golas,PERSON,0,5
mdp.39015020736131,69,17,1,Christensen,PERSON,32,43
mdp.39015020736131,69,18,0,twenty-four-hour,TIME,39,55
mdp.39015020736131,69,19,0,one,CARDINAL,13,16
mdp.39015020736131,69,20,0,"January 13, 1967",DATE,0,16
mdp.39015020736131,69,21,0,last night,TIME,21,31
mdp.39015020736131,70,2,0,Charlie,PERSON,3,10
mdp.39015020736131,70,3,0,peoEleven more months,DATE,0,21
mdp.39015020736131,70,10,0,Vietnamese,NORP,83,93
mdp.39015020736131,70,11,0,One,CARDINAL,0,3
mdp.39015020736131,70,11,1,Paulson,PERSON,14,21
mdp.39015020736131,70,13,0,"January 14, 1967",DATE,0,16
mdp.39015020736131,70,13,1,last night,TIME,35,45
mdp.39015020736131,70,14,0,Christensen,PERSON,0,11
mdp.39015020736131,70,15,0,about eleven o'clock,TIME,7,27
mdp.39015020736131,70,16,0,Christensen,PERSON,9,20
mdp.39015020736131,70,18,0,Christensen,PERSON,7,18
mdp.39015020736131,70,18,1,Charlie,PERSON,26,33
mdp.39015020736131,70,21,0,Paulson,PERSON,14,21
mdp.39015020736131,70,27,0,5:00 A.M.,TIME,25,34
mdp.39015020736131,73,1,0,7:45 A.M.,TIME,0,9
mdp.39015020736131,73,5,0,8:30 A.M.,TIME,11,20
mdp.39015020736131,76,0,0,1,CARDINAL,0,1
mdp.39015020736131,77,0,0,9:15 A.M.,TIME,0,9
mdp.39015020736131,77,3,0,9:45 A.M.,TIME,1,10
mdp.39015020736131,77,3,1,D Company,ORG,11,20
mdp.39015020736131,77,4,0,four,CARDINAL,47,51
mdp.39015020736131,78,0,0,11:00 A.M.,TIME,0,10
mdp.39015020736131,78,2,0,12:15 P.M.,TIME,1,11
mdp.39015020736131,81,0,0,2:30 P.M.,TIME,1,10
mdp.39015020736131,81,2,0,180 feet,QUANTITY,53,61
mdp.39015020736131,82,0,0,3:15 P.M.,TIME,0,9
mdp.39015020736131,82,2,0,5:30 P.M.,TIME,1,10
mdp.39015020736131,82,4,0,five,CARDINAL,8,12
mdp.39015020736131,82,5,0,Overleaf,ORG,1,9
mdp.39015020736131,82,6,0,7:00 P.M.,TIME,0,9
mdp.39015020736131,82,7,0,night,TIME,12,17
mdp.39015020736131,82,7,1,Charlie,PERSON,21,28
mdp.39015020736131,87,3,0,seven,CARDINAL,35,40
mdp.39015020736131,87,3,1,150,CARDINAL,54,57
mdp.39015020736131,87,6,0,"January 16, 1967",DATE,107,123
mdp.39015020736131,87,6,1,every day,DATE,154,163
mdp.39015020736131,87,9,0,Charlie,PERSON,0,7
mdp.39015020736131,87,13,0,Whiteys,NORP,12,19
mdp.39015020736131,87,17,0,one,CARDINAL,6,9
mdp.39015020736131,87,20,0,South Viet,NORP,4,14
mdp.39015020736131,87,20,1,Negro,NORP,31,36
mdp.39015020736131,87,25,0,81,CARDINAL,0,2
mdp.39015020736131,88,1,0,Scotch,PRODUCT,23,29
mdp.39015020736131,88,3,0,D Company,ORG,13,22
mdp.39015020736131,88,3,1,last night,TIME,32,42
mdp.39015020736131,88,5,0,Cha Cha,PERSON,35,42
mdp.39015020736131,88,5,1,Ashworth,PERSON,47,55
mdp.39015020736131,88,9,0,a few days,DATE,26,36
mdp.39015020736131,88,9,1,last week,DATE,37,46
mdp.39015020736131,88,9,2,over two thousand,CARDINAL,55,72
mdp.39015020736131,88,11,0,"January 18, 1967",DATE,0,16
mdp.39015020736131,88,11,1,Laredo,GPE,59,65
mdp.39015020736131,88,14,0,one,CARDINAL,5,8
mdp.39015020736131,88,15,0,Zulu,GPE,26,30
mdp.39015020736131,88,17,0,tomorrow,DATE,36,44
mdp.39015020736131,88,19,0,today,DATE,34,39
mdp.39015020736131,88,19,1,Delta,LOC,50,55
mdp.39015020736131,88,22,0,the other night,TIME,29,44
mdp.39015020736131,88,24,0,New York,GPE,22,30
mdp.39015020736131,88,24,1,the Statue of Liberty,WORK_OF_ART,169,190
mdp.39015020736131,88,25,0,one,CARDINAL,9,12
mdp.39015020736131,88,26,0,Akers,PERSON,8,13
mdp.39015020736131,88,27,0,82,DATE,5,7
mdp.39015020736131,89,0,0,the Third Platoon,ORG,14,31
mdp.39015020736131,89,3,0,Vietnamese,NORP,2,12
mdp.39015020736131,89,6,0,VC,ORG,24,26
mdp.39015020736131,89,6,1,"January 19, 1967",DATE,52,68
mdp.39015020736131,89,7,0,Delta,LOC,9,14
mdp.39015020736131,89,8,0,early tomorrow morning,TIME,9,31
mdp.39015020736131,89,9,0,"January 20, 1967",DATE,0,16
mdp.39015020736131,89,9,1,a rough day,DATE,27,38
mdp.39015020736131,89,10,0,11 A.M.,TIME,55,62
mdp.39015020736131,89,12,0,at least two days,DATE,25,42
mdp.39015020736131,89,13,0,as far as Saigon today,QUANTITY,12,34
mdp.39015020736131,89,13,1,about twenty miles,QUANTITY,36,54
mdp.39015020736131,89,16,0,Another tough day,DATE,0,17
mdp.39015020736131,89,16,1,tomorrow,DATE,18,26
mdp.39015020736131,89,17,0,tomorrow,DATE,77,85
mdp.39015020736131,89,17,1,thousands,CARDINAL,87,96
mdp.39015020736131,89,17,2,Delta,LOC,122,127
mdp.39015020736131,89,20,0,"January 22, 1967",DATE,23,39
mdp.39015020736131,89,21,0,late yesterday,DATE,11,25
mdp.39015020736131,89,22,0,about thirty miles,QUANTITY,7,25
mdp.39015020736131,89,22,1,Saigon,GPE,39,45
mdp.39015020736131,89,22,2,My Tho,GPE,61,67
mdp.39015020736131,90,4,0,Sierra,LOC,15,21
mdp.39015020736131,90,4,1,about six feet,QUANTITY,93,107
mdp.39015020736131,90,6,0,second,ORDINAL,11,17
mdp.39015020736131,90,6,1,American,NORP,18,26
mdp.39015020736131,90,7,0,Charlie,PERSON,0,7
mdp.39015020736131,90,7,1,two,CARDINAL,28,31
mdp.39015020736131,90,8,0,later this month,DATE,40,56
mdp.39015020736131,90,10,0,"January 24, 1967",DATE,0,16
mdp.39015020736131,90,12,0,One,CARDINAL,0,3
mdp.39015020736131,90,17,0,"January 28, 1967",DATE,0,16
mdp.39015020736131,90,18,0,the last two days,DATE,23,40
mdp.39015020736131,90,19,0,two,CARDINAL,10,13
mdp.39015020736131,90,19,1,VC,ORG,35,37
mdp.39015020736131,90,19,2,forty meters,QUANTITY,107,119
mdp.39015020736131,90,20,0,the next few minutes,TIME,33,53
mdp.39015020736131,90,22,0,84,CARDINAL,0,2
mdp.39015020736131,91,2,0,Three,CARDINAL,0,5
mdp.39015020736131,91,2,1,this morning,TIME,29,41
mdp.39015020736131,91,4,0,Two,CARDINAL,0,3
mdp.39015020736131,91,10,0,Vietnam,GPE,38,45
mdp.39015020736131,91,11,0,Grissom,PERSON,0,7
mdp.39015020736131,91,11,1,White,PERSON,9,14
mdp.39015020736131,91,11,2,Chaffee,PERSON,19,26
mdp.39015020736131,91,13,0,"January 29, 1967",DATE,0,16
mdp.39015020736131,91,14,0,Sunday,DATE,5,11
mdp.39015020736131,91,15,0,Charlie,PERSON,0,7
mdp.39015020736131,91,16,0,twenty-four-hour,TIME,7,23
mdp.39015020736131,91,17,0,FDC,ORG,0,3
mdp.39015020736131,91,26,0,Zerman,PERSON,19,25
mdp.39015020736131,91,28,0,One,CARDINAL,0,3
mdp.39015020736131,91,29,0,85,CARDINAL,0,2
mdp.39015020736131,92,0,0,Marie Ann,PERSON,14,23
mdp.39015020736131,92,0,1,today,DATE,24,29
mdp.39015020736131,92,1,0,Sweden,GPE,24,30
mdp.39015020736131,92,3,0,February 21,DATE,57,68
mdp.39015020736131,92,5,0,"January 31, 1967",DATE,0,16
mdp.39015020736131,92,7,0,only three,CARDINAL,107,117
mdp.39015020736131,92,7,1,sixteen,CARDINAL,131,138
mdp.39015020736131,92,9,0,Paulson,PERSON,5,12
mdp.39015020736131,92,10,0,Negroes,NORP,26,33
mdp.39015020736131,92,10,1,Puerto Ricans,NORP,38,51
mdp.39015020736131,92,12,0,FDC,ORG,63,66
mdp.39015020736131,92,15,0,Puerto Ricans,NORP,22,35
mdp.39015020736131,92,17,0,"February 2, 1967",DATE,0,16
mdp.39015020736131,92,17,1,the other night,TIME,81,96
mdp.39015020736131,92,17,2,Paulson,PERSON,101,108
mdp.39015020736131,92,18,0,Paulson,PERSON,47,54
mdp.39015020736131,92,21,0,Paulson,PERSON,0,7
mdp.39015020736131,92,22,0,Paulson,PERSON,0,7
mdp.39015020736131,92,23,0,Negroes,NORP,28,35
mdp.39015020736131,93,2,0,Whitey,PERSON,0,6
mdp.39015020736131,93,5,0,Pale,PERSON,41,45
mdp.39015020736131,93,7,0,Alden,PERSON,4,9
mdp.39015020736131,93,8,0,Zerman,PERSON,0,6
mdp.39015020736131,93,8,1,Jewish,NORP,10,16
mdp.39015020736131,93,8,2,New York,GPE,26,34
mdp.39015020736131,93,9,0,Golas,PERSON,5,10
mdp.39015020736131,93,14,0,Ten more months,DATE,0,15
mdp.39015020736131,93,15,0,Charlie,PERSON,28,35
mdp.39015020736131,93,16,0,one,CARDINAL,13,16
mdp.39015020736131,93,17,0,Whitey,PERSON,0,6
mdp.39015020736131,93,18,0,"February 7, 1967",DATE,0,16
mdp.39015020736131,93,20,0,Paulson,PERSON,0,7
mdp.39015020736131,93,20,1,FDC,ORG,34,37
mdp.39015020736131,93,22,0,"February 9, 1967",DATE,0,16
mdp.39015020736131,93,23,0,FDC,ORG,36,39
mdp.39015020736131,93,24,0,Paulson,PERSON,14,21
mdp.39015020736131,93,26,0,Forward Observer Parks,ORG,9,31
mdp.39015020736131,93,26,1,First Platoon,ORG,49,62
mdp.39015020736131,93,27,0,Charlie,PERSON,52,59
mdp.39015020736131,93,28,0,87,CARDINAL,70,72
mdp.39015020736131,94,2,0,Paulson,ORG,27,34
mdp.39015020736131,94,4,0,"February 12, 1967",DATE,0,17
mdp.39015020736131,94,7,0,six thousand meters,QUANTITY,16,35
mdp.39015020736131,94,7,1,yesterday,DATE,52,61
mdp.39015020736131,94,9,0,the past two weeks,DATE,4,22
mdp.39015020736131,94,14,0,today,DATE,34,39
mdp.39015020736131,94,18,0,Camp Foxtrot,FAC,41,53
mdp.39015020736131,94,21,0,"February 13, 1967",DATE,0,17
mdp.39015020736131,94,23,0,yesterday,DATE,48,57
mdp.39015020736131,94,24,0,less than ninety days,DATE,83,104
mdp.39015020736131,95,5,0,"February 15, 1967",DATE,0,17
mdp.39015020736131,95,6,0,today,DATE,26,31
mdp.39015020736131,95,8,0,My Tho,GPE,33,39
mdp.39015020736131,95,9,0,VC,ORG,55,57
mdp.39015020736131,95,10,0,the day,DATE,40,47
mdp.39015020736131,95,12,0,every week,DATE,32,42
mdp.39015020736131,95,14,0,"February 18, 1967",DATE,0,17
mdp.39015020736131,95,15,0,Foxtrot,GPE,9,16
mdp.39015020736131,95,16,0,Charlie,PERSON,15,22
mdp.39015020736131,95,16,1,four-thirty,TIME,55,66
mdp.39015020736131,95,17,0,that hour,TIME,14,23
mdp.39015020736131,95,19,0,the first of February,DATE,42,63
mdp.39015020736131,95,24,0,Deedee,PERSON,55,61
mdp.39015020736131,95,27,0,"February 19, 1967",DATE,0,17
mdp.39015020736131,95,29,0,89,CARDINAL,63,65
mdp.39015020736131,96,2,0,one,CARDINAL,30,33
mdp.39015020736131,96,3,0,the last two months,DATE,19,38
mdp.39015020736131,96,5,0,The other day,DATE,0,13
mdp.39015020736131,96,5,1,one,CARDINAL,58,61
mdp.39015020736131,96,8,0,Charlie,PERSON,8,15
mdp.39015020736131,96,10,0,one-day,DATE,39,46
mdp.39015020736131,96,10,1,night,TIME,85,90
mdp.39015020736131,96,11,0,Saigon,GPE,47,53
mdp.39015020736131,96,11,1,days,DATE,105,109
mdp.39015020736131,96,11,2,weeks,DATE,118,123
mdp.39015020736131,96,12,0,"February 22, 1967",DATE,0,17
mdp.39015020736131,96,12,1,Charlie,PERSON,18,25
mdp.39015020736131,96,12,2,several miles,QUANTITY,40,53
mdp.39015020736131,96,12,3,about two o'clock this morning,TIME,69,99
mdp.39015020736131,96,14,0,Charlie,PERSON,4,11
mdp.39015020736131,96,16,0,Charlie,PERSON,0,7
mdp.39015020736131,96,16,1,thirty,CARDINAL,65,71
mdp.39015020736131,96,18,0,one,CARDINAL,10,13
mdp.39015020736131,96,21,0,FDC,ORG,30,33
mdp.39015020736131,96,22,0,White,PERSON,5,10
mdp.39015020736131,96,22,1,two,CARDINAL,101,104
mdp.39015020736131,96,25,0,half an hour,TIME,19,31
mdp.39015020736131,96,26,0,a year,DATE,19,25
mdp.39015020736131,96,27,0,90,CARDINAL,0,2
mdp.39015020736131,97,0,0,"February 24, 1967",DATE,0,17
mdp.39015020736131,97,1,0,yesterday,DATE,34,43
mdp.39015020736131,97,1,1,VC,ORG,88,90
mdp.39015020736131,97,2,0,Charlie,PERSON,0,7
mdp.39015020736131,97,8,0,Every day,DATE,0,9
mdp.39015020736131,97,12,0,"February 26, 1967",DATE,0,17
mdp.39015020736131,97,13,0,Joes,NORP,38,42
mdp.39015020736131,97,13,1,Young,PERSON,71,76
mdp.39015020736131,97,14,0,Wyeth,PERSON,4,9
mdp.39015020736131,97,14,1,Slepyan,PERSON,27,34
mdp.39015020736131,97,15,0,two,CARDINAL,10,13
mdp.39015020736131,97,15,1,Louisville,GPE,53,63
mdp.39015020736131,97,15,2,Emory,PERSON,74,79
mdp.39015020736131,97,16,0,Emory,PERSON,0,5
mdp.39015020736131,97,17,0,three,CARDINAL,10,15
mdp.39015020736131,97,17,1,Sachs,PERSON,54,59
mdp.39015020736131,97,17,2,Greenfield,PERSON,61,71
mdp.39015020736131,97,17,3,Hickman,PERSON,76,83
mdp.39015020736131,97,18,0,Sachs,PERSON,0,5
mdp.39015020736131,97,18,1,Greenfield,PERSON,10,20
mdp.39015020736131,97,20,0,"February 27, 1967",DATE,0,17
mdp.39015020736131,97,21,0,This morning,TIME,0,12
mdp.39015020736131,97,22,0,Charlie,PERSON,0,7
mdp.39015020736131,97,22,1,91,CARDINAL,36,38
mdp.39015020736131,98,5,0,Akers,PERSON,0,5
mdp.39015020736131,98,9,0,one,CARDINAL,27,30
mdp.39015020736131,98,10,0,about fifteen yards,QUANTITY,31,50
mdp.39015020736131,98,13,0,Emory,PERSON,29,34
mdp.39015020736131,98,14,0,three months,DATE,67,79
mdp.39015020736131,98,23,0,Emory,PERSON,16,21
mdp.39015020736131,98,23,1,today,DATE,22,27
mdp.39015020736131,98,24,0,Marie Ann,PERSON,48,57
mdp.39015020736131,98,24,1,Ziggy,PERSON,59,64
mdp.39015020736131,98,24,2,Deedee,PERSON,129,135
mdp.39015020736131,98,27,0,two,CARDINAL,11,14
mdp.39015020736131,98,31,0,92,CARDINAL,0,2
mdp.39015020736131,99,0,0,"March 1, 1967",DATE,0,13
mdp.39015020736131,99,1,0,This morning,TIME,0,12
mdp.39015020736131,99,1,1,ARVN,ORG,43,47
mdp.39015020736131,99,1,2,about forty years old,DATE,76,97
mdp.39015020736131,99,3,0,ARVN,ORG,4,8
mdp.39015020736131,99,4,0,ARVN,ORG,4,8
mdp.39015020736131,99,6,0,the next few seconds,TIME,3,23
mdp.39015020736131,99,9,0,ARVNs,PRODUCT,6,11
mdp.39015020736131,99,11,0,a few minutes,TIME,12,25
mdp.39015020736131,99,13,0,"March 2, 1967",DATE,0,13
mdp.39015020736131,99,13,1,Last night,TIME,14,24
mdp.39015020736131,99,13,2,first,ORDINAL,36,41
mdp.39015020736131,99,14,0,Charlie,PERSON,0,7
mdp.39015020736131,99,14,1,about fifteen,CARDINAL,15,28
mdp.39015020736131,99,16,0,first,ORDINAL,22,27
mdp.39015020736131,99,22,0,50,CARDINAL,37,39
mdp.39015020736131,99,23,0,the worst,TIME,7,16
mdp.39015020736131,99,23,1,ten minutes,TIME,17,28
mdp.39015020736131,99,24,0,Army of the Republic of Vietnam,ORG,2,33
mdp.39015020736131,99,25,0,93,CARDINAL,0,2
mdp.39015020736131,100,1,0,every Fifteen minutes later,TIME,0,27
mdp.39015020736131,100,2,0,Emory,PERSON,0,5
mdp.39015020736131,100,4,0,first,ORDINAL,10,15
mdp.39015020736131,100,4,1,night,TIME,34,39
mdp.39015020736131,100,4,2,ten days,DATE,50,58
mdp.39015020736131,100,5,0,Golas,PERSON,5,10
mdp.39015020736131,100,8,0,night,TIME,62,67
mdp.39015020736131,100,14,0,"March 4, 1967",DATE,0,13
mdp.39015020736131,100,15,0,twenty-third,DATE,8,20
mdp.39015020736131,100,18,0,days,DATE,24,28
mdp.39015020736131,100,19,0,Charlie,PERSON,29,36
mdp.39015020736131,100,19,1,the Tan An,LOC,40,50
mdp.39015020736131,100,19,2,about twenty miles,QUANTITY,57,75
mdp.39015020736131,100,19,3,Saigon,GPE,89,95
mdp.39015020736131,100,21,0,yesterday,DATE,27,36
mdp.39015020736131,100,21,1,50s,DATE,64,67
mdp.39015020736131,100,21,2,about forty,CARDINAL,79,90
mdp.39015020736131,100,22,0,late afternoon,TIME,3,17
mdp.39015020736131,100,23,0,the next seven or eight days,DATE,25,53
mdp.39015020736131,100,24,0,"March 7, 1967",DATE,0,13
mdp.39015020736131,100,25,0,today,DATE,24,29
mdp.39015020736131,101,1,0,Wyeth,PERSON,4,9
mdp.39015020736131,101,3,0,Wyeth,PERSON,45,50
mdp.39015020736131,101,3,1,first,ORDINAL,63,68
mdp.39015020736131,101,3,2,M-16,PRODUCT,95,99
mdp.39015020736131,101,7,0,Charlie,PERSON,47,54
mdp.39015020736131,101,10,0,about three minutes,TIME,44,63
mdp.39015020736131,101,10,1,Charlie,PERSON,68,75
mdp.39015020736131,101,10,2,about two,CARDINAL,114,123
mdp.39015020736131,101,11,0,Young,PERSON,39,44
mdp.39015020736131,101,14,0,Young,PERSON,0,5
mdp.39015020736131,101,18,0,"March 11, 1967",DATE,3,17
mdp.39015020736131,101,18,1,a few days late,DATE,32,47
mdp.39015020736131,101,18,2,today,DATE,87,92
mdp.39015020736131,101,18,3,a Purple Heart,WORK_OF_ART,115,129
mdp.39015020736131,101,19,0,seventh,ORDINAL,28,35
mdp.39015020736131,101,22,0,about thirty miles an hour,QUANTITY,29,55
mdp.39015020736131,101,28,0,Emory,PERSON,0,5
mdp.39015020736131,101,30,0,95,CARDINAL,69,71
mdp.39015020736131,102,9,0,Sierra,LOC,25,31
mdp.39015020736131,102,9,1,that afternoon,TIME,32,46
mdp.39015020736131,102,9,2,Charlie,PERSON,65,72
mdp.39015020736131,102,9,3,the same night,TIME,108,122
mdp.39015020736131,102,14,0,the Medical Corps,ORG,23,40
mdp.39015020736131,102,16,0,Deedee,PERSON,34,40
mdp.39015020736131,102,18,0,"March 13, 1967",DATE,0,14
mdp.39015020736131,102,19,0,Christensen,PERSON,4,15
mdp.39015020736131,102,19,1,today,DATE,16,21
mdp.39015020736131,102,21,0,Paulson,PERSON,0,7
mdp.39015020736131,102,22,0,one,CARDINAL,47,50
mdp.39015020736131,102,22,1,Thomas,PERSON,98,104
mdp.39015020736131,102,24,0,"March 14, 1967",DATE,0,14
mdp.39015020736131,102,25,0,Charlie,PERSON,0,7
mdp.39015020736131,102,26,0,the other day,DATE,44,57
mdp.39015020736131,102,27,0,two,CARDINAL,4,7
mdp.39015020736131,102,27,1,Saigon,GPE,97,103
mdp.39015020736131,110,0,0,6,CARDINAL,0,1
mdp.39015020736131,111,2,0,all twenty,CARDINAL,31,41
mdp.39015020736131,111,3,0,Greenfield,PERSON,62,72
mdp.39015020736131,111,4,0,50,CARDINAL,93,95
mdp.39015020736131,111,5,0,Christensen,PERSON,0,11
mdp.39015020736131,111,5,1,Slepyan,PERSON,36,43
mdp.39015020736131,111,7,0,Sachs,PERSON,0,5
mdp.39015020736131,111,7,1,three,CARDINAL,11,16
mdp.39015020736131,111,11,0,"March 21, 1967",DATE,0,14
mdp.39015020736131,111,12,0,the fifteenth,DATE,27,40
mdp.39015020736131,111,22,0,the next morning,TIME,3,19
mdp.39015020736131,111,22,1,two more days,DATE,78,91
mdp.39015020736131,111,26,0,the fourth day,DATE,3,17
mdp.39015020736131,111,27,0,Vietnam,GPE,40,47
mdp.39015020736131,112,1,0,Pus,PERSON,0,3
mdp.39015020736131,112,6,0,"March 23, 1967",DATE,0,14
mdp.39015020736131,112,6,1,Saigon,GPE,51,57
mdp.39015020736131,112,8,0,Alden,PERSON,4,9
mdp.39015020736131,112,8,1,Slepyan,PERSON,55,62
mdp.39015020736131,112,12,0,thousands,CARDINAL,10,19
mdp.39015020736131,112,15,0,Yesterday,DATE,0,9
mdp.39015020736131,112,15,1,a few minutes,TIME,70,83
mdp.39015020736131,112,18,0,Saigon,GPE,39,45
mdp.39015020736131,112,19,0,"March 28, 1967",DATE,0,14
mdp.39015020736131,112,20,0,Junction City,GPE,20,33
mdp.39015020736131,112,22,0,One,CARDINAL,0,3
mdp.39015020736131,112,24,0,106,CARDINAL,75,78
mdp.39015020736131,113,0,0,Lu view t,PERSON,0,9
mdp.39015020736131,113,2,0,Emory,PERSON,0,5
mdp.39015020736131,113,2,1,the other day,DATE,25,38
mdp.39015020736131,113,5,0,thousands of miles,QUANTITY,34,52
mdp.39015020736131,113,6,0,today,DATE,15,20
mdp.39015020736131,113,8,0,So many months,DATE,0,14
mdp.39015020736131,113,9,0,tonight,TIME,14,21
mdp.39015020736131,113,10,0,the 17th Company,ORG,31,47
mdp.39015020736131,113,11,0,Paulson,PERSON,5,12
mdp.39015020736131,113,11,1,Charlie,PERSON,53,60
mdp.39015020736131,113,18,0,Charlie,PERSON,10,17
mdp.39015020736131,113,19,0,Air Control,ORG,24,35
mdp.39015020736131,113,19,1,Army Control,ORG,37,49
mdp.39015020736131,113,19,2,ARVN,ORG,54,58
mdp.39015020736131,113,21,0,World Wars I,EVENT,66,78
mdp.39015020736131,113,24,0,forty,CARDINAL,27,32
mdp.39015020736131,113,25,0,105 degrees,QUANTITY,0,11
mdp.39015020736131,113,25,1,today,DATE,12,17
mdp.39015020736131,113,27,0,"April 3, 1967",DATE,0,13
mdp.39015020736131,113,28,0,five-day,DATE,16,24
mdp.39015020736131,113,29,0,107,CARDINAL,30,33
mdp.39015020736131,114,3,0,Charlie,PERSON,46,53
mdp.39015020736131,114,4,0,Charlie,PERSON,39,46
mdp.39015020736131,114,6,0,Charlie,PERSON,0,7
mdp.39015020736131,114,8,0,Charlie,PERSON,0,7
mdp.39015020736131,114,12,0,"April 4, 1967",DATE,0,13
mdp.39015020736131,114,13,0,a couple of days,DATE,50,66
mdp.39015020736131,114,15,0,five,CARDINAL,32,36
mdp.39015020736131,114,16,0,yesterday,DATE,72,81
mdp.39015020736131,114,17,0,Vietnamese,NORP,4,14
mdp.39015020736131,114,20,0,VC,ORG,47,49
mdp.39015020736131,114,20,1,Charlie,PERSON,73,80
mdp.39015020736131,114,21,0,Young,PERSON,19,24
mdp.39015020736131,114,21,1,VC,ORG,53,55
mdp.39015020736131,114,28,0,Camp Bravo,FAC,35,45
mdp.39015020736131,114,29,0,108,CARDINAL,0,3
mdp.39015020736131,115,1,0,Charlie,PERSON,31,38
mdp.39015020736131,115,6,0,One,CARDINAL,0,3
mdp.39015020736131,115,9,0,80 percent,PERCENT,42,52
mdp.39015020736131,115,10,0,Cha Cha,PERSON,13,20
mdp.39015020736131,115,10,1,Ashworth,PERSON,25,33
mdp.39015020736131,115,11,0,North Carolina,GPE,57,71
mdp.39015020736131,115,11,1,an Article 15,LAW,83,96
mdp.39015020736131,115,15,0,Emory,PERSON,0,5
mdp.39015020736131,115,16,0,"April 5, 1967",DATE,0,13
mdp.39015020736131,115,17,0,today,DATE,63,68
mdp.39015020736131,115,17,1,Thomas,PERSON,84,90
mdp.39015020736131,115,18,0,Thomas,PERSON,77,83
mdp.39015020736131,115,23,0,109,CARDINAL,0,3
mdp.39015020736131,116,5,0,"April 6, 1967",DATE,0,13
mdp.39015020736131,116,6,0,Greenfield,PERSON,0,10
mdp.39015020736131,116,6,1,today,DATE,18,23
mdp.39015020736131,116,7,0,our first day,DATE,7,20
mdp.39015020736131,116,7,1,Operation Hammer,EVENT,24,40
mdp.39015020736131,116,8,0,two,CARDINAL,7,10
mdp.39015020736131,116,8,1,one,CARDINAL,32,35
mdp.39015020736131,116,8,2,CBS,ORG,41,44
mdp.39015020736131,116,8,3,one,CARDINAL,49,52
mdp.39015020736131,116,8,4,NBC,ORG,58,61
mdp.39015020736131,116,10,0,Greenfield,PERSON,0,10
mdp.39015020736131,116,11,0,two,CARDINAL,9,12
mdp.39015020736131,116,15,0,60-cals,QUANTITY,76,83
mdp.39015020736131,116,16,0,Thomas,PERSON,8,14
mdp.39015020736131,116,19,0,Greenfield,PERSON,61,71
mdp.39015020736131,116,21,0,Wyeth,PERSON,34,39
mdp.39015020736131,116,22,0,Greenfield,PERSON,5,15
mdp.39015020736131,116,22,1,Wyeth,PERSON,50,55
mdp.39015020736131,116,23,0,Greenfield,PERSON,10,20
mdp.39015020736131,116,27,0,110,CARDINAL,4,7
mdp.39015020736131,117,1,0,Thomas,PERSON,9,15
mdp.39015020736131,117,1,1,Greenfield,PERSON,38,48
mdp.39015020736131,117,1,2,Third Platoon,ORG,106,119
mdp.39015020736131,117,2,0,first,ORDINAL,45,50
mdp.39015020736131,117,10,0,Sachs,PERSON,0,5
mdp.39015020736131,117,13,0,Greenfield,PERSON,11,21
mdp.39015020736131,117,14,0,Greenfield,PERSON,28,38
mdp.39015020736131,117,16,0,Joe,PERSON,13,16
mdp.39015020736131,117,17,0,Wyeth,PERSON,31,36
mdp.39015020736131,117,20,0,NBC,ORG,4,7
mdp.39015020736131,117,20,1,CBS,ORG,65,68
mdp.39015020736131,117,25,0,two,CARDINAL,8,11
mdp.39015020736131,117,25,1,NBC,ORG,12,15
mdp.39015020736131,117,26,0,about fifty,CARDINAL,59,70
mdp.39015020736131,117,26,1,Charlies,NORP,71,79
mdp.39015020736131,117,26,2,five hundred meters,QUANTITY,109,128
mdp.39015020736131,117,28,0,Wyeth,PERSON,0,5
mdp.39015020736131,117,29,0,about fifteen,CARDINAL,36,49
mdp.39015020736131,117,29,1,Charlies,NORP,50,58
mdp.39015020736131,117,30,0,third,ORDINAL,51,56
mdp.39015020736131,118,2,0,Greenfield,GPE,5,15
mdp.39015020736131,118,3,0,Just a few more inches,QUANTITY,0,22
mdp.39015020736131,118,4,0,tomorrow,DATE,6,14
mdp.39015020736131,118,4,1,my day,DATE,23,29
mdp.39015020736131,118,6,0,Only yesterday,DATE,0,14
mdp.39015020736131,118,9,0,tonight,TIME,14,21
mdp.39015020736131,118,10,0,at least another two weeks,DATE,31,57
mdp.39015020736131,118,12,0,"April 10, 1967",DATE,0,14
mdp.39015020736131,118,13,0,Charlie,PERSON,0,7
mdp.39015020736131,118,13,1,this morning,TIME,31,43
mdp.39015020736131,118,15,0,Thomas,PERSON,0,6
mdp.39015020736131,118,16,0,four,CARDINAL,10,14
mdp.39015020736131,118,16,1,45s,PRODUCT,70,73
mdp.39015020736131,118,16,2,50-calibers,QUANTITY,78,89
mdp.39015020736131,118,19,0,two,CARDINAL,9,12
mdp.39015020736131,118,19,1,M-16,PRODUCT,81,85
mdp.39015020736131,118,20,0,Sachs,PERSON,5,10
mdp.39015020736131,118,21,0,VC,ORG,15,17
mdp.39015020736131,118,21,1,Sachs,PERSON,23,28
mdp.39015020736131,118,21,2,thirty,CARDINAL,40,46
mdp.39015020736131,118,26,0,Sachs,PERSON,0,5
mdp.39015020736131,118,27,0,50-cal,QUANTITY,53,59
mdp.39015020736131,118,28,0,One,CARDINAL,0,3
mdp.39015020736131,118,29,0,Gurney,PERSON,0,6
mdp.39015020736131,118,29,1,50cal,PRODUCT,70,75
mdp.39015020736131,118,29,2,Thomas,PERSON,82,88
mdp.39015020736131,118,31,0,112,PRODUCT,16,19
mdp.39015020736131,119,5,0,"April 15, 1967",DATE,0,14
mdp.39015020736131,119,6,0,Delta,LOC,8,13
mdp.39015020736131,119,6,1,Bravo,ORG,25,30
mdp.39015020736131,119,7,0,about three hundred,CARDINAL,17,36
mdp.39015020736131,119,8,0,Charlie,PERSON,0,7
mdp.39015020736131,119,9,0,Poppa Charlies,PRODUCT,21,35
mdp.39015020736131,119,10,0,the Plain of Reeds,LOC,30,48
mdp.39015020736131,119,13,0,Johnny Shearer,PERSON,37,51
mdp.39015020736131,119,14,0,RIT,ORG,11,14
mdp.39015020736131,119,14,1,Rochester Institute of Technology,ORG,16,49
mdp.39015020736131,119,17,0,Charlie,PERSON,3,10
mdp.39015020736131,119,17,1,today,DATE,11,16
mdp.39015020736131,119,18,0,"April 20, 1967",DATE,0,14
mdp.39015020736131,119,18,1,the Plain of Reeds,LOC,30,48
mdp.39015020736131,119,19,0,Charlie,PERSON,42,49
mdp.39015020736131,119,20,0,Hickman,PERSON,55,62
mdp.39015020736131,119,20,1,Charlie,PERSON,73,80
mdp.39015020736131,120,10,0,"April 24, 1967",DATE,0,14
mdp.39015020736131,120,11,0,Saigon,GPE,8,14
mdp.39015020736131,120,11,1,three days,DATE,19,29
mdp.39015020736131,120,14,0,Vietnamese,NORP,51,61
mdp.39015020736131,120,15,0,A fantastic evening,TIME,0,19
mdp.39015020736131,120,19,0,Saigon,GPE,0,6
mdp.39015020736131,120,21,0,"April 26, 1967",DATE,0,14
mdp.39015020736131,120,22,0,the Rach Kien,LOC,8,21
mdp.39015020736131,120,22,1,two days,DATE,31,39
mdp.39015020736131,120,24,0,third,ORDINAL,9,14
mdp.39015020736131,120,24,1,the other night,TIME,31,46
mdp.39015020736131,120,26,0,One,CARDINAL,0,3
mdp.39015020736131,120,26,1,three,CARDINAL,17,22
mdp.39015020736131,120,28,0,Charlie,PERSON,0,7
mdp.39015020736131,120,30,0,April,DATE,0,5
mdp.39015020736131,120,32,0,114,CARDINAL,0,3
mdp.39015020736131,121,0,0,"May 5, 1967",DATE,0,11
mdp.39015020736131,121,0,1,Deedee,PERSON,28,34
mdp.39015020736131,121,1,0,RIT,ORG,44,47
mdp.39015020736131,121,4,0,Deedee,PERSON,11,17
mdp.39015020736131,121,7,0,"May 8, 1967",DATE,0,11
mdp.39015020736131,121,12,0,One,CARDINAL,0,3
mdp.39015020736131,121,14,0,this morning,TIME,16,28
mdp.39015020736131,121,19,0,the next four months,DATE,21,41
mdp.39015020736131,121,20,0,the Plain of Reeds,LOC,62,80
mdp.39015020736131,121,23,0,"May 15, 1967",DATE,0,12
mdp.39015020736131,121,26,0,one,CARDINAL,7,10
mdp.39015020736131,121,26,1,Stokely 115,PERSON,25,36
mdp.39015020736131,122,0,0,Carmichael,PERSON,0,10
mdp.39015020736131,122,0,1,Negroes,NORP,18,25
mdp.39015020736131,122,1,0,Negro,NORP,23,28
mdp.39015020736131,122,5,0,Champ,PERSON,43,48
mdp.39015020736131,122,6,0,one,CARDINAL,24,27
mdp.39015020736131,122,10,0,tomorrow,DATE,33,41
mdp.39015020736131,122,11,0,"May 17, 1967",DATE,0,12
mdp.39015020736131,122,12,0,tomorrow,DATE,70,78
mdp.39015020736131,122,18,0,the 273rd Infantry,ORG,63,81
mdp.39015020736131,122,19,0,273rd,ORG,4,9
mdp.39015020736131,122,19,1,over five months,DATE,15,31
mdp.39015020736131,122,19,2,one-year,DATE,120,128
mdp.39015020736131,122,22,0,116,CARDINAL,0,3
mdp.39015020736131,123,0,0,"May 18, 1967",DATE,0,12
mdp.39015020736131,123,0,1,Passmore,PERSON,13,21
mdp.39015020736131,123,0,2,two,CARDINAL,98,101
mdp.39015020736131,123,1,0,Thomas,PERSON,11,17
mdp.39015020736131,123,7,0,Negro,NORP,2,7
mdp.39015020736131,123,9,0,twenty-four hours,TIME,20,37
mdp.39015020736131,123,9,1,Passmore,ORG,49,57
mdp.39015020736131,123,13,0,Passmore,ORG,0,8
mdp.39015020736131,123,13,1,two,CARDINAL,20,23
mdp.39015020736131,123,14,0,Camp Bravo,FAC,10,20
mdp.39015020736131,123,16,0,"May 21, 1967",DATE,0,12
mdp.39015020736131,123,18,0,two days,DATE,23,31
mdp.39015020736131,123,19,0,Charlie,PERSON,28,35
mdp.39015020736131,123,22,0,M-16s,PRODUCT,22,27
mdp.39015020736131,123,22,1,45s,PRODUCT,32,35
mdp.39015020736131,123,23,0,the Mekong Delta,LOC,62,78
mdp.39015020736131,123,24,0,about thirty,CARDINAL,16,28
mdp.39015020736131,123,25,0,Vietcong,NORP,46,54
mdp.39015020736131,123,26,0,117,CARDINAL,0,3
mdp.39015020736131,124,0,0,Charlie,PERSON,12,19
mdp.39015020736131,124,1,0,Nineteen,CARDINAL,0,8
mdp.39015020736131,124,1,1,forty-six,CARDINAL,37,46
mdp.39015020736131,124,2,0,195,CARDINAL,14,17
mdp.39015020736131,124,2,1,Charlies,NORP,18,26
mdp.39015020736131,124,3,0,B Company,ORG,11,20
mdp.39015020736131,124,3,1,48th Infantry,ORG,37,50
mdp.39015020736131,124,4,0,the 415th Artillery,ORG,26,45
mdp.39015020736131,124,4,1,APCs,PRODUCT,55,59
mdp.39015020736131,124,5,0,Charlie,PERSON,0,7
mdp.39015020736131,124,8,0,North Vietnam,LOC,61,74
mdp.39015020736131,124,9,0,four years',DATE,16,27
mdp.39015020736131,124,9,1,one,CARDINAL,54,57
mdp.39015020736131,124,14,0,about six months,DATE,15,31
mdp.39015020736131,124,16,0,"May 25, 1967",DATE,0,12
mdp.39015020736131,124,16,1,Bravo,PRODUCT,62,67
mdp.39015020736131,124,16,2,about ten feet,QUANTITY,77,91
mdp.39015020736131,124,23,0,Negro,NORP,23,28
mdp.39015020736131,124,25,0,Pratt,PERSON,0,5
mdp.39015020736131,124,25,1,Gurney,PERSON,10,16
mdp.39015020736131,124,27,0,today,DATE,72,77
mdp.39015020736131,124,27,1,Pratt,PERSON,99,104
mdp.39015020736131,124,27,2,Gurney,PERSON,109,115
mdp.39015020736131,124,29,0,118,CARDINAL,0,3
mdp.39015020736131,125,0,0,Paulson,PERSON,5,12
mdp.39015020736131,125,1,0,Thomas,PERSON,6,12
mdp.39015020736131,125,3,0,Deedee,PERSON,45,51
mdp.39015020736131,125,3,1,Martin Luther King's,PERSON,63,83
mdp.39015020736131,125,5,0,a Nobel Prize,WORK_OF_ART,20,33
mdp.39015020736131,125,6,0,King,PERSON,20,24
mdp.39015020736131,125,7,0,King,PERSON,26,30
mdp.39015020736131,125,10,0,"June 6, 1967",DATE,0,12
mdp.39015020736131,125,12,0,Ken Gillman,PERSON,18,29
mdp.39015020736131,125,12,1,today,DATE,30,35
mdp.39015020736131,125,13,0,Liz,PERSON,0,3
mdp.39015020736131,125,13,1,RIT,ORG,35,38
mdp.39015020736131,125,16,0,the past ten days,DATE,4,21
mdp.39015020736131,125,16,1,Tan An,LOC,52,58
mdp.39015020736131,125,16,2,Saigon,GPE,79,85
mdp.39015020736131,125,17,0,two,CARDINAL,7,10
mdp.39015020736131,125,17,1,the other day,DATE,17,30
mdp.39015020736131,125,19,0,50s,CARDINAL,30,33
mdp.39015020736131,125,22,0,Passmore,PERSON,0,8
mdp.39015020736131,125,23,0,six months,DATE,32,42
mdp.39015020736131,125,26,0,"June 8, 1967",DATE,0,12
mdp.39015020736131,125,29,0,RIT,ORG,21,24
mdp.39015020736131,125,29,1,Pops,ORG,29,33
mdp.39015020736131,125,29,2,this afternoon,TIME,34,48
mdp.39015020736131,125,30,0,119,CARDINAL,24,27
mdp.39015020736131,126,0,0,eighty days earlier,DATE,0,19
mdp.39015020736131,126,4,0,Paulson,PERSON,0,7
mdp.39015020736131,126,4,1,Negro,NORP,20,25
mdp.39015020736131,126,5,0,Pratt,PERSON,0,5
mdp.39015020736131,126,6,0,Charlie,PERSON,46,53
mdp.39015020736131,126,6,1,these days,DATE,61,71
mdp.39015020736131,126,6,2,the third straight night,DATE,114,138
mdp.39015020736131,126,7,0,250,CARDINAL,9,12
mdp.39015020736131,126,7,1,over 25,CARDINAL,40,47
mdp.39015020736131,126,9,0,DMZ,FAC,49,52
mdp.39015020736131,126,12,0,Delta,LOC,36,41
mdp.39015020736131,126,15,0,one,CARDINAL,7,10
mdp.39015020736131,126,18,0,Jones,PERSON,0,5
mdp.39015020736131,126,18,1,Negro,NORP,9,14
mdp.39015020736131,126,18,2,the other day,DATE,61,74
mdp.39015020736131,126,18,3,three,CARDINAL,96,101
mdp.39015020736131,126,21,0,Jones,PERSON,69,74
mdp.39015020736131,126,22,0,Jones,PERSON,0,5
mdp.39015020736131,126,23,0,an M-16,PRODUCT,9,16
mdp.39015020736131,126,24,0,Jones,PERSON,21,26
mdp.39015020736131,126,26,0,Jones,PERSON,0,5
mdp.39015020736131,126,29,0,Vietnamese,NORP,4,14
mdp.39015020736131,126,29,1,the Government of the Republic of Vietnam,ORG,64,105
mdp.39015020736131,126,30,0,120,CARDINAL,0,3
mdp.39015020736131,127,6,0,a little earlier,TIME,27,43
mdp.39015020736131,127,7,0,That night,TIME,0,10
mdp.39015020736131,127,7,1,Vietnamese,NORP,38,48
mdp.39015020736131,127,7,2,the next morning,TIME,70,86
mdp.39015020736131,127,8,0,Jones,PERSON,12,17
mdp.39015020736131,127,15,0,"June 12, 1967",DATE,0,13
mdp.39015020736131,127,16,0,two days,DATE,23,31
mdp.39015020736131,127,17,0,a few days,DATE,43,53
mdp.39015020736131,127,18,0,a mile,QUANTITY,24,30
mdp.39015020736131,127,19,0,one,CARDINAL,5,8
mdp.39015020736131,127,22,0,Charlie,PERSON,45,52
mdp.39015020736131,127,23,0,Charlie,PERSON,76,83
mdp.39015020736131,127,24,0,121,CARDINAL,84,87
mdp.39015020736131,128,2,0,seventeen,CARDINAL,14,23
mdp.39015020736131,128,3,0,Eight,CARDINAL,0,5
mdp.39015020736131,128,3,1,the Air Accommodations Medal,WORK_OF_ART,22,50
mdp.39015020736131,128,5,0,Jones,PERSON,0,5
mdp.39015020736131,128,7,0,"June 13, 1967",DATE,31,44
mdp.39015020736131,128,7,1,Last night,TIME,45,55
mdp.39015020736131,128,7,2,Charlie,PERSON,121,128
mdp.39015020736131,128,8,0,Gurney,PERSON,107,113
mdp.39015020736131,128,8,1,one,CARDINAL,115,118
mdp.39015020736131,128,11,0,Charlie,PERSON,40,47
mdp.39015020736131,128,17,0,One,CARDINAL,0,3
mdp.39015020736131,128,18,0,Charlie,PERSON,0,7
mdp.39015020736131,128,19,0,about fifteen,CARDINAL,26,39
mdp.39015020736131,128,19,1,122,CARDINAL,65,68
mdp.39015020736131,129,0,0,Charlie,PERSON,7,14
mdp.39015020736131,129,4,0,"June 14, 1967",DATE,0,13
mdp.39015020736131,129,5,0,September,DATE,40,49
mdp.39015020736131,129,5,1,DMZ,LOC,77,80
mdp.39015020736131,129,11,0,China,GPE,43,48
mdp.39015020736131,129,12,0,"June 28, 1967",DATE,0,13
mdp.39015020736131,129,13,0,this month,DATE,22,32
mdp.39015020736131,129,14,0,Yesterday,DATE,0,9
mdp.39015020736131,129,14,1,five-hundred-pound,QUANTITY,42,60
mdp.39015020736131,129,15,0,about a hundred yards,QUANTITY,8,29
mdp.39015020736131,129,17,0,Gurney,PERSON,20,26
mdp.39015020736131,129,17,1,Sachs,PERSON,31,36
mdp.39015020736131,129,18,0,Young,PERSON,33,38
mdp.39015020736131,129,18,1,Hoffmaster,PERSON,45,55
mdp.39015020736131,129,24,0,"June 30, 1967",DATE,0,13
mdp.39015020736131,129,24,1,Sachs,PERSON,26,31
mdp.39015020736131,129,24,2,Gurney,PERSON,36,42
mdp.39015020736131,129,26,0,Gurney,PERSON,0,6
mdp.39015020736131,129,26,1,123,CARDINAL,34,37
mdp.39015020736131,130,0,0,Kentucky,GPE,10,18
mdp.39015020736131,130,2,0,New York,GPE,30,38
mdp.39015020736131,130,3,0,Sachs,PERSON,0,5
mdp.39015020736131,130,3,1,Delaware,GPE,27,35
mdp.39015020736131,130,4,0,three,CARDINAL,47,52
mdp.39015020736131,130,4,1,four,CARDINAL,56,60
mdp.39015020736131,130,5,0,Greenfield,PERSON,7,17
mdp.39015020736131,130,7,0,"July 4, 1967",DATE,0,12
mdp.39015020736131,130,8,0,Airmobile,ORG,0,9
mdp.39015020736131,130,8,1,yesterday,DATE,16,25
mdp.39015020736131,130,9,0,Diaz,PERSON,72,76
mdp.39015020736131,130,9,1,Harris,PERSON,81,87
mdp.39015020736131,130,9,2,only twenty-six days,DATE,96,116
mdp.39015020736131,130,10,0,Diaz,PERSON,0,4
mdp.39015020736131,130,10,1,Mexican,NORP,8,15
mdp.39015020736131,130,11,0,Diaz,PERSON,34,38
mdp.39015020736131,130,11,1,Harris,PERSON,69,75
mdp.39015020736131,130,12,0,Harris,PERSON,9,15
mdp.39015020736131,130,13,0,a few minutes,TIME,3,16
mdp.39015020736131,130,16,0,"July 7, 1967",DATE,0,12
mdp.39015020736131,130,17,0,last night,TIME,39,49
mdp.39015020736131,130,18,0,third,ORDINAL,9,14
mdp.39015020736131,130,18,1,two weeks,DATE,23,32
mdp.39015020736131,130,19,0,Dawley,PERSON,0,6
mdp.39015020736131,130,21,0,"July 13, 1967",DATE,0,13
mdp.39015020736131,130,23,0,four hours,TIME,8,18
mdp.39015020736131,130,24,0,Three,CARDINAL,0,5
mdp.39015020736131,130,24,1,Barton,PERSON,37,43
mdp.39015020736131,130,25,0,124,CARDINAL,3,6
mdp.39015020736131,131,0,0,three,CARDINAL,29,34
mdp.39015020736131,131,1,0,over one hundred,CARDINAL,42,58
mdp.39015020736131,131,2,0,Thomas,PERSON,6,12
mdp.39015020736131,131,3,0,Passmore,PERSON,4,12
mdp.39015020736131,131,4,0,Thomas,PERSON,0,6
mdp.39015020736131,131,5,0,Charlie,PERSON,23,30
mdp.39015020736131,131,9,0,M-16,PRODUCT,19,23
mdp.39015020736131,131,11,0,Passmore,PERSON,1,9
mdp.39015020736131,131,12,0,Parks,PERSON,0,5
mdp.39015020736131,131,15,0,three,CARDINAL,4,9
mdp.39015020736131,131,18,0,one,CARDINAL,15,18
mdp.39015020736131,131,18,1,Charlie,PERSON,19,26
mdp.39015020736131,131,19,0,Passmore,PERSON,0,8
mdp.39015020736131,131,19,1,the day,DATE,27,34
mdp.39015020736131,131,19,2,Thomas,PERSON,43,49
mdp.39015020736131,131,20,0,"July 18, 1967",DATE,0,13
mdp.39015020736131,131,20,1,last night,TIME,33,43
mdp.39015020736131,131,23,0,one,CARDINAL,30,33
mdp.39015020736131,131,26,0,One,CARDINAL,0,3
mdp.39015020736131,131,27,0,"July 23, 1967",DATE,0,13
mdp.39015020736131,131,27,1,About thirty days,DATE,14,31
mdp.39015020736131,131,28,0,Thomas,PERSON,0,6
mdp.39015020736131,131,28,1,the end of September,DATE,41,61
mdp.39015020736131,132,0,0,the 273rd Infantry Brigade,ORG,17,43
mdp.39015020736131,132,0,1,the 7th Cavalry,ORG,64,79
mdp.39015020736131,132,0,2,Saigon,GPE,90,96
mdp.39015020736131,132,1,0,Samuel,PERSON,11,17
mdp.39015020736131,132,2,0,"July 24, 1967",DATE,0,13
mdp.39015020736131,132,3,0,Charlies,NORP,144,152
mdp.39015020736131,132,6,0,A couple of weeks ago,DATE,0,21
mdp.39015020736131,132,6,1,45,PRODUCT,137,139
mdp.39015020736131,132,7,0,half an hour,TIME,77,89
mdp.39015020736131,132,8,0,the other day,DATE,4,17
mdp.39015020736131,132,11,0,Passmore,PERSON,0,8
mdp.39015020736131,132,13,0,Thomas,PERSON,49,55
mdp.39015020736131,132,14,0,tomorrow,DATE,38,46
mdp.39015020736131,132,15,0,three-day,DATE,13,22
mdp.39015020736131,132,15,1,twenty-third,CARDINAL,39,51
mdp.39015020736131,132,18,0,"August 1, 1967",DATE,0,14
mdp.39015020736131,132,18,1,Operation Lansing,EVENT,18,35
mdp.39015020736131,132,18,2,Highway 4,FAC,45,54
mdp.39015020736131,132,18,3,Delta,LOC,64,69
mdp.39015020736131,132,19,0,126,CARDINAL,0,3
mdp.39015020736131,133,0,0,Charlie,PERSON,0,7
mdp.39015020736131,133,0,1,2 A.M.,TIME,22,28
mdp.39015020736131,133,1,0,a few hours,TIME,46,57
mdp.39015020736131,133,5,0,Harris,PERSON,16,22
mdp.39015020736131,133,5,1,Gurney,PERSON,24,30
mdp.39015020736131,133,10,0,Thomas,PERSON,0,6
mdp.39015020736131,133,13,0,Riley,PERSON,75,80
mdp.39015020736131,133,14,0,Thomas,PERSON,52,58
mdp.39015020736131,134,0,0,Paulson,PERSON,10,17
mdp.39015020736131,134,1,0,first,ORDINAL,59,64
mdp.39015020736131,134,3,0,dawn,TIME,3,7
mdp.39015020736131,134,3,1,VC,ORG,19,21
mdp.39015020736131,134,4,0,over two thousand,CARDINAL,10,27
mdp.39015020736131,134,4,1,all day,DATE,64,71
mdp.39015020736131,134,5,0,Charlie Company,ORG,40,55
mdp.39015020736131,134,5,1,that evening,TIME,56,68
mdp.39015020736131,134,6,0,Med Evac,PRODUCT,2,10
mdp.39015020736131,134,6,1,Charlie Company,ORG,45,60
mdp.39015020736131,134,6,2,ten,CARDINAL,70,73
mdp.39015020736131,134,8,0,all last night,TIME,65,79
mdp.39015020736131,134,9,0,Charlie,PERSON,0,7
mdp.39015020736131,134,9,1,one,CARDINAL,25,28
mdp.39015020736131,134,14,0,"August 3, 1967",DATE,33,47
mdp.39015020736131,134,15,0,Thomas,PERSON,6,12
mdp.39015020736131,134,17,0,Charlie,PERSON,11,18
mdp.39015020736131,134,22,0,"August 4, 1967",DATE,0,14
mdp.39015020736131,134,23,0,Charlie,PERSON,18,25
mdp.39015020736131,134,23,1,yesterday,DATE,39,48
mdp.39015020736131,134,24,0,the Charlie Company,ORG,24,43
mdp.39015020736131,134,24,1,128,CARDINAL,56,59
mdp.39015020736131,135,0,0,VC,ORG,18,20
mdp.39015020736131,135,2,0,four-hundred-yard,QUANTITY,15,32
mdp.39015020736131,135,3,0,about five hundred,CARDINAL,11,29
mdp.39015020736131,135,5,0,ARVNs,ORG,11,16
mdp.39015020736131,135,5,1,forty-five,CARDINAL,26,36
mdp.39015020736131,135,5,2,Charlie,PERSON,102,109
mdp.39015020736131,135,6,0,ARVN,ORG,44,48
mdp.39015020736131,135,6,1,Marines,NORP,49,56
mdp.39015020736131,135,7,0,Marines,NORP,4,11
mdp.39015020736131,135,8,0,about four hundred,CARDINAL,12,30
mdp.39015020736131,135,11,0,Bravo,ORG,24,29
mdp.39015020736131,135,12,0,"August 11, 1967",DATE,0,15
mdp.39015020736131,135,13,0,Deedee,PERSON,18,24
mdp.39015020736131,135,13,1,today,DATE,25,30
mdp.39015020736131,135,17,0,States,GPE,33,39
mdp.39015020736131,135,20,0,"August 12, 1967",DATE,0,15
mdp.39015020736131,135,21,0,St. John's Man Who Played God,WORK_OF_ART,14,43
mdp.39015020736131,135,23,0,Jew,NORP,24,27
mdp.39015020736131,135,25,0,Charlie,PERSON,48,55
mdp.39015020736131,135,26,0,Zulu,GPE,3,7
mdp.39015020736131,135,26,1,tomorrow,DATE,8,16
mdp.39015020736131,135,27,0,129,CARDINAL,0,3
mdp.39015020736131,136,0,0,"August 15, 1967",DATE,0,15
mdp.39015020736131,136,0,1,tomorrow,DATE,24,32
mdp.39015020736131,136,2,0,Manila,GPE,14,20
mdp.39015020736131,136,5,0,Zulu,LOC,25,29
mdp.39015020736131,136,5,1,Charlie,PERSON,80,87
mdp.39015020736131,136,5,2,"August 16, 1967",DATE,109,124
mdp.39015020736131,136,5,3,MANILA,GPE,125,131
mdp.39015020736131,136,5,4,States,GPE,150,156
mdp.39015020736131,136,5,5,tonight,TIME,157,164
mdp.39015020736131,136,6,0,about half an hour,TIME,14,32
mdp.39015020736131,136,9,0,one,CARDINAL,4,7
mdp.39015020736131,136,11,0,Nam,GPE,61,64
mdp.39015020736131,136,15,0,Charlie,PERSON,51,58
mdp.39015020736131,136,16,0,Greenfield,PERSON,22,32
mdp.39015020736131,136,16,1,Gurney,PERSON,34,40
mdp.39015020736131,136,16,2,Harris,PERSON,42,48
mdp.39015020736131,136,17,0,Filipino,NORP,13,21
mdp.39015020736131,136,18,0,Fely,PERSON,8,12
mdp.39015020736131,136,18,1,every night,TIME,46,57
mdp.39015020736131,136,19,0,Nam,GPE,52,55
mdp.39015020736131,136,21,0,"September 4, 1967",DATE,0,17
mdp.39015020736131,136,22,0,Zulu,GPE,8,12
mdp.39015020736131,136,25,0,130,CARDINAL,2,5
mdp.39015020736131,137,0,0,first,ORDINAL,25,30
mdp.39015020736131,137,1,0,Bravo,ORG,51,56
mdp.39015020736131,137,2,0,"September 9, 1967",DATE,0,17
mdp.39015020736131,137,2,1,day after tomorrow,DATE,38,56
mdp.39015020736131,137,4,0,Bravo,ORG,19,24
mdp.39015020736131,137,8,0,Passmore,PERSON,8,16
mdp.39015020736131,137,14,0,Zulu,GPE,25,29
mdp.39015020736131,137,14,1,Nam,GPE,65,68
mdp.39015020736131,138,2,0,one,CARDINAL,48,51
mdp.39015020736131,138,4,0,"September 11, 1967",DATE,0,18
mdp.39015020736131,138,5,0,TWA,ORG,26,29
mdp.39015020736131,138,5,1,States,GPE,52,58
mdp.39015020736131,138,9,0,Nam,GPE,0,3
mdp.39015020736131,138,15,0,6:30 P.M.,TIME,0,9
mdp.39015020736131,138,16,0,Okinawa,GPE,10,17
mdp.39015020736131,138,18,0,"September 12, 1967",DATE,0,18
mdp.39015020736131,138,18,1,11:30 A.M.,TIME,19,29
mdp.39015020736131,138,19,0,Honolulu,GPE,16,24
mdp.39015020736131,138,20,0,San Francisco,GPE,13,26
mdp.39015020736131,138,21,0,4:20 P.M.,TIME,0,9
mdp.39015020736131,138,22,0,California,GPE,17,27
mdp.39015020736131,138,23,0,Just forty-eight hours,TIME,0,22
mdp.39015020736131,138,24,0,132,CARDINAL,0,3
mdp.39015020736131,139,0,0,"September 13, 1967",DATE,0,18
mdp.39015020736131,139,1,0,the thirteenth,DATE,15,29
mdp.39015020736131,139,1,1,the thirteenth,DATE,48,62
mdp.39015020736131,139,8,0,Namsville,GPE,38,47
mdp.39015020736131,139,11,0,a few days,DATE,30,40
mdp.39015020736131,139,11,1,Charlie,PERSON,54,61
mdp.39015020736131,139,11,2,the morning,TIME,95,106
mdp.39015020736131,139,12,0,133,CARDINAL,0,3
mdp.39015020736131,141,1,0,DAVID PARKS,PERSON,0,11
mdp.39015020736131,141,1,1,"March 4, 1944",DATE,24,37
mdp.39015020736131,141,1,2,Minneapolis,GPE,42,53
mdp.39015020736131,141,1,3,Minnesota,GPE,55,64
mdp.39015020736131,141,2,0,the Storm King School,ORG,12,33
mdp.39015020736131,141,2,1,Ricker College,ORG,38,52
mdp.39015020736131,141,2,2,Houlton,GPE,56,63
mdp.39015020736131,141,2,3,Maine,GPE,65,70
mdp.39015020736131,141,3,0,the Rochester Institute of Technology,ORG,38,75
mdp.39015020736131,141,4,0,Gordon Parks,PERSON,53,65
mdp.39015020736131,142,0,0,Lydia Link,PERSON,10,20
mdp.39015020736131,142,0,1,Nicolas Ducrot,PERSON,39,53
mdp.39015020736131,142,0,2,"The Haddon Craftsmen, Inc.",ORG,111,137
mdp.39015020736131,142,1,0,HARPER & ROW,ORG,0,12
mdp.39015020736131,142,1,1,22 39AA,CARDINAL,39,46
mdp.39015020736131,144,0,0,JUL 1,DATE,27,32
mdp.39015020736131,144,0,1,2003 APR 2,DATE,53,63
mdp.39015020736131,144,0,2,2003 DEC 8,DATE,66,76
mdp.39015020736131,144,0,3,2003 DEC 2003,DATE,103,116
mdp.39015020736131,144,0,4,2004 APR 01,DATE,160,171
mdp.39015020736131,144,0,5,JAN 06,DATE,181,187
