vol_id,page,sentence_id,ent_id,entity,entity_type,start_char,end_char
mdp.39015066046585,1,0,0,LEA REN,PERSON,16,23
mdp.39015066046585,2,0,0,MICHIA CHIGA,GPE,2,14
mdp.39015066046585,5,0,0,Mama's Girl,PERSON,1,12
mdp.39015066046585,7,0,0,VERONICA CHAMBERS,PERSON,13,30
mdp.39015066046585,7,0,1,NEW YORK 1 9 9 6,GPE,50,66
mdp.39015066046585,8,0,0,1996,DATE,24,28
mdp.39015066046585,8,0,1,RIVERHEAD BOOKS,ORG,29,44
mdp.39015066046585,8,0,2,G. P. Putnam's Sons Publishers,ORG,59,89
mdp.39015066046585,8,0,3,1838,DATE,96,100
mdp.39015066046585,8,0,4,New York,GPE,120,128
mdp.39015066046585,8,0,5,NY,GPE,130,132
mdp.39015066046585,8,0,6,Black Mother Woman,WORK_OF_ART,140,158
mdp.39015066046585,8,0,7,"1992, 1973",DATE,173,183
mdp.39015066046585,8,0,8,Audre Lorde,PERSON,187,198
mdp.39015066046585,8,0,9,UNDERSONG: Chosen Poems Old,WORK_OF_ART,205,232
mdp.39015066046585,8,0,10,Audre Lorde,PERSON,244,255
mdp.39015066046585,8,1,0,"W. W. Norton & Company, Inc.",ORG,27,55
mdp.39015066046585,8,2,0,1996,DATE,12,16
mdp.39015066046585,8,2,1,Veronica Chambers,PERSON,20,37
mdp.39015066046585,8,5,0,Canada Library of Congress,ORG,28,54
mdp.39015066046585,8,5,1,Veronica,PERSON,96,104
mdp.39015066046585,8,6,0,Veronica Chambers,PERSON,17,34
mdp.39015066046585,8,8,0,1-57322-030,CARDINAL,5,16
mdp.39015066046585,8,9,0,1,CARDINAL,0,1
mdp.39015066046585,8,9,1,Chambers,PERSON,3,11
mdp.39015066046585,8,9,2,Veronica,PERSON,13,21
mdp.39015066046585,8,10,0,2,CARDINAL,0,1
mdp.39015066046585,8,10,1,Panamanian Americans,NORP,3,23
mdp.39015066046585,8,10,2,New York,GPE,24,32
mdp.39015066046585,8,10,3,N.Y.,GPE,34,38
mdp.39015066046585,8,11,0,3,CARDINAL,0,1
mdp.39015066046585,8,11,1,Brooklyn,GPE,3,11
mdp.39015066046585,8,11,2,New York,GPE,13,21
mdp.39015066046585,8,12,0,New York,GPE,0,8
mdp.39015066046585,8,13,0,the United States of America,GPE,75,103
mdp.39015066046585,8,13,1,1 3 5 7 9 10 8 6 4 2,CARDINAL,104,124
mdp.39015066046585,8,15,0,Claire Naylon Vaccaro,PERSON,18,39
mdp.39015066046585,9,1,0,Tono Ortega,PERSON,29,40
mdp.39015066046585,9,1,1,Diana,PERSON,42,47
mdp.39015066046585,9,1,2,Buster Richards,PERSON,52,67
mdp.39015066046585,9,1,3,Marcus J. Bleecker,PERSON,69,87
mdp.39015066046585,9,1,4,Bleecker,PERSON,96,104
mdp.39015066046585,9,1,5,Stacey Meisel,PERSON,113,126
mdp.39015066046585,9,1,6,Esquire,ORG,128,135
mdp.39015066046585,9,1,7,Nunu,PERSON,163,167
mdp.39015066046585,9,1,8,Arthur,PERSON,169,175
mdp.39015066046585,9,1,9,Louise Hillman,PERSON,180,194
mdp.39015066046585,9,1,10,Edna Chatmon,PERSON,196,208
mdp.39015066046585,9,1,11,Pat Sharpe,PERSON,214,224
mdp.39015066046585,9,1,12,Lorene Cary,PERSON,226,237
mdp.39015066046585,9,1,13,Rosemary Bray,PERSON,239,252
mdp.39015066046585,9,1,14,Andy Pellet,PERSON,254,265
mdp.39015066046585,9,1,15,Andrea Polans,PERSON,298,311
mdp.39015066046585,9,1,16,Joe Wood,PERSON,313,321
mdp.39015066046585,9,1,17,Andrea Davis Pinkney,PERSON,323,343
mdp.39015066046585,9,1,18,two,CARDINAL,349,352
mdp.39015066046585,9,1,19,Nicole Wan,PERSON,360,370
mdp.39015066046585,9,1,20,Nicky Weinstock,PERSON,375,390
mdp.39015066046585,9,1,21,Renee,PERSON,392,397
mdp.39015066046585,10,0,0,Michaels,PERSON,0,8
mdp.39015066046585,10,0,1,Claire Salvaggio,PERSON,13,29
mdp.39015066046585,10,0,2,Sandra Dijkstra,PERSON,68,83
mdp.39015066046585,10,0,3,Joy Luck,PERSON,106,114
mdp.39015066046585,10,1,0,West Coast,LOC,51,61
mdp.39015066046585,10,1,1,Sonja Bolle,PERSON,69,80
mdp.39015066046585,10,1,2,Patrick Goldstein,PERSON,85,102
mdp.39015066046585,10,1,3,Anna Perez,PERSON,104,114
mdp.39015066046585,10,1,4,John Singleton,PERSON,116,130
mdp.39015066046585,10,1,5,Cassandra Butcher,PERSON,132,149
mdp.39015066046585,10,1,6,Jennifer,PERSON,151,159
mdp.39015066046585,10,1,7,Anthony de la Fuentes,PERSON,164,185
mdp.39015066046585,10,1,8,Rita Holm,PERSON,220,229
mdp.39015066046585,10,1,9,Kathryn Miller,PERSON,231,245
mdp.39015066046585,10,1,10,Brian Siberell,PERSON,247,261
mdp.39015066046585,10,1,11,Connelly,PERSON,270,278
mdp.39015066046585,10,1,12,Chris,PERSON,285,290
mdp.39015066046585,10,1,13,Gretchen,PERSON,292,300
mdp.39015066046585,10,1,14,Henry,PERSON,302,307
mdp.39015066046585,10,1,15,Rose,PERSON,313,317
mdp.39015066046585,10,2,0,Retha Powers,PERSON,154,166
mdp.39015066046585,10,2,1,Jennifer Park,PERSON,225,238
mdp.39015066046585,10,2,2,Caroline Kim,PERSON,253,265
mdp.39015066046585,10,2,3,Radica Anikpe,PERSON,280,293
mdp.39015066046585,10,2,4,London,GPE,297,303
mdp.39015066046585,10,3,0,Julie Grau,PERSON,66,76
mdp.39015066046585,11,0,0,Connie,PERSON,51,57
mdp.39015066046585,11,0,1,Cecilia,PERSON,62,69
mdp.39015066046585,11,0,2,Sue,PERSON,76,79
mdp.39015066046585,11,0,3,Flora,PERSON,84,89
mdp.39015066046585,13,1,0,BLACK MOTHER WOMAN,WORK_OF_ART,5,23
mdp.39015066046585,13,1,1,Audre Lorde,PERSON,27,38
mdp.39015066046585,15,0,0,Mama's Girl,PERSON,1,12
mdp.39015066046585,17,1,0,Ten years,DATE,0,9
mdp.39015066046585,17,1,1,Air Jordans,PRODUCT,17,28
mdp.39015066046585,17,5,0,Three,CARDINAL,0,5
mdp.39015066046585,17,6,0,at least three,CARDINAL,13,27
mdp.39015066046585,17,6,1,two,CARDINAL,34,37
mdp.39015066046585,17,6,2,one,CARDINAL,47,50
mdp.39015066046585,18,1,0,years before,DATE,69,81
mdp.39015066046585,18,13,0,Beverly Road,FAC,0,12
mdp.39015066046585,18,13,1,Beverly Road,FAC,26,38
mdp.39015066046585,18,13,2,Beverly Road,FAC,53,65
mdp.39015066046585,18,13,3,Beverly Road,FAC,79,91
mdp.39015066046585,19,0,0,Drena,PERSON,82,87
mdp.39015066046585,19,4,0,Drena,PERSON,0,5
mdp.39015066046585,19,6,0,First,ORDINAL,0,5
mdp.39015066046585,19,7,0,two,CARDINAL,14,17
mdp.39015066046585,19,7,1,three,CARDINAL,21,26
mdp.39015066046585,19,7,2,one,CARDINAL,35,38
mdp.39015066046585,19,8,0,Second,ORDINAL,0,6
mdp.39015066046585,19,11,0,Mary Mack-Mack-Mack,PERSON,5,24
mdp.39015066046585,20,1,0,Only two,CARDINAL,0,8
mdp.39015066046585,20,3,0,Shannon,PERSON,17,24
mdp.39015066046585,20,3,1,Lisa,PERSON,48,52
mdp.39015066046585,20,4,0,two,CARDINAL,5,8
mdp.39015066046585,20,4,1,one,CARDINAL,28,31
mdp.39015066046585,20,11,0,Drena,PERSON,16,21
mdp.39015066046585,20,14,0,Jeanine,PERSON,0,7
mdp.39015066046585,20,14,1,Drena,PERSON,34,39
mdp.39015066046585,20,21,0,Drena,PERSON,0,5
mdp.39015066046585,20,22,0,Veronica,PERSON,1,9
mdp.39015066046585,20,23,0,Jeanine,PERSON,29,36
mdp.39015066046585,20,24,0,Jeanine,PERSON,12,19
mdp.39015066046585,21,1,0,Jeanine,PERSON,32,39
mdp.39015066046585,21,1,1,Drena,PERSON,49,54
mdp.39015066046585,21,3,0,Drena,PERSON,0,5
mdp.39015066046585,21,4,0,Gilligan's Island,WORK_OF_ART,19,36
mdp.39015066046585,21,4,1,Drena,PERSON,50,55
mdp.39015066046585,21,5,0,Jeanine,PERSON,9,16
mdp.39015066046585,21,16,0,about 3:30,TIME,13,23
mdp.39015066046585,21,18,0,nine to five,TIME,27,39
mdp.39015066046585,21,18,1,Manhattan,GPE,43,52
mdp.39015066046585,21,18,2,about an hour,TIME,70,83
mdp.39015066046585,21,19,0,six o'clock,TIME,28,39
mdp.39015066046585,21,19,1,first,ORDINAL,56,61
mdp.39015066046585,21,19,2,Utica Avenue,FAC,122,134
mdp.39015066046585,22,8,0,two blocks,QUANTITY,30,40
mdp.39015066046585,22,9,0,the spring,DATE,3,13
mdp.39015066046585,23,4,0,the Daily News,WORK_OF_ART,70,84
mdp.39015066046585,23,9,0,two,CARDINAL,59,62
mdp.39015066046585,25,5,0,Flora,PERSON,38,43
mdp.39015066046585,25,5,1,Sue,PERSON,77,80
mdp.39015066046585,25,6,0,The Blue Room,FAC,64,77
mdp.39015066046585,26,1,0,Cecilia,PERSON,22,29
mdp.39015066046585,26,2,0,Cecilia,PERSON,20,27
mdp.39015066046585,26,3,0,only one,CARDINAL,9,17
mdp.39015066046585,26,3,1,a hundred,CARDINAL,65,74
mdp.39015066046585,26,13,0,Brillo,PRODUCT,131,137
mdp.39015066046585,26,19,0,Polaroid,PRODUCT,81,89
mdp.39015066046585,26,22,0,Halloween,DATE,60,69
mdp.39015066046585,26,24,0,10,CARDINAL,3,5
mdp.39015066046585,27,1,0,Panama,GPE,76,82
mdp.39015066046585,27,2,0,The Muppet Show,WORK_OF_ART,71,86
mdp.39015066046585,27,7,0,Cecilia,PERSON,12,19
mdp.39015066046585,27,8,0,Cecilia Roberts,PERSON,0,15
mdp.39015066046585,27,10,0,Abe Lincoln,PERSON,34,45
mdp.39015066046585,27,22,0,11,CARDINAL,0,2
mdp.39015066046585,28,4,0,Miss Piggy,PERSON,84,94
mdp.39015066046585,28,4,1,Charlie's Angels,WORK_OF_ART,134,150
mdp.39015066046585,28,6,0,today,DATE,25,30
mdp.39015066046585,28,7,0,Caribbean,LOC,33,42
mdp.39015066046585,28,7,1,Panama,GPE,56,62
mdp.39015066046585,28,7,2,the Dominican Republic,GPE,77,99
mdp.39015066046585,28,7,3,the States,GPE,123,133
mdp.39015066046585,28,7,4,1962,DATE,153,157
mdp.39015066046585,28,7,5,twelve years old,DATE,170,186
mdp.39015066046585,28,8,0,Flora,PERSON,25,30
mdp.39015066046585,28,8,1,the Canal Zone,GPE,57,71
mdp.39015066046585,28,8,2,American,NORP,85,93
mdp.39015066046585,28,10,0,the U.S. Army,ORG,17,30
mdp.39015066046585,28,10,1,Panama,GPE,70,76
mdp.39015066046585,28,12,0,American,NORP,18,26
mdp.39015066046585,28,12,1,United States,GPE,58,71
mdp.39015066046585,29,1,0,Angela Davis Chambers,PERSON,21,42
mdp.39015066046585,29,1,1,Veronica Victoria,PERSON,104,121
mdp.39015066046585,29,2,0,three years later,DATE,32,49
mdp.39015066046585,29,2,1,Malcolm X.,PERSON,77,87
mdp.39015066046585,29,3,0,Englebert Humperdinck,PERSON,33,54
mdp.39015066046585,29,5,0,five years old,DATE,11,25
mdp.39015066046585,29,5,1,Brooklyn,GPE,71,79
mdp.39015066046585,29,6,0,First,ORDINAL,0,5
mdp.39015066046585,29,6,1,East New York,LOC,43,56
mdp.39015066046585,29,6,2,two,CARDINAL,98,101
mdp.39015066046585,29,6,3,East 54th Street,FAC,118,134
mdp.39015066046585,29,6,4,East Flatbush,LOC,138,151
mdp.39015066046585,29,10,0,two or three,CARDINAL,34,46
mdp.39015066046585,29,10,1,each night,TIME,54,64
mdp.39015066046585,29,14,0,East 54th,FAC,31,40
mdp.39015066046585,29,14,1,Beverly Road,FAC,78,90
mdp.39015066046585,29,15,0,two,CARDINAL,26,29
mdp.39015066046585,30,2,0,Malcolm,PERSON,28,35
mdp.39015066046585,30,2,1,Flora,PERSON,84,89
mdp.39015066046585,30,2,2,Panama,GPE,107,113
mdp.39015066046585,30,7,0,Walker,PERSON,23,29
mdp.39015066046585,30,7,1,Jamaican,NORP,65,73
mdp.39015066046585,30,8,0,Walker,PERSON,5,11
mdp.39015066046585,30,9,0,Walker,PERSON,71,77
mdp.39015066046585,30,13,0,Walker,PERSON,29,35
mdp.39015066046585,30,15,0,Walker,PERSON,22,28
mdp.39015066046585,30,16,0,first,ORDINAL,40,45
mdp.39015066046585,30,16,1,Walker,PERSON,55,61
mdp.39015066046585,30,18,0,The next day,DATE,0,12
mdp.39015066046585,30,18,1,Walkers,PERSON,74,81
mdp.39015066046585,31,2,0,Walkers,PERSON,97,104
mdp.39015066046585,31,3,0,Walkers,PERSON,37,44
mdp.39015066046585,31,3,1,Flora,PERSON,75,80
mdp.39015066046585,31,4,0,Flora,PERSON,65,70
mdp.39015066046585,31,5,0,almost two hundred pounds,QUANTITY,34,59
mdp.39015066046585,31,5,1,her best years,DATE,63,77
mdp.39015066046585,31,6,0,Flora,PERSON,9,14
mdp.39015066046585,31,12,0,Spanish,NORP,96,103
mdp.39015066046585,31,13,0,Panama,GPE,48,54
mdp.39015066046585,31,14,0,Flora,PERSON,8,13
mdp.39015066046585,31,14,1,Brooklyn,GPE,82,90
mdp.39015066046585,31,14,2,Ecstasy,FAC,107,114
mdp.39015066046585,32,0,0,Village Hut,FAC,34,45
mdp.39015066046585,32,2,0,Beverly Road,FAC,3,15
mdp.39015066046585,32,5,0,the next day,DATE,28,40
mdp.39015066046585,32,5,1,two,CARDINAL,49,52
mdp.39015066046585,32,17,0,Flora,PERSON,23,28
mdp.39015066046585,32,18,0,Flora,PERSON,11,16
mdp.39015066046585,32,23,0,Panama,GPE,55,61
mdp.39015066046585,32,24,0,Flora,PERSON,8,13
mdp.39015066046585,32,25,0,16,CARDINAL,0,2
mdp.39015066046585,33,1,0,Flora,PERSON,25,30
mdp.39015066046585,33,3,0,Flora,PERSON,65,70
mdp.39015066046585,33,4,0,Flora,PERSON,0,5
mdp.39015066046585,33,4,1,Panamanian,NORP,43,53
mdp.39015066046585,33,5,0,Flora,PERSON,10,15
mdp.39015066046585,33,5,1,Slim,PERSON,51,55
mdp.39015066046585,33,6,0,Flora,PERSON,0,5
mdp.39015066046585,33,6,1,the 1950s,DATE,96,105
mdp.39015066046585,33,6,2,Panama,GPE,125,131
mdp.39015066046585,33,7,0,Flora,PERSON,32,37
mdp.39015066046585,33,10,0,One,CARDINAL,0,3
mdp.39015066046585,33,13,0,17,CARDINAL,29,31
mdp.39015066046585,34,1,0,Veronica,PERSON,1,9
mdp.39015066046585,34,7,0,Edgar Bergen,PERSON,160,172
mdp.39015066046585,34,7,1,Houdini,PERSON,192,199
mdp.39015066046585,34,7,2,Harry Blackstone,PERSON,204,220
mdp.39015066046585,34,8,0,Houdini,PERSON,21,28
mdp.39015066046585,34,9,0,first,ORDINAL,24,29
mdp.39015066046585,34,13,0,Ten,CARDINAL,1,4
mdp.39015066046585,34,19,0,first,ORDINAL,3,8
mdp.39015066046585,35,8,0,all day,DATE,54,61
mdp.39015066046585,35,10,0,night,TIME,3,8
mdp.39015066046585,35,12,0,all day,DATE,26,33
mdp.39015066046585,35,15,0,A couple of months later,DATE,0,24
mdp.39015066046585,35,17,0,8,CARDINAL,73,74
mdp.39015066046585,35,17,1,10,CARDINAL,77,79
mdp.39015066046585,36,3,0,a hundred,CARDINAL,8,17
mdp.39015066046585,36,3,1,Friday,DATE,29,35
mdp.39015066046585,36,3,2,Wednesday,DATE,52,61
mdp.39015066046585,36,3,3,afternoon,TIME,62,71
mdp.39015066046585,36,4,0,Thursday,DATE,19,27
mdp.39015066046585,36,4,1,afternoon,TIME,28,37
mdp.39015066046585,36,15,0,West Indian,NORP,17,28
mdp.39015066046585,37,13,0,days,DATE,16,20
mdp.39015066046585,37,13,1,days,DATE,25,29
mdp.39015066046585,37,18,0,one day,DATE,5,12
mdp.39015066046585,37,24,0,jer 21,PERSON,0,6
mdp.39015066046585,38,3,0,ten,DATE,11,14
mdp.39015066046585,38,3,1,Rapper's Delight,WORK_OF_ART,30,46
mdp.39015066046585,38,3,2,first,ORDINAL,53,58
mdp.39015066046585,38,4,0,seven,DATE,20,25
mdp.39015066046585,38,19,0,22,CARDINAL,76,78
mdp.39015066046585,39,0,0,night,TIME,38,43
mdp.39015066046585,39,11,0,Manhattan,GPE,20,29
mdp.39015066046585,39,11,1,Brooklyn,GPE,33,41
mdp.39015066046585,39,18,0,Malcolm,PERSON,0,7
mdp.39015066046585,39,20,0,23,DATE,34,36
mdp.39015066046585,40,9,0,one,CARDINAL,40,43
mdp.39015066046585,40,14,0,Saturday,DATE,6,14
mdp.39015066046585,40,16,0,One morning,TIME,0,11
mdp.39015066046585,40,16,1,today,DATE,140,145
mdp.39015066046585,40,18,0,Windex,PRODUCT,14,20
mdp.39015066046585,41,2,0,one,CARDINAL,17,20
mdp.39015066046585,41,2,1,John Henry,PERSON,45,55
mdp.39015066046585,41,30,0,25,CARDINAL,53,55
mdp.39015066046585,43,1,0,The first Saturday,DATE,0,18
mdp.39015066046585,43,2,0,the day before,DATE,7,21
mdp.39015066046585,43,2,1,New Year's Eve,EVENT,22,36
mdp.39015066046585,43,15,0,Malcolm,PERSON,3,10
mdp.39015066046585,44,0,0,Flora,PERSON,64,69
mdp.39015066046585,44,8,0,Flora,PERSON,59,64
mdp.39015066046585,44,9,0,Spanish,LANGUAGE,32,39
mdp.39015066046585,44,10,0,two inches,QUANTITY,62,72
mdp.39015066046585,44,14,0,Vicki,PERSON,1,6
mdp.39015066046585,44,22,0,Flatbush Avenue,FAC,1,16
mdp.39015066046585,44,23,0,Flatbush Avenue,FAC,5,20
mdp.39015066046585,44,23,1,Brooklyn,GPE,46,54
mdp.39015066046585,45,3,0,miles,QUANTITY,29,34
mdp.39015066046585,45,7,0,nine o'clock in the morning,TIME,15,42
mdp.39015066046585,45,8,0,Hallmark,ORG,75,83
mdp.39015066046585,45,13,0,Veronica,PERSON,1,9
mdp.39015066046585,45,15,0,three or four,CARDINAL,41,54
mdp.39015066046585,45,18,0,Puerto Rican,NORP,84,96
mdp.39015066046585,45,19,0,English,LANGUAGE,36,43
mdp.39015066046585,45,22,0,29,CARDINAL,21,23
mdp.39015066046585,46,1,0,Latinos,NORP,0,7
mdp.39015066046585,46,2,0,Spanish,LANGUAGE,30,37
mdp.39015066046585,46,3,0,Spanish,LANGUAGE,23,30
mdp.39015066046585,46,3,1,Mop & Glo,ORG,127,136
mdp.39015066046585,46,5,0,Amor,PERSON,93,97
mdp.39015066046585,46,11,0,first,ORDINAL,58,63
mdp.39015066046585,46,13,0,Bible,WORK_OF_ART,111,116
mdp.39015066046585,46,13,1,three,CARDINAL,126,131
mdp.39015066046585,47,5,0,New Year's Eve,EVENT,19,33
mdp.39015066046585,47,20,0,two or three,CARDINAL,21,33
mdp.39015066046585,47,21,0,Malcolm,PERSON,0,7
mdp.39015066046585,47,24,0,ra non 31,PERSON,0,9
mdp.39015066046585,48,2,0,Vicki,PERSON,10,15
mdp.39015066046585,48,3,0,first,ORDINAL,4,9
mdp.39015066046585,48,8,0,six,CARDINAL,72,75
mdp.39015066046585,48,8,1,two,CARDINAL,114,117
mdp.39015066046585,48,9,0,the new year,DATE,91,103
mdp.39015066046585,48,22,0,32,CARDINAL,0,2
mdp.39015066046585,49,8,0,New Year's,EVENT,22,32
mdp.39015066046585,49,14,0,ten years old,DATE,53,66
mdp.39015066046585,49,15,0,Hawaii,GPE,48,54
mdp.39015066046585,49,15,1,Brooklyn,GPE,104,112
mdp.39015066046585,49,23,0,a few more minutes,TIME,16,34
mdp.39015066046585,49,24,0,Alrun jas 33,PERSON,0,12
mdp.39015066046585,50,2,0,one,CARDINAL,36,39
mdp.39015066046585,50,17,0,Beverly Road,FAC,40,52
mdp.39015066046585,51,1,0,Chambers,PERSON,89,97
mdp.39015066046585,51,3,0,Beverly Road,FAC,27,39
mdp.39015066046585,51,4,0,A Tree Grows in Brooklyn,WORK_OF_ART,12,36
mdp.39015066046585,51,8,0,ten,DATE,12,15
mdp.39015066046585,51,8,1,three,CARDINAL,17,22
mdp.39015066046585,51,11,0,one,CARDINAL,86,89
mdp.39015066046585,51,12,0,winter,DATE,7,13
mdp.39015066046585,51,12,1,months,DATE,87,93
mdp.39015066046585,51,17,0,Malcolm,PERSON,0,7
mdp.39015066046585,51,17,1,our Saturday,DATE,43,55
mdp.39015066046585,51,17,2,afternoons,TIME,56,66
mdp.39015066046585,51,19,0,Apartment for Rent,ORG,73,91
mdp.39015066046585,51,20,0,35,CARDINAL,0,2
mdp.39015066046585,52,2,0,one month's,DATE,37,48
mdp.39015066046585,52,2,1,month,DATE,60,65
mdp.39015066046585,52,4,0,Saturday,DATE,33,41
mdp.39015066046585,52,9,0,Ocean Avenue,FAC,37,49
mdp.39015066046585,52,13,0,Beverly Road,FAC,119,131
mdp.39015066046585,53,3,0,One night,TIME,0,9
mdp.39015066046585,53,4,0,Bible,WORK_OF_ART,10,15
mdp.39015066046585,53,5,0,Bible,WORK_OF_ART,19,24
mdp.39015066046585,53,6,0,the New Testament,WORK_OF_ART,85,102
mdp.39015066046585,53,13,0,the Twenty-third,WORK_OF_ART,9,25
mdp.39015066046585,53,13,1,Psalm,WORK_OF_ART,26,31
mdp.39015066046585,54,16,0,38,CARDINAL,22,24
mdp.39015066046585,55,3,0,every night,TIME,75,86
mdp.39015066046585,55,9,0,Ocean Avenue,FAC,17,29
mdp.39015066046585,55,9,1,first,ORDINAL,60,65
mdp.39015066046585,55,9,2,over a hundred,CARDINAL,116,130
mdp.39015066046585,55,10,0,two,CARDINAL,37,40
mdp.39015066046585,55,12,0,one,CARDINAL,9,12
mdp.39015066046585,55,13,0,every day,DATE,154,163
mdp.39015066046585,55,15,0,second,ORDINAL,3,9
mdp.39015066046585,56,5,0,West Indian,NORP,17,28
mdp.39015066046585,56,7,0,Beverly Road,FAC,7,19
mdp.39015066046585,56,8,0,Ocean Avenue,FAC,3,15
mdp.39015066046585,56,12,0,second,ORDINAL,6,12
mdp.39015066046585,56,14,0,first,ORDINAL,11,16
mdp.39015066046585,56,14,1,first,ORDINAL,61,66
mdp.39015066046585,56,15,0,the day,DATE,17,24
mdp.39015066046585,57,0,0,Vicki,PERSON,31,36
mdp.39015066046585,57,2,0,Drena,PERSON,0,5
mdp.39015066046585,57,2,1,Jeanine,PERSON,10,17
mdp.39015066046585,57,3,0,Veronica,PERSON,21,29
mdp.39015066046585,57,3,1,Drena,PERSON,32,37
mdp.39015066046585,57,13,0,Intelligent and Gifted,ORG,0,22
mdp.39015066046585,58,5,0,one,CARDINAL,100,103
mdp.39015066046585,58,6,0,Panama,GPE,87,93
mdp.39015066046585,58,6,1,Spanish,LANGUAGE,105,112
mdp.39015066046585,58,6,2,French,LANGUAGE,114,120
mdp.39015066046585,58,6,3,English,LANGUAGE,126,133
mdp.39015066046585,58,7,0,Flora,PERSON,12,17
mdp.39015066046585,58,8,0,Panama,GPE,17,23
mdp.39015066046585,58,8,1,Martinique,GPE,29,39
mdp.39015066046585,58,8,2,the 1920s,DATE,43,52
mdp.39015066046585,58,8,3,English,LANGUAGE,77,84
mdp.39015066046585,58,9,0,Flora,PERSON,0,5
mdp.39015066046585,58,10,0,one,CARDINAL,49,52
mdp.39015066046585,58,10,1,seven,CARDINAL,91,96
mdp.39015066046585,58,12,0,all day,DATE,50,57
mdp.39015066046585,58,13,0,six,DATE,58,61
mdp.39015066046585,58,14,0,Malcolm,PERSON,0,7
mdp.39015066046585,58,14,1,three,DATE,12,17
mdp.39015066046585,58,16,0,summer days,DATE,8,19
mdp.39015066046585,58,16,1,the Pitkins Market,FAC,47,65
mdp.39015066046585,58,17,0,Jamaican,NORP,21,29
mdp.39015066046585,58,18,0,Erma Bombeck,PERSON,49,61
mdp.39015066046585,58,19,0,Beverly oon 42,PERSON,15,29
mdp.39015066046585,59,0,0,Judy Blume,PERSON,58,68
mdp.39015066046585,59,0,1,Paula Danziger,PERSON,73,87
mdp.39015066046585,59,4,0,Harvard University,ORG,59,77
mdp.39015066046585,59,11,0,Brooklyn College,ORG,32,48
mdp.39015066046585,59,12,0,Brooklyn College,ORG,0,16
mdp.39015066046585,59,14,0,City University,ORG,60,75
mdp.39015066046585,59,16,0,sixth,ORDINAL,25,30
mdp.39015066046585,59,16,1,Brooklyn College,ORG,77,93
mdp.39015066046585,59,16,2,the six months,DATE,105,119
mdp.39015066046585,59,16,3,Girl Scouts,ORG,129,140
mdp.39015066046585,59,16,4,Brooklyn College,ORG,161,177
mdp.39015066046585,59,17,0,Brooklyn College,ORG,42,58
mdp.39015066046585,59,18,0,Brooklyn College,ORG,37,53
mdp.39015066046585,59,18,1,Brooklyn,GPE,73,81
mdp.39015066046585,60,11,0,Saturday,DATE,5,13
mdp.39015066046585,60,11,1,Sunday,DATE,17,23
mdp.39015066046585,60,11,2,the late afternoon,TIME,28,46
mdp.39015066046585,60,14,0,Esmerelda,PERSON,6,15
mdp.39015066046585,60,15,0,Marisol,PERSON,3,10
mdp.39015066046585,60,16,0,Yvonne,PERSON,3,9
mdp.39015066046585,60,16,1,Delores,PERSON,14,21
mdp.39015066046585,60,18,0,Panama,GPE,37,43
mdp.39015066046585,60,19,0,weekends,DATE,89,97
mdp.39015066046585,60,19,1,4.4,PRODUCT,151,154
mdp.39015066046585,61,1,0,American,NORP,113,121
mdp.39015066046585,61,2,0,Panamanian,NORP,38,48
mdp.39015066046585,61,4,0,Spanish,LANGUAGE,158,165
mdp.39015066046585,61,5,0,Brooklyn,GPE,64,72
mdp.39015066046585,61,5,1,Brooklyn,GPE,99,107
mdp.39015066046585,61,5,2,Panama,GPE,134,140
mdp.39015066046585,61,6,0,Gabriella,PERSON,19,28
mdp.39015066046585,61,6,1,Gabriella,PERSON,72,81
mdp.39015066046585,61,12,0,Spanish,LANGUAGE,89,96
mdp.39015066046585,62,1,0,Ernesto,PERSON,8,15
mdp.39015066046585,62,1,1,Delores,PERSON,58,65
mdp.39015066046585,62,6,0,Ernesto,PERSON,7,14
mdp.39015066046585,62,7,0,every year,DATE,92,102
mdp.39015066046585,62,10,0,Delores,PERSON,8,15
mdp.39015066046585,62,12,0,Nesto,PERSON,41,46
mdp.39015066046585,62,14,0,Malcolm,PERSON,31,38
mdp.39015066046585,62,15,0,today,DATE,31,36
mdp.39015066046585,62,20,0,Esmerelda,PERSON,5,14
mdp.39015066046585,62,20,1,two cents,MONEY,29,38
mdp.39015066046585,62,21,0,manita,PERSON,23,29
mdp.39015066046585,62,27,0,Veronica,PERSON,5,13
mdp.39015066046585,62,30,0,46,DATE,65,67
mdp.39015066046585,63,0,0,Malcolm,PERSON,24,31
mdp.39015066046585,63,1,0,Delores,PERSON,45,52
mdp.39015066046585,63,1,1,Ernesto,PERSON,78,85
mdp.39015066046585,63,3,0,Esmerelda,PERSON,0,9
mdp.39015066046585,63,4,0,Panamanian,NORP,65,75
mdp.39015066046585,63,5,0,Veronica,PERSON,1,9
mdp.39015066046585,63,11,0,Esmerelda,PERSON,54,63
mdp.39015066046585,63,12,0,Charlie Brown,PERSON,38,51
mdp.39015066046585,63,14,0,Panama,GPE,65,71
mdp.39015066046585,63,16,0,Panama,GPE,27,33
mdp.39015066046585,63,17,0,47,CARDINAL,0,2
mdp.39015066046585,64,1,0,Immigration,ORG,53,64
mdp.39015066046585,64,5,0,Panama,GPE,54,60
mdp.39015066046585,64,5,1,Esmerelda,PERSON,73,82
mdp.39015066046585,64,7,0,Spanish,LANGUAGE,54,61
mdp.39015066046585,64,8,0,Saturday,DATE,77,85
mdp.39015066046585,64,8,1,one,CARDINAL,117,120
mdp.39015066046585,64,10,0,December,DATE,5,13
mdp.39015066046585,64,10,1,Esmerelda,PERSON,38,47
mdp.39015066046585,64,10,2,a hundred dollars,MONEY,92,109
mdp.39015066046585,64,11,0,Christmas,DATE,36,45
mdp.39015066046585,64,12,0,Sears,ORG,20,25
mdp.39015066046585,64,14,0,this year,DATE,4,13
mdp.39015066046585,64,14,1,exactly fifty 48,CARDINAL,65,81
mdp.39015066046585,65,3,0,1,CARDINAL,16,17
mdp.39015066046585,65,3,1,Barbie,PERSON,18,24
mdp.39015066046585,65,3,2,1,CARDINAL,26,27
mdp.39015066046585,65,3,3,Ken,PERSON,28,31
mdp.39015066046585,65,3,4,a Holly Hobby Bake Set,PRODUCT,37,59
mdp.39015066046585,65,3,5,50,MONEY,63,65
mdp.39015066046585,65,4,0,One,CARDINAL,5,8
mdp.39015066046585,65,4,1,Christie,PERSON,9,17
mdp.39015066046585,65,4,2,Corvette,PRODUCT,56,64
mdp.39015066046585,65,4,3,36,MONEY,68,70
mdp.39015066046585,65,4,4,One,CARDINAL,76,79
mdp.39015066046585,65,4,5,the Holly Hobby Bake Set,PRODUCT,105,129
mdp.39015066046585,65,4,6,45,MONEY,133,135
mdp.39015066046585,65,4,7,ten,CARDINAL,161,164
mdp.39015066046585,65,5,0,One night,TIME,0,9
mdp.39015066046585,65,11,0,this evening,TIME,4,16
mdp.39015066046585,65,15,0,The next day,DATE,0,12
mdp.39015066046585,65,15,1,hundred,CARDINAL,149,156
mdp.39015066046585,66,0,0,three,CARDINAL,63,68
mdp.39015066046585,66,0,1,four,CARDINAL,72,76
mdp.39015066046585,66,1,0,Santa Claus,PERSON,22,33
mdp.39015066046585,66,6,0,50,CARDINAL,0,2
mdp.39015066046585,67,1,0,fifth,ORDINAL,6,11
mdp.39015066046585,67,1,1,Martin,PERSON,53,59
mdp.39015066046585,67,1,2,Malcolm,PERSON,61,68
mdp.39015066046585,67,1,3,Malik,PERSON,70,75
mdp.39015066046585,67,1,4,Muhammad,PERSON,80,88
mdp.39015066046585,67,2,0,African,NORP,26,33
mdp.39015066046585,67,3,0,Drena,PERSON,35,40
mdp.39015066046585,67,3,1,Shannon,PERSON,42,49
mdp.39015066046585,67,3,2,Teresa,PERSON,51,57
mdp.39015066046585,67,3,3,Camille,PERSON,59,66
mdp.39015066046585,67,3,4,Veronica,PERSON,68,76
mdp.39015066046585,67,4,0,a Black History Month,EVENT,47,68
mdp.39015066046585,67,4,1,a Black History Day,DATE,80,99
mdp.39015066046585,67,5,0,Malcolm,PERSON,25,32
mdp.39015066046585,67,5,1,the day,DATE,79,86
mdp.39015066046585,67,7,0,Martin Luther King,PERSON,14,32
mdp.39015066046585,67,7,1,Shirley Chisolm,PERSON,37,52
mdp.39015066046585,67,7,2,Rosa Parks,PERSON,57,67
mdp.39015066046585,67,8,0,Every year,DATE,0,10
mdp.39015066046585,67,8,1,Malcolm X,PERSON,35,44
mdp.39015066046585,68,3,0,Martin Luther King,PERSON,31,49
mdp.39015066046585,68,3,1,Malcolm X,PERSON,54,63
mdp.39015066046585,68,3,2,Martin,PERSON,155,161
mdp.39015066046585,68,3,3,Malcolm,PERSON,163,170
mdp.39015066046585,68,3,4,Frederick Douglass,PERSON,172,190
mdp.39015066046585,68,3,5,Harriet Tubman,PERSON,192,206
mdp.39015066046585,68,5,0,Channel 13,ORG,70,80
mdp.39015066046585,68,9,0,We Shall Overcome,WORK_OF_ART,149,166
mdp.39015066046585,68,11,0,Negro,NORP,25,30
mdp.39015066046585,68,11,1,Lift Every Voice and Sing,WORK_OF_ART,49,74
mdp.39015066046585,68,12,0,52 52,CARDINAL,7,12
mdp.39015066046585,69,0,0,Charlayne Hunter-Gault,PERSON,35,57
mdp.39015066046585,69,2,0,the City Wide Band,ORG,93,111
mdp.39015066046585,69,3,0,days,DATE,123,127
mdp.39015066046585,69,6,0,two,CARDINAL,38,41
mdp.39015066046585,69,6,1,one,CARDINAL,56,59
mdp.39015066046585,69,6,2,Bill Cosby,PERSON,184,194
mdp.39015066046585,69,6,3,Arthur Ashe,PERSON,198,209
mdp.39015066046585,69,8,0,French,LANGUAGE,87,93
mdp.39015066046585,69,8,1,Panama,GPE,123,129
mdp.39015066046585,69,8,2,Alfred Rowe,PERSON,141,152
mdp.39015066046585,69,9,0,Rowe,PERSON,28,32
mdp.39015066046585,69,10,0,Spanish,LANGUAGE,25,32
mdp.39015066046585,70,0,0,French,LANGUAGE,63,69
mdp.39015066046585,70,1,0,Rowe,PERSON,10,14
mdp.39015066046585,70,2,0,Two hours later,TIME,0,15
mdp.39015066046585,70,3,0,Rowe,PERSON,10,14
mdp.39015066046585,70,3,1,a few minutes,TIME,21,34
mdp.39015066046585,70,5,0,Alfred,PERSON,27,33
mdp.39015066046585,70,7,0,Rowe,PERSON,10,14
mdp.39015066046585,70,8,0,Cecilia,PERSON,10,17
mdp.39015066046585,70,10,0,Malcolm,PERSON,36,43
mdp.39015066046585,70,12,0,Rowe,PERSON,27,31
mdp.39015066046585,70,13,0,Veronica,PERSON,5,13
mdp.39015066046585,70,15,0,French,LANGUAGE,57,63
mdp.39015066046585,70,18,0,the year,DATE,37,45
mdp.39015066046585,70,18,1,Ocean Avenue,FAC,66,78
mdp.39015066046585,70,18,2,VONO,GPE,83,87
mdp.39015066046585,71,0,0,two,CARDINAL,41,44
mdp.39015066046585,71,0,1,three,CARDINAL,48,53
mdp.39015066046585,71,1,0,Anton,PERSON,7,12
mdp.39015066046585,71,3,0,Anton,PERSON,5,10
mdp.39015066046585,71,3,1,Malcolm,PERSON,56,63
mdp.39015066046585,71,8,0,Saturday,DATE,43,51
mdp.39015066046585,71,8,1,Sunday,DATE,55,61
mdp.39015066046585,71,8,2,that day,DATE,93,101
mdp.39015066046585,71,8,3,Christmas,DATE,115,124
mdp.39015066046585,71,10,0,hours after,TIME,31,42
mdp.39015066046585,71,11,0,days later,DATE,34,44
mdp.39015066046585,71,13,0,Saturday,DATE,4,12
mdp.39015066046585,71,13,1,the Avenue J,FAC,60,72
mdp.39015066046585,71,16,0,Gheri,PERSON,18,23
mdp.39015066046585,72,1,0,Gloria Vanderbilt,PERSON,25,42
mdp.39015066046585,72,4,0,La Tasha Jones's,PERSON,47,63
mdp.39015066046585,72,5,0,Keeping up with,WORK_OF_ART,67,82
mdp.39015066046585,72,5,1,Joneses,PERSON,87,94
mdp.39015066046585,72,7,0,Malcolm,PERSON,32,39
mdp.39015066046585,72,14,0,a couple of seconds,TIME,6,25
mdp.39015066046585,72,14,1,Malcolm,PERSON,53,60
mdp.39015066046585,72,15,0,56,DATE,50,52
mdp.39015066046585,73,3,0,Saturday,DATE,30,38
mdp.39015066046585,73,13,0,tomorrow,DATE,34,42
mdp.39015066046585,73,14,0,That night,TIME,0,10
mdp.39015066046585,73,15,0,tomorrow,DATE,40,48
mdp.39015066046585,73,18,0,Flora,PERSON,25,30
mdp.39015066046585,73,18,1,two,CARDINAL,39,42
mdp.39015066046585,73,19,0,more than an hour,TIME,14,31
mdp.39015066046585,73,19,1,Brooklyn,GPE,57,65
mdp.39015066046585,73,19,2,5 7,CARDINAL,80,83
mdp.39015066046585,74,8,0,Seconds later,TIME,0,13
mdp.39015066046585,74,8,1,three,CARDINAL,56,61
mdp.39015066046585,74,23,0,SC af 58,LAW,51,59
mdp.39015066046585,75,4,0,night,TIME,5,10
mdp.39015066046585,76,0,0,English,LANGUAGE,44,51
mdp.39015066046585,76,0,1,Spanish,LANGUAGE,56,63
mdp.39015066046585,76,22,0,only thirty,DATE,7,18
mdp.39015066046585,77,7,0,twenty years old,DATE,14,30
mdp.39015066046585,77,7,1,twenty,CARDINAL,120,126
mdp.39015066046585,77,8,0,two,CARDINAL,7,10
mdp.39015066046585,77,8,1,eighty,DATE,60,66
mdp.39015066046585,77,9,0,ninety,CARDINAL,51,57
mdp.39015066046585,77,10,0,Flora,PERSON,11,16
mdp.39015066046585,77,10,1,her eighties,DATE,23,35
mdp.39015066046585,78,2,0,Flora,PERSON,26,31
mdp.39015066046585,78,3,0,Flora,PERSON,4,9
mdp.39015066046585,78,3,1,the Canal Zone,GPE,48,62
mdp.39015066046585,78,3,2,American,NORP,87,95
mdp.39015066046585,78,4,0,seven,CARDINAL,40,45
mdp.39015066046585,78,4,1,today,DATE,145,150
mdp.39015066046585,78,7,0,Beverly Road,FAC,75,87
mdp.39015066046585,78,8,0,Flora,PERSON,36,41
mdp.39015066046585,78,8,1,a weekend,DATE,80,89
mdp.39015066046585,78,10,0,Flora,PERSON,0,5
mdp.39015066046585,78,20,0,Flora,PERSON,0,5
mdp.39015066046585,78,21,0,first,ORDINAL,20,25
mdp.39015066046585,79,2,0,Ben-Gay,PRODUCT,74,81
mdp.39015066046585,79,2,1,Jergens,ORG,83,90
mdp.39015066046585,79,11,0,Flora,PERSON,0,5
mdp.39015066046585,79,11,1,eighty-three,DATE,18,30
mdp.39015066046585,79,14,0,Panama,GPE,25,31
mdp.39015066046585,79,14,1,63,DATE,44,46
mdp.39015066046585,80,0,0,Boston,GPE,43,49
mdp.39015066046585,80,0,1,the weekend,DATE,54,65
mdp.39015066046585,80,1,0,That weekend,DATE,0,12
mdp.39015066046585,80,1,1,Flora,PERSON,14,19
mdp.39015066046585,80,2,0,three days,DATE,38,48
mdp.39015066046585,80,3,0,Diana,PERSON,24,29
mdp.39015066046585,80,9,0,Boston,GPE,52,58
mdp.39015066046585,80,13,0,Flora,PERSON,33,38
mdp.39015066046585,80,15,0,Flora,PERSON,52,57
mdp.39015066046585,80,16,0,the day,DATE,114,121
mdp.39015066046585,80,17,0,The next year,DATE,0,13
mdp.39015066046585,80,18,0,twenty-five cents,MONEY,7,24
mdp.39015066046585,80,18,1,twenty-five cents,MONEY,37,54
mdp.39015066046585,80,19,0,three or four dollars,MONEY,13,34
mdp.39015066046585,80,19,1,a few bucks,MONEY,51,62
mdp.39015066046585,81,1,0,half,CARDINAL,72,76
mdp.39015066046585,81,2,0,Flora,PERSON,9,14
mdp.39015066046585,81,4,0,The first summer,DATE,0,16
mdp.39015066046585,81,5,0,Girl Scout,ORG,10,20
mdp.39015066046585,81,6,0,YMCA,ORG,41,45
mdp.39015066046585,81,8,0,one,CARDINAL,12,15
mdp.39015066046585,81,9,0,the whole summer,DATE,42,58
mdp.39015066046585,81,9,1,August,DATE,73,79
mdp.39015066046585,81,10,0,August,DATE,18,24
mdp.39015066046585,81,10,1,September,DATE,93,102
mdp.39015066046585,81,10,2,August,DATE,110,116
mdp.39015066046585,81,10,3,July,DATE,152,156
mdp.39015066046585,81,11,0,August,DATE,10,16
mdp.39015066046585,81,11,1,a good month,DATE,21,33
mdp.39015066046585,81,12,0,August,DATE,37,43
mdp.39015066046585,81,12,1,July,DATE,63,67
mdp.39015066046585,81,13,0,August,DATE,21,27
mdp.39015066046585,81,14,0,August,DATE,15,21
mdp.39015066046585,81,15,0,eleven,DATE,17,23
mdp.39015066046585,81,15,1,65,DATE,48,50
mdp.39015066046585,82,0,0,July,DATE,45,49
mdp.39015066046585,82,0,1,August,DATE,54,60
mdp.39015066046585,82,1,0,Beverly Road,FAC,36,48
mdp.39015066046585,82,1,1,Jayne,PERSON,66,71
mdp.39015066046585,82,2,0,Beverly Road,FAC,3,15
mdp.39015066046585,82,2,1,America,GPE,133,140
mdp.39015066046585,82,3,0,the summer,DATE,3,13
mdp.39015066046585,82,3,1,the last day,DATE,27,39
mdp.39015066046585,82,3,2,American,NORP,61,69
mdp.39015066046585,82,3,3,Labor Day,DATE,116,125
mdp.39015066046585,82,5,0,South,LOC,66,71
mdp.39015066046585,82,12,0,KFC,ORG,61,64
mdp.39015066046585,82,15,0,66,CARDINAL,143,145
mdp.39015066046585,83,1,0,this summer,DATE,4,15
mdp.39015066046585,83,1,1,this summer,DATE,43,54
mdp.39015066046585,83,3,0,Jayne,PERSON,28,33
mdp.39015066046585,83,6,0,the summer,DATE,33,43
mdp.39015066046585,83,7,0,Guyana,GPE,75,81
mdp.39015066046585,83,7,1,the summer,DATE,91,101
mdp.39015066046585,83,8,0,that September,DATE,26,40
mdp.39015066046585,83,9,0,Jayne,PERSON,19,24
mdp.39015066046585,83,9,1,Florida,GPE,76,83
mdp.39015066046585,83,11,0,Fredericka,PERSON,60,70
mdp.39015066046585,83,11,1,summer,DATE,93,99
mdp.39015066046585,83,14,0,Fredericka,PERSON,0,10
mdp.39015066046585,83,14,1,four,CARDINAL,37,41
mdp.39015066046585,83,14,2,Jayne,PERSON,60,65
mdp.39015066046585,83,16,0,Freddie,PERSON,22,29
mdp.39015066046585,83,16,1,67,CARDINAL,46,48
mdp.39015066046585,84,3,0,Freddie,PERSON,0,7
mdp.39015066046585,84,5,0,Freddie,PERSON,24,31
mdp.39015066046585,84,5,1,Jayne,PERSON,65,70
mdp.39015066046585,84,7,0,All summer,DATE,0,10
mdp.39015066046585,84,11,0,Florida,GPE,22,29
mdp.39015066046585,84,18,0,68,CARDINAL,8,10
mdp.39015066046585,85,2,0,seventh,ORDINAL,26,33
mdp.39015066046585,85,2,1,Ileana,PERSON,57,63
mdp.39015066046585,85,3,0,Ileana,PERSON,0,6
mdp.39015066046585,85,3,1,Lutheran,NORP,41,49
mdp.39015066046585,85,6,0,the afternoon,TIME,20,33
mdp.39015066046585,85,6,1,Sunday,DATE,84,90
mdp.39015066046585,85,7,0,Ileana,PERSON,40,46
mdp.39015066046585,85,8,0,that spring,DATE,50,61
mdp.39015066046585,85,9,0,Catholic,NORP,77,85
mdp.39015066046585,85,10,0,that morning,TIME,115,127
mdp.39015066046585,85,14,0,Catholic,NORP,26,34
mdp.39015066046585,86,4,0,Lutheran,NORP,30,38
mdp.39015066046585,86,4,1,Ileana,PERSON,51,57
mdp.39015066046585,86,9,0,Kotex,PRODUCT,51,56
mdp.39015066046585,86,11,0,eight years old,DATE,11,26
mdp.39015066046585,86,14,0,my teens,DATE,13,21
mdp.39015066046585,87,5,0,ninth,ORDINAL,39,44
mdp.39015066046585,87,11,0,Howard,PERSON,13,19
mdp.39015066046585,87,12,0,Sing Sing,ORG,5,14
mdp.39015066046585,87,12,1,Alcatraz,FAC,18,26
mdp.39015066046585,87,15,0,Harvard,ORG,61,68
mdp.39015066046585,87,15,1,NYU,ORG,124,127
mdp.39015066046585,87,15,2,Bryn Mawr,ORG,129,138
mdp.39015066046585,87,15,3,Howard,ORG,140,146
mdp.39015066046585,87,15,4,Spelman,ORG,152,159
mdp.39015066046585,88,12,0,Sunday,DATE,13,19
mdp.39015066046585,88,12,1,Christmas,DATE,97,106
mdp.39015066046585,89,3,0,a thousand,CARDINAL,94,104
mdp.39015066046585,89,3,1,Mammys,NORP,105,111
mdp.39015066046585,89,4,0,Sunday,DATE,37,43
mdp.39015066046585,89,12,0,five-dollar,MONEY,39,50
mdp.39015066046585,89,12,1,fifteen-dollar,MONEY,62,76
mdp.39015066046585,89,12,2,next week,DATE,127,136
mdp.39015066046585,89,15,0,the other day,DATE,9,22
mdp.39015066046585,89,15,1,Pathmark,ORG,26,34
mdp.39015066046585,89,16,0,73,DATE,69,71
mdp.39015066046585,90,2,0,Gena,PERSON,60,64
mdp.39015066046585,90,3,0,Gena,PERSON,12,16
mdp.39015066046585,90,4,0,Gena,PERSON,0,4
mdp.39015066046585,90,4,1,Lauren Bacall,PERSON,90,103
mdp.39015066046585,90,6,0,Gena,PERSON,13,17
mdp.39015066046585,90,7,0,Santa Claus,PERSON,112,123
mdp.39015066046585,90,7,1,July,DATE,145,149
mdp.39015066046585,90,8,0,Crazy Eddie,ORG,28,39
mdp.39015066046585,90,8,1,Christmas,DATE,117,126
mdp.39015066046585,90,8,2,July,DATE,136,140
mdp.39015066046585,90,10,0,Gena,PERSON,21,25
mdp.39015066046585,90,11,0,Santa Claus,PERSON,15,26
mdp.39015066046585,90,11,1,Christmas,DATE,97,106
mdp.39015066046585,90,13,0,Gena,PERSON,44,48
mdp.39015066046585,90,14,0,Bronx,GPE,72,77
mdp.39015066046585,90,14,1,month,DATE,134,139
mdp.39015066046585,91,2,0,thirteen years old,DATE,6,24
mdp.39015066046585,91,3,0,a Sunday,TIME,7,15
mdp.39015066046585,91,8,0,four-hundred-pound,QUANTITY,68,86
mdp.39015066046585,91,12,0,forty hours,TIME,15,26
mdp.39015066046585,92,5,0,76,CARDINAL,0,2
mdp.39015066046585,93,1,0,New York City,GPE,3,16
mdp.39015066046585,93,1,1,eighth,ORDINAL,37,43
mdp.39015066046585,93,2,0,Brooklyn Technical and,ORG,8,30
mdp.39015066046585,93,2,1,Bronx High School of Science,ORG,31,59
mdp.39015066046585,93,2,2,the Clara Barton School for Nursing,ORG,61,96
mdp.39015066046585,93,2,3,the High School of the Performing Arts,ORG,101,139
mdp.39015066046585,93,2,4,Fame,WORK_OF_ART,185,189
mdp.39015066046585,93,3,0,thirteen,DATE,11,19
mdp.39015066046585,93,5,0,Brooklyn Tech,ORG,99,112
mdp.39015066046585,93,5,1,Bronx Science,ORG,116,129
mdp.39015066046585,94,8,0,one afternoon,TIME,38,51
mdp.39015066046585,94,8,1,the next day,DATE,58,70
mdp.39015066046585,94,9,0,Tamika,PERSON,1,7
mdp.39015066046585,94,9,1,last week,DATE,44,53
mdp.39015066046585,94,9,2,two,CARDINAL,96,99
mdp.39015066046585,94,10,0,Tamika,PERSON,63,69
mdp.39015066046585,94,15,0,Kara,PERSON,48,52
mdp.39015066046585,94,16,0,Kara,PERSON,0,4
mdp.39015066046585,94,17,0,the summer,DATE,5,15
mdp.39015066046585,94,17,1,Trevor,PERSON,52,58
mdp.39015066046585,95,1,0,Kara,PERSON,18,22
mdp.39015066046585,95,1,1,Trevor,PERSON,38,44
mdp.39015066046585,95,3,0,Saturday,DATE,4,12
mdp.39015066046585,95,3,1,Trevor,PERSON,24,30
mdp.39015066046585,95,3,2,Kara,PERSON,55,59
mdp.39015066046585,95,5,0,Kara,PERSON,0,4
mdp.39015066046585,95,7,0,Trevor,PERSON,0,6
mdp.39015066046585,95,8,0,Kara,PERSON,19,23
mdp.39015066046585,95,9,0,Kara,PERSON,0,4
mdp.39015066046585,95,9,1,Trevor,PERSON,29,35
mdp.39015066046585,95,10,0,Kara,PERSON,16,20
mdp.39015066046585,95,11,0,Trevor,PERSON,0,6
mdp.39015066046585,95,12,0,Kara,PERSON,0,4
mdp.39015066046585,95,12,1,Trevor,PERSON,50,56
mdp.39015066046585,95,13,0,Kara,PERSON,0,4
mdp.39015066046585,95,16,0,Kara,PERSON,6,10
mdp.39015066046585,95,21,0,Kara,PERSON,20,24
mdp.39015066046585,95,21,1,Trevor,PERSON,57,63
mdp.39015066046585,95,21,2,79,CARDINAL,76,78
mdp.39015066046585,96,1,0,Trevor,PERSON,4,10
mdp.39015066046585,96,1,1,Kara,PERSON,123,127
mdp.39015066046585,96,2,0,Kara,PERSON,15,19
mdp.39015066046585,96,5,0,West Indian,NORP,4,15
mdp.39015066046585,96,6,0,Esmerelda,PERSON,87,96
mdp.39015066046585,96,7,0,Monday,DATE,33,39
mdp.39015066046585,96,8,0,one,CARDINAL,7,10
mdp.39015066046585,96,11,0,Esmerelda,PERSON,35,44
mdp.39015066046585,96,15,0,every day,DATE,23,32
mdp.39015066046585,96,25,0,80,DATE,33,35
mdp.39015066046585,97,6,0,one,CARDINAL,63,66
mdp.39015066046585,97,10,0,Murray Bergtraum,PERSON,20,36
mdp.39015066046585,97,11,0,Fashion Industries,ORG,3,21
mdp.39015066046585,97,13,0,Flora,PERSON,47,52
mdp.39015066046585,97,18,0,Murray Bergtraum,ORG,21,37
mdp.39015066046585,97,18,1,81,DATE,54,56
mdp.39015066046585,98,3,0,Fashion High,ORG,8,20
mdp.39015066046585,98,3,1,Alexandra,PERSON,89,98
mdp.39015066046585,98,3,2,twelfth,ORDINAL,137,144
mdp.39015066046585,98,5,0,third,ORDINAL,108,113
mdp.39015066046585,98,6,0,Thanksgiving,DATE,5,17
mdp.39015066046585,98,6,1,California,GPE,58,68
mdp.39015066046585,98,7,0,Panama,GPE,79,85
mdp.39015066046585,98,7,1,Los Angeles,GPE,114,125
mdp.39015066046585,98,7,2,Christmas,DATE,146,155
mdp.39015066046585,98,11,0,Los Angeles,GPE,22,33
mdp.39015066046585,98,12,0,first,ORDINAL,25,30
mdp.39015066046585,98,13,0,Diana,PERSON,22,27
mdp.39015066046585,98,13,1,the semester,DATE,42,54
mdp.39015066046585,98,16,0,82,DATE,38,40
mdp.39015066046585,99,1,0,Guille,PERSON,10,16
mdp.39015066046585,99,3,0,two months,DATE,6,16
mdp.39015066046585,99,4,0,Amelia,PERSON,8,14
mdp.39015066046585,99,4,1,Robert,PERSON,29,35
mdp.39015066046585,99,4,2,Malcolm,PERSON,70,77
mdp.39015066046585,99,5,0,one day,DATE,33,40
mdp.39015066046585,99,5,1,California,GPE,67,77
mdp.39015066046585,99,9,0,Robert,PERSON,29,35
mdp.39015066046585,99,11,0,California,GPE,5,15
mdp.39015066046585,99,19,0,the ninth grade,DATE,3,18
mdp.39015066046585,99,19,1,8.3,CARDINAL,40,43
mdp.39015066046585,100,0,0,seven,CARDINAL,39,44
mdp.39015066046585,100,1,0,Veronica,PERSON,111,119
mdp.39015066046585,100,1,1,Victoria,PERSON,123,131
mdp.39015066046585,100,1,2,Vicki,PERSON,135,140
mdp.39015066046585,100,2,0,early December,DATE,24,38
mdp.39015066046585,100,2,1,the next few weeks,DATE,48,66
mdp.39015066046585,100,4,0,New York,GPE,18,26
mdp.39015066046585,100,4,1,Diana,PERSON,36,41
mdp.39015066046585,100,4,2,Christmas,DATE,53,62
mdp.39015066046585,100,7,0,L.A.,GPE,25,29
mdp.39015066046585,100,11,0,Tono,PERSON,15,19
mdp.39015066046585,100,13,0,California,GPE,61,71
mdp.39015066046585,100,18,0,84,CARDINAL,0,2
mdp.39015066046585,101,8,0,Tono,PERSON,0,4
mdp.39015066046585,101,11,0,Christmas,DATE,20,29
mdp.39015066046585,101,12,0,the first of December,DATE,35,56
mdp.39015066046585,101,12,1,January 3,DATE,87,96
mdp.39015066046585,101,14,0,two,CARDINAL,47,50
mdp.39015066046585,101,19,0,Veronica,GPE,1,9
mdp.39015066046585,101,24,0,a few hours ago,TIME,22,37
mdp.39015066046585,101,26,0,Christmas,DATE,35,44
mdp.39015066046585,101,27,0,Christmas,DATE,73,82
mdp.39015066046585,102,8,0,Spanish,LANGUAGE,26,33
mdp.39015066046585,102,9,0,Spanish,LANGUAGE,19,26
mdp.39015066046585,102,12,0,Los Angeles,GPE,8,19
mdp.39015066046585,102,13,0,my first day,DATE,61,73
mdp.39015066046585,102,13,1,Crips,NORP,101,106
mdp.39015066046585,102,14,0,the first day,DATE,17,30
mdp.39015066046585,102,15,0,three,CARDINAL,17,22
mdp.39015066046585,103,1,0,New York,GPE,71,79
mdp.39015066046585,103,2,0,Linda,PERSON,45,50
mdp.39015066046585,103,3,0,Linda,PERSON,0,5
mdp.39015066046585,103,4,0,New York,GPE,11,19
mdp.39015066046585,103,10,0,Crips,ORG,33,38
mdp.39015066046585,103,11,0,L.A.,GPE,0,4
mdp.39015066046585,103,15,0,night,TIME,3,8
mdp.39015066046585,103,16,0,Brooklyn,GPE,25,33
mdp.39015066046585,103,17,0,year-round,DATE,26,36
mdp.39015066046585,104,2,0,February,DATE,53,61
mdp.39015066046585,104,8,0,Monday,DATE,23,29
mdp.39015066046585,104,9,0,next year,DATE,39,48
mdp.39015066046585,104,10,0,the last year,DATE,9,22
mdp.39015066046585,104,12,0,next year,DATE,13,22
mdp.39015066046585,104,13,0,Next year,DATE,0,9
mdp.39015066046585,104,18,0,February,DATE,3,11
mdp.39015066046585,104,22,0,Every day,DATE,0,9
mdp.39015066046585,105,6,0,Choate Rosemary Hall,ORG,67,87
mdp.39015066046585,105,7,0,Every year,DATE,0,10
mdp.39015066046585,105,7,1,Choate,ORG,12,18
mdp.39015066046585,105,7,2,one,CARDINAL,59,62
mdp.39015066046585,105,7,3,South Central,LOC,82,95
mdp.39015066046585,105,8,0,Every year,DATE,0,10
mdp.39015066046585,105,8,1,weeks,DATE,95,100
mdp.39015066046585,105,9,0,one,CARDINAL,7,10
mdp.39015066046585,105,10,0,March,DATE,3,8
mdp.39015066046585,105,11,0,a week,DATE,11,17
mdp.39015066046585,105,14,0,Choate,ORG,81,87
mdp.39015066046585,105,14,1,Harvard,ORG,124,131
mdp.39015066046585,105,16,0,89,CARDINAL,17,19
mdp.39015066046585,106,1,0,one day,DATE,91,98
mdp.39015066046585,106,2,0,Jamie,PERSON,20,25
mdp.39015066046585,106,2,1,one,CARDINAL,27,30
mdp.39015066046585,106,2,2,Choate Rosemary,ORG,94,109
mdp.39015066046585,106,3,0,Izod Lacoste,ORG,50,62
mdp.39015066046585,106,6,0,Choate Rosemarys,ORG,84,100
mdp.39015066046585,106,7,0,only one,CARDINAL,10,18
mdp.39015066046585,106,7,1,ninth,ORDINAL,131,136
mdp.39015066046585,106,8,0,Cinderellas,PERSON,11,22
mdp.39015066046585,106,9,0,Every night,TIME,0,11
mdp.39015066046585,106,10,0,A week,DATE,0,6
mdp.39015066046585,106,15,0,Bob,PERSON,8,11
mdp.39015066046585,106,15,1,Frederick Douglass,PERSON,93,111
mdp.39015066046585,106,17,0,Bob,PERSON,17,20
mdp.39015066046585,106,18,0,Choate,ORG,17,23
mdp.39015066046585,107,1,0,the excruciating weeks,DATE,3,25
mdp.39015066046585,107,3,0,Zora Neale Hurston's,PERSON,17,37
mdp.39015066046585,107,8,0,Choate,ORG,38,44
mdp.39015066046585,107,11,0,The Facts of Life,WORK_OF_ART,28,45
mdp.39015066046585,107,12,0,The Facts of Life,WORK_OF_ART,0,17
mdp.39015066046585,107,13,0,Choate,ORG,19,25
mdp.39015066046585,107,13,1,Tootie,PERSON,82,88
mdp.39015066046585,107,23,0,91,CARDINAL,0,2
mdp.39015066046585,108,8,0,Spanish,LANGUAGE,34,41
mdp.39015066046585,108,8,1,these days,DATE,42,52
mdp.39015066046585,108,9,0,two,CARDINAL,44,47
mdp.39015066046585,108,11,0,Choate Rosemary,ORG,9,24
mdp.39015066046585,108,12,0,Spanish,LANGUAGE,75,82
mdp.39015066046585,108,12,1,Russian,LANGUAGE,87,94
mdp.39015066046585,108,13,0,Connecticut,GPE,6,17
mdp.39015066046585,108,13,1,New York,GPE,31,39
mdp.39015066046585,108,14,0,Jamie,PERSON,11,16
mdp.39015066046585,108,14,1,Choate,ORG,30,36
mdp.39015066046585,108,16,0,Nigerian,NORP,48,56
mdp.39015066046585,108,17,0,days,DATE,34,38
mdp.39015066046585,108,18,0,92,CARDINAL,12,14
mdp.39015066046585,109,7,0,the end of the semester,DATE,3,26
mdp.39015066046585,109,7,1,May,DATE,30,33
mdp.39015066046585,109,7,2,English,LANGUAGE,56,63
mdp.39015066046585,109,7,3,Mexican,NORP,67,74
mdp.39015066046585,109,10,0,Langston Hughes's,PERSON,32,49
mdp.39015066046585,109,10,1,Mother to Son,WORK_OF_ART,51,64
mdp.39015066046585,109,10,2,Lorraine Hansberry's,PERSON,87,107
mdp.39015066046585,109,10,3,Raisin in the Sun,WORK_OF_ART,108,125
mdp.39015066046585,109,11,0,June,DATE,18,22
mdp.39015066046585,109,13,0,Fairfax High School,ORG,50,69
mdp.39015066046585,109,13,1,three years,DATE,127,138
mdp.39015066046585,109,13,2,four,CARDINAL,150,154
mdp.39015066046585,109,14,0,California,GPE,5,15
mdp.39015066046585,109,14,1,the University of California,ORG,67,95
mdp.39015066046585,109,15,0,Berkeley,ORG,16,24
mdp.39015066046585,109,16,0,Spanish,LANGUAGE,92,99
mdp.39015066046585,109,17,0,93,CARDINAL,0,2
mdp.39015066046585,110,6,0,New York,GPE,1,9
mdp.39015066046585,110,10,0,L.A.,GPE,38,42
mdp.39015066046585,110,12,0,New York,GPE,74,82
mdp.39015066046585,110,13,0,New York,GPE,3,11
mdp.39015066046585,110,13,1,Caribbean,NORP,31,40
mdp.39015066046585,110,13,2,Los Angeles,GPE,76,87
mdp.39015066046585,110,13,3,Mexicans,NORP,117,125
mdp.39015066046585,110,13,4,American,NORP,130,138
mdp.39015066046585,110,15,0,California,GPE,20,30
mdp.39015066046585,110,15,1,New York,GPE,59,67
mdp.39015066046585,110,16,0,All summer,DATE,0,10
mdp.39015066046585,110,16,1,New Jersey,GPE,76,86
mdp.39015066046585,110,18,0,All summer,DATE,0,10
mdp.39015066046585,110,18,1,New York,GPE,56,64
mdp.39015066046585,110,19,0,Rahway,GPE,13,19
mdp.39015066046585,110,19,1,New Jersey,GPE,21,31
mdp.39015066046585,111,11,0,One night,TIME,0,9
mdp.39015066046585,111,13,0,The next morning,TIME,0,16
mdp.39015066046585,111,14,0,the seconds,TIME,3,14
mdp.39015066046585,111,19,0,Last night,TIME,1,11
mdp.39015066046585,111,20,0,One,CARDINAL,1,4
mdp.39015066046585,111,24,0,the 95,DATE,18,24
mdp.39015066046585,112,0,0,morning,TIME,32,39
mdp.39015066046585,112,3,0,morning,TIME,37,44
mdp.39015066046585,112,7,0,One night,TIME,0,9
mdp.39015066046585,112,8,0,an hour,TIME,33,40
mdp.39015066046585,112,9,0,The Cosby Show,WORK_OF_ART,17,31
mdp.39015066046585,112,9,1,A Different World,WORK_OF_ART,36,53
mdp.39015066046585,112,11,0,Cecilia,PERSON,1,8
mdp.39015066046585,112,12,0,a second,TIME,24,32
mdp.39015066046585,112,27,0,96,CARDINAL,0,2
mdp.39015066046585,113,14,0,Later that night,TIME,0,16
mdp.39015066046585,113,15,0,ten years,DATE,5,14
mdp.39015066046585,113,17,0,Tono,PERSON,0,4
mdp.39015066046585,113,19,0,all night,TIME,28,37
mdp.39015066046585,113,21,0,Spanish,LANGUAGE,31,38
mdp.39015066046585,113,22,0,first,ORDINAL,8,13
mdp.39015066046585,113,26,0,two,CARDINAL,45,48
mdp.39015066046585,113,27,0,the 97,CARDINAL,8,14
mdp.39015066046585,114,2,0,two years,DATE,3,12
mdp.39015066046585,114,3,0,two years,DATE,4,13
mdp.39015066046585,114,7,0,later that night,TIME,19,35
mdp.39015066046585,114,12,0,the next couple of weeks,DATE,9,33
mdp.39015066046585,114,17,0,the age of twelve,DATE,3,20
mdp.39015066046585,114,19,0,February,DATE,43,51
mdp.39015066046585,114,20,0,Saturday,DATE,77,85
mdp.39015066046585,114,22,0,98,DATE,76,78
mdp.39015066046585,115,1,0,one,CARDINAL,36,39
mdp.39015066046585,115,4,0,fifteen years,DATE,4,17
mdp.39015066046585,115,7,0,two years,DATE,28,37
mdp.39015066046585,115,11,0,Lincoln,ORG,24,31
mdp.39015066046585,115,11,1,Continental,PRODUCT,32,43
mdp.39015066046585,115,20,0,Veronica,PERSON,11,19
mdp.39015066046585,115,21,0,99,CARDINAL,0,2
mdp.39015066046585,116,1,0,Veronica,PERSON,11,19
mdp.39015066046585,116,2,0,a minute,TIME,28,36
mdp.39015066046585,116,3,0,two,CARDINAL,41,44
mdp.39015066046585,116,4,0,first,ORDINAL,20,25
mdp.39015066046585,116,6,0,second,ORDINAL,19,25
mdp.39015066046585,116,17,0,a second,TIME,18,26
mdp.39015066046585,116,24,0,100,CARDINAL,0,3
mdp.39015066046585,117,1,0,Brooklyn,GPE,24,32
mdp.39015066046585,117,1,1,Philadelphia,GPE,75,87
mdp.39015066046585,117,3,0,tenyear-old,DATE,52,63
mdp.39015066046585,117,3,1,four-year-old,DATE,83,96
mdp.39015066046585,117,3,2,half,CARDINAL,97,101
mdp.39015066046585,117,4,0,Philadelphia,GPE,31,43
mdp.39015066046585,117,4,1,New York,GPE,77,85
mdp.39015066046585,117,6,0,Atlantic City,GPE,28,41
mdp.39015066046585,118,4,0,four,CARDINAL,18,22
mdp.39015066046585,118,5,0,first,ORDINAL,7,12
mdp.39015066046585,118,6,0,second,ORDINAL,44,50
mdp.39015066046585,118,7,0,third,ORDINAL,4,9
mdp.39015066046585,118,7,1,two,CARDINAL,20,23
mdp.39015066046585,118,8,0,one,CARDINAL,11,14
mdp.39015066046585,118,9,0,fifth,ORDINAL,81,86
mdp.39015066046585,118,9,1,as many years,DATE,97,110
mdp.39015066046585,118,15,0,the second month,DATE,3,19
mdp.39015066046585,118,15,1,102,CARDINAL,86,89
mdp.39015066046585,119,3,0,the third month,DATE,3,18
mdp.39015066046585,119,10,0,California,GPE,71,81
mdp.39015066046585,119,13,0,spring,DATE,82,88
mdp.39015066046585,120,8,0,tenth,ORDINAL,53,58
mdp.39015066046585,120,9,0,New York,GPE,13,21
mdp.39015066046585,120,9,1,Los Angeles,GPE,58,69
mdp.39015066046585,120,12,0,L.A.,GPE,3,7
mdp.39015066046585,120,12,1,California,GPE,28,38
mdp.39015066046585,120,12,2,New York,GPE,48,56
mdp.39015066046585,120,12,3,New Jersey,GPE,61,71
mdp.39015066046585,120,14,0,English,LANGUAGE,50,57
mdp.39015066046585,121,12,0,the Rotary Club,ORG,163,178
mdp.39015066046585,121,12,1,the Daughters of the American Revolution,ORG,182,222
mdp.39015066046585,122,2,0,Guyana,GPE,27,33
mdp.39015066046585,122,13,0,every day,DATE,24,33
mdp.39015066046585,122,15,0,106,CARDINAL,0,3
mdp.39015066046585,123,1,0,every day,DATE,26,35
mdp.39015066046585,123,2,0,daily,DATE,14,19
mdp.39015066046585,123,8,0,Saturday,DATE,4,12
mdp.39015066046585,123,11,0,Mercedes,PRODUCT,82,90
mdp.39015066046585,123,12,0,that day,DATE,11,19
mdp.39015066046585,123,13,0,That night,TIME,0,10
mdp.39015066046585,123,14,0,two,CARDINAL,14,17
mdp.39015066046585,123,14,1,today,DATE,86,91
mdp.39015066046585,123,17,0,om. con 107,LAW,0,11
mdp.39015066046585,124,14,0,Next week,DATE,1,10
mdp.39015066046585,124,15,0,Next week,DATE,0,9
mdp.39015066046585,124,18,0,summer,DATE,3,9
mdp.39015066046585,124,23,0,one night,TIME,21,30
mdp.39015066046585,124,24,0,a few days,DATE,7,17
mdp.39015066046585,124,25,0,that night,TIME,9,19
mdp.39015066046585,124,26,0,twelve,TIME,13,19
mdp.39015066046585,124,26,1,108,CARDINAL,65,68
mdp.39015066046585,125,4,0,That summer,DATE,0,11
mdp.39015066046585,125,5,0,The first week,DATE,0,14
mdp.39015066046585,125,6,0,The next week,DATE,0,13
mdp.39015066046585,125,9,0,Brooklyn,GPE,3,11
mdp.39015066046585,125,9,1,Chuck,PERSON,73,78
mdp.39015066046585,125,9,2,Trevor,PERSON,111,117
mdp.39015066046585,125,9,3,Kara,PERSON,131,135
mdp.39015066046585,125,10,0,L.A.,GPE,3,7
mdp.39015066046585,125,10,1,Wesley Snipes,PERSON,105,118
mdp.39015066046585,125,10,2,Eric,PERSON,135,139
mdp.39015066046585,125,14,0,Jim,PERSON,26,29
mdp.39015066046585,125,15,0,Jim,PERSON,0,3
mdp.39015066046585,125,16,0,109,DATE,34,37
mdp.39015066046585,126,0,0,the fall,DATE,40,48
mdp.39015066046585,126,2,0,Jim,PERSON,27,30
mdp.39015066046585,126,6,0,Joey,PERSON,13,17
mdp.39015066046585,126,7,0,one,CARDINAL,87,90
mdp.39015066046585,126,7,1,Jennifer Beals,PERSON,105,119
mdp.39015066046585,126,7,2,Flashdance,WORK_OF_ART,123,133
mdp.39015066046585,126,9,0,Joey,PERSON,7,11
mdp.39015066046585,126,9,1,Jim,PERSON,18,21
mdp.39015066046585,126,11,0,Joey,PERSON,0,4
mdp.39015066046585,126,13,0,Vera,PERSON,16,20
mdp.39015066046585,126,14,0,Joey,PERSON,0,4
mdp.39015066046585,126,18,0,110,CARDINAL,0,3
mdp.39015066046585,127,0,0,Joey,PERSON,21,25
mdp.39015066046585,127,4,0,Joey,PERSON,0,4
mdp.39015066046585,127,11,0,Joey,PERSON,19,23
mdp.39015066046585,127,15,0,Joey,PERSON,38,42
mdp.39015066046585,127,15,1,the McDonald's,FAC,73,87
mdp.39015066046585,127,16,0,Joey,PERSON,42,46
mdp.39015066046585,127,18,0,Jim,PERSON,28,31
mdp.39015066046585,127,19,0,Jim,PERSON,38,41
mdp.39015066046585,127,19,1,111,PRODUCT,44,47
mdp.39015066046585,128,2,0,Jim,PERSON,62,65
mdp.39015066046585,128,4,0,Jim,PERSON,53,56
mdp.39015066046585,128,6,0,Karen,PERSON,46,51
mdp.39015066046585,128,7,0,Karen,PERSON,0,5
mdp.39015066046585,128,7,1,Jim,PERSON,33,36
mdp.39015066046585,128,8,0,Jim,PERSON,1,4
mdp.39015066046585,128,10,0,Jim,PERSON,1,4
mdp.39015066046585,128,12,0,Veronica,PERSON,1,9
mdp.39015066046585,128,16,0,first,ORDINAL,41,46
mdp.39015066046585,128,19,0,Stacey,PERSON,13,19
mdp.39015066046585,128,19,1,junior year,DATE,42,53
mdp.39015066046585,128,22,0,112,CARDINAL,11,14
mdp.39015066046585,129,3,0,Stacey,PERSON,108,114
mdp.39015066046585,129,5,0,Stacey,PERSON,0,6
mdp.39015066046585,129,6,0,Stacey,PERSON,0,6
mdp.39015066046585,129,9,0,the evening,TIME,3,14
mdp.39015066046585,129,10,0,only seventeen,DATE,69,83
mdp.39015066046585,129,10,1,just a year older,DATE,85,102
mdp.39015066046585,129,10,2,Stacey,PERSON,112,118
mdp.39015066046585,129,12,0,Stacey,PERSON,52,58
mdp.39015066046585,129,13,0,Stacey,PERSON,0,6
mdp.39015066046585,129,15,0,Stacey,PERSON,54,60
mdp.39015066046585,129,16,0,Blake,PERSON,82,87
mdp.39015066046585,129,17,0,One night,TIME,0,9
mdp.39015066046585,129,17,1,Blake,PERSON,94,99
mdp.39015066046585,129,18,0,twenty-seven,DATE,15,27
mdp.39015066046585,129,18,1,113,CARDINAL,44,47
mdp.39015066046585,130,2,0,every night,TIME,92,103
mdp.39015066046585,130,3,0,Blake,PERSON,50,55
mdp.39015066046585,130,9,0,Blake,PERSON,5,10
mdp.39015066046585,131,3,0,the Twenty-third Psalm,WORK_OF_ART,69,91
mdp.39015066046585,131,8,0,Janey,PERSON,46,51
mdp.39015066046585,131,9,0,Janey,PERSON,23,28
mdp.39015066046585,131,9,1,half,CARDINAL,100,104
mdp.39015066046585,131,12,0,West Indian,NORP,50,61
mdp.39015066046585,131,12,1,Brooklyn,GPE,151,159
mdp.39015066046585,131,13,0,Janey,PERSON,0,5
mdp.39015066046585,131,13,1,Esmerelda,PERSON,57,66
mdp.39015066046585,131,14,0,Janey,PERSON,0,5
mdp.39015066046585,131,15,0,115,CARDINAL,0,3
mdp.39015066046585,132,15,0,Brooklyn,GPE,105,113
mdp.39015066046585,133,2,0,That year,DATE,0,9
mdp.39015066046585,133,2,1,sixteen,DATE,20,27
mdp.39015066046585,133,5,0,only five,DATE,20,29
mdp.39015066046585,133,9,0,every day,DATE,72,81
mdp.39015066046585,133,10,0,The morning,TIME,0,11
mdp.39015066046585,133,10,1,Stacey,PERSON,45,51
mdp.39015066046585,133,11,0,Stacey,PERSON,35,41
mdp.39015066046585,133,12,0,Don,PERSON,0,3
mdp.39015066046585,133,12,1,nineteen,DATE,8,16
mdp.39015066046585,133,12,2,Sri Lankan,NORP,21,31
mdp.39015066046585,133,16,0,Don,PERSON,19,22
mdp.39015066046585,133,18,0,Vicki,PERSON,1,6
mdp.39015066046585,133,19,0,Vicki,PERSON,42,47
mdp.39015066046585,133,21,0,British,NORP,39,46
mdp.39015066046585,133,22,0,117,CARDINAL,0,3
mdp.39015066046585,134,2,0,Stacey,PERSON,1,7
mdp.39015066046585,134,8,0,Don,PERSON,27,30
mdp.39015066046585,134,11,0,two-thirty,TIME,24,34
mdp.39015066046585,134,12,0,three,TIME,43,48
mdp.39015066046585,134,13,0,Stacey,PERSON,10,16
mdp.39015066046585,134,14,0,Don,PERSON,17,20
mdp.39015066046585,134,15,0,sixteen,DATE,65,72
mdp.39015066046585,134,16,0,Don,PERSON,6,9
mdp.39015066046585,134,17,0,MG,PRODUCT,37,39
mdp.39015066046585,134,20,0,half an hour,TIME,53,65
mdp.39015066046585,134,25,0,118,CARDINAL,49,52
mdp.39015066046585,135,1,0,Don,PERSON,0,3
mdp.39015066046585,135,1,1,London,GPE,37,43
mdp.39015066046585,135,3,0,Sri Lanka,GPE,0,9
mdp.39015066046585,135,3,1,Africa,LOC,13,19
mdp.39015066046585,135,9,0,A few minutes later,TIME,0,19
mdp.39015066046585,135,9,1,Don,PERSON,79,82
mdp.39015066046585,135,17,0,eight o'clock,TIME,7,20
mdp.39015066046585,135,18,0,Vicki,PERSON,1,6
mdp.39015066046585,135,20,0,Vicki,PERSON,1,6
mdp.39015066046585,135,25,0,119,CARDINAL,15,18
mdp.39015066046585,136,6,0,today,DATE,41,46
mdp.39015066046585,136,8,0,Don,PERSON,10,13
mdp.39015066046585,136,9,0,Don,PERSON,0,3
mdp.39015066046585,136,15,0,years,DATE,28,33
mdp.39015066046585,136,16,0,years,DATE,4,9
mdp.39015066046585,136,22,0,120,CARDINAL,60,63
mdp.39015066046585,137,10,0,a good two years,DATE,12,28
mdp.39015066046585,137,11,0,Don,PERSON,5,8
mdp.39015066046585,137,25,0,one,CARDINAL,21,24
mdp.39015066046585,138,1,0,Don,PERSON,17,20
mdp.39015066046585,138,3,0,nights,TIME,10,16
mdp.39015066046585,138,4,0,Stacey,PERSON,20,26
mdp.39015066046585,138,8,0,the night,TIME,32,41
mdp.39015066046585,138,9,0,that morning,TIME,12,24
mdp.39015066046585,138,13,0,Don,PERSON,19,22
mdp.39015066046585,138,14,0,lunchtime,TIME,19,28
mdp.39015066046585,138,16,0,one more year,DATE,32,45
mdp.39015066046585,138,17,0,A year,DATE,0,6
mdp.39015066046585,138,21,0,another year,DATE,58,70
mdp.39015066046585,138,24,0,122,CARDINAL,47,50
mdp.39015066046585,139,3,0,That afternoon,TIME,0,14
mdp.39015066046585,139,4,0,Happy Birthday,WORK_OF_ART,85,99
mdp.39015066046585,139,10,0,Yesterday,DATE,1,10
mdp.39015066046585,139,13,0,yesterday,DATE,46,55
mdp.39015066046585,139,18,0,weekly,DATE,16,22
mdp.39015066046585,139,18,1,daily,DATE,42,47
mdp.39015066046585,140,1,0,May,DATE,3,6
mdp.39015066046585,140,1,1,the next year,DATE,56,69
mdp.39015066046585,140,2,0,Sarah,PERSON,13,18
mdp.39015066046585,140,3,0,Sarah,PERSON,0,5
mdp.39015066046585,140,3,1,two,CARDINAL,52,55
mdp.39015066046585,140,4,0,Sarah,PERSON,0,5
mdp.39015066046585,140,9,0,four,TIME,40,44
mdp.39015066046585,140,9,1,six,TIME,120,123
mdp.39015066046585,140,9,2,twelve,TIME,156,162
mdp.39015066046585,140,10,0,midnight,TIME,29,37
mdp.39015066046585,140,11,0,every day,DATE,64,73
mdp.39015066046585,140,14,0,Georges Seurat,PERSON,30,44
mdp.39015066046585,140,15,0,124,CARDINAL,18,21
mdp.39015066046585,141,14,0,Chatmon,PERSON,33,40
mdp.39015066046585,141,16,0,A Better Chance,ORG,35,50
mdp.39015066046585,142,0,0,Howard,PERSON,70,76
mdp.39015066046585,142,0,1,Spelman,ORG,81,88
mdp.39015066046585,142,2,0,The University of Chicago,ORG,0,25
mdp.39015066046585,142,3,0,daily,DATE,32,37
mdp.39015066046585,142,4,0,one,CARDINAL,41,44
mdp.39015066046585,142,4,1,Simon's Rock College,ORG,74,94
mdp.39015066046585,142,7,0,Simon's Rock,ORG,0,12
mdp.39015066046585,142,7,1,tenth,ORDINAL,67,72
mdp.39015066046585,142,7,2,eleventh,ORDINAL,76,84
mdp.39015066046585,142,8,0,Chatmon,PERSON,29,36
mdp.39015066046585,142,9,0,Massachusetts,GPE,73,86
mdp.39015066046585,142,10,0,Chatmon,PERSON,49,56
mdp.39015066046585,142,19,0,the past year and a half,DATE,96,120
mdp.39015066046585,143,0,0,two cents,MONEY,38,47
mdp.39015066046585,143,4,0,Don,PERSON,0,3
mdp.39015066046585,143,10,0,Stacey,PERSON,45,51
mdp.39015066046585,143,13,0,Cinderella,PERSON,55,65
mdp.39015066046585,143,13,1,first,ORDINAL,102,107
mdp.39015066046585,143,15,0,one,CARDINAL,9,12
mdp.39015066046585,143,18,0,Don,PERSON,33,36
mdp.39015066046585,143,18,1,Stacey,PERSON,38,44
mdp.39015066046585,143,20,0,127,CARDINAL,54,57
mdp.39015066046585,144,2,0,every day,DATE,21,30
mdp.39015066046585,144,2,1,Hallmark,WORK_OF_ART,141,149
mdp.39015066046585,144,6,0,Stacey,PERSON,35,41
mdp.39015066046585,144,7,0,Stacey,PERSON,0,6
mdp.39015066046585,144,10,0,Stacey,PERSON,19,25
mdp.39015066046585,144,11,0,tonight,TIME,55,62
mdp.39015066046585,144,13,0,Don,PERSON,0,3
mdp.39015066046585,144,13,1,Stacey,PERSON,60,66
mdp.39015066046585,144,16,0,the whole night,TIME,10,25
mdp.39015066046585,144,17,0,A few weeks later,DATE,0,17
mdp.39015066046585,144,17,1,Simon's Rock,ORG,44,56
mdp.39015066046585,144,22,0,128,CARDINAL,23,26
mdp.39015066046585,145,1,0,the next week,DATE,61,74
mdp.39015066046585,145,2,0,two,CARDINAL,16,19
mdp.39015066046585,145,2,1,One,CARDINAL,28,31
mdp.39015066046585,145,2,2,two,CARDINAL,138,141
mdp.39015066046585,145,2,3,months,DATE,206,212
mdp.39015066046585,145,5,0,The following Monday,DATE,0,20
mdp.39015066046585,145,5,1,Simon's Rock,FAC,50,62
mdp.39015066046585,145,7,0,five-hour,TIME,4,13
mdp.39015066046585,145,8,0,Simon's Rock,FAC,23,35
mdp.39015066046585,145,9,0,African,NORP,25,32
mdp.39015066046585,145,9,1,Valerie,PERSON,44,51
mdp.39015066046585,145,11,0,Simon's Rock,FAC,78,90
mdp.39015066046585,145,14,0,two or three,CARDINAL,11,23
mdp.39015066046585,145,16,0,Chambers,PERSON,43,51
mdp.39015066046585,146,3,0,hundreds,CARDINAL,54,62
mdp.39015066046585,146,6,0,senior year,DATE,67,78
mdp.39015066046585,146,6,1,English,LANGUAGE,90,97
mdp.39015066046585,146,10,0,this year,DATE,20,29
mdp.39015066046585,146,14,0,A week later,DATE,0,12
mdp.39015066046585,146,15,0,The first week of June,DATE,0,22
mdp.39015066046585,146,16,0,Choate Rosemary Hall,ORG,12,32
mdp.39015066046585,146,17,0,A Better Chance,ORG,18,33
mdp.39015066046585,146,17,1,Choate,ORG,159,165
mdp.39015066046585,146,18,0,Three years before,DATE,0,18
mdp.39015066046585,146,18,1,L.A.,GPE,22,26
mdp.39015066046585,146,18,2,weeks,DATE,38,43
mdp.39015066046585,146,18,3,130,CARDINAL,59,62
mdp.39015066046585,147,0,0,Choate,ORG,27,33
mdp.39015066046585,147,2,0,Stacey,PERSON,0,6
mdp.39015066046585,147,2,1,Rutgers University,ORG,20,38
mdp.39015066046585,147,2,2,the fall,DATE,42,50
mdp.39015066046585,147,4,0,senior year,DATE,60,71
mdp.39015066046585,147,6,0,a few weeks,DATE,58,69
mdp.39015066046585,147,8,0,A few days,DATE,0,10
mdp.39015066046585,147,8,1,the school year,DATE,17,32
mdp.39015066046585,147,9,0,Saturday,DATE,9,17
mdp.39015066046585,147,9,1,afternoon,TIME,18,27
mdp.39015066046585,147,9,2,four P.M.,TIME,66,75
mdp.39015066046585,147,13,0,Sunday,DATE,17,23
mdp.39015066046585,147,13,1,Vicki,PERSON,31,36
mdp.39015066046585,147,22,0,131,CARDINAL,2,5
mdp.39015066046585,148,3,0,Simon's Rock,ORG,27,39
mdp.39015066046585,148,5,0,two inches,QUANTITY,8,18
mdp.39015066046585,148,15,0,Kara,PERSON,26,30
mdp.39015066046585,148,17,0,last Sunday's,DATE,25,38
mdp.39015066046585,148,17,1,Saturday,DATE,48,56
mdp.39015066046585,150,12,0,half,CARDINAL,22,26
mdp.39015066046585,150,15,0,Stacey,PERSON,63,69
mdp.39015066046585,150,16,0,134,CARDINAL,0,3
mdp.39015066046585,151,6,0,Stacey,PERSON,9,15
mdp.39015066046585,151,11,0,Stacey,PERSON,38,44
mdp.39015066046585,151,13,0,Stacey,PERSON,0,6
mdp.39015066046585,151,14,0,Stacey,PERSON,37,43
mdp.39015066046585,151,15,0,Diana,PERSON,49,54
mdp.39015066046585,151,15,1,Simon's Rock,FAC,74,86
mdp.39015066046585,151,25,0,one,CARDINAL,22,25
mdp.39015066046585,151,26,0,135,CARDINAL,15,18
mdp.39015066046585,152,0,0,a few days,DATE,80,90
mdp.39015066046585,152,3,0,first,ORDINAL,81,86
mdp.39015066046585,152,5,0,two weeks later,DATE,44,59
mdp.39015066046585,152,7,0,two months,DATE,25,35
mdp.39015066046585,152,22,0,136,CARDINAL,0,3
mdp.39015066046585,153,6,0,the summer,DATE,11,21
mdp.39015066046585,153,6,1,the occasional weekend,DATE,45,67
mdp.39015066046585,153,6,2,the week,DATE,97,105
mdp.39015066046585,153,7,0,my days,DATE,16,23
mdp.39015066046585,153,7,1,Guille,PERSON,39,45
mdp.39015066046585,154,2,0,August,DATE,12,18
mdp.39015066046585,154,2,1,5:30 A.M.,TIME,44,53
mdp.39015066046585,154,2,2,Rockefeller Center,FAC,93,111
mdp.39015066046585,154,7,0,Diana,PERSON,19,24
mdp.39015066046585,154,7,1,Veronica,PERSON,37,45
mdp.39015066046585,154,9,0,Diana,PERSON,16,21
mdp.39015066046585,154,11,0,the night,TIME,43,52
mdp.39015066046585,154,18,0,138,CARDINAL,0,3
mdp.39015066046585,155,6,0,The day,DATE,0,7
mdp.39015066046585,155,8,0,today,DATE,25,30
mdp.39015066046585,155,11,0,Port Authority,FAC,30,44
mdp.39015066046585,155,17,0,an hour,TIME,21,28
mdp.39015066046585,155,17,1,Guille,PERSON,58,64
mdp.39015066046585,155,18,0,Exactly an hour later,TIME,0,21
mdp.39015066046585,155,20,0,139,CARDINAL,8,11
mdp.39015066046585,156,10,0,West Indian,NORP,16,27
mdp.39015066046585,156,11,0,one,CARDINAL,6,9
mdp.39015066046585,156,13,0,di white man's,PERSON,13,27
mdp.39015066046585,156,18,0,Port Authority,FAC,26,40
mdp.39015066046585,157,2,0,Massachusetts,GPE,61,74
mdp.39015066046585,157,3,0,Route 7,FAC,13,20
mdp.39015066046585,157,3,1,Connecticut,GPE,29,40
mdp.39015066046585,157,5,0,Simon's Rock,FAC,35,47
mdp.39015066046585,157,5,1,the Taconic Parkway,FAC,57,76
mdp.39015066046585,157,6,0,the late summer,DATE,54,69
mdp.39015066046585,157,7,0,Berkshires,LOC,17,27
mdp.39015066046585,157,16,0,every day,DATE,41,50
mdp.39015066046585,157,18,0,more than one,CARDINAL,16,29
mdp.39015066046585,157,21,0,Simon's Rock,ORG,17,29
mdp.39015066046585,157,21,1,1 41,CARDINAL,104,108
mdp.39015066046585,158,3,0,two,CARDINAL,36,39
mdp.39015066046585,158,8,0,Simon's Rock,FAC,66,78
mdp.39015066046585,158,10,0,second,ORDINAL,8,14
mdp.39015066046585,158,12,0,Simon's Rock,FAC,78,90
mdp.39015066046585,158,13,0,Simon's Rock,FAC,18,30
mdp.39015066046585,158,13,1,1 42,CARDINAL,49,53
mdp.39015066046585,159,0,0,Brooklyn,GPE,78,86
mdp.39015066046585,159,1,0,every day,DATE,98,107
mdp.39015066046585,159,3,0,my first year,DATE,18,31
mdp.39015066046585,159,4,0,Black History Day,DATE,35,52
mdp.39015066046585,159,4,1,Black History Month,EVENT,63,82
mdp.39015066046585,159,4,2,Booker T. Washington,PERSON,104,124
mdp.39015066046585,159,4,3,W. E. B. Du Bois,PERSON,126,142
mdp.39015066046585,159,4,4,Mary McLeod Bethuneall,PERSON,144,166
mdp.39015066046585,159,5,0,Simon's Rock,FAC,7,19
mdp.39015066046585,159,12,0,Valerie,PERSON,15,22
mdp.39015066046585,160,0,0,one,CARDINAL,88,91
mdp.39015066046585,160,0,1,twelve,CARDINAL,95,101
mdp.39015066046585,160,0,2,three hundred,CARDINAL,132,145
mdp.39015066046585,160,1,0,Angie,PERSON,38,43
mdp.39015066046585,160,1,1,Karen,PERSON,45,50
mdp.39015066046585,160,1,2,Valerie,PERSON,52,59
mdp.39015066046585,160,1,3,my double-dutch,DATE,122,137
mdp.39015066046585,160,3,0,sophomores,DATE,10,20
mdp.39015066046585,160,5,0,Angie,PERSON,0,5
mdp.39015066046585,160,5,1,Karen,PERSON,7,12
mdp.39015066046585,160,5,2,Valerie,PERSON,18,25
mdp.39015066046585,160,8,0,Soul Train,WORK_OF_ART,45,55
mdp.39015066046585,160,9,0,New York,GPE,33,41
mdp.39015066046585,160,9,1,Atlanta,GPE,45,52
mdp.39015066046585,160,9,2,Chicago,GPE,56,63
mdp.39015066046585,160,9,3,Los Angeles,GPE,67,78
mdp.39015066046585,160,12,0,Veronica,PERSON,0,8
mdp.39015066046585,160,14,0,Simon's Rock,ORG,0,12
mdp.39015066046585,160,15,0,First,ORDINAL,0,5
mdp.39015066046585,160,15,1,the 144,DATE,24,31
mdp.39015066046585,161,1,0,evening,TIME,21,28
mdp.39015066046585,161,1,1,Run-DMC,ORG,105,112
mdp.39015066046585,161,1,2,Aerosmith,PERSON,122,131
mdp.39015066046585,161,1,3,Walk This Way,WORK_OF_ART,135,148
mdp.39015066046585,161,4,0,Hammer,PERSON,98,104
mdp.39015066046585,161,4,1,Can't Touch This,WORK_OF_ART,108,124
mdp.39015066046585,161,5,0,Madonna,PERSON,42,49
mdp.39015066046585,161,8,0,Bob Marley's,PERSON,62,74
mdp.39015066046585,161,8,1,"No Woman, No Cry",WORK_OF_ART,76,92
mdp.39015066046585,161,9,0,Angie,PERSON,21,26
mdp.39015066046585,161,9,1,Karen,PERSON,28,33
mdp.39015066046585,161,9,2,Valerie,PERSON,39,46
mdp.39015066046585,161,10,0,Chile,GPE,32,37
mdp.39015066046585,161,10,1,Honey,PERSON,52,57
mdp.39015066046585,161,11,0,Beverly Road,FAC,63,75
mdp.39015066046585,161,12,0,L.A.,GPE,28,32
mdp.39015066046585,161,12,1,Brooklyn,GPE,37,45
mdp.39015066046585,161,14,0,Angie,PERSON,20,25
mdp.39015066046585,161,14,1,Karen,PERSON,27,32
mdp.39015066046585,161,14,2,Valerie,PERSON,38,45
mdp.39015066046585,161,15,0,145,CARDINAL,24,27
mdp.39015066046585,162,0,0,Simon's Rock,FAC,38,50
mdp.39015066046585,162,4,0,weeks,DATE,73,78
mdp.39015066046585,162,5,0,that first semester,DATE,48,67
mdp.39015066046585,162,6,0,the second month,DATE,6,22
mdp.39015066046585,162,10,0,the Community Council,ORG,39,60
mdp.39015066046585,162,12,0,a few days,DATE,6,16
mdp.39015066046585,163,0,0,the People of Color Coalition,ORG,34,63
mdp.39015066046585,163,2,0,every day,DATE,23,32
mdp.39015066046585,163,2,1,first,ORDINAL,43,48
mdp.39015066046585,163,7,0,Brooklyn College,ORG,16,32
mdp.39015066046585,163,12,0,The first few weeks,DATE,0,19
mdp.39015066046585,163,17,0,Two weeks later,DATE,0,15
mdp.39015066046585,163,20,0,Diane,PERSON,0,5
mdp.39015066046585,163,20,1,147,CARDINAL,48,51
mdp.39015066046585,164,1,0,ten-dollar,MONEY,124,134
mdp.39015066046585,164,2,0,every payday,DATE,34,46
mdp.39015066046585,164,5,0,148,CARDINAL,0,3
mdp.39015066046585,165,0,0,eight le soon,TIME,0,13
mdp.39015066046585,165,0,1,ten,DATE,19,22
mdp.39015066046585,165,0,2,seven,DATE,41,46
mdp.39015066046585,165,2,0,three P.M.,TIME,5,15
mdp.39015066046585,165,2,1,five P.M.,TIME,19,28
mdp.39015066046585,165,2,2,P.S. 152,FAC,81,89
mdp.39015066046585,165,4,0,five,TIME,8,12
mdp.39015066046585,165,5,0,our day,DATE,80,87
mdp.39015066046585,165,6,0,East Flatbush,GPE,3,16
mdp.39015066046585,165,6,1,six P.M.,TIME,60,68
mdp.39015066046585,165,7,0,nine-to-five parents,TIME,13,33
mdp.39015066046585,165,7,1,exactly an hour,TIME,34,49
mdp.39015066046585,165,8,0,Between five and,TIME,0,16
mdp.39015066046585,165,9,0,six,TIME,3,6
mdp.39015066046585,166,2,0,seven,CARDINAL,63,68
mdp.39015066046585,166,4,0,The Facts of Life,WORK_OF_ART,71,88
mdp.39015066046585,166,6,0,seven,DATE,3,8
mdp.39015066046585,166,9,0,third,ORDINAL,7,12
mdp.39015066046585,166,9,1,Asian,NORP,42,47
mdp.39015066046585,166,10,0,Midwood High School,ORG,30,49
mdp.39015066046585,166,10,1,Brooklyn College,ORG,117,133
mdp.39015066046585,166,13,0,four,CARDINAL,16,20
mdp.39015066046585,166,15,0,One,CARDINAL,0,3
mdp.39015066046585,167,0,0,only one,CARDINAL,35,43
mdp.39015066046585,167,1,0,Maxine,PERSON,10,16
mdp.39015066046585,167,1,1,Rocky,PERSON,59,64
mdp.39015066046585,167,2,0,Rocky,PERSON,0,5
mdp.39015066046585,167,3,0,late at night,TIME,35,48
mdp.39015066046585,167,3,1,early in the morning,TIME,58,78
mdp.39015066046585,167,4,0,Saturdays,DATE,23,32
mdp.39015066046585,167,4,1,Sunday,DATE,61,67
mdp.39015066046585,167,5,0,Rocky,PERSON,36,41
mdp.39015066046585,167,5,1,Maxine,PERSON,98,104
mdp.39015066046585,167,5,2,Clarice,PERSON,115,122
mdp.39015066046585,167,6,0,Clarice,PERSON,35,42
mdp.39015066046585,167,6,1,Rocky,PERSON,68,73
mdp.39015066046585,167,6,2,Clarice,PERSON,90,97
mdp.39015066046585,167,8,0,Maxine,PERSON,5,11
mdp.39015066046585,167,8,1,lan,PERSON,28,31
mdp.39015066046585,167,8,2,Rocky,PERSON,51,56
mdp.39015066046585,167,9,0,Rocky,PERSON,0,5
mdp.39015066046585,167,10,0,Ian,PERSON,10,13
mdp.39015066046585,167,11,0,Clarice,PERSON,0,7
mdp.39015066046585,167,11,1,West Indian,NORP,24,35
mdp.39015066046585,167,11,2,her late thirties,DATE,45,62
mdp.39015066046585,167,12,0,Rocky,PERSON,0,5
mdp.39015066046585,167,12,1,his fifties,DATE,20,31
mdp.39015066046585,167,15,0,Barbie,PERSON,36,42
mdp.39015066046585,167,16,0,151,CARDINAL,47,50
mdp.39015066046585,168,2,0,Mattel,ORG,79,85
mdp.39015066046585,168,3,0,Barbie,PERSON,22,28
mdp.39015066046585,168,3,1,Ken,PERSON,42,45
mdp.39015066046585,168,4,0,Barbie,PERSON,10,16
mdp.39015066046585,168,4,1,Linda Brown,PERSON,63,74
mdp.39015066046585,168,4,2,1954,DATE,78,82
mdp.39015066046585,168,5,0,Ken,PERSON,24,27
mdp.39015066046585,168,6,0,Richard Roundtree,PERSON,44,61
mdp.39015066046585,168,6,1,Shaft,WORK_OF_ART,65,70
mdp.39015066046585,168,7,0,Barbie,PERSON,61,67
mdp.39015066046585,168,7,1,Sidney Poitier,PERSON,69,83
mdp.39015066046585,168,8,0,Ken,PERSON,69,72
mdp.39015066046585,168,9,0,Barbie,PERSON,22,28
mdp.39015066046585,168,9,1,our day,DATE,58,65
mdp.39015066046585,168,9,2,Diahann Carroll,PERSON,66,81
mdp.39015066046585,168,9,3,Diana Ross,PERSON,83,93
mdp.39015066046585,168,9,4,Lena Horne,PERSON,95,105
mdp.39015066046585,168,9,5,Ken,PERSON,167,170
mdp.39015066046585,168,12,0,Ken,PRODUCT,74,77
mdp.39015066046585,168,13,0,Barbies,PRODUCT,36,43
mdp.39015066046585,169,0,0,SGIRL,PERSON,12,17
mdp.39015066046585,169,2,0,Simon's Rock,FAC,3,15
mdp.39015066046585,169,2,1,five,CARDINAL,28,32
mdp.39015066046585,169,2,2,seven,CARDINAL,47,52
mdp.39015066046585,169,3,0,Saturday,DATE,18,26
mdp.39015066046585,169,3,1,afternoons,TIME,27,37
mdp.39015066046585,169,3,2,Vernon Reid,PERSON,97,108
mdp.39015066046585,169,3,3,Living Colour,ORG,112,125
mdp.39015066046585,169,3,4,Terence Trent D'Arby,PERSON,127,147
mdp.39015066046585,169,3,5,Michael Jordan,PERSON,149,163
mdp.39015066046585,169,5,0,Friday,DATE,16,22
mdp.39015066046585,169,5,1,Valerie,PERSON,59,66
mdp.39015066046585,169,5,2,Karen,PERSON,68,73
mdp.39015066046585,169,5,3,Angie,PERSON,79,84
mdp.39015066046585,169,6,0,Sade,PERSON,39,43
mdp.39015066046585,169,7,0,Sweetest Taboo,WORK_OF_ART,16,30
mdp.39015066046585,169,11,0,those nights,TIME,19,31
mdp.39015066046585,169,12,0,Simon's Rock,FAC,13,25
mdp.39015066046585,169,12,1,sophomore year,DATE,100,114
mdp.39015066046585,169,13,0,four years,DATE,24,34
mdp.39015066046585,169,14,0,that first summer,DATE,15,32
mdp.39015066046585,169,14,1,"Goldman, Sachs",ORG,36,50
mdp.39015066046585,170,0,0,many years,DATE,82,92
mdp.39015066046585,170,1,0,summer,DATE,33,39
mdp.39015066046585,170,2,0,the year,DATE,41,49
mdp.39015066046585,170,2,1,New Jersey,GPE,126,136
mdp.39015066046585,170,2,2,the summer,DATE,144,154
mdp.39015066046585,170,3,0,Diana,PERSON,43,48
mdp.39015066046585,170,3,1,Brooklyn,GPE,52,60
mdp.39015066046585,170,4,0,second,ORDINAL,20,26
mdp.39015066046585,170,4,1,Brooklyn,GPE,55,63
mdp.39015066046585,170,4,2,Jersey,GPE,79,85
mdp.39015066046585,170,4,3,night,TIME,133,138
mdp.39015066046585,170,5,0,"Goldman, Sachs",ORG,11,25
mdp.39015066046585,170,6,0,that summer,DATE,18,29
mdp.39015066046585,170,9,0,every day,DATE,36,45
mdp.39015066046585,171,1,0,just one year,DATE,43,56
mdp.39015066046585,171,1,1,every day,DATE,133,142
mdp.39015066046585,171,2,0,that summer,DATE,15,26
mdp.39015066046585,171,2,1,Brian,PERSON,31,36
mdp.39015066046585,171,2,2,Simon's Rock,ORG,40,52
mdp.39015066046585,171,3,0,Guille,PERSON,34,40
mdp.39015066046585,171,3,1,Brian,PERSON,61,66
mdp.39015066046585,171,8,0,Brian,PERSON,0,5
mdp.39015066046585,171,12,0,Brooklyn,GPE,80,88
mdp.39015066046585,171,12,1,Long Island,GPE,92,103
mdp.39015066046585,171,13,0,fourteen,DATE,7,15
mdp.39015066046585,171,13,1,that summer,DATE,16,27
mdp.39015066046585,171,16,0,155,CARDINAL,29,32
mdp.39015066046585,172,2,0,seventeen,DATE,6,15
mdp.39015066046585,172,3,0,the end of the summer,DATE,7,28
mdp.39015066046585,172,3,1,one,CARDINAL,29,32
mdp.39015066046585,172,4,0,Ray,PERSON,0,3
mdp.39015066046585,172,6,0,Goldman,ORG,79,86
mdp.39015066046585,172,7,0,the summer,DATE,25,35
mdp.39015066046585,172,9,0,Brooklyn,GPE,15,23
mdp.39015066046585,172,10,0,Ray,PERSON,62,65
mdp.39015066046585,172,13,0,Labor Day,DATE,57,66
mdp.39015066046585,172,16,0,Ray,PERSON,4,7
mdp.39015066046585,172,18,0,156,CARDINAL,112,115
mdp.39015066046585,173,0,0,Ray,PERSON,59,62
mdp.39015066046585,173,1,0,Brooklyn,GPE,52,60
mdp.39015066046585,173,3,0,years,DATE,12,17
mdp.39015066046585,173,3,1,my freshman year,DATE,67,83
mdp.39015066046585,173,3,2,Ray,PERSON,228,231
mdp.39015066046585,173,4,0,my sophomore year,DATE,22,39
mdp.39015066046585,173,5,0,twenty,CARDINAL,13,19
mdp.39015066046585,173,7,0,That semester,DATE,0,13
mdp.39015066046585,173,7,1,Samantha,PERSON,38,46
mdp.39015066046585,173,7,2,Spanish,LANGUAGE,50,57
mdp.39015066046585,173,8,0,Samantha,PERSON,7,15
mdp.39015066046585,173,8,1,Brian,PERSON,51,56
mdp.39015066046585,173,9,0,Samanatha,PERSON,0,9
mdp.39015066046585,173,9,1,YM,ORG,82,84
mdp.39015066046585,173,9,2,Seventeen,ORG,89,98
mdp.39015066046585,173,10,0,Samantha,PERSON,0,8
mdp.39015066046585,173,10,1,the summer,DATE,19,29
mdp.39015066046585,173,10,2,YM,ORG,41,43
mdp.39015066046585,173,10,3,"Goldman, Sachs",ORG,109,123
mdp.39015066046585,173,11,0,Simon's Rock,ORG,17,29
mdp.39015066046585,173,12,0,Sam,PERSON,0,3
mdp.39015066046585,173,13,0,157,CARDINAL,11,14
mdp.39015066046585,174,1,0,Brooklyn,GPE,3,11
mdp.39015066046585,174,1,1,October,DATE,18,25
mdp.39015066046585,174,1,2,New York,GPE,58,66
mdp.39015066046585,174,3,0,Sassy,ORG,39,44
mdp.39015066046585,174,7,0,four-week,DATE,92,101
mdp.39015066046585,174,7,1,January,DATE,102,109
mdp.39015066046585,174,8,0,A few weeks later,DATE,0,17
mdp.39015066046585,174,8,1,Thanksgiving,DATE,75,87
mdp.39015066046585,174,8,2,New York,GPE,112,120
mdp.39015066046585,174,11,0,Twenty years,DATE,0,12
mdp.39015066046585,174,17,0,158,CARDINAL,0,3
mdp.39015066046585,175,1,0,every five seconds,TIME,22,40
mdp.39015066046585,175,5,0,A few days,DATE,0,10
mdp.39015066046585,175,8,0,every day,DATE,27,36
mdp.39015066046585,175,8,1,"Goldman, Sachs",ORG,40,54
mdp.39015066046585,175,8,2,Sassy,ORG,96,101
mdp.39015066046585,175,11,0,four,CARDINAL,12,16
mdp.39015066046585,175,14,0,Christmas,DATE,71,80
mdp.39015066046585,175,15,0,first,ORDINAL,15,20
mdp.39015066046585,175,15,1,Christmas,DATE,21,30
mdp.39015066046585,175,15,2,four years,DATE,42,52
mdp.39015066046585,175,16,0,Sassy,ORG,25,30
mdp.39015066046585,175,18,0,Keanu Reeves,PERSON,75,87
mdp.39015066046585,175,19,0,Seventeen,ORG,47,56
mdp.39015066046585,175,19,1,the spring,DATE,61,71
mdp.39015066046585,175,20,0,the entire semester,DATE,8,27
mdp.39015066046585,175,20,1,New 159,GPE,31,38
mdp.39015066046585,176,2,0,That summer,DATE,0,11
mdp.39015066046585,176,2,1,Essence,ORG,36,43
mdp.39015066046585,176,3,0,Diana,PERSON,31,36
mdp.39015066046585,176,3,1,every day,DATE,63,72
mdp.39015066046585,176,4,0,One evening,TIME,0,11
mdp.39015066046585,176,6,0,The next evening,TIME,0,16
mdp.39015066046585,176,12,0,three days,DATE,108,118
mdp.39015066046585,176,16,0,One,CARDINAL,0,3
mdp.39015066046585,176,16,1,four-month,DATE,28,38
mdp.39015066046585,176,18,0,first,ORDINAL,69,74
mdp.39015066046585,176,18,1,160,CARDINAL,105,108
mdp.39015066046585,177,2,0,thirty-eight,DATE,19,31
mdp.39015066046585,177,2,1,fifty-eight,DATE,49,60
mdp.39015066046585,177,5,0,Poops,PERSON,5,10
mdp.39015066046585,177,17,0,161,CARDINAL,39,42
mdp.39015066046585,178,7,0,a week later,DATE,28,40
mdp.39015066046585,178,8,0,the end of the summer,DATE,3,24
mdp.39015066046585,178,13,0,The next summer,DATE,0,15
mdp.39015066046585,178,13,1,Life,ORG,32,36
mdp.39015066046585,178,14,0,Life,ORG,74,78
mdp.39015066046585,178,15,0,my junior year,DATE,16,30
mdp.39015066046585,178,15,1,Simon's Rock,ORG,34,46
mdp.39015066046585,178,15,2,only one year,DATE,85,98
mdp.39015066046585,178,16,0,Glamour,ORG,56,63
mdp.39015066046585,178,16,1,one,CARDINAL,101,104
mdp.39015066046585,179,0,0,Ten,CARDINAL,35,38
mdp.39015066046585,179,0,1,1990,DATE,56,60
mdp.39015066046585,179,3,0,Glamour,ORG,0,7
mdp.39015066046585,179,3,1,Life,ORG,55,59
mdp.39015066046585,179,3,2,her first week,DATE,155,169
mdp.39015066046585,179,4,0,a weekend,DATE,10,19
mdp.39015066046585,179,4,1,August,DATE,33,39
mdp.39015066046585,179,5,0,Armani,NORP,100,106
mdp.39015066046585,179,10,0,years,DATE,6,11
mdp.39015066046585,179,12,0,163,CARDINAL,0,3
mdp.39015066046585,180,4,0,night,TIME,15,20
mdp.39015066046585,180,5,0,The Odd Couple,WORK_OF_ART,20,34
mdp.39015066046585,180,5,1,The Honeymooners,WORK_OF_ART,39,55
mdp.39015066046585,180,6,0,two in the morning,TIME,23,41
mdp.39015066046585,180,8,0,the last three years,DATE,90,110
mdp.39015066046585,180,11,0,Walkman,PRODUCT,39,46
mdp.39015066046585,180,12,0,Sade,WORK_OF_ART,49,53
mdp.39015066046585,180,12,1,Anita Baker,PERSON,55,66
mdp.39015066046585,180,12,2,Billie Holiday,PERSON,68,82
mdp.39015066046585,180,13,0,Vicki,PERSON,1,6
mdp.39015066046585,180,15,0,four o'clock in the morning,TIME,5,32
mdp.39015066046585,180,21,0,164,CARDINAL,21,24
mdp.39015066046585,181,4,0,mid-week,DATE,7,15
mdp.39015066046585,181,13,0,earlier that year,DATE,42,59
mdp.39015066046585,181,15,0,so many years,DATE,42,55
mdp.39015066046585,181,17,0,five years,DATE,12,22
mdp.39015066046585,181,24,0,165,CARDINAL,34,37
mdp.39015066046585,182,3,0,Hanes,PRODUCT,86,91
mdp.39015066046585,183,10,0,seven,DATE,75,80
mdp.39015066046585,183,10,1,ten,DATE,120,123
mdp.39015066046585,183,10,2,fourteen,DATE,193,201
mdp.39015066046585,183,25,0,167,CARDINAL,52,55
mdp.39015066046585,184,6,0,more than ten years old,DATE,97,120
mdp.39015066046585,184,13,0,hours,TIME,24,29
mdp.39015066046585,184,22,0,that night,TIME,20,30
mdp.39015066046585,184,23,0,168,CARDINAL,58,61
mdp.39015066046585,185,4,0,Beloved,WORK_OF_ART,38,45
mdp.39015066046585,185,10,0,retu Own,PERSON,0,8
mdp.39015066046585,187,0,0,two weeks,DATE,9,18
mdp.39015066046585,187,0,1,Malcolm,PERSON,31,38
mdp.39015066046585,187,0,2,twenty-one,DATE,47,57
mdp.39015066046585,187,2,0,The New York Times,ORG,30,48
mdp.39015066046585,187,4,0,twelve-year-old,DATE,8,23
mdp.39015066046585,187,4,1,half,CARDINAL,24,28
mdp.39015066046585,187,6,0,almost five,DATE,24,35
mdp.39015066046585,187,8,0,three years earlier,DATE,32,51
mdp.39015066046585,188,0,0,Philadelphia,GPE,48,60
mdp.39015066046585,188,1,0,The week,DATE,0,8
mdp.39015066046585,188,3,0,first,ORDINAL,16,21
mdp.39015066046585,188,4,0,millionth,ORDINAL,15,24
mdp.39015066046585,188,4,1,Malcolm,PERSON,56,63
mdp.39015066046585,188,5,0,evening,TIME,8,15
mdp.39015066046585,188,11,0,Alexandre Dumas,PERSON,30,45
mdp.39015066046585,188,11,1,the Three Musketeers,WORK_OF_ART,64,84
mdp.39015066046585,188,12,0,Dumas,PERSON,42,47
mdp.39015066046585,188,12,1,one,CARDINAL,66,69
mdp.39015066046585,188,12,2,one,CARDINAL,74,77
mdp.39015066046585,188,14,0,Peter,PERSON,52,57
mdp.39015066046585,188,14,1,Paul,PERSON,78,82
mdp.39015066046585,188,16,0,Just the week before,DATE,0,20
mdp.39015066046585,188,16,1,Malcolm,PERSON,36,43
mdp.39015066046585,188,17,0,172,CARDINAL,7,10
mdp.39015066046585,189,0,0,twenty-year-old,DATE,50,65
mdp.39015066046585,189,0,1,two,CARDINAL,77,80
mdp.39015066046585,189,9,0,five years,DATE,6,16
mdp.39015066046585,189,13,0,Miami Vice,WORK_OF_ART,77,87
mdp.39015066046585,189,14,0,Guille,PERSON,10,16
mdp.39015066046585,189,14,1,173,CARDINAL,51,54
mdp.39015066046585,190,2,0,Malcolm,PERSON,1,8
mdp.39015066046585,190,7,0,A year,DATE,0,6
mdp.39015066046585,190,7,1,The New York Times,ORG,23,41
mdp.39015066046585,190,7,2,Los Angeles,GPE,70,81
mdp.39015066046585,190,8,0,almost six months,DATE,35,52
mdp.39015066046585,190,10,0,Atlantic City,GPE,20,33
mdp.39015066046585,190,10,1,New York,GPE,38,46
mdp.39015066046585,190,13,0,early December,DATE,3,17
mdp.39015066046585,190,14,0,Atlantic City,GPE,9,22
mdp.39015066046585,190,16,0,winter,DATE,35,41
mdp.39015066046585,190,19,0,California,GPE,48,58
mdp.39015066046585,190,20,0,night,TIME,32,37
mdp.39015066046585,191,1,0,winters,DATE,142,149
mdp.39015066046585,191,2,0,first,ORDINAL,23,28
mdp.39015066046585,191,9,0,the winter,DATE,55,65
mdp.39015066046585,191,10,0,my junior year,DATE,25,39
mdp.39015066046585,191,10,1,first,ORDINAL,147,152
mdp.39015066046585,191,11,0,80°,QUANTITY,25,28
mdp.39015066046585,191,12,0,Midwest,LOC,38,45
mdp.39015066046585,191,12,1,Massachusetts,GPE,148,161
mdp.39015066046585,191,12,2,winter,DATE,162,168
mdp.39015066046585,191,13,0,Birkenstocks,PRODUCT,70,82
mdp.39015066046585,192,1,0,December,DATE,78,86
mdp.39015066046585,192,7,0,Christmas,DATE,43,52
mdp.39015066046585,192,7,1,Malcolm,PERSON,82,89
mdp.39015066046585,192,8,0,Miami,GPE,28,33
mdp.39015066046585,192,10,0,Christmas,DATE,75,84
mdp.39015066046585,192,11,0,half,CARDINAL,91,95
mdp.39015066046585,192,12,0,the next afternoon,TIME,64,82
mdp.39015066046585,192,16,0,Columbia Pictures,ORG,75,92
mdp.39015066046585,193,1,0,two or three weeks,DATE,6,24
mdp.39015066046585,193,1,1,Christmas,DATE,32,41
mdp.39015066046585,193,1,2,Christmas,DATE,59,68
mdp.39015066046585,193,1,3,Christmas Day,DATE,135,148
mdp.39015066046585,193,2,0,#1,CARDINAL,22,24
mdp.39015066046585,193,3,0,South Central,LOC,45,58
mdp.39015066046585,193,4,0,Snoop Doggy Dogg,PERSON,26,42
mdp.39015066046585,193,10,0,Christmas,DATE,45,54
mdp.39015066046585,193,12,0,Malcolm X. Chambers,PERSON,1,20
mdp.39015066046585,193,21,0,one,CARDINAL,53,56
mdp.39015066046585,193,21,1,that season,DATE,90,101
mdp.39015066046585,193,21,2,one,CARDINAL,103,106
mdp.39015066046585,193,21,3,one,CARDINAL,152,155
mdp.39015066046585,193,21,4,Christmas,DATE,206,215
mdp.39015066046585,193,22,0,177,CARDINAL,9,12
mdp.39015066046585,194,3,0,Christmas,DATE,8,17
mdp.39015066046585,194,3,1,Miami,GPE,21,26
mdp.39015066046585,194,6,0,New Year's,EVENT,0,10
mdp.39015066046585,194,7,0,early January,DATE,17,30
mdp.39015066046585,194,8,0,V,PERSON,12,13
mdp.39015066046585,194,9,0,Malcolm,PERSON,1,8
mdp.39015066046585,194,9,1,Valley Girl,LOC,57,68
mdp.39015066046585,194,27,0,almost a month,DATE,10,24
mdp.39015066046585,194,27,1,arn,PERSON,77,80
mdp.39015066046585,195,0,0,months,DATE,35,41
mdp.39015066046585,195,1,0,Malcolm,PERSON,1,8
mdp.39015066046585,195,2,0,Malcolm,PERSON,1,8
mdp.39015066046585,195,14,0,Christmas,DATE,122,131
mdp.39015066046585,195,23,0,all day,DATE,25,32
mdp.39015066046585,195,25,0,one,CARDINAL,5,8
mdp.39015066046585,195,25,1,only two,CARDINAL,12,20
mdp.39015066046585,195,26,0,179,CARDINAL,11,14
mdp.39015066046585,196,8,0,one,CARDINAL,8,11
mdp.39015066046585,196,11,0,the end of the week,DATE,20,39
mdp.39015066046585,196,12,0,A month later,DATE,0,13
mdp.39015066046585,196,12,1,the Fourth of July weekend,DATE,43,69
mdp.39015066046585,196,14,0,The day before,DATE,0,14
mdp.39015066046585,196,14,1,one,CARDINAL,79,82
mdp.39015066046585,196,21,0,180,CARDINAL,0,3
mdp.39015066046585,197,5,0,four,CARDINAL,4,8
mdp.39015066046585,197,5,1,two,CARDINAL,23,26
mdp.39015066046585,197,5,2,just a few feet,QUANTITY,39,54
mdp.39015066046585,197,8,0,one,CARDINAL,78,81
mdp.39015066046585,197,10,0,today,DATE,125,130
mdp.39015066046585,197,12,0,Malcolm,PERSON,25,32
mdp.39015066046585,197,14,0,Malcolm,PERSON,38,45
mdp.39015066046585,197,16,0,Malcolm,PERSON,55,62
mdp.39015066046585,197,17,0,181,CARDINAL,24,27
mdp.39015066046585,198,4,0,a few moments before,TIME,43,63
mdp.39015066046585,198,5,0,twenty-one,DATE,15,25
mdp.39015066046585,198,9,0,a million,CARDINAL,67,76
mdp.39015066046585,199,0,0,second,ORDINAL,92,98
mdp.39015066046585,199,2,0,"early spring,",DATE,7,20
mdp.39015066046585,199,2,1,March,DATE,21,26
mdp.39015066046585,199,2,2,late in the day,TIME,67,82
mdp.39015066046585,199,19,0,the day,DATE,12,19
mdp.39015066046585,199,20,0,weeks,DATE,70,75
mdp.39015066046585,199,22,0,merman,NORP,50,56
mdp.39015066046585,199,23,0,183,CARDINAL,20,23
mdp.39015066046585,200,10,0,three,DATE,14,19
mdp.39015066046585,200,10,1,almost four years old,DATE,75,96
mdp.39015066046585,200,14,0,three,CARDINAL,20,25
mdp.39015066046585,200,14,1,six,CARDINAL,45,48
mdp.39015066046585,200,14,2,184,CARDINAL,93,96
mdp.39015066046585,201,8,0,years,DATE,10,15
mdp.39015066046585,201,8,1,Ray,PERSON,38,41
mdp.39015066046585,201,8,2,"Goldman, Sachs",ORG,73,87
mdp.39015066046585,202,15,0,186,CARDINAL,63,66
mdp.39015066046585,203,0,0,days,DATE,43,47
mdp.39015066046585,203,4,0,the end of,DATE,3,13
mdp.39015066046585,203,4,1,freshman year,DATE,14,27
mdp.39015066046585,203,13,0,a thousand dollars,MONEY,25,43
mdp.39015066046585,203,13,1,million,CARDINAL,70,77
mdp.39015066046585,203,18,0,187,CARDINAL,12,15
mdp.39015066046585,204,5,0,A couple of years ago,DATE,0,21
mdp.39015066046585,204,5,1,Miami,GPE,49,54
mdp.39015066046585,204,5,2,Elizabeth Arden,FAC,99,114
mdp.39015066046585,204,5,3,Mother's Day,DATE,120,132
mdp.39015066046585,204,6,0,the first year,DATE,7,21
mdp.39015066046585,204,8,0,a dime,MONEY,33,39
mdp.39015066046585,204,9,0,Mother's Day,DATE,19,31
mdp.39015066046585,204,11,0,two,CARDINAL,52,55
mdp.39015066046585,204,14,0,1992,DATE,7,11
mdp.39015066046585,204,14,1,Elizabeth Arden,PERSON,45,60
mdp.39015066046585,204,14,2,the Red Door,FAC,72,84
mdp.39015066046585,205,5,0,Months,DATE,0,6
mdp.39015066046585,205,10,0,Elizabeth Arden,PERSON,107,122
mdp.39015066046585,205,12,0,Dali,PERSON,59,63
mdp.39015066046585,205,13,0,Elizabeth Arden,PERSON,69,84
mdp.39015066046585,205,15,0,almost a year later,DATE,9,28
mdp.39015066046585,205,16,0,Elizabeth Arden,PERSON,0,15
mdp.39015066046585,205,21,0,Fifth Avenue,FAC,36,48
mdp.39015066046585,206,4,0,Elizabeth Arden,PERSON,64,79
mdp.39015066046585,206,10,0,1970,DATE,3,7
mdp.39015066046585,206,11,0,the 1990s,DATE,3,12
mdp.39015066046585,207,4,0,Oreo,PRODUCT,21,25
mdp.39015066046585,207,8,0,only forty-five,DATE,13,28
mdp.39015066046585,207,19,0,African-American,NORP,89,105
mdp.39015066046585,207,21,0,Jamaica,GPE,20,27
mdp.39015066046585,207,21,1,Ghana,GPE,35,40
mdp.39015066046585,207,21,2,Brazil,GPE,48,54
mdp.39015066046585,207,22,0,191,CARDINAL,105,108
mdp.39015066046585,208,2,0,the next day,DATE,56,68
mdp.39015066046585,208,2,1,the next month,DATE,72,86
mdp.39015066046585,208,3,0,ten years old,DATE,61,74
mdp.39015066046585,208,4,0,the next seven days,DATE,46,65
mdp.39015066046585,208,4,1,seven years,DATE,136,147
mdp.39015066046585,208,5,0,another twenty years,DATE,128,148
mdp.39015066046585,208,7,0,weekly,DATE,27,33
mdp.39015066046585,208,18,0,twenty years ago,DATE,16,32
mdp.39015066046585,208,19,0,first,ORDINAL,4,9
mdp.39015066046585,208,20,0,192,CARDINAL,0,3
mdp.39015066046585,209,1,0,five-dollar,MONEY,111,122
mdp.39015066046585,209,2,0,the next week,DATE,3,16
mdp.39015066046585,209,8,0,first,ORDINAL,8,13
mdp.39015066046585,209,17,0,Rolling Stones,ORG,86,100
mdp.39015066046585,209,18,0,193,CARDINAL,2,5
mdp.39015066046585,210,15,0,194,CARDINAL,0,3
mdp.39015066046585,211,1,0,VERONICA CHAMBERS,PERSON,0,17
mdp.39015066046585,211,1,1,The New York Times Magazine,ORG,40,67
mdp.39015066046585,211,1,2,Premiere,ORG,72,80
mdp.39015066046585,211,1,3,Glamour,ORG,124,131
mdp.39015066046585,211,2,0,Simon's Rock College,ORG,13,33
mdp.39015066046585,211,2,1,age sixteen,DATE,37,48
mdp.39015066046585,211,2,2,one,CARDINAL,63,66
mdp.39015066046585,211,2,3,Glamour,ORG,70,77
mdp.39015066046585,211,2,4,Ten,CARDINAL,93,96
mdp.39015066046585,211,2,5,1990,DATE,114,118
mdp.39015066046585,211,3,0,John Singleton,PERSON,19,33
mdp.39015066046585,211,3,1,Poetic Justice,ORG,38,52
mdp.39015066046585,211,3,2,Essence,ORG,83,90
mdp.39015066046585,211,3,3,Seventeen,ORG,92,101
mdp.39015066046585,211,3,4,The New York Times Book Review,ORG,103,133
mdp.39015066046585,211,3,5,The Los Angeles Times Book Review,ORG,139,172
mdp.39015066046585,211,3,6,Chambers,PERSON,174,182
mdp.39015066046585,211,3,7,a Freedom Forum Fellowship,WORK_OF_ART,192,218
mdp.39015066046585,211,3,8,Columbia University,ORG,222,241
mdp.39015066046585,211,4,0,Brooklyn,GPE,13,21
mdp.39015066046585,215,0,0,The HF Group,ORG,41,53
