vol_id,page,sentence_id,ent_id,entity,entity_type,start_char,end_char
mdp.39015024941521,5,0,0,Xam Wilson Cartier,PERSON,35,53
mdp.39015024941521,5,1,0,Cartier,PERSON,0,7
mdp.39015024941521,5,2,0,Essence,ORG,0,7
mdp.39015024941521,5,3,0,nearly half a century,DATE,4,25
mdp.39015024941521,5,3,1,Bob Kaufman,PERSON,123,134
mdp.39015024941521,5,3,2,Ted Jones,PERSON,136,145
mdp.39015024941521,5,3,3,John Gould Fletcher,PERSON,147,166
mdp.39015024941521,5,3,4,Langston Hughes,PERSON,172,187
mdp.39015024941521,5,5,0,Xam Wilson Cartier,PERSON,0,18
mdp.39015024941521,5,5,1,Max Roach,PERSON,63,72
mdp.39015024941521,5,6,0,Betty Carter,PERSON,23,35
mdp.39015024941521,5,6,1,Sarah Vaughan,PERSON,40,53
mdp.39015024941521,5,7,0,Ishmael Reed,PERSON,0,12
mdp.39015024941521,5,11,0,Jazztimes,ORG,0,9
mdp.39015024941521,5,11,1,Cartier,PERSON,51,58
mdp.39015024941521,5,12,0,American,NORP,13,21
mdp.39015024941521,5,13,0,Publishers Weekly,ORG,0,17
mdp.39015024941521,7,0,0,NEW YORK,GPE,50,58
mdp.39015024941521,8,1,0,1987,DATE,12,16
mdp.39015024941521,8,1,1,Xam Wilson Cartier,PERSON,20,38
mdp.39015024941521,8,2,0,International and Pan,LAW,26,47
mdp.39015024941521,8,3,0,the United States of America,GPE,13,41
mdp.39015024941521,8,3,1,Ballantine Books,ORG,45,61
mdp.39015024941521,8,3,2,"Random House, Inc.",ORG,77,95
mdp.39015024941521,8,3,3,New York,GPE,97,105
mdp.39015024941521,8,3,4,Canada,GPE,129,135
mdp.39015024941521,8,3,5,Random House of Canada Limited,ORG,139,169
mdp.39015024941521,8,3,6,Toronto,GPE,171,178
mdp.39015024941521,8,9,0,“Ain't Misbehavin’”,WORK_OF_ART,28,47
mdp.39015024941521,8,9,1,Fats Waller,PERSON,51,62
mdp.39015024941521,8,9,2,Andy Razaf,PERSON,64,74
mdp.39015024941521,8,9,3,Harry Brooks,PERSON,79,91
mdp.39015024941521,8,10,0,1929,DATE,10,14
mdp.39015024941521,8,10,1,Joy Music,ORG,18,27
mdp.39015024941521,8,11,0,"Chappell & Co., Inc.",ORG,34,54
mdp.39015024941521,8,11,1,"Mills Music, Inc.",ORG,59,76
mdp.39015024941521,8,15,0,"Mills Music, Inc.",ORG,0,17
mdp.39015024941521,8,15,1,Straighten Up and Fly Right,WORK_OF_ART,48,75
mdp.39015024941521,8,15,2,Nat King Cole,PERSON,90,103
mdp.39015024941521,8,15,3,Irving Mills,PERSON,108,120
mdp.39015024941521,8,16,0,1944,DATE,10,14
mdp.39015024941521,8,16,1,1972,DATE,24,28
mdp.39015024941521,8,16,2,"MILLS MUSIC, INC",ORG,30,46
mdp.39015024941521,8,18,0,U.S.A.,GPE,12,18
mdp.39015024941521,8,20,0,Library of Congress,ORG,0,19
mdp.39015024941521,8,20,1,the United States of America,GPE,85,113
mdp.39015024941521,8,20,2,September 1987,DATE,162,176
mdp.39015024941521,8,20,3,October 1990,DATE,204,216
mdp.39015024941521,8,20,4,June 1991,DATE,234,243
mdp.39015024941521,9,1,0,Albert Wayne Wilson,PERSON,18,37
mdp.39015024941521,9,1,1,Hannibal Cleveland Carter,PERSON,54,79
mdp.39015024941521,9,1,2,Mary Carter Wilson,PERSON,111,129
mdp.39015024941521,9,1,3,Kristin,PERSON,131,138
mdp.39015024941521,9,1,4,Amanda,PERSON,140,146
mdp.39015024941521,9,1,5,Nell L,PERSON,148,154
mdp.39015024941521,9,1,6,Baraka,PERSON,156,162
mdp.39015024941521,9,1,7,Brooks,PERSON,164,170
mdp.39015024941521,9,1,8,Reed,PERSON,172,176
mdp.39015024941521,9,1,9,Rasul,PERSON,178,183
mdp.39015024941521,9,1,10,Ghasem,PERSON,185,191
mdp.39015024941521,9,1,11,Jan,PERSON,193,196
mdp.39015024941521,9,1,12,Yon,PERSON,198,201
mdp.39015024941521,9,1,13,Melody,PERSON,203,209
mdp.39015024941521,9,1,14,Mary Mo,PERSON,211,218
mdp.39015024941521,9,1,15,MLS,ORG,241,244
mdp.39015024941521,9,1,16,S&Q,ORG,246,249
mdp.39015024941521,9,1,17,RL,ORG,251,253
mdp.39015024941521,9,1,18,RA,ORG,255,257
mdp.39015024941521,9,1,19,BR,ORG,259,261
mdp.39015024941521,9,1,20,CW,ORG,263,265
mdp.39015024941521,9,1,21,CB,ORG,267,269
mdp.39015024941521,9,1,22,AMT,ORG,271,274
mdp.39015024941521,9,1,23,CC,ORG,276,278
mdp.39015024941521,10,0,0,1,CARDINAL,0,1
mdp.39015024941521,10,0,1,1,CARDINAL,2,3
mdp.39015024941521,11,0,0,Black,WORK_OF_ART,13,18
mdp.39015024941521,11,1,0,the day,DATE,13,20
mdp.39015024941521,11,2,0,-Miles Davis,PERSON,0,12
mdp.39015024941521,13,0,0,1,CARDINAL,0,1
mdp.39015024941521,15,2,0,Double,PERSON,41,47
mdp.39015024941521,15,2,1,Vole,PERSON,68,72
mdp.39015024941521,15,3,0,first,ORDINAL,50,55
mdp.39015024941521,15,4,0,twenty-four,CARDINAL,10,21
mdp.39015024941521,15,4,1,five,CARDINAL,112,116
mdp.39015024941521,15,4,2,two,CARDINAL,122,125
mdp.39015024941521,15,4,3,three,CARDINAL,145,150
mdp.39015024941521,15,4,4,Double,ORG,164,170
mdp.39015024941521,15,4,5,two,CARDINAL,188,191
mdp.39015024941521,15,4,6,three,CARDINAL,195,200
mdp.39015024941521,15,5,0,Saks,ORG,77,81
mdp.39015024941521,15,5,1,Montaldos,PERSON,86,95
mdp.39015024941521,15,5,2,3,CARDINAL,97,98
mdp.39015024941521,16,0,0,Xam Wilson Cartier,PERSON,2,20
mdp.39015024941521,16,1,0,Vole,PERSON,178,182
mdp.39015024941521,16,2,0,Vole,PERSON,0,4
mdp.39015024941521,16,2,1,Mona,PERSON,59,63
mdp.39015024941521,16,3,0,Tom,PERSON,13,16
mdp.39015024941521,16,8,0,Double,PERSON,32,38
mdp.39015024941521,16,8,1,Mona,PERSON,87,91
mdp.39015024941521,16,10,0,Double,PERSON,7,13
mdp.39015024941521,16,10,1,Vole,PERSON,48,52
mdp.39015024941521,16,10,2,Double,PERSON,140,146
mdp.39015024941521,16,13,0,Vole,PERSON,0,4
mdp.39015024941521,17,4,0,Vole,PERSON,0,4
mdp.39015024941521,17,8,0,Vole,PERSON,10,14
mdp.39015024941521,17,11,0,Mona,PERSON,17,21
mdp.39015024941521,17,11,1,one,CARDINAL,25,28
mdp.39015024941521,17,11,2,Vole,PERSON,59,63
mdp.39015024941521,17,11,3,Mona,PERSON,73,77
mdp.39015024941521,17,11,4,Vole,PERSON,92,96
mdp.39015024941521,17,13,0,Vole,PERSON,0,4
mdp.39015024941521,17,13,1,Mona,PERSON,15,19
mdp.39015024941521,17,13,2,Mona,PERSON,75,79
mdp.39015024941521,17,14,0,Vole,PERSON,5,9
mdp.39015024941521,17,14,1,Mona,PERSON,35,39
mdp.39015024941521,17,18,0,Vole,PERSON,0,4
mdp.39015024941521,17,20,0,Vole,PERSON,26,30
mdp.39015024941521,18,0,0,6 Xam Wilson Cartier,PERSON,0,20
mdp.39015024941521,18,3,0,the Salt Away Box,FAC,106,123
mdp.39015024941521,18,4,0,Vole,PERSON,32,36
mdp.39015024941521,18,7,0,Vole,PERSON,0,4
mdp.39015024941521,18,9,0,Mona,PERSON,12,16
mdp.39015024941521,18,11,0,Vole,PERSON,17,21
mdp.39015024941521,18,15,0,Vole,PERSON,15,19
mdp.39015024941521,18,16,0,Double,PERSON,31,37
mdp.39015024941521,18,17,0,Vole,PERSON,205,209
mdp.39015024941521,19,0,0,7,CARDINAL,15,16
mdp.39015024941521,19,1,0,Vole,PERSON,8,12
mdp.39015024941521,19,3,0,Tom,PERSON,14,17
mdp.39015024941521,19,3,1,one,CARDINAL,27,30
mdp.39015024941521,19,5,0,only last week,DATE,20,34
mdp.39015024941521,19,5,1,Double,PERSON,41,47
mdp.39015024941521,19,5,2,Vole,PERSON,81,85
mdp.39015024941521,19,8,0,Double,PERSON,0,6
mdp.39015024941521,19,8,1,Vole,PERSON,81,85
mdp.39015024941521,19,9,0,Vole,PERSON,77,81
mdp.39015024941521,19,9,1,Double,PERSON,93,99
mdp.39015024941521,19,9,2,Double,PERSON,258,264
mdp.39015024941521,19,11,0,Double,PERSON,7,13
mdp.39015024941521,19,11,1,that day,DATE,42,50
mdp.39015024941521,20,0,0,8 Xam Wilson Cartier,PERSON,0,20
mdp.39015024941521,20,0,1,one,CARDINAL,105,108
mdp.39015024941521,20,4,0,months,DATE,23,29
mdp.39015024941521,20,4,1,years,DATE,31,36
mdp.39015024941521,20,4,2,Double,PERSON,55,61
mdp.39015024941521,20,4,3,two,CARDINAL,203,206
mdp.39015024941521,20,4,4,three,CARDINAL,212,217
mdp.39015024941521,20,5,0,Double,PERSON,16,22
mdp.39015024941521,21,4,0,Ella Fitz,PERSON,5,14
mdp.39015024941521,21,6,0,Eisenhower,PERSON,5,15
mdp.39015024941521,21,10,0,Double,PERSON,20,26
mdp.39015024941521,21,12,0,every day,DATE,4,13
mdp.39015024941521,21,12,1,BookerTWashington School,ORG,52,76
mdp.39015024941521,21,12,2,Double,PERSON,105,111
mdp.39015024941521,21,12,3,two,CARDINAL,120,123
mdp.39015024941521,21,12,4,Studebaker,PRODUCT,181,191
mdp.39015024941521,21,14,0,Double,PERSON,4,10
mdp.39015024941521,21,15,0,the age of sixteen,DATE,93,111
mdp.39015024941521,21,15,1,Double,PERSON,213,219
mdp.39015024941521,21,16,0,Vole,PERSON,84,88
mdp.39015024941521,22,0,0,Xam Wilson Cartier,PERSON,3,21
mdp.39015024941521,22,3,0,Double,PERSON,16,22
mdp.39015024941521,22,4,0,Vole,PERSON,12,16
mdp.39015024941521,22,4,1,Vole,PERSON,152,156
mdp.39015024941521,22,4,2,Double,PERSON,312,318
mdp.39015024941521,22,4,3,Vole,PERSON,343,347
mdp.39015024941521,23,0,0,Double or Nothing,WORK_OF_ART,0,17
mdp.39015024941521,23,1,0,one,CARDINAL,4,7
mdp.39015024941521,23,1,1,Double,PRODUCT,25,31
mdp.39015024941521,23,4,0,months,DATE,88,94
mdp.39015024941521,23,4,1,years,DATE,96,101
mdp.39015024941521,23,4,2,11,CARDINAL,154,156
mdp.39015024941521,24,0,0,Xam Wilson Cartier,PERSON,3,21
mdp.39015024941521,24,0,1,one,CARDINAL,42,45
mdp.39015024941521,24,0,2,the “Monkey Song”,WORK_OF_ART,84,101
mdp.39015024941521,24,0,3,one,CARDINAL,135,138
mdp.39015024941521,24,5,0,Double,PERSON,16,22
mdp.39015024941521,24,14,0,Double,PERSON,48,54
mdp.39015024941521,25,0,0,13,CARDINAL,15,17
mdp.39015024941521,25,1,0,Double,PERSON,42,48
mdp.39015024941521,25,1,1,nineteenthcentury,DATE,97,114
mdp.39015024941521,25,2,0,Double,PERSON,7,13
mdp.39015024941521,25,7,0,Double,PERSON,5,11
mdp.39015024941521,25,9,0,later that same afternoon,TIME,12,37
mdp.39015024941521,25,9,1,the noon,TIME,43,51
mdp.39015024941521,25,9,2,Double,PERSON,68,74
mdp.39015024941521,25,9,3,daily,DATE,113,118
mdp.39015024941521,25,9,4,Vole,PERSON,135,139
mdp.39015024941521,25,9,5,her days,DATE,153,161
mdp.39015024941521,25,9,6,Double,PERSON,168,174
mdp.39015024941521,25,11,0,lilliputian,NORP,90,101
mdp.39015024941521,25,11,1,two,CARDINAL,174,177
mdp.39015024941521,26,0,0,14 Xam Wilson Cartier,PERSON,0,21
mdp.39015024941521,26,2,0,Scrapple From,PERSON,10,23
mdp.39015024941521,26,5,0,Ladyday,PERSON,25,32
mdp.39015024941521,26,6,0,Billie,PERSON,33,39
mdp.39015024941521,26,6,1,about eight,TIME,75,86
mdp.39015024941521,26,10,0,Double,PERSON,4,10
mdp.39015024941521,26,20,0,just 43,DATE,3,10
mdp.39015024941521,27,1,0,NORM,ORG,20,24
mdp.39015024941521,27,1,1,Hoyle,PERSON,39,44
mdp.39015024941521,27,1,2,Double,ORG,46,52
mdp.39015024941521,27,1,3,Double,ORG,395,401
mdp.39015024941521,27,2,0,two years younger,DATE,47,64
mdp.39015024941521,27,2,1,two-thirds,CARDINAL,69,79
mdp.39015024941521,28,0,0,16 Xam Wilson Cartier,PERSON,0,21
mdp.39015024941521,28,3,0,that day,DATE,28,36
mdp.39015024941521,28,3,1,Muz,PERSON,83,86
mdp.39015024941521,28,4,0,Double,PERSON,26,32
mdp.39015024941521,28,4,1,Muz,PERSON,92,95
mdp.39015024941521,28,4,2,Vole,PERSON,109,113
mdp.39015024941521,28,6,0,Double,PERSON,211,217
mdp.39015024941521,29,0,0,Vole,PERSON,28,32
mdp.39015024941521,29,1,0,Double,PERSON,18,24
mdp.39015024941521,29,2,0,Vole,PERSON,42,46
mdp.39015024941521,29,4,0,Double,PERSON,8,14
mdp.39015024941521,29,7,0,Vole,PERSON,19,23
mdp.39015024941521,29,10,0,Vole,PERSON,22,26
mdp.39015024941521,29,21,0,Vole,PERSON,0,4
mdp.39015024941521,30,0,0,18 Xam Wilson Cartier,PERSON,0,21
mdp.39015024941521,30,1,0,Vole,PERSON,23,27
mdp.39015024941521,30,5,0,Double,PERSON,15,21
mdp.39015024941521,30,7,0,Crimshaw,PERSON,29,37
mdp.39015024941521,30,12,0,Vole,PERSON,0,4
mdp.39015024941521,30,12,1,Double,PERSON,20,26
mdp.39015024941521,30,13,0,nine years,DATE,117,127
mdp.39015024941521,30,13,1,a matter of indiscreet minutes,TIME,168,198
mdp.39015024941521,30,14,0,Double,PERSON,23,29
mdp.39015024941521,30,18,0,Emily Post,PERSON,25,35
mdp.39015024941521,30,19,0,Vole,PERSON,31,35
mdp.39015024941521,30,20,0,one solid second,TIME,41,57
mdp.39015024941521,31,0,0,19,CARDINAL,15,17
mdp.39015024941521,31,2,0,Double,PERSON,15,21
mdp.39015024941521,31,4,0,Crim,PERSON,16,20
mdp.39015024941521,31,4,1,Klan,ORG,23,27
mdp.39015024941521,31,6,0,Vole,PERSON,23,27
mdp.39015024941521,31,9,0,Double,PERSON,42,48
mdp.39015024941521,31,12,0,Crim,PERSON,6,10
mdp.39015024941521,31,16,0,Crim,PERSON,32,36
mdp.39015024941521,31,17,0,three A.M.,TIME,26,36
mdp.39015024941521,31,17,1,any other day,DATE,68,81
mdp.39015024941521,31,18,0,Aldrich,PERSON,11,18
mdp.39015024941521,31,18,1,first,ORDINAL,19,24
mdp.39015024941521,31,18,2,Aldrich,PERSON,53,60
mdp.39015024941521,31,21,0,Arvis,PERSON,38,43
mdp.39015024941521,31,22,0,Arvis,PERSON,6,11
mdp.39015024941521,31,22,1,12 o'clock noon,TIME,51,66
mdp.39015024941521,31,23,0,the Maxwell House,FAC,34,51
mdp.39015024941521,31,23,1,P.Q.,PERSON,56,60
mdp.39015024941521,32,0,0,20 Xam Wilson Cartier,PERSON,0,21
mdp.39015024941521,32,1,0,Double,PERSON,23,29
mdp.39015024941521,32,2,0,Crimshaw,PERSON,5,13
mdp.39015024941521,32,2,1,today,DATE,26,31
mdp.39015024941521,32,2,2,P.Q.,PERSON,39,43
mdp.39015024941521,32,3,0,fifty miles,QUANTITY,35,46
mdp.39015024941521,32,6,0,Too Short Perkins,PERSON,99,116
mdp.39015024941521,32,8,0,Crimshaw,PERSON,90,98
mdp.39015024941521,32,11,0,five or six,CARDINAL,84,95
mdp.39015024941521,32,11,1,five-foot,QUANTITY,127,136
mdp.39015024941521,32,14,0,Crimshaw,PERSON,0,8
mdp.39015024941521,32,14,1,Double,PERSON,20,26
mdp.39015024941521,32,17,0,Double,PERSON,0,6
mdp.39015024941521,32,21,0,Double,PERSON,49,55
mdp.39015024941521,32,21,1,Crimshaw,PERSON,64,72
mdp.39015024941521,32,23,0,Crimshaw,PERSON,0,8
mdp.39015024941521,33,1,0,Crimshaw,PERSON,20,28
mdp.39015024941521,33,1,1,Double,PERSON,60,66
mdp.39015024941521,33,2,0,Aldrich,PERSON,0,7
mdp.39015024941521,33,2,1,Crimshaw,PERSON,13,21
mdp.39015024941521,33,2,2,Double,PERSON,97,103
mdp.39015024941521,33,2,3,Double,PERSON,111,117
mdp.39015024941521,33,2,4,Crim,PERSON,148,152
mdp.39015024941521,33,3,0,Crimshaw,PERSON,10,18
mdp.39015024941521,33,3,1,Double,PERSON,79,85
mdp.39015024941521,33,5,0,Crim,PERSON,37,41
mdp.39015024941521,33,7,0,Vole,PERSON,42,46
mdp.39015024941521,33,12,0,Johnson,PERSON,8,15
mdp.39015024941521,33,17,0,Vole,PERSON,45,49
mdp.39015024941521,33,17,1,Double,PERSON,148,154
mdp.39015024941521,34,0,0,Xam Wilson Cartier,PERSON,3,21
mdp.39015024941521,34,0,1,this afternoon,TIME,32,46
mdp.39015024941521,34,0,2,Vole,PERSON,49,53
mdp.39015024941521,34,0,3,a lifetime ago,DATE,69,83
mdp.39015024941521,34,1,0,Vole,PERSON,9,13
mdp.39015024941521,34,1,1,Double,PERSON,89,95
mdp.39015024941521,34,1,2,Vole,PERSON,138,142
mdp.39015024941521,34,1,3,Double,PERSON,250,256
mdp.39015024941521,34,3,0,two,CARDINAL,30,33
mdp.39015024941521,34,8,0,early morning,TIME,375,388
mdp.39015024941521,35,1,0,Vole,PERSON,0,4
mdp.39015024941521,35,1,1,Double,PERSON,9,15
mdp.39015024941521,35,1,2,one,CARDINAL,32,35
mdp.39015024941521,35,1,3,Vole,PERSON,93,97
mdp.39015024941521,35,1,4,one-two,CARDINAL,142,149
mdp.39015024941521,35,1,5,Double,PERSON,164,170
mdp.39015024941521,35,3,0,ten-year-old,DATE,59,71
mdp.39015024941521,35,3,1,Job,PERSON,72,75
mdp.39015024941521,35,3,2,Vole,PERSON,162,166
mdp.39015024941521,35,3,3,Double,PERSON,171,177
mdp.39015024941521,35,4,0,Double,PERSON,14,20
mdp.39015024941521,35,5,0,Double,PERSON,4,10
mdp.39015024941521,36,0,0,Xam Wilson Cartier,PERSON,3,21
mdp.39015024941521,36,0,1,My Funny Valentine,WORK_OF_ART,28,46
mdp.39015024941521,36,0,2,Miles Davis',PERSON,62,74
mdp.39015024941521,36,0,3,Double,PERSON,165,171
mdp.39015024941521,36,0,4,Vole,PERSON,176,180
mdp.39015024941521,36,0,5,Double,PERSON,197,203
mdp.39015024941521,36,0,6,Vole,PERSON,208,212
mdp.39015024941521,36,0,7,five,CARDINAL,363,367
mdp.39015024941521,36,1,0,Vole,PERSON,10,14
mdp.39015024941521,36,1,1,Double,PERSON,66,72
mdp.39015024941521,36,1,2,three,CARDINAL,88,93
mdp.39015024941521,37,3,0,Vole,PERSON,26,30
mdp.39015024941521,37,5,0,Negroes,NORP,63,70
mdp.39015024941521,37,5,1,Franklin Street,FAC,86,101
mdp.39015024941521,37,7,0,Vole,PERSON,11,15
mdp.39015024941521,37,7,1,first,ORDINAL,63,68
mdp.39015024941521,37,9,0,Vole,PERSON,20,24
mdp.39015024941521,37,9,1,4/47,CARDINAL,94,98
mdp.39015024941521,38,0,0,26 Xam Wilson Cartier,PERSON,0,21
mdp.39015024941521,38,9,0,Fletch Henderson,PERSON,15,31
mdp.39015024941521,38,10,0,One,CARDINAL,0,3
mdp.39015024941521,38,10,1,Dixie,GPE,76,81
mdp.39015024941521,38,14,0,two,CARDINAL,47,50
mdp.39015024941521,38,18,0,Vole,PERSON,35,39
mdp.39015024941521,38,19,0,Fletch,PERSON,4,10
mdp.39015024941521,38,19,1,Benny Lootman,PERSON,95,108
mdp.39015024941521,38,20,0,Ole Fletch,PERSON,0,10
mdp.39015024941521,38,20,1,Lootman,PERSON,68,75
mdp.39015024941521,38,21,0,Benny,PERSON,27,32
mdp.39015024941521,38,22,0,37.50,MONEY,1,6
mdp.39015024941521,38,22,1,Fletch,PERSON,25,31
mdp.39015024941521,39,8,0,Vole,PERSON,33,37
mdp.39015024941521,39,8,1,Double,PERSON,48,54
mdp.39015024941521,39,8,2,Whitehouse City,GPE,182,197
mdp.39015024941521,39,9,0,Brown v. Board of Education,LAW,21,48
mdp.39015024941521,39,10,0,Double,PERSON,45,51
mdp.39015024941521,39,10,1,Vole,PERSON,60,64
mdp.39015024941521,39,12,0,Mason Dixon,ORG,14,25
mdp.39015024941521,39,14,0,1954,DATE,7,11
mdp.39015024941521,39,14,1,the year,DATE,13,21
mdp.39015024941521,39,14,2,Move,ORG,29,33
mdp.39015024941521,39,15,0,first,ORDINAL,6,11
mdp.39015024941521,39,16,0,eight-year-olds're,DATE,73,91
mdp.39015024941521,39,18,0,three,CARDINAL,91,96
mdp.39015024941521,40,0,0,Xam Wilson Cartier,PERSON,3,21
mdp.39015024941521,40,0,1,four,CARDINAL,147,151
mdp.39015024941521,40,1,0,Double,PERSON,31,37
mdp.39015024941521,40,3,0,Vole,PERSON,45,49
mdp.39015024941521,40,6,0,Up,ORG,24,26
mdp.39015024941521,40,7,0,Vole,PERSON,26,30
mdp.39015024941521,40,8,0,Dwen,PERSON,20,24
mdp.39015024941521,40,9,0,Dwen,PERSON,9,13
mdp.39015024941521,40,9,1,half,CARDINAL,29,33
mdp.39015024941521,40,9,2,Saint Lou's,GPE,59,70
mdp.39015024941521,40,9,3,Chouteau Plateau,LOC,80,96
mdp.39015024941521,40,9,4,Crazin' In The Sun,WORK_OF_ART,318,336
mdp.39015024941521,40,10,0,Double,PERSON,10,16
mdp.39015024941521,40,10,1,Vole,PERSON,42,46
mdp.39015024941521,41,3,0,Vole,PERSON,7,11
mdp.39015024941521,41,3,1,moments later,TIME,17,30
mdp.39015024941521,41,3,2,Double,PERSON,34,40
mdp.39015024941521,41,5,0,Vole,PERSON,206,210
mdp.39015024941521,41,5,1,Studebaker,PRODUCT,292,302
mdp.39015024941521,41,5,2,first,ORDINAL,312,317
mdp.39015024941521,41,6,0,one,CARDINAL,96,99
mdp.39015024941521,41,7,0,Vole,PERSON,27,31
mdp.39015024941521,41,7,1,Double,PERSON,50,56
mdp.39015024941521,41,9,0,Yesterday,DATE,3,12
mdp.39015024941521,41,9,1,the day,DATE,56,63
mdp.39015024941521,41,9,2,Supreme Court,ORG,84,97
mdp.39015024941521,41,9,3,Brown,PERSON,110,115
mdp.39015024941521,41,9,4,Board of Education,ORG,119,137
mdp.39015024941521,41,19,0,In-tee-grey-shun,PERSON,80,96
mdp.39015024941521,42,0,0,Xam Wilson Cartier,PERSON,3,21
mdp.39015024941521,42,0,1,Vole,PERSON,31,35
mdp.39015024941521,42,1,0,Vole,PERSON,0,4
mdp.39015024941521,42,1,1,Double,PERSON,56,62
mdp.39015024941521,42,5,0,Earl Warren,PERSON,43,54
mdp.39015024941521,42,5,1,Plessy,PERSON,112,118
mdp.39015024941521,42,5,2,Ferguson,PERSON,122,130
mdp.39015024941521,42,6,0,Vole,PERSON,8,12
mdp.39015024941521,42,7,0,Double,PERSON,26,32
mdp.39015024941521,42,8,0,Vole,PERSON,15,19
mdp.39015024941521,42,11,0,Double,PERSON,74,80
mdp.39015024941521,42,12,0,Vole,PERSON,127,131
mdp.39015024941521,42,13,0,Vole,PERSON,16,20
mdp.39015024941521,42,17,0,Vole,PERSON,0,4
mdp.39015024941521,42,19,0,the N-Double-A,ORG,10,24
mdp.39015024941521,43,2,0,Vole,PERSON,206,210
mdp.39015024941521,43,3,0,these many years,DATE,45,61
mdp.39015024941521,43,6,0,Double,PERSON,20,26
mdp.39015024941521,43,6,1,Negro,NORP,126,131
mdp.39015024941521,43,7,0,Vole,PERSON,33,37
mdp.39015024941521,43,8,0,Double's,ORG,25,33
mdp.39015024941521,43,8,1,Vole,PERSON,38,42
mdp.39015024941521,43,10,0,Double,ORG,44,50
mdp.39015024941521,43,11,0,Dick,PERSON,121,125
mdp.39015024941521,43,11,1,Janeland,PERSON,130,138
mdp.39015024941521,43,12,0,Lena Horne,PERSON,110,120
mdp.39015024941521,43,12,1,World War II,EVENT,173,185
mdp.39015024941521,44,0,0,32 Xam Wilson Cartier,PERSON,0,21
mdp.39015024941521,44,1,0,Saint Lou,GPE,17,26
mdp.39015024941521,44,2,0,Dig,FAC,172,175
mdp.39015024941521,44,7,0,Double,PERSON,65,71
mdp.39015024941521,44,7,1,Vole,PERSON,84,88
mdp.39015024941521,44,8,0,American,NORP,79,87
mdp.39015024941521,44,10,0,Vole,PERSON,13,17
mdp.39015024941521,44,10,1,Double,PERSON,132,138
mdp.39015024941521,44,11,0,Negroes,NORP,8,15
mdp.39015024941521,44,11,1,Integration,PERSON,48,59
mdp.39015024941521,44,11,2,Double,PERSON,93,99
mdp.39015024941521,44,11,3,Vole,PERSON,131,135
mdp.39015024941521,44,12,0,Vole,PERSON,36,40
mdp.39015024941521,44,12,1,Double,PERSON,49,55
mdp.39015024941521,44,13,0,Double,PERSON,31,37
mdp.39015024941521,45,1,0,Vole,PERSON,15,19
mdp.39015024941521,45,4,0,Hannibal,PERSON,16,24
mdp.39015024941521,45,4,1,Mississippi,GPE,63,74
mdp.39015024941521,45,5,0,every day,DATE,132,141
mdp.39015024941521,45,6,0,Ethel Waters,PERSON,40,52
mdp.39015024941521,45,6,1,Jazzin' Babies' Blues,WORK_OF_ART,62,83
mdp.39015024941521,45,6,2,Fletch Henderson,PERSON,90,106
mdp.39015024941521,45,6,3,Double,PERSON,188,194
mdp.39015024941521,45,6,4,Fletch,PERSON,232,238
mdp.39015024941521,45,7,0,Vole,PERSON,0,4
mdp.39015024941521,45,7,1,Double,PERSON,33,39
mdp.39015024941521,45,7,2,Vole,PERSON,101,105
mdp.39015024941521,45,7,3,Double,PERSON,154,160
mdp.39015024941521,45,7,4,two,CARDINAL,191,194
mdp.39015024941521,45,8,0,one,CARDINAL,37,40
mdp.39015024941521,45,8,1,Double,PERSON,60,66
mdp.39015024941521,45,8,2,Saturday,DATE,95,103
mdp.39015024941521,45,8,3,night,TIME,104,109
mdp.39015024941521,45,8,4,the morning,TIME,166,177
mdp.39015024941521,46,0,0,Xam Wilson Cartier,PERSON,3,21
mdp.39015024941521,46,10,0,Spring,DATE,0,6
mdp.39015024941521,47,0,0,Kat,PERSON,70,73
mdp.39015024941521,47,1,0,DOUBLE > OUBLE,PERSON,0,14
mdp.39015024941521,47,3,0,Double,PERSON,16,22
mdp.39015024941521,47,6,0,6 35,CARDINAL,13,17
mdp.39015024941521,48,0,0,36 Xam Wilson Cartier,PERSON,0,21
mdp.39015024941521,48,0,1,a hundred,CARDINAL,98,107
mdp.39015024941521,48,2,0,eight years old,DATE,21,36
mdp.39015024941521,48,2,1,one,CARDINAL,129,132
mdp.39015024941521,48,5,0,Double,PERSON,193,199
mdp.39015024941521,48,6,0,Nasty,PERSON,4,9
mdp.39015024941521,48,7,0,Musta,PERSON,0,5
mdp.39015024941521,48,7,1,Double,PERSON,80,86
mdp.39015024941521,48,8,0,Double,PERSON,0,6
mdp.39015024941521,49,1,0,Double,PERSON,34,40
mdp.39015024941521,49,6,0,Double,PERSON,3,9
mdp.39015024941521,49,8,0,Double,PERSON,0,6
mdp.39015024941521,49,8,1,Two,CARDINAL,142,145
mdp.39015024941521,49,9,0,Double,PERSON,24,30
mdp.39015024941521,49,9,1,nine-year-old,DATE,85,98
mdp.39015024941521,49,10,0,first,ORDINAL,35,40
mdp.39015024941521,49,12,0,Double,ORG,27,33
mdp.39015024941521,49,12,1,one,CARDINAL,142,145
mdp.39015024941521,50,0,0,38 Xam Wilson Cartier,PERSON,0,21
mdp.39015024941521,50,1,0,American,NORP,106,114
mdp.39015024941521,50,1,1,Yankee,NORP,184,190
mdp.39015024941521,50,1,2,Fallschurmjäger,PERSON,205,220
mdp.39015024941521,50,1,3,World War II,EVENT,299,311
mdp.39015024941521,50,1,4,Germany,GPE,315,322
mdp.39015024941521,50,2,0,days,DATE,11,15
mdp.39015024941521,50,2,1,Kurfürstendamm,GPE,19,33
mdp.39015024941521,50,2,2,Double,PERSON,39,45
mdp.39015024941521,50,2,3,days,DATE,81,85
mdp.39015024941521,50,2,4,the War Department's,ORG,155,175
mdp.39015024941521,50,3,0,Double,PERSON,47,53
mdp.39015024941521,50,3,1,Lester,PERSON,67,73
mdp.39015024941521,50,3,2,OCS,ORG,136,139
mdp.39015024941521,50,3,3,Eighth Wonder,WORK_OF_ART,204,217
mdp.39015024941521,50,6,0,Lester,PERSON,17,23
mdp.39015024941521,50,10,0,Double,PERSON,35,41
mdp.39015024941521,50,10,1,Sam,PERSON,68,71
mdp.39015024941521,50,14,0,Double,PERSON,26,32
mdp.39015024941521,50,15,0,midnight,TIME,79,87
mdp.39015024941521,51,0,0,39,CARDINAL,15,17
mdp.39015024941521,51,0,1,Jim Crow,PERSON,80,88
mdp.39015024941521,51,2,0,Basic Trainin,PERSON,9,22
mdp.39015024941521,51,4,0,days,DATE,11,15
mdp.39015024941521,51,5,0,a scant two weeks,DATE,12,29
mdp.39015024941521,51,5,1,Allies,NORP,56,62
mdp.39015024941521,51,5,2,Kurfürstendamm,GPE,80,94
mdp.39015024941521,51,5,3,Double,PERSON,100,106
mdp.39015024941521,51,5,4,Germany,GPE,191,198
mdp.39015024941521,51,8,0,Kurfürstendamm,GPE,33,47
mdp.39015024941521,51,8,1,"Jan. 23, 1943",DATE,49,62
mdp.39015024941521,51,9,0,Nazi,NORP,52,56
mdp.39015024941521,51,9,1,the Gulf of the Rhine,LOC,156,177
mdp.39015024941521,51,9,2,first,ORDINAL,195,200
mdp.39015024941521,51,10,0,P-51,PRODUCT,7,11
mdp.39015024941521,51,10,1,one,CARDINAL,113,116
mdp.39015024941521,51,10,2,four,CARDINAL,124,128
mdp.39015024941521,51,10,3,the 332nd Fighter Group,ORG,153,176
mdp.39015024941521,51,10,4,Negro,NORP,220,225
mdp.39015024941521,51,10,5,"Benjamin 0. Davis, Jr.",PERSON,234,256
mdp.39015024941521,51,11,0,the 332nd Fighter Group,ORG,8,31
mdp.39015024941521,51,11,1,195,CARDINAL,118,121
mdp.39015024941521,51,11,2,Europe,LOC,165,171
mdp.39015024941521,51,12,0,Eisenhower,PERSON,47,57
mdp.39015024941521,52,0,0,40 Xam Wilson Cartier,PERSON,0,21
mdp.39015024941521,52,1,0,Yanks,NORP,18,23
mdp.39015024941521,52,1,1,Nazi,NORP,53,57
mdp.39015024941521,52,2,0,Nazis,NORP,4,9
mdp.39015024941521,52,2,1,Allies,NORP,60,66
mdp.39015024941521,52,2,2,one night,TIME,113,122
mdp.39015024941521,52,2,3,Fallschurmjäger,PERSON,130,145
mdp.39015024941521,52,2,4,three,CARDINAL,165,170
mdp.39015024941521,52,2,5,American,NORP,180,188
mdp.39015024941521,52,3,0,two,CARDINAL,57,60
mdp.39015024941521,52,11,0,Double,PERSON,30,36
mdp.39015024941521,52,11,1,Rhine,LOC,141,146
mdp.39015024941521,52,13,0,Double,PERSON,0,6
mdp.39015024941521,52,13,1,one,CARDINAL,25,28
mdp.39015024941521,52,13,2,Fallschurmjäger,PERSON,149,164
mdp.39015024941521,52,15,0,Double,PERSON,0,6
mdp.39015024941521,52,17,0,third,ORDINAL,53,58
mdp.39015024941521,53,3,0,Double,PERSON,32,38
mdp.39015024941521,53,5,0,first,ORDINAL,23,28
mdp.39015024941521,53,6,0,coon,ORG,26,30
mdp.39015024941521,53,6,1,first,ORDINAL,69,74
mdp.39015024941521,53,8,0,third,ORDINAL,4,9
mdp.39015024941521,53,9,0,Double,PERSON,15,21
mdp.39015024941521,53,10,0,niggers,NORP,14,21
mdp.39015024941521,53,11,0,second,ORDINAL,4,10
mdp.39015024941521,53,12,0,third,ORDINAL,26,31
mdp.39015024941521,53,14,0,Double,PERSON,37,43
mdp.39015024941521,53,15,0,dinge,PERSON,29,34
mdp.39015024941521,53,16,0,Double,PERSON,0,6
mdp.39015024941521,53,16,1,one,CARDINAL,14,17
mdp.39015024941521,53,25,0,America,GPE,25,32
mdp.39015024941521,53,25,1,Hitler,PERSON,38,44
mdp.39015024941521,54,0,0,42 Xam Wilson Cartier,PERSON,0,21
mdp.39015024941521,54,5,0,Double,PERSON,37,43
mdp.39015024941521,54,9,0,Double,PERSON,0,6
mdp.39015024941521,54,12,0,third,ORDINAL,17,22
mdp.39015024941521,54,13,0,Yew,PERSON,1,4
mdp.39015024941521,54,13,1,third,ORDINAL,36,41
mdp.39015024941521,54,14,0,Yew,PERSON,1,4
mdp.39015024941521,54,15,0,third,ORDINAL,4,9
mdp.39015024941521,54,17,0,Double,PERSON,44,50
mdp.39015024941521,54,22,0,Double,PERSON,0,6
mdp.39015024941521,54,24,0,first,ORDINAL,4,9
mdp.39015024941521,55,1,0,Double,PERSON,0,6
mdp.39015024941521,55,3,0,third,ORDINAL,42,47
mdp.39015024941521,55,7,0,jesta minute,TIME,6,18
mdp.39015024941521,55,9,0,Double,PERSON,35,41
mdp.39015024941521,55,10,0,Double,PERSON,34,40
mdp.39015024941521,55,11,0,three-three-two,CARDINAL,100,115
mdp.39015024941521,55,12,0,two,CARDINAL,56,59
mdp.39015024941521,55,13,0,Flyin Nigger Aces,PRODUCT,3,20
mdp.39015024941521,55,14,0,the Flyin Nigger Spades,PRODUCT,11,34
mdp.39015024941521,55,17,0,The Flyin Nigger Spades,PRODUCT,1,24
mdp.39015024941521,55,20,0,Double,PERSON,34,40
mdp.39015024941521,55,23,0,Double,PERSON,15,21
mdp.39015024941521,55,23,1,The Flying Black Aces,PRODUCT,65,86
mdp.39015024941521,55,26,0,66,CARDINAL,21,23
mdp.39015024941521,55,26,1,32,CARDINAL,38,40
mdp.39015024941521,55,30,0,Double,PERSON,11,17
mdp.39015024941521,56,0,0,Xam Wilson Cartier,PERSON,3,21
mdp.39015024941521,56,1,0,third,ORDINAL,27,32
mdp.39015024941521,56,7,0,Double,PERSON,52,58
mdp.39015024941521,56,8,0,second,ORDINAL,45,51
mdp.39015024941521,56,8,1,Double,PERSON,60,66
mdp.39015024941521,56,11,0,one,CARDINAL,37,40
mdp.39015024941521,56,13,0,third,ORDINAL,4,9
mdp.39015024941521,56,16,0,Double,PERSON,3,9
mdp.39015024941521,56,16,1,Double,PERSON,133,139
mdp.39015024941521,56,17,0,third,ORDINAL,49,54
mdp.39015024941521,57,1,0,Double,PERSON,37,43
mdp.39015024941521,57,1,1,Double,PERSON,72,78
mdp.39015024941521,57,3,0,Double,PERSON,41,47
mdp.39015024941521,57,4,0,Double,PERSON,19,25
mdp.39015024941521,57,4,1,'38,DATE,204,207
mdp.39015024941521,58,0,0,46 Xam Wilson Cartier,PERSON,0,21
mdp.39015024941521,58,1,0,one,CARDINAL,117,120
mdp.39015024941521,58,1,1,seven,CARDINAL,214,219
mdp.39015024941521,58,1,2,six,CARDINAL,222,225
mdp.39015024941521,58,2,0,Double,PERSON,6,12
mdp.39015024941521,58,3,0,Double,PERSON,31,37
mdp.39015024941521,58,3,1,Zoot,PERSON,166,170
mdp.39015024941521,58,4,0,Double,PERSON,33,39
mdp.39015024941521,58,12,0,PQ,PERSON,7,9
mdp.39015024941521,58,12,1,Double Double,WORK_OF_ART,30,43
mdp.39015024941521,58,13,0,Double,PRODUCT,21,27
mdp.39015024941521,59,0,0,Flyin' Home,WORK_OF_ART,84,95
mdp.39015024941521,59,0,1,Bird-Ool ya koo,PERSON,139,154
mdp.39015024941521,59,1,0,Embraceable You,WORK_OF_ART,27,42
mdp.39015024941521,59,1,1,eight,QUANTITY,185,190
mdp.39015024941521,59,8,0,Zoot,PERSON,0,4
mdp.39015024941521,59,11,0,Double,PERSON,27,33
mdp.39015024941521,59,11,1,America,GPE,164,171
mdp.39015024941521,59,12,0,Double,PERSON,110,116
mdp.39015024941521,59,12,1,Saint Lou,GPE,128,137
mdp.39015024941521,59,12,2,seventeen years,DATE,164,179
mdp.39015024941521,60,0,0,48,CARDINAL,0,2
mdp.39015024941521,60,0,1,Xam Wilson Cartier,PERSON,3,21
mdp.39015024941521,60,0,2,Saint Lou,GPE,34,43
mdp.39015024941521,60,0,3,Harriet Beecher Stowe Teachers College,ORG,134,172
mdp.39015024941521,60,0,4,Stowe,ORG,188,193
mdp.39015024941521,60,0,5,one,CARDINAL,242,245
mdp.39015024941521,60,1,0,H. B. Stowe College for The Colored,ORG,8,43
mdp.39015024941521,60,1,1,Double,PERSON,64,70
mdp.39015024941521,60,1,2,second,ORDINAL,101,107
mdp.39015024941521,60,1,3,four-year,DATE,120,129
mdp.39015024941521,60,1,4,second year,DATE,166,177
mdp.39015024941521,60,1,5,four years,DATE,230,240
mdp.39015024941521,60,1,6,a dozen,CARDINAL,332,339
mdp.39015024941521,60,1,7,Stowe,PERSON,372,377
mdp.39015024941521,60,1,8,Stowe,PERSON,384,389
mdp.39015024941521,60,2,0,School days,DATE,0,11
mdp.39015024941521,60,2,1,Double,PERSON,35,41
mdp.39015024941521,60,4,0,McCoy,PERSON,16,21
mdp.39015024941521,60,5,0,those days,DATE,3,13
mdp.39015024941521,60,5,1,Double,PERSON,15,21
mdp.39015024941521,60,5,2,McCoy,PERSON,106,111
mdp.39015024941521,60,5,3,third,ORDINAL,366,371
mdp.39015024941521,60,6,0,Double,PERSON,103,109
mdp.39015024941521,61,1,0,Double,PERSON,37,43
mdp.39015024941521,61,1,1,first,ORDINAL,59,64
mdp.39015024941521,61,1,2,Saint Lou,GPE,76,85
mdp.39015024941521,61,1,3,Union Station,FAC,98,111
mdp.39015024941521,61,2,0,the morning,TIME,3,14
mdp.39015024941521,61,2,1,Woezarks,LOC,107,115
mdp.39015024941521,61,2,2,winter,DATE,158,164
mdp.39015024941521,61,2,3,Mississippi River,LOC,165,182
mdp.39015024941521,61,3,0,1938,DATE,271,275
mdp.39015024941521,61,4,0,the year,DATE,9,17
mdp.39015024941521,61,4,1,Double,PERSON,21,27
mdp.39015024941521,61,4,2,first,ORDINAL,30,35
mdp.39015024941521,61,4,3,Zoot,PERSON,46,50
mdp.39015024941521,61,4,4,Ville,FAC,71,76
mdp.39015024941521,61,4,5,the day,DATE,145,152
mdp.39015024941521,61,5,0,SAINT LOUIE NEGROES,GPE,16,35
mdp.39015024941521,61,5,1,JOE LEWIS'S,PERSON,58,69
mdp.39015024941521,61,5,2,Double,PERSON,98,104
mdp.39015024941521,61,6,0,Saint Louis,GPE,0,11
mdp.39015024941521,61,6,1,"June 23, 1938",DATE,13,26
mdp.39015024941521,61,6,2,Saint Louis',GPE,27,39
mdp.39015024941521,61,6,3,"232,000",CARDINAL,76,83
mdp.39015024941521,61,6,4,Joe Lewis's,PERSON,113,124
mdp.39015024941521,61,6,5,one,CARDINAL,125,128
mdp.39015024941521,62,0,0,Max Schmelling,PERSON,22,36
mdp.39015024941521,62,0,1,last night,TIME,37,47
mdp.39015024941521,62,2,0,a few moments,TIME,31,44
mdp.39015024941521,62,2,1,Schmelling,PERSON,51,61
mdp.39015024941521,62,2,2,Chicago,GPE,90,97
mdp.39015024941521,62,3,0,Negroes,NORP,8,15
mdp.39015024941521,62,4,0,New Year's Eve,DATE,65,79
mdp.39015024941521,62,5,0,Cholly,PERSON,1,7
mdp.39015024941521,62,5,1,Lester,PERSON,59,65
mdp.39015024941521,62,6,0,Cholly,PERSON,35,41
mdp.39015024941521,62,8,0,Lester,PERSON,0,6
mdp.39015024941521,62,10,0,Indian,NORP,64,70
mdp.39015024941521,62,11,0,Cholly,PERSON,0,6
mdp.39015024941521,62,13,0,PQ,ORG,45,47
mdp.39015024941521,62,16,0,ONE,CARDINAL,48,51
mdp.39015024941521,62,16,1,Schmelling,PERSON,96,106
mdp.39015024941521,62,16,2,second,ORDINAL,112,118
mdp.39015024941521,62,16,3,Joe Louis,PERSON,126,135
mdp.39015024941521,62,17,0,America,GPE,27,34
mdp.39015024941521,62,17,1,Hitler,PERSON,40,46
mdp.39015024941521,62,19,0,Les,PERSON,15,18
mdp.39015024941521,63,0,0,Zoot,PERSON,129,133
mdp.39015024941521,63,0,1,today,DATE,161,166
mdp.39015024941521,63,2,0,Arvis,FAC,24,29
mdp.39015024941521,63,2,1,Aldrich,PERSON,31,38
mdp.39015024941521,63,2,2,Cholly,PERSON,94,100
mdp.39015024941521,63,5,0,Mack,PERSON,43,47
mdp.39015024941521,63,5,1,World War I,EVENT,83,94
mdp.39015024941521,63,6,0,PQ,PERSON,0,2
mdp.39015024941521,63,7,0,Joe Louis,PERSON,22,31
mdp.39015024941521,63,8,0,America,GPE,1,8
mdp.39015024941521,63,9,0,American,NORP,5,13
mdp.39015024941521,63,9,1,American,NORP,21,29
mdp.39015024941521,63,9,2,Europe,LOC,42,48
mdp.39015024941521,63,10,0,Cholly,PERSON,14,20
mdp.39015024941521,63,14,0,Two minutes,TIME,0,11
mdp.39015024941521,63,14,1,Joe Louis,PERSON,16,25
mdp.39015024941521,63,17,0,Hope,PERSON,6,10
mdp.39015024941521,63,17,1,Maclean,PERSON,30,37
mdp.39015024941521,63,19,0,Zoot,PERSON,12,16
mdp.39015024941521,63,20,0,Mack,PERSON,32,36
mdp.39015024941521,63,22,0,Mack,PERSON,37,41
mdp.39015024941521,64,0,0,52,CARDINAL,0,2
mdp.39015024941521,64,0,1,Xam Wilson Cartier,PERSON,3,21
mdp.39015024941521,64,0,2,SCHMELLING,PERSON,22,32
mdp.39015024941521,64,0,3,PQ,PERSON,63,65
mdp.39015024941521,64,4,0,Kurfürstendamm,GPE,0,14
mdp.39015024941521,64,4,1,"June 23, 1938",DATE,16,29
mdp.39015024941521,64,5,0,Kurfürstendamm,GPE,1,15
mdp.39015024941521,64,5,1,Joe Louis's,PERSON,30,41
mdp.39015024941521,64,5,2,Max Schmelling,PERSON,64,78
mdp.39015024941521,64,5,3,two minutes four seconds,TIME,82,106
mdp.39015024941521,64,6,0,Schmelling,PERSON,41,51
mdp.39015024941521,64,7,0,PQ,PERSON,32,34
mdp.39015024941521,64,7,1,Double,PERSON,87,93
mdp.39015024941521,64,8,0,Joe,PERSON,33,36
mdp.39015024941521,64,9,0,Joe,PERSON,17,20
mdp.39015024941521,64,14,0,Joe,PERSON,11,14
mdp.39015024941521,64,16,0,Joe,PERSON,0,3
mdp.39015024941521,64,16,1,Max,PERSON,9,12
mdp.39015024941521,64,19,0,Nazis,NORP,6,11
mdp.39015024941521,64,19,1,Schmelling,PERSON,17,27
mdp.39015024941521,64,20,0,Jew,NORP,10,13
mdp.39015024941521,64,20,1,Spade,PERSON,19,24
mdp.39015024941521,64,21,0,Stoppa,PERSON,11,17
mdp.39015024941521,65,0,0,53,CARDINAL,15,17
mdp.39015024941521,65,3,0,Stowe Teachers College,ORG,0,22
mdp.39015024941521,65,5,0,the Texas Panhandle,LOC,100,119
mdp.39015024941521,65,5,1,Saint Lou,GPE,165,174
mdp.39015024941521,65,6,0,Nat King Cole's,PERSON,4,19
mdp.39015024941521,65,6,1,RCA,ORG,20,23
mdp.39015024941521,65,13,0,Double,ORG,23,29
mdp.39015024941521,65,14,0,Zoot,PERSON,0,4
mdp.39015024941521,65,15,0,Les,PERSON,83,86
mdp.39015024941521,66,0,0,Xam Wilson Cartier,PERSON,3,21
mdp.39015024941521,66,1,0,Double,PERSON,12,18
mdp.39015024941521,66,5,0,Lester,PERSON,0,6
mdp.39015024941521,66,8,0,PQ,PERSON,0,2
mdp.39015024941521,66,8,1,HITLER,PERSON,136,142
mdp.39015024941521,66,8,2,GOEBBELS,PERSON,144,152
mdp.39015024941521,66,8,3,SCHMELLING,PERSON,176,186
mdp.39015024941521,66,9,0,Ondra,PERSON,70,75
mdp.39015024941521,66,9,1,Max,PERSON,101,104
mdp.39015024941521,66,12,0,PQ,PERSON,0,2
mdp.39015024941521,67,0,0,11,CARDINAL,0,2
mdp.39015024941521,68,0,0,1,CARDINAL,0,1
mdp.39015024941521,69,0,0,Muz,PERSON,0,3
mdp.39015024941521,69,5,0,today,DATE,36,41
mdp.39015024941521,69,5,1,Charlie,PERSON,192,199
mdp.39015024941521,69,5,2,Muz,PERSON,210,213
mdp.39015024941521,69,5,3,Mia,PERSON,231,234
mdp.39015024941521,69,5,4,four years old,DATE,241,255
mdp.39015024941521,69,6,0,98-degree,QUANTITY,29,38
mdp.39015024941521,69,6,1,Saint Brew,FAC,57,67
mdp.39015024941521,69,6,2,all day,DATE,94,101
mdp.39015024941521,69,6,3,Mia,PERSON,148,151
mdp.39015024941521,70,0,0,58,CARDINAL,0,2
mdp.39015024941521,70,0,1,Xam Wilson Cartier,PERSON,3,21
mdp.39015024941521,70,1,0,the day,DATE,9,16
mdp.39015024941521,70,1,1,Muz,PERSON,69,72
mdp.39015024941521,70,1,2,Mia,PERSON,158,161
mdp.39015024941521,70,1,3,Muz,PERSON,210,213
mdp.39015024941521,70,1,4,Charlie,PERSON,221,228
mdp.39015024941521,70,1,5,Cheetah,PERSON,301,308
mdp.39015024941521,70,1,6,JaneCheetah,PERSON,314,325
mdp.39015024941521,70,2,0,Charlie,PERSON,0,7
mdp.39015024941521,70,4,0,Charlie,PERSON,46,53
mdp.39015024941521,70,4,1,midnight,TIME,56,64
mdp.39015024941521,70,4,2,the later day's,DATE,93,108
mdp.39015024941521,70,5,0,Muz,PERSON,91,94
mdp.39015024941521,70,6,0,Jane,PERSON,137,141
mdp.39015024941521,70,7,0,Charlie,PERSON,111,118
mdp.39015024941521,70,8,0,Charlie,PERSON,25,32
mdp.39015024941521,70,9,0,two,CARDINAL,83,86
mdp.39015024941521,71,0,0,59,CARDINAL,15,17
mdp.39015024941521,71,5,0,Charlie,PERSON,16,23
mdp.39015024941521,71,7,0,Mia,PERSON,19,22
mdp.39015024941521,71,12,0,Muz,PERSON,157,160
mdp.39015024941521,71,12,1,fifth,ORDINAL,165,170
mdp.39015024941521,71,12,2,Cutty Shark,WORK_OF_ART,174,185
mdp.39015024941521,71,13,0,Muz,PERSON,10,13
mdp.39015024941521,71,13,1,San Fran,GPE,67,75
mdp.39015024941521,72,2,0,two,CARDINAL,8,11
mdp.39015024941521,72,4,0,One,CARDINAL,6,9
mdp.39015024941521,72,5,0,Two,CARDINAL,6,9
mdp.39015024941521,72,6,0,George,PERSON,10,16
mdp.39015024941521,72,14,0,George,PERSON,26,32
mdp.39015024941521,72,18,0,four years,DATE,51,61
mdp.39015024941521,72,19,0,two,CARDINAL,186,189
mdp.39015024941521,73,0,0,two,CARDINAL,210,213
mdp.39015024941521,73,1,0,Five,CARDINAL,0,4
mdp.39015024941521,73,1,1,four,CARDINAL,6,10
mdp.39015024941521,73,1,2,three,CARDINAL,12,17
mdp.39015024941521,73,1,3,two,CARDINAL,19,22
mdp.39015024941521,73,5,0,Muz,PERSON,27,30
mdp.39015024941521,73,5,1,the minute,TIME,65,75
mdp.39015024941521,73,6,0,Mia,PERSON,35,38
mdp.39015024941521,73,7,0,only nine,DATE,13,22
mdp.39015024941521,73,7,1,nine,DATE,151,155
mdp.39015024941521,73,10,0,daybreak,TIME,115,123
mdp.39015024941521,73,10,1,the day,DATE,127,134
mdp.39015024941521,73,10,2,Double,PERSON,141,147
mdp.39015024941521,73,11,0,Muz,PERSON,23,26
mdp.39015024941521,73,12,0,Courting of Disaster,WORK_OF_ART,209,229
mdp.39015024941521,74,0,0,62,CARDINAL,0,2
mdp.39015024941521,74,0,1,Xam Wilson Cartier,PERSON,3,21
mdp.39015024941521,74,1,0,Muz,PERSON,113,116
mdp.39015024941521,74,1,1,Double,PERSON,175,181
mdp.39015024941521,74,1,2,Double,PERSON,220,226
mdp.39015024941521,74,2,0,Double,PERSON,13,19
mdp.39015024941521,74,3,0,Double,PERSON,6,12
mdp.39015024941521,74,4,0,Muz,PERSON,21,24
mdp.39015024941521,74,4,1,today,DATE,28,33
mdp.39015024941521,74,6,0,Muz,PERSON,24,27
mdp.39015024941521,74,6,1,a scant year ago,DATE,39,55
mdp.39015024941521,74,7,0,K.C. MO,GPE,49,56
mdp.39015024941521,75,15,0,Double,PERSON,9,15
mdp.39015024941521,76,0,0,64 Xam Wilson Cartier,PERSON,0,21
mdp.39015024941521,76,1,0,millenniums ago,DATE,99,114
mdp.39015024941521,76,12,0,One,CARDINAL,0,3
mdp.39015024941521,76,15,0,Muz,PERSON,0,3
mdp.39015024941521,76,15,1,the Spansamerica Pyramid,FAC,117,141
mdp.39015024941521,76,15,2,San Fran's,GPE,169,179
mdp.39015024941521,76,15,3,Financial District,LOC,180,198
mdp.39015024941521,76,17,0,all day long,DATE,58,70
mdp.39015024941521,76,18,0,Two,CARDINAL,0,3
mdp.39015024941521,76,18,1,nine-to-fivers,CARDINAL,38,52
mdp.39015024941521,77,0,0,65,CARDINAL,15,17
mdp.39015024941521,77,1,0,Sacramento Street,FAC,82,99
mdp.39015024941521,77,1,1,Nob Hill,FAC,140,148
mdp.39015024941521,77,1,2,the Mark Hopkins Hotel,FAC,164,186
mdp.39015024941521,77,1,3,St. Mary's Cathedral,FAC,230,250
mdp.39015024941521,77,2,0,Muz,PERSON,21,24
mdp.39015024941521,77,2,1,last night,TIME,81,91
mdp.39015024941521,77,3,0,Dowager,PERSON,0,7
mdp.39015024941521,77,6,0,Muz,PERSON,36,39
mdp.39015024941521,77,7,0,eight-year-old,DATE,266,280
mdp.39015024941521,77,7,1,Muz,PERSON,298,301
mdp.39015024941521,77,7,2,one,CARDINAL,443,446
mdp.39015024941521,78,0,0,Xam Wilson Cartier,PERSON,3,21
mdp.39015024941521,78,2,0,Muz,PERSON,9,12
mdp.39015024941521,78,5,0,Charlie,PERSON,15,22
mdp.39015024941521,78,5,1,Muz,PERSON,135,138
mdp.39015024941521,78,5,2,Charlie,PERSON,148,155
mdp.39015024941521,78,6,0,Two,CARDINAL,0,3
mdp.39015024941521,78,7,0,those days,DATE,18,28
mdp.39015024941521,78,13,0,Muz,PERSON,59,62
mdp.39015024941521,78,13,1,Charlie,PERSON,99,106
mdp.39015024941521,78,13,2,last year,DATE,107,116
mdp.39015024941521,79,0,0,Muz,PERSON,39,42
mdp.39015024941521,79,0,1,Muz,PERSON,200,203
mdp.39015024941521,79,1,0,the deadening days,DATE,87,105
mdp.39015024941521,79,1,1,the Great Depression,EVENT,109,129
mdp.39015024941521,79,2,0,two,CARDINAL,198,201
mdp.39015024941521,79,2,1,five,CARDINAL,223,227
mdp.39015024941521,79,2,2,1936,DATE,281,285
mdp.39015024941521,79,3,0,Grandad,PERSON,20,27
mdp.39015024941521,79,6,0,Grandad,PERSON,0,7
mdp.39015024941521,79,7,0,Muz,PERSON,33,36
mdp.39015024941521,79,7,1,Muz,PERSON,64,67
mdp.39015024941521,79,7,2,Charlie,PERSON,198,205
mdp.39015024941521,80,0,0,Xam Wilson Cartier,PERSON,3,21
mdp.39015024941521,80,0,1,Charlie,PERSON,63,70
mdp.39015024941521,80,5,0,San Fran,GPE,108,116
mdp.39015024941521,80,5,1,Charlie,PERSON,169,176
mdp.39015024941521,80,6,0,one,CARDINAL,19,22
mdp.39015024941521,80,6,1,East St. Lou,FAC,89,101
mdp.39015024941521,80,6,2,Charlie,PERSON,108,115
mdp.39015024941521,80,7,0,Charlie's Record,WORK_OF_ART,25,41
mdp.39015024941521,80,7,1,one,CARDINAL,96,99
mdp.39015024941521,80,8,0,Charlie,PERSON,3,10
mdp.39015024941521,80,8,1,John Coltrane's,PERSON,23,38
mdp.39015024941521,80,8,2,My Favorite Things,WORK_OF_ART,39,57
mdp.39015024941521,80,9,0,Charlie,PERSON,18,25
mdp.39015024941521,80,9,1,half,CARDINAL,28,32
mdp.39015024941521,80,9,2,Muz,ORG,82,85
mdp.39015024941521,80,9,3,Love Is The Only Elixir,WORK_OF_ART,122,145
mdp.39015024941521,80,11,0,Charlie,PERSON,55,62
mdp.39015024941521,80,11,1,Charlie,PERSON,185,192
mdp.39015024941521,80,11,2,Charlie,PERSON,282,289
mdp.39015024941521,81,1,0,one,CARDINAL,65,68
mdp.39015024941521,81,1,1,one,CARDINAL,83,86
mdp.39015024941521,81,2,0,one,CARDINAL,113,116
mdp.39015024941521,81,2,1,Charlie,PERSON,144,151
mdp.39015024941521,81,2,2,Trane,PRODUCT,154,159
mdp.39015024941521,81,2,3,My Favorite Things,WORK_OF_ART,174,192
mdp.39015024941521,81,3,0,Charlie,PERSON,41,48
mdp.39015024941521,81,3,1,two,CARDINAL,184,187
mdp.39015024941521,81,3,2,Charlie,PERSON,256,263
mdp.39015024941521,81,3,3,Charlie,PERSON,420,427
mdp.39015024941521,81,4,0,Two,CARDINAL,151,154
mdp.39015024941521,81,5,0,one,CARDINAL,67,70
mdp.39015024941521,81,8,0,Muz,PERSON,44,47
mdp.39015024941521,81,8,1,Muz,PERSON,85,88
mdp.39015024941521,82,2,0,Charlie,PERSON,41,48
mdp.39015024941521,82,4,0,Charlie,PERSON,103,110
mdp.39015024941521,82,4,1,Muz,PERSON,129,132
mdp.39015024941521,82,4,2,Double,PERSON,137,143
mdp.39015024941521,82,5,0,Muz,PERSON,0,3
mdp.39015024941521,82,5,1,Charlie,PERSON,38,45
mdp.39015024941521,82,5,2,Double,PERSON,53,59
mdp.39015024941521,82,10,0,Muz,PERSON,24,27
mdp.39015024941521,82,10,1,These days,DATE,90,100
mdp.39015024941521,82,10,2,these days,DATE,105,115
mdp.39015024941521,82,10,3,first,ORDINAL,186,191
mdp.39015024941521,82,12,0,Muz,PERSON,4,7
mdp.39015024941521,83,0,0,today,DATE,96,101
mdp.39015024941521,83,1,0,Charlie,PERSON,25,32
mdp.39015024941521,84,2,0,Muz,PERSON,30,33
mdp.39015024941521,84,2,1,late-night,TIME,127,137
mdp.39015024941521,84,2,2,San Fran,GPE,244,252
mdp.39015024941521,84,2,3,Muz,PERSON,338,341
mdp.39015024941521,84,3,0,Muz,PERSON,21,24
mdp.39015024941521,84,6,0,72,CARDINAL,18,20
mdp.39015024941521,85,1,0,Spin Peaks,LOC,192,202
mdp.39015024941521,85,3,0,Charlie,PERSON,211,218
mdp.39015024941521,85,3,1,San Fran,GPE,328,336
mdp.39015024941521,85,4,0,Muz,PERSON,135,138
mdp.39015024941521,86,1,0,Rorschach,PRODUCT,12,21
mdp.39015024941521,86,10,0,no more than one,CARDINAL,53,69
mdp.39015024941521,86,11,0,six,CARDINAL,14,17
mdp.39015024941521,86,11,1,twenty-four hours,TIME,27,44
mdp.39015024941521,86,16,0,daily,DATE,149,154
mdp.39015024941521,86,18,0,Muz,PERSON,3,6
mdp.39015024941521,86,18,1,San Fran,GPE,47,55
mdp.39015024941521,86,18,2,San Fran,GPE,179,187
mdp.39015024941521,86,18,3,Saint Lou,GPE,201,210
mdp.39015024941521,86,19,0,Saint Lou,PERSON,3,12
mdp.39015024941521,87,0,0,Gateway Arch,FAC,32,44
mdp.39015024941521,87,0,1,Mississippi River,LOC,235,252
mdp.39015024941521,87,1,0,Saint Lou,GPE,4,13
mdp.39015024941521,87,1,1,winters,DATE,64,71
mdp.39015024941521,87,1,2,Saint Lou,GPE,185,194
mdp.39015024941521,87,1,3,Midmyth,GPE,196,203
mdp.39015024941521,87,1,4,Wozark billyhills,GPE,301,318
mdp.39015024941521,87,1,5,Old Courthouse,FAC,331,345
mdp.39015024941521,87,1,6,Dixiemyth,PERSON,360,369
mdp.39015024941521,87,1,7,Ned Plot,PERSON,392,400
mdp.39015024941521,87,3,0,Saint Lou,GPE,0,9
mdp.39015024941521,87,3,1,Mississippi,GPE,31,42
mdp.39015024941521,87,3,2,Niggerjim,PERSON,90,99
mdp.39015024941521,87,3,3,Huck,PERSON,116,120
mdp.39015024941521,87,3,4,last year,DATE,139,148
mdp.39015024941521,87,3,5,San Fran,GPE,221,229
mdp.39015024941521,87,3,6,Three Flags,ORG,275,286
mdp.39015024941521,87,3,7,Saint Lou's,PERSON,363,374
mdp.39015024941521,87,4,0,days,DATE,60,64
mdp.39015024941521,87,4,1,Hawk,PERSON,85,89
mdp.39015024941521,87,4,2,last year,DATE,269,278
mdp.39015024941521,88,0,0,Xam Wilson Cartier,PERSON,3,21
mdp.39015024941521,88,1,0,one,CARDINAL,84,87
mdp.39015024941521,88,1,1,second,ORDINAL,128,134
mdp.39015024941521,88,2,0,Reena Lorne,PERSON,117,128
mdp.39015024941521,88,2,1,WWII,EVENT,142,146
mdp.39015024941521,88,7,0,Reena,PERSON,47,52
mdp.39015024941521,88,8,0,Hawk,PRODUCT,35,39
mdp.39015024941521,88,8,1,eons,DATE,78,82
mdp.39015024941521,88,8,2,Hawk,PRODUCT,171,175
mdp.39015024941521,88,9,0,Hawk,PERSON,0,4
mdp.39015024941521,88,14,0,Hawk,PRODUCT,15,19
mdp.39015024941521,88,15,0,Hawk,PRODUCT,51,55
mdp.39015024941521,89,2,0,second,ORDINAL,32,38
mdp.39015024941521,89,2,1,Hawk,PERSON,67,71
mdp.39015024941521,90,0,0,Xam Wilson Cartier,PERSON,3,21
mdp.39015024941521,90,2,0,five-seven,CARDINAL,200,210
mdp.39015024941521,90,2,1,six-one,QUANTITY,214,221
mdp.39015024941521,90,5,0,Hawk,PERSON,129,133
mdp.39015024941521,90,9,0,the Hawk's Personal Statement,WORK_OF_ART,27,56
mdp.39015024941521,90,9,1,Lewisnclark School of Medicine,ORG,65,95
mdp.39015024941521,90,9,2,Mia,PERSON,155,158
mdp.39015024941521,90,9,3,two-year-old's,DATE,168,182
mdp.39015024941521,90,9,4,Hawk,PERSON,298,302
mdp.39015024941521,90,9,5,Lewisnclark U.,ORG,317,331
mdp.39015024941521,90,9,6,St. Brew,GPE,340,348
mdp.39015024941521,90,11,0,three,CARDINAL,41,46
mdp.39015024941521,91,0,0,1,CARDINAL,413,414
mdp.39015024941521,91,0,1,SAINT LOU,GPE,441,450
mdp.39015024941521,91,0,2,L&C,GPE,472,475
mdp.39015024941521,91,3,0,2,CARDINAL,1,2
mdp.39015024941521,91,3,1,AN L&C ALUMNA,PERSON,13,26
mdp.39015024941521,91,5,0,3,CARDINAL,1,2
mdp.39015024941521,91,7,0,today,DATE,30,35
mdp.39015024941521,91,7,1,Hawk,PERSON,155,159
mdp.39015024941521,91,9,0,Hawk,PERSON,4,8
mdp.39015024941521,92,0,0,80 Xam Wilson Cartier,PERSON,0,21
mdp.39015024941521,92,2,0,Hawk,PERSON,4,8
mdp.39015024941521,92,6,0,Hawk,PERSON,5,9
mdp.39015024941521,92,8,0,WASP,NORP,48,52
mdp.39015024941521,92,8,1,one,CARDINAL,144,147
mdp.39015024941521,92,9,0,Hawk,ORG,16,20
mdp.39015024941521,92,10,0,Hawk,PRODUCT,62,66
mdp.39015024941521,92,11,0,Hawk,PRODUCT,36,40
mdp.39015024941521,92,15,0,one,CARDINAL,272,275
mdp.39015024941521,92,15,1,St. Lou,FAC,329,336
mdp.39015024941521,93,1,0,Hawk,PERSON,25,29
mdp.39015024941521,93,2,0,the Taj Mahal,FAC,26,39
mdp.39015024941521,93,5,0,Hawk,PERSON,29,33
mdp.39015024941521,93,6,0,Blood,PERSON,52,57
mdp.39015024941521,93,7,0,Blood,PERSON,2,7
mdp.39015024941521,93,7,1,one,CARDINAL,15,18
mdp.39015024941521,93,7,2,L&C,ORG,39,42
mdp.39015024941521,93,7,3,six thousand,CARDINAL,109,121
mdp.39015024941521,93,7,4,Blood,PERSON,132,137
mdp.39015024941521,93,7,5,YMCA,ORG,198,202
mdp.39015024941521,93,7,6,L&C U.,ORG,278,284
mdp.39015024941521,93,8,0,a year,DATE,11,17
mdp.39015024941521,93,8,1,Y,ORG,57,58
mdp.39015024941521,93,8,2,nights,TIME,118,124
mdp.39015024941521,93,9,0,Blood,PERSON,15,20
mdp.39015024941521,93,10,0,Hawk,PERSON,33,37
mdp.39015024941521,93,13,0,Hawk,PERSON,16,20
mdp.39015024941521,94,0,0,Xam Wilson Cartier,PERSON,3,21
mdp.39015024941521,94,2,0,Vole,PERSON,28,32
mdp.39015024941521,94,2,1,Hawk,PRODUCT,82,86
mdp.39015024941521,94,2,2,Hawk,PRODUCT,233,237
mdp.39015024941521,94,3,0,Hawk,PERSON,37,41
mdp.39015024941521,94,3,1,medskool,ORG,96,104
mdp.39015024941521,94,3,2,Vole,PERSON,248,252
mdp.39015024941521,94,4,0,Hawk,PERSON,9,13
mdp.39015024941521,94,5,0,Hawk,PERSON,72,76
mdp.39015024941521,95,0,0,83,CARDINAL,15,17
mdp.39015024941521,95,2,0,Vole,PERSON,104,108
mdp.39015024941521,95,2,1,Double,PERSON,113,119
mdp.39015024941521,95,6,0,Vole,PERSON,30,34
mdp.39015024941521,95,6,1,the day,DATE,77,84
mdp.39015024941521,95,7,0,the day,DATE,9,16
mdp.39015024941521,95,7,1,Sacred Sacrament School,ORG,183,206
mdp.39015024941521,95,8,0,ten,DATE,11,14
mdp.39015024941521,95,8,1,a lifetime,DATE,27,37
mdp.39015024941521,96,2,0,Sacrament School,ORG,6,22
mdp.39015024941521,96,6,0,Vole,PERSON,0,4
mdp.39015024941521,96,9,0,fifth,ORDINAL,19,24
mdp.39015024941521,96,10,0,One,CARDINAL,1,4
mdp.39015024941521,96,10,1,Vole,PERSON,11,15
mdp.39015024941521,96,13,0,a billion,CARDINAL,11,20
mdp.39015024941521,96,13,1,Muz,PERSON,118,121
mdp.39015024941521,96,16,0,Vole,PERSON,23,27
mdp.39015024941521,96,17,0,Jude,PERSON,17,21
mdp.39015024941521,96,23,0,Jude,PERSON,0,4
mdp.39015024941521,96,23,1,three,CARDINAL,12,17
mdp.39015024941521,96,24,0,Vole,PERSON,30,34
mdp.39015024941521,96,26,0,Vole,PERSON,11,15
mdp.39015024941521,96,26,1,Double,PERSON,18,24
mdp.39015024941521,97,1,0,Vole,PERSON,12,16
mdp.39015024941521,97,4,0,Double,PERSON,16,22
mdp.39015024941521,97,5,0,Vole,PERSON,85,89
mdp.39015024941521,97,9,0,one,CARDINAL,42,45
mdp.39015024941521,97,11,0,Muz,PERSON,0,3
mdp.39015024941521,97,13,0,Sacred Sacrament Elementary School,ORG,15,49
mdp.39015024941521,97,13,1,tomorrow,DATE,50,58
mdp.39015024941521,97,14,0,a minute,TIME,156,164
mdp.39015024941521,97,14,1,Vole,PERSON,166,170
mdp.39015024941521,97,14,2,Double,PERSON,173,179
mdp.39015024941521,97,14,3,Vole,PERSON,200,204
mdp.39015024941521,97,17,0,Double,PERSON,30,36
mdp.39015024941521,97,18,0,Jude,PERSON,43,47
mdp.39015024941521,97,18,1,Double,PERSON,52,58
mdp.39015024941521,97,21,0,Double,PERSON,7,13
mdp.39015024941521,98,0,0,86 Xam Wilson Cartier,PERSON,0,21
mdp.39015024941521,98,2,0,Vole,PERSON,35,39
mdp.39015024941521,98,2,1,one,CARDINAL,45,48
mdp.39015024941521,98,4,0,Double,PERSON,4,10
mdp.39015024941521,98,4,1,Vole,PERSON,18,22
mdp.39015024941521,98,4,2,Sugar,PERSON,67,72
mdp.39015024941521,98,4,3,Vole,PERSON,292,296
mdp.39015024941521,98,16,0,Double,PERSON,74,80
mdp.39015024941521,98,16,1,Vole,PERSON,162,166
mdp.39015024941521,98,16,2,Double,PERSON,195,201
mdp.39015024941521,98,17,0,Vole,PERSON,106,110
mdp.39015024941521,98,17,1,Double,PERSON,119,125
mdp.39015024941521,99,1,0,Tomish,NORP,26,32
mdp.39015024941521,99,3,0,Vole,PERSON,65,69
mdp.39015024941521,99,4,0,Vole,PERSON,34,38
mdp.39015024941521,99,6,0,Vole,PERSON,28,32
mdp.39015024941521,99,11,0,Vole,PERSON,50,54
mdp.39015024941521,99,11,1,Sacred Sac,ORG,221,231
mdp.39015024941521,99,11,2,Double,PERSON,296,302
mdp.39015024941521,100,0,0,Xam Wilson Cartier,PERSON,3,21
mdp.39015024941521,100,1,0,Vole,PERSON,100,104
mdp.39015024941521,100,9,0,Double,PERSON,25,31
mdp.39015024941521,100,9,1,Double,PERSON,244,250
mdp.39015024941521,101,0,0,89,CARDINAL,15,17
mdp.39015024941521,101,2,0,St. Brew,GPE,110,118
mdp.39015024941521,101,4,0,at least one,CARDINAL,47,59
mdp.39015024941521,101,4,1,winter,DATE,60,66
mdp.39015024941521,101,4,2,the season,DATE,68,78
mdp.39015024941521,101,5,0,winter,DATE,16,22
mdp.39015024941521,101,5,1,Saint Brew,GPE,26,36
mdp.39015024941521,101,5,2,winter,DATE,38,44
mdp.39015024941521,101,5,3,Hawk,PRODUCT,134,138
mdp.39015024941521,101,5,4,Tube,PRODUCT,163,167
mdp.39015024941521,101,5,5,LC,PERSON,205,207
mdp.39015024941521,101,5,6,Mia,PERSON,250,253
mdp.39015024941521,101,5,7,threelfour-hour,TIME,346,361
mdp.39015024941521,101,5,8,three A.M.,TIME,443,453
mdp.39015024941521,102,0,0,Xam Wilson Cartier,PERSON,3,21
mdp.39015024941521,102,5,0,a winter,DATE,7,15
mdp.39015024941521,102,5,1,that winter,DATE,39,50
mdp.39015024941521,102,5,2,San Fran,GPE,108,116
mdp.39015024941521,102,5,3,Hawk,PERSON,127,131
mdp.39015024941521,102,7,0,San Fran,GPE,58,66
mdp.39015024941521,102,10,0,Lotusland,GPE,81,90
mdp.39015024941521,102,10,1,Los Diablos,GPE,151,162
mdp.39015024941521,102,10,2,San Fran,GPE,199,207
mdp.39015024941521,102,11,0,that final winter,DATE,29,46
mdp.39015024941521,102,11,1,medskool,ORG,200,208
mdp.39015024941521,102,11,2,San Fran,GPE,301,309
mdp.39015024941521,102,11,3,Saint Brew,LOC,370,380
mdp.39015024941521,103,2,0,two,CARDINAL,137,140
mdp.39015024941521,103,2,1,one,CARDINAL,254,257
mdp.39015024941521,103,2,2,Hawk,PRODUCT,437,441
mdp.39015024941521,103,2,3,the U. of San Span,ORG,479,497
mdp.39015024941521,103,2,4,Hawk,PERSON,510,514
mdp.39015024941521,103,5,0,Hawk,PERSON,121,125
mdp.39015024941521,103,5,1,the U. of San Span,ORG,155,173
mdp.39015024941521,103,7,0,THE U. OF SS!-I,GPE,72,87
mdp.39015024941521,104,0,0,Xam Wilson Cartier,PERSON,3,21
mdp.39015024941521,104,3,0,THE U. OF SAN SPAN,GPE,20,38
mdp.39015024941521,104,3,1,FIRST,ORDINAL,190,195
mdp.39015024941521,104,11,0,Saint Brew,LOC,60,70
mdp.39015024941521,104,11,1,Midmyth,LOC,106,113
mdp.39015024941521,105,0,0,93,CARDINAL,15,17
mdp.39015024941521,105,0,1,Demomyth,LOC,25,33
mdp.39015024941521,105,4,0,Hawk,PERSON,36,40
mdp.39015024941521,105,4,1,five days,DATE,140,149
mdp.39015024941521,105,6,0,today,DATE,21,26
mdp.39015024941521,105,6,1,Big4 University's,ORG,61,78
mdp.39015024941521,105,9,0,faubustians,NORP,39,50
mdp.39015024941521,105,9,1,Midmyth,GPE,79,86
mdp.39015024941521,105,9,2,Dixiemyth,GPE,104,113
mdp.39015024941521,106,0,0,Xam Wilson Cartier,PERSON,3,21
mdp.39015024941521,106,0,1,Mayflower City,GPE,149,163
mdp.39015024941521,106,3,0,the end of said semester,DATE,10,34
mdp.39015024941521,106,3,1,Genetics,ORG,133,141
mdp.39015024941521,106,4,0,A,PERSON,4,5
mdp.39015024941521,106,4,1,Hawk,PERSON,15,19
mdp.39015024941521,106,4,2,Latter Day U.,ORG,65,78
mdp.39015024941521,106,4,3,Seasalt City,GPE,82,94
mdp.39015024941521,106,4,4,Hawk,PERSON,106,110
mdp.39015024941521,106,4,5,Boremans,PERSON,196,204
mdp.39015024941521,106,5,0,Latter,ORG,27,33
mdp.39015024941521,106,5,1,the U. of Saint Lou,ORG,45,64
mdp.39015024941521,106,6,0,L.U.,GPE,46,50
mdp.39015024941521,106,9,0,just a peckerwood minute,TIME,10,34
mdp.39015024941521,106,10,0,Hawk,PERSON,4,8
mdp.39015024941521,106,12,0,Hawk,PERSON,104,108
mdp.39015024941521,106,12,1,Latter Day U.,ORG,132,145
mdp.39015024941521,106,12,2,six weeks ago,DATE,201,214
mdp.39015024941521,106,12,3,second,ORDINAL,329,335
mdp.39015024941521,106,12,4,Hawk,PERSON,363,367
mdp.39015024941521,107,1,0,today,DATE,33,38
mdp.39015024941521,107,1,1,Hawk,PERSON,51,55
mdp.39015024941521,107,3,0,two,CARDINAL,42,45
mdp.39015024941521,107,5,0,30%,PERCENT,187,190
mdp.39015024941521,107,6,0,Vole,PERSON,72,76
mdp.39015024941521,107,6,1,Vole,PERSON,205,209
mdp.39015024941521,107,7,0,Vole,PERSON,1,5
mdp.39015024941521,107,7,1,Chick,PRODUCT,66,71
mdp.39015024941521,107,7,2,Vole,PERSON,184,188
mdp.39015024941521,107,9,0,One,CARDINAL,23,26
mdp.39015024941521,108,0,0,Xam Wilson Cartier,PERSON,3,21
mdp.39015024941521,108,2,0,Vole,PERSON,4,8
mdp.39015024941521,108,7,0,Vole,PERSON,35,39
mdp.39015024941521,108,7,1,three,CARDINAL,298,303
mdp.39015024941521,108,9,0,Today,DATE,0,5
mdp.39015024941521,108,10,0,the whole day,DATE,13,26
mdp.39015024941521,108,10,1,yesterday,DATE,40,49
mdp.39015024941521,108,11,0,today,DATE,6,11
mdp.39015024941521,108,11,1,today,DATE,15,20
mdp.39015024941521,108,11,2,a minute,TIME,113,121
mdp.39015024941521,108,13,0,Man In the Marigolds,WORK_OF_ART,122,142
mdp.39015024941521,108,13,1,the U. of Saint Brew,ORG,147,167
mdp.39015024941521,108,13,2,later that nite,TIME,168,183
mdp.39015024941521,108,13,3,first,ORDINAL,200,205
mdp.39015024941521,108,13,4,six,CARDINAL,214,217
mdp.39015024941521,109,0,0,97 months,DATE,15,24
mdp.39015024941521,109,0,1,weeks ago,DATE,54,63
mdp.39015024941521,109,9,0,Vole,PERSON,48,52
mdp.39015024941521,109,9,1,Cutty Shark,PRODUCT,132,143
mdp.39015024941521,109,10,0,Vole,PERSON,11,15
mdp.39015024941521,109,10,1,1322,DATE,155,159
mdp.39015024941521,109,11,0,Vole,PERSON,21,25
mdp.39015024941521,109,11,1,seventeen,DATE,175,184
mdp.39015024941521,109,11,2,Vole,PERSON,293,297
mdp.39015024941521,110,0,0,Xam Wilson Cartier,PERSON,3,21
mdp.39015024941521,110,0,1,Vole,PERSON,26,30
mdp.39015024941521,110,3,0,Muz,PERSON,96,99
mdp.39015024941521,110,3,1,Freudian,NORP,135,143
mdp.39015024941521,110,4,0,Muz,PERSON,8,11
mdp.39015024941521,110,4,1,six,CARDINAL,106,109
mdp.39015024941521,110,4,2,the Great Depression,EVENT,139,159
mdp.39015024941521,110,5,0,Muz,PERSON,60,63
mdp.39015024941521,110,8,0,Muz,PERSON,5,8
mdp.39015024941521,110,8,1,Megloe,PERSON,98,104
mdp.39015024941521,110,8,2,two,CARDINAL,117,120
mdp.39015024941521,110,8,3,U.S.,GPE,153,157
mdp.39015024941521,110,8,4,the Sadie Hawkins,PERSON,167,184
mdp.39015024941521,110,8,5,the Huckleberry Finn,PERSON,190,210
mdp.39015024941521,110,8,6,Mississippi,GPE,249,260
mdp.39015024941521,110,8,7,Rosemary,PERSON,274,282
mdp.39015024941521,110,8,8,Kate,PERSON,320,324
mdp.39015024941521,110,8,9,Rose,PERSON,451,455
mdp.39015024941521,110,8,10,Depression,EVENT,556,566
mdp.39015024941521,110,10,0,Megloe,PERSON,4,10
mdp.39015024941521,111,0,0,99,CARDINAL,15,17
mdp.39015024941521,111,1,0,Vole,PERSON,65,69
mdp.39015024941521,111,3,0,Muz,PERSON,10,13
mdp.39015024941521,111,3,1,a few years ago,DATE,14,29
mdp.39015024941521,111,3,2,Hawk,PERSON,68,72
mdp.39015024941521,111,3,3,Muz,PERSON,252,255
mdp.39015024941521,111,5,0,Dixiemyth State,GPE,75,90
mdp.39015024941521,111,5,1,1843,DATE,94,98
mdp.39015024941521,111,5,2,pre-WWII,EVENT,181,189
mdp.39015024941521,111,5,3,Segregate U.,ORG,203,215
mdp.39015024941521,111,6,0,only one-third,CARDINAL,275,289
mdp.39015024941521,111,6,1,Megloe,PERSON,290,296
mdp.39015024941521,111,6,2,one-third,CARDINAL,298,307
mdp.39015024941521,111,6,3,Megloe,PERSON,308,314
mdp.39015024941521,111,6,4,one-third,CARDINAL,316,325
mdp.39015024941521,111,6,5,Double,PERSON,326,332
mdp.39015024941521,111,6,6,one-third,CARDINAL,345,354
mdp.39015024941521,111,9,0,XMAS,DATE,15,19
mdp.39015024941521,111,9,1,next month,DATE,90,100
mdp.39015024941521,112,0,0,100,CARDINAL,0,3
mdp.39015024941521,112,0,1,Xam Wilson Cartier,ORG,4,22
mdp.39015024941521,112,0,2,Hawk,PRODUCT,61,65
mdp.39015024941521,112,0,3,U.S.S.,GPE,88,94
mdp.39015024941521,112,0,4,Lotusland,GPE,108,117
mdp.39015024941521,112,0,5,Demomyth,GPE,196,204
mdp.39015024941521,112,1,0,Spring,DATE,60,66
mdp.39015024941521,112,3,0,Stuffbound,PRODUCT,48,58
mdp.39015024941521,112,3,1,Lewisnclark U.,GPE,83,97
mdp.39015024941521,112,3,2,Burn Research Unit,ORG,109,127
mdp.39015024941521,112,3,3,Hawk,PERSON,184,188
mdp.39015024941521,112,7,0,every hour on the hour,TIME,101,123
mdp.39015024941521,112,8,0,Megloes,PERSON,18,25
mdp.39015024941521,112,8,1,Megloe,PERSON,68,74
mdp.39015024941521,112,8,2,New Year's eve,DATE,87,101
mdp.39015024941521,112,9,0,Megloe,PERSON,45,51
mdp.39015024941521,113,0,0,Meglo,PERSON,110,115
mdp.39015024941521,113,2,0,Megloes,PERSON,40,47
mdp.39015024941521,113,3,0,Cutty Shark,PERSON,59,70
mdp.39015024941521,113,3,1,Megloes,NORP,76,83
mdp.39015024941521,113,5,0,XMAS,DATE,41,45
mdp.39015024941521,113,7,0,Muz,PERSON,41,44
mdp.39015024941521,113,7,1,about twelve,DATE,123,135
mdp.39015024941521,113,7,2,Muz,PERSON,181,184
mdp.39015024941521,113,10,0,Muz,PERSON,217,220
mdp.39015024941521,113,12,0,Muz,PERSON,18,21
mdp.39015024941521,114,0,0,Xam Wilson Cartier,PERSON,4,22
mdp.39015024941521,114,2,0,XMAS,DATE,39,43
mdp.39015024941521,114,2,1,Muz,PERSON,170,173
mdp.39015024941521,114,4,0,2-Star Rennesy,ORG,69,83
mdp.39015024941521,114,7,0,Xmas,DATE,94,98
mdp.39015024941521,114,7,1,the Lil Chickadee,PERSON,421,438
mdp.39015024941521,114,8,0,Kwanzaa,DATE,14,21
mdp.39015024941521,114,8,1,Xmas,DATE,40,44
mdp.39015024941521,114,8,2,minutes,TIME,95,102
mdp.39015024941521,114,8,3,Hawk,PERSON,110,114
mdp.39015024941521,114,9,0,second,ORDINAL,4,10
mdp.39015024941521,114,9,1,Hawk,PERSON,19,23
mdp.39015024941521,114,11,0,Buzzard,PERSON,29,36
mdp.39015024941521,115,2,0,Xmas,DATE,11,15
mdp.39015024941521,115,12,0,the following month,DATE,38,57
mdp.39015024941521,115,12,1,Sundays,DATE,190,197
mdp.39015024941521,115,12,2,Hawk,PERSON,222,226
mdp.39015024941521,115,13,0,two,CARDINAL,24,27
mdp.39015024941521,115,16,0,yesterday,DATE,65,74
mdp.39015024941521,115,17,0,Hawk,PERSON,42,46
mdp.39015024941521,115,17,1,Buzzard,PRODUCT,102,109
mdp.39015024941521,115,17,2,seventeen,DATE,154,163
mdp.39015024941521,115,17,3,hasta lluega,PERSON,192,204
mdp.39015024941521,116,0,0,Xam Wilson Cartier,PERSON,4,22
mdp.39015024941521,116,1,0,Buzz,PERSON,20,24
mdp.39015024941521,116,1,1,the ninth month,DATE,36,51
mdp.39015024941521,116,1,2,that fraught-filled month,DATE,69,94
mdp.39015024941521,116,1,3,Saint Lou,GPE,100,109
mdp.39015024941521,116,1,4,Hawk,PERSON,213,217
mdp.39015024941521,116,2,0,Buzz,PERSON,75,79
mdp.39015024941521,116,3,0,Hawk,PERSON,81,85
mdp.39015024941521,116,5,0,Buzzard,PERSON,14,21
mdp.39015024941521,116,5,1,Hawk,PRODUCT,81,85
mdp.39015024941521,116,5,2,three months later,DATE,152,170
mdp.39015024941521,116,5,3,U.S.,GPE,215,219
mdp.39015024941521,116,6,0,Hollywooly,GPE,26,36
mdp.39015024941521,116,8,0,September,DATE,0,9
mdp.39015024941521,116,8,1,Saint Lou,GPE,13,22
mdp.39015024941521,116,8,2,upwards of,QUANTITY,29,39
mdp.39015024941521,116,8,3,the Hawk's,ORG,59,69
mdp.39015024941521,116,8,4,all night,TIME,245,254
mdp.39015024941521,116,9,0,only ninety degrees,QUANTITY,168,187
mdp.39015024941521,117,1,0,Buzzard,PERSON,16,23
mdp.39015024941521,117,1,1,170 pounds,QUANTITY,80,90
mdp.39015024941521,117,1,2,Sasha Glamouretti's,PERSON,213,232
mdp.39015024941521,117,2,0,Hawk,PERSON,103,107
mdp.39015024941521,117,4,0,Prissy,PERSON,28,34
mdp.39015024941521,117,6,0,Ann,PERSON,20,23
mdp.39015024941521,117,7,0,Buzzard,PERSON,4,11
mdp.39015024941521,117,9,0,these nine months,DATE,3,20
mdp.39015024941521,117,9,1,forty pounds,QUANTITY,46,58
mdp.39015024941521,117,9,2,110-pound,QUANTITY,64,73
mdp.39015024941521,117,9,3,one,CARDINAL,174,177
mdp.39015024941521,117,10,0,Sherlock,PERSON,4,12
mdp.39015024941521,117,10,1,Hounds of the Baskervilles,WORK_OF_ART,44,70
mdp.39015024941521,117,10,2,1001,CARDINAL,92,96
mdp.39015024941521,117,10,3,Sherlock,WORK_OF_ART,97,105
mdp.39015024941521,117,11,0,Sherlock,PERSON,0,8
mdp.39015024941521,117,11,1,all night,TIME,55,64
mdp.39015024941521,117,11,2,Saint Lou,PERSON,116,125
mdp.39015024941521,117,12,0,Buzz,PERSON,39,43
mdp.39015024941521,117,14,0,Her Hawk-son's,PERSON,8,22
mdp.39015024941521,118,0,0,Xam Wilson Cartier,PERSON,4,22
mdp.39015024941521,118,3,0,Buzzard,PRODUCT,8,15
mdp.39015024941521,118,3,1,two to three watson-minutes,TIME,34,61
mdp.39015024941521,118,20,0,Nut Brown,PRODUCT,102,111
mdp.39015024941521,118,20,1,days,DATE,128,132
mdp.39015024941521,118,20,2,Nut Brown,PRODUCT,193,202
mdp.39015024941521,118,21,0,noon,TIME,3,7
mdp.39015024941521,118,25,0,Hawk,PERSON,8,12
mdp.39015024941521,118,25,1,Bobolinks,PERSON,51,60
mdp.39015024941521,119,1,0,Hawk,PERSON,0,4
mdp.39015024941521,119,3,0,two,CARDINAL,40,43
mdp.39015024941521,119,6,0,Greatgranma Megloe,PERSON,13,31
mdp.39015024941521,119,6,1,the Land of Cotton,LOC,210,228
mdp.39015024941521,119,6,2,Hannibal,PERSON,312,320
mdp.39015024941521,119,7,0,Greatgranma Megloe,PERSON,0,18
mdp.39015024941521,119,8,0,year,DATE,58,62
mdp.39015024941521,119,8,1,year,DATE,69,73
mdp.39015024941521,119,10,0,one night,TIME,40,49
mdp.39015024941521,119,10,1,Megloe,PERSON,216,222
mdp.39015024941521,119,10,2,Megloe,PERSON,270,276
mdp.39015024941521,119,10,3,Hannibal,PERSON,318,326
mdp.39015024941521,119,11,0,three a.m.,TIME,5,15
mdp.39015024941521,119,13,0,Grampa Hannibal II,PERSON,51,69
mdp.39015024941521,119,19,0,two,CARDINAL,61,64
mdp.39015024941521,119,19,1,one,CARDINAL,75,78
mdp.39015024941521,120,0,0,Xam Wilson,PERSON,4,14
mdp.39015024941521,120,0,1,Megloe,PERSON,23,29
mdp.39015024941521,120,0,2,Hannibal,PERSON,60,68
mdp.39015024941521,120,0,3,Hannibal-One,PERSON,84,96
mdp.39015024941521,120,0,4,Alps,LOC,142,146
mdp.39015024941521,120,0,5,Dixiemyth,LOC,200,209
mdp.39015024941521,120,1,0,Megloe,PERSON,17,23
mdp.39015024941521,120,3,0,Megloe,PERSON,21,27
mdp.39015024941521,120,3,1,Dixiemyth,ORG,57,66
mdp.39015024941521,120,3,2,Dodge,PRODUCT,67,72
mdp.39015024941521,120,3,3,North,LOC,103,108
mdp.39015024941521,120,3,4,Yankeemyth,GPE,149,159
mdp.39015024941521,120,4,0,Hawk,PRODUCT,78,82
mdp.39015024941521,120,4,1,Xmas,DATE,121,125
mdp.39015024941521,120,6,0,Hawk,PERSON,139,143
mdp.39015024941521,120,7,0,Hawk,PERSON,10,14
mdp.39015024941521,121,0,0,Saint Brew,FAC,52,62
mdp.39015024941521,121,1,0,today,DATE,173,178
mdp.39015024941521,121,7,0,later that night,TIME,312,328
mdp.39015024941521,121,8,0,today,DATE,51,56
mdp.39015024941521,121,8,1,two,CARDINAL,186,189
mdp.39015024941521,121,9,0,Knowing It All,WORK_OF_ART,8,22
mdp.39015024941521,121,10,0,first,ORDINAL,3,8
mdp.39015024941521,121,10,1,midnight,TIME,31,39
mdp.39015024941521,122,0,0,Xam Wilson Cartier,PERSON,4,22
mdp.39015024941521,122,2,0,the Rotten Tomato Incident,EVENT,49,75
mdp.39015024941521,122,2,1,picayune,DATE,79,87
mdp.39015024941521,122,2,2,Hawk,PERSON,215,219
mdp.39015024941521,122,10,0,Hawk,PRODUCT,16,20
mdp.39015024941521,123,1,0,Hawk,PERSON,140,144
mdp.39015024941521,123,1,1,half,CARDINAL,442,446
mdp.39015024941521,123,7,0,Hawk,FAC,43,47
mdp.39015024941521,123,8,0,today,DATE,132,137
mdp.39015024941521,123,9,0,months,DATE,128,134
mdp.39015024941521,124,0,0,112,CARDINAL,0,3
mdp.39015024941521,124,0,1,Xam Wilson Cartier,PERSON,4,22
mdp.39015024941521,124,0,2,Hawk,PRODUCT,38,42
mdp.39015024941521,124,1,0,San Fran,GPE,216,224
mdp.39015024941521,125,0,0,III,CARDINAL,0,3
mdp.39015024941521,128,0,0,Xam Wilson,PERSON,4,14
mdp.39015024941521,128,1,0,This Is Your Life,WORK_OF_ART,146,163
mdp.39015024941521,128,1,1,one,CARDINAL,229,232
mdp.39015024941521,128,1,2,Sealedcrest,PRODUCT,528,539
mdp.39015024941521,128,3,0,first,ORDINAL,16,21
mdp.39015024941521,128,3,1,San Fran,GPE,35,43
mdp.39015024941521,128,3,2,one,CARDINAL,49,52
mdp.39015024941521,128,3,3,a hundred,CARDINAL,56,65
mdp.39015024941521,128,5,0,twenty,CARDINAL,102,108
mdp.39015024941521,128,5,1,Demomyth,GPE,259,267
mdp.39015024941521,128,5,2,the Statue a of Freedom,FAC,300,323
mdp.39015024941521,129,2,0,Jim,PERSON,105,108
mdp.39015024941521,129,3,0,Jack,PERSON,26,30
mdp.39015024941521,129,4,0,The Muni #,PRODUCT,0,10
mdp.39015024941521,129,4,1,22,PRODUCT,10,12
mdp.39015024941521,129,4,2,San Fran,GPE,106,114
mdp.39015024941521,129,5,0,the #22 Fillmore,PRODUCT,63,79
mdp.39015024941521,129,6,0,today,DATE,19,24
mdp.39015024941521,129,7,0,muni,NORP,4,8
mdp.39015024941521,129,8,0,muni,NORP,10,14
mdp.39015024941521,129,8,1,one,CARDINAL,227,230
mdp.39015024941521,129,9,0,Pacific Street,FAC,11,25
mdp.39015024941521,129,10,0,Five,CARDINAL,0,4
mdp.39015024941521,129,10,1,four,CARDINAL,6,10
mdp.39015024941521,129,10,2,three,CARDINAL,12,17
mdp.39015024941521,129,10,3,two,CARDINAL,19,22
mdp.39015024941521,129,11,0,Malcatraz,FAC,47,56
mdp.39015024941521,130,0,0,Xam Wilson Cartier,PERSON,4,22
mdp.39015024941521,130,1,0,two,CARDINAL,52,55
mdp.39015024941521,130,1,1,day,DATE,112,115
mdp.39015024941521,130,1,2,the Illfare Department,ORG,134,156
mdp.39015024941521,130,1,3,monthly,DATE,175,182
mdp.39015024941521,130,1,4,AFDC,EVENT,183,187
mdp.39015024941521,130,2,0,the City Center,FAC,126,141
mdp.39015024941521,130,2,1,one,CARDINAL,304,307
mdp.39015024941521,130,2,2,one,CARDINAL,319,322
mdp.39015024941521,130,3,0,the Dole Office,ORG,44,59
mdp.39015024941521,130,3,1,the Skirt Steak District,LOC,176,200
mdp.39015024941521,131,4,0,7 !!!1 $,MONEY,0,8
mdp.39015024941521,131,6,0,Iliez,PERSON,0,5
mdp.39015024941521,131,13,0,two,CARDINAL,44,47
mdp.39015024941521,131,14,0,San Spancisco,GPE,78,91
mdp.39015024941521,132,0,0,120,CARDINAL,0,3
mdp.39015024941521,132,0,1,Xam Wilson Cartier,PERSON,4,22
mdp.39015024941521,132,0,2,SF Bay,LOC,40,46
mdp.39015024941521,132,4,0,LC,PERSON,85,87
mdp.39015024941521,132,12,0,a few seconds,TIME,12,25
mdp.39015024941521,132,12,1,AFDC,ORG,117,121
mdp.39015024941521,132,13,0,Rose Megloe,PERSON,120,131
mdp.39015024941521,132,13,1,saharan,NORP,245,252
mdp.39015024941521,133,0,0,121,CARDINAL,15,18
mdp.39015024941521,133,7,0,Einstein,PERSON,35,43
mdp.39015024941521,133,10,0,Einstein,PERSON,0,8
mdp.39015024941521,134,0,0,Xam Wilson Cartier,PERSON,4,22
mdp.39015024941521,134,1,0,one,CARDINAL,84,87
mdp.39015024941521,134,4,0,today,DATE,142,147
mdp.39015024941521,134,5,0,16,CARDINAL,11,13
mdp.39015024941521,134,5,1,6,CARDINAL,24,25
mdp.39015024941521,134,13,0,yesteryear,DATE,151,161
mdp.39015024941521,134,14,0,one,CARDINAL,39,42
mdp.39015024941521,135,0,0,Charlie the Hawk,PERSON,284,300
mdp.39015024941521,135,0,1,Charlie,PERSON,349,356
mdp.39015024941521,135,0,2,one,CARDINAL,437,440
mdp.39015024941521,135,4,0,Charlie,PERSON,7,14
mdp.39015024941521,135,5,0,first,ORDINAL,9,14
mdp.39015024941521,135,5,1,Hawk,PRODUCT,19,23
mdp.39015024941521,136,1,0,Mia,PERSON,186,189
mdp.39015024941521,136,1,1,one,CARDINAL,382,385
mdp.39015024941521,136,2,0,A few minutes,TIME,0,13
mdp.39015024941521,136,3,0,three weeks,DATE,56,67
mdp.39015024941521,136,4,0,first,ORDINAL,35,40
mdp.39015024941521,136,6,0,Muz,PERSON,15,18
mdp.39015024941521,136,8,0,Muz,PERSON,0,3
mdp.39015024941521,136,8,1,AFDC,ORG,25,29
mdp.39015024941521,136,8,2,eight years ago,DATE,203,218
mdp.39015024941521,136,9,0,Muz,PERSON,0,3
mdp.39015024941521,136,9,1,Muz,PERSON,231,234
mdp.39015024941521,136,11,0,Muz,PERSON,4,7
mdp.39015024941521,136,11,1,Megloes,PERSON,106,113
mdp.39015024941521,136,11,2,six,CARDINAL,196,199
mdp.39015024941521,136,11,3,one,CARDINAL,217,220
mdp.39015024941521,136,11,4,Muz,PERSON,253,256
mdp.39015024941521,136,11,5,Vole,PERSON,273,277
mdp.39015024941521,136,11,6,Stowe Teachers College,ORG,311,333
mdp.39015024941521,136,12,0,Double,PERSON,11,17
mdp.39015024941521,137,0,0,AFDC,ORG,22,26
mdp.39015024941521,137,0,1,Panhandle Province,GPE,72,90
mdp.39015024941521,137,0,2,one,CARDINAL,106,109
mdp.39015024941521,137,0,3,Double,PERSON,168,174
mdp.39015024941521,137,0,4,Panhandle,LOC,352,361
mdp.39015024941521,137,0,5,Saint Lou,GPE,371,380
mdp.39015024941521,137,2,0,later that day,TIME,5,19
mdp.39015024941521,137,3,0,One,CARDINAL,0,3
mdp.39015024941521,137,3,1,Charlie,PERSON,10,17
mdp.39015024941521,137,4,0,Mia,PERSON,24,27
mdp.39015024941521,137,10,0,Mia,PERSON,88,91
mdp.39015024941521,137,10,1,#6,CARDINAL,123,125
mdp.39015024941521,137,10,2,San Fran's,GPE,142,152
mdp.39015024941521,137,10,3,Hashberry District,LOC,153,171
mdp.39015024941521,138,1,0,Mia,PERSON,137,140
mdp.39015024941521,138,1,1,Vista Valley,LOC,150,162
mdp.39015024941521,138,2,0,first,ORDINAL,86,91
mdp.39015024941521,138,2,1,one,CARDINAL,140,143
mdp.39015024941521,138,2,2,Diablo Square,FAC,286,299
mdp.39015024941521,138,2,3,two,CARDINAL,358,361
mdp.39015024941521,138,3,0,four,CARDINAL,7,11
mdp.39015024941521,138,3,1,Square,FAC,35,41
mdp.39015024941521,138,3,2,one,CARDINAL,43,46
mdp.39015024941521,138,5,0,Mia,PERSON,11,14
mdp.39015024941521,138,5,1,third,ORDINAL,103,108
mdp.39015024941521,138,5,2,fourth,ORDINAL,395,401
mdp.39015024941521,138,5,3,Opportunity High,FAC,462,478
mdp.39015024941521,139,0,0,127,CARDINAL,15,18
mdp.39015024941521,139,0,1,one,CARDINAL,86,89
mdp.39015024941521,139,1,0,Mia,PERSON,158,161
mdp.39015024941521,139,1,1,thousand,CARDINAL,212,220
mdp.39015024941521,139,1,2,Erecto,PRODUCT,232,238
mdp.39015024941521,139,1,3,two weeks ago,DATE,564,577
mdp.39015024941521,139,1,4,Mia,PERSON,582,585
mdp.39015024941521,139,1,5,Prime Time,PERSON,660,670
mdp.39015024941521,139,1,6,three weeks in a row,DATE,730,750
mdp.39015024941521,139,1,7,Square,FAC,806,812
mdp.39015024941521,139,2,0,fourth,ORDINAL,17,23
mdp.39015024941521,139,2,1,San Fran,GPE,166,174
mdp.39015024941521,139,2,2,Spansamerica,LOC,334,346
mdp.39015024941521,139,3,0,San Spancisco,GPE,25,38
mdp.39015024941521,140,0,0,two feet,QUANTITY,102,110
mdp.39015024941521,140,1,0,San Fran,GPE,161,169
mdp.39015024941521,140,5,0,my day,DATE,3,9
mdp.39015024941521,140,5,1,nowdays,DATE,56,63
mdp.39015024941521,140,8,0,Pacific Peaks,LOC,28,41
mdp.39015024941521,140,12,0,Bottom,LOC,56,62
mdp.39015024941521,141,0,0,129,CARDINAL,15,18
mdp.39015024941521,141,3,0,Double,PERSON,106,112
mdp.39015024941521,141,11,0,Blood,PERSON,26,31
mdp.39015024941521,141,13,0,Kwame Ochudareshi,PERSON,71,88
mdp.39015024941521,141,13,1,Kwame,PERSON,154,159
mdp.39015024941521,141,13,2,Reality Rap Restaurant,ORG,163,185
mdp.39015024941521,141,13,3,Reality Rap Halfway House,ORG,231,256
mdp.39015024941521,141,13,4,Kwame,PERSON,274,279
mdp.39015024941521,142,0,0,Xam Wilson Cartier,PERSON,4,22
mdp.39015024941521,142,0,1,Strategy For A Black Agenda,WORK_OF_ART,216,243
mdp.39015024941521,142,5,0,every minute,TIME,27,39
mdp.39015024941521,142,7,0,Every goddamn minute,TIME,0,20
mdp.39015024941521,142,14,0,two,CARDINAL,45,48
mdp.39015024941521,143,8,0,one,CARDINAL,23,26
mdp.39015024941521,143,8,1,State University,ORG,91,107
mdp.39015024941521,143,8,2,L.A.,GPE,122,126
mdp.39015024941521,143,17,0,"four, five years",DATE,16,32
mdp.39015024941521,144,0,0,Xam Wilson Cartier,PERSON,4,22
mdp.39015024941521,144,11,0,Kwame,PERSON,0,5
mdp.39015024941521,144,11,1,one,CARDINAL,48,51
mdp.39015024941521,144,13,0,Kwame,PERSON,0,5
mdp.39015024941521,144,13,1,two,CARDINAL,28,31
mdp.39015024941521,144,15,0,Kwame,PERSON,90,95
mdp.39015024941521,144,17,0,Kwame,PERSON,16,21
mdp.39015024941521,144,19,0,ESKIMO,PERSON,50,56
mdp.39015024941521,145,2,0,Kwame,PERSON,29,34
mdp.39015024941521,145,7,0,Kwame,PERSON,15,20
mdp.39015024941521,145,10,0,the Cadillac Hotel,ORG,8,26
mdp.39015024941521,145,10,1,Leavenworth Street,FAC,30,48
mdp.39015024941521,145,13,0,first,ORDINAL,73,78
mdp.39015024941521,145,13,1,Kwame,PERSON,86,91
mdp.39015024941521,145,13,2,last month,DATE,92,102
mdp.39015024941521,145,13,3,Mia,PERSON,162,165
mdp.39015024941521,145,13,4,evening,TIME,355,362
mdp.39015024941521,145,13,5,Charlie,PERSON,393,400
mdp.39015024941521,145,13,6,the days,DATE,615,623
mdp.39015024941521,145,13,7,Charlie,PERSON,632,639
mdp.39015024941521,145,13,8,nights,TIME,680,686
mdp.39015024941521,145,14,0,Charlie,PERSON,103,110
mdp.39015024941521,146,0,0,Xam Wilson Cartier,PERSON,4,22
mdp.39015024941521,146,0,1,Charlie,PERSON,80,87
mdp.39015024941521,146,0,2,Charlie,PERSON,189,196
mdp.39015024941521,146,1,0,Charlie,PERSON,13,20
mdp.39015024941521,146,2,0,Double,PERSON,12,18
mdp.39015024941521,146,3,0,Charlie,PERSON,247,254
mdp.39015024941521,146,5,0,Charlie,PERSON,44,51
mdp.39015024941521,146,6,0,Charlie,PERSON,31,38
mdp.39015024941521,146,7,0,Muz,PERSON,2,5
mdp.39015024941521,146,9,0,Charlie,PERSON,155,162
mdp.39015024941521,146,10,0,Charlie,PERSON,42,49
mdp.39015024941521,147,0,0,135,CARDINAL,15,18
mdp.39015024941521,147,1,0,first,ORDINAL,75,80
mdp.39015024941521,147,1,1,Kwame,PERSON,85,90
mdp.39015024941521,147,1,2,Kwame,PERSON,217,222
mdp.39015024941521,147,2,0,one,CARDINAL,100,103
mdp.39015024941521,147,2,1,three A.M.,TIME,282,292
mdp.39015024941521,147,3,0,Saturday,DATE,75,83
mdp.39015024941521,147,3,1,Prince Charming,PERSON,169,184
mdp.39015024941521,147,6,0,one,CARDINAL,80,83
mdp.39015024941521,147,7,0,George Winsome's,PERSON,180,196
mdp.39015024941521,148,0,0,Xam Wilson Cartier,PERSON,4,22
mdp.39015024941521,148,9,0,March,DATE,7,12
mdp.39015024941521,148,9,1,just last month,DATE,14,29
mdp.39015024941521,148,9,2,the spring,DATE,55,65
mdp.39015024941521,148,9,3,the Hashberry District,LOC,94,116
mdp.39015024941521,148,9,4,Mia,PERSON,157,160
mdp.39015024941521,148,9,5,Golden Grail Park,LOC,169,186
mdp.39015024941521,148,10,0,Spring,DATE,0,6
mdp.39015024941521,148,10,1,Spring,DATE,8,14
mdp.39015024941521,149,4,0,Demomyth,GPE,299,307
mdp.39015024941521,149,5,0,Charlie,PERSON,95,102
mdp.39015024941521,149,5,1,Charlie,PERSON,200,207
mdp.39015024941521,149,5,2,Buzzard,PERSON,308,315
mdp.39015024941521,149,6,0,Buzzard,PERSON,97,104
mdp.39015024941521,149,6,1,Hawk,PERSON,175,179
mdp.39015024941521,149,6,2,Buzz,PERSON,268,272
mdp.39015024941521,149,7,0,Charlie,PERSON,0,7
mdp.39015024941521,149,7,1,Mia,PERSON,228,231
mdp.39015024941521,150,0,0,138,CARDINAL,0,3
mdp.39015024941521,150,0,1,Xam Wilson Cartier,PERSON,4,22
mdp.39015024941521,150,0,2,Charlie,PERSON,109,116
mdp.39015024941521,150,4,0,Charlie,PERSON,8,15
mdp.39015024941521,150,5,0,Charlie,PERSON,139,146
mdp.39015024941521,150,5,1,one,CARDINAL,201,204
mdp.39015024941521,151,5,0,ten,QUANTITY,65,68
mdp.39015024941521,151,5,1,the Old Testament,WORK_OF_ART,99,116
mdp.39015024941521,151,6,0,ten,QUANTITY,6,9
mdp.39015024941521,151,6,1,ten centuries,DATE,17,30
mdp.39015024941521,151,7,0,Woman Number Two,WORK_OF_ART,129,145
mdp.39015024941521,151,14,0,the day,DATE,33,40
mdp.39015024941521,152,2,0,Mia,PERSON,57,60
mdp.39015024941521,152,2,1,"two, months ago",DATE,131,146
mdp.39015024941521,152,3,0,the day,DATE,3,10
mdp.39015024941521,152,3,1,Mia,PERSON,29,32
mdp.39015024941521,152,3,2,San Fran,GPE,65,73
mdp.39015024941521,152,6,0,Mia,PERSON,101,104
mdp.39015024941521,152,7,0,one,CARDINAL,6,9
mdp.39015024941521,152,7,1,Chick,PERSON,59,64
mdp.39015024941521,152,7,2,two or three,CARDINAL,104,116
mdp.39015024941521,152,7,3,Mia,PERSON,131,134
mdp.39015024941521,152,10,0,Mia,PERSON,44,47
mdp.39015024941521,152,15,0,Mia,PERSON,34,37
mdp.39015024941521,153,2,0,Mia,PERSON,54,57
mdp.39015024941521,153,4,0,one,CARDINAL,32,35
mdp.39015024941521,153,5,0,only a few meters,QUANTITY,79,96
mdp.39015024941521,153,6,0,Mia,PERSON,0,3
mdp.39015024941521,153,7,0,one,CARDINAL,5,8
mdp.39015024941521,153,11,0,first,ORDINAL,165,170
mdp.39015024941521,153,14,0,Mia,PERSON,59,62
mdp.39015024941521,154,0,0,Xam Wilson Cartier,PERSON,4,22
mdp.39015024941521,154,2,0,San Spancisco,GPE,328,341
mdp.39015024941521,154,2,1,Sunrise District,LOC,348,364
mdp.39015024941521,154,2,2,Trappers’ Point,FAC,403,418
mdp.39015024941521,154,2,3,Laserbeam Park,FAC,424,438
mdp.39015024941521,154,3,0,Saint Lou,GPE,251,260
mdp.39015024941521,154,5,0,San Fran“Wooo,GPE,18,31
mdp.39015024941521,154,9,0,two,CARDINAL,26,29
mdp.39015024941521,154,9,1,pacific,LOC,37,44
mdp.39015024941521,154,10,0,one,CARDINAL,49,52
mdp.39015024941521,155,2,0,one,CARDINAL,115,118
mdp.39015024941521,155,2,1,all day,DATE,137,144
mdp.39015024941521,155,2,2,all night,TIME,149,158
mdp.39015024941521,155,3,0,Wig,PERSON,40,43
mdp.39015024941521,155,9,0,Heavenworth Street,FAC,79,97
mdp.39015024941521,155,12,0,less than five yards,QUANTITY,147,167
mdp.39015024941521,155,15,0,Allen Overpass,FAC,101,115
mdp.39015024941521,155,15,1,Loyce Boulevard,FAC,146,161
mdp.39015024941521,155,16,0,San Fran,GPE,195,203
mdp.39015024941521,156,0,0,Xam Wilson Cartier,PERSON,4,22
mdp.39015024941521,156,2,0,Muz,PERSON,51,54
mdp.39015024941521,156,2,1,Hawk,PERSON,61,65
mdp.39015024941521,156,5,0,fed,ORG,252,255
mdp.39015024941521,156,9,0,two,CARDINAL,28,31
mdp.39015024941521,157,4,0,Loyce,LOC,58,63
mdp.39015024941521,157,6,0,two,CARDINAL,13,16
mdp.39015024941521,157,14,0,Allen Overpass,FAC,55,69
mdp.39015024941521,157,14,1,Mia,PERSON,121,124
mdp.39015024941521,157,14,2,Haight,LOC,141,147
mdp.39015024941521,157,14,3,a hundred,CARDINAL,211,220
mdp.39015024941521,157,14,4,first,ORDINAL,224,229
mdp.39015024941521,157,14,5,only one,CARDINAL,262,270
mdp.39015024941521,157,15,0,only two and a half miles,QUANTITY,6,31
mdp.39015024941521,157,15,1,Chick,PERSON,96,101
mdp.39015024941521,157,15,2,Lotus,ORG,107,112
mdp.39015024941521,158,1,0,the minute,TIME,56,66
mdp.39015024941521,158,1,1,saharan,NORP,83,90
mdp.39015024941521,158,2,0,eight miles,QUANTITY,30,41
mdp.39015024941521,158,3,0,one,CARDINAL,50,53
mdp.39015024941521,158,4,0,Allen,FAC,36,41
mdp.39015024941521,158,5,0,less than an hour,TIME,8,25
mdp.39015024941521,158,5,1,Mia,PERSON,33,36
mdp.39015024941521,158,5,2,3:15,TIME,89,93
mdp.39015024941521,158,5,3,Chick,PERSON,130,135
mdp.39015024941521,158,7,0,Allen Overpass,FAC,43,57
mdp.39015024941521,158,7,1,mid-afternoon,TIME,105,118
mdp.39015024941521,158,7,2,San Spancisco,GPE,119,132
mdp.39015024941521,158,10,0,last month,DATE,37,47
mdp.39015024941521,159,0,0,two,CARDINAL,24,27
mdp.39015024941521,159,0,1,Mia,PERSON,28,31
mdp.39015024941521,159,0,2,Muz,PERSON,41,44
mdp.39015024941521,159,1,0,the Hillmore District,LOC,36,57
mdp.39015024941521,159,1,1,two,CARDINAL,81,84
mdp.39015024941521,159,1,2,Mia,PERSON,92,95
mdp.39015024941521,159,1,3,one,CARDINAL,99,102
mdp.39015024941521,159,1,4,hourly,DATE,129,135
mdp.39015024941521,159,2,0,one,CARDINAL,68,71
mdp.39015024941521,159,3,0,Saint Lou,GPE,38,47
mdp.39015024941521,159,3,1,Muz,PERSON,55,58
mdp.39015024941521,159,12,0,Chick,PERSON,214,219
mdp.39015024941521,159,14,0,one,CARDINAL,23,26
mdp.39015024941521,159,14,1,first,ORDINAL,135,140
mdp.39015024941521,159,14,2,Saint Brew,PERSON,173,183
mdp.39015024941521,160,1,0,two,CARDINAL,3,6
mdp.39015024941521,160,1,1,three,CARDINAL,62,67
mdp.39015024941521,160,3,0,Mia,PERSON,57,60
mdp.39015024941521,160,5,0,four,CARDINAL,3,7
mdp.39015024941521,160,13,0,ten minutes,TIME,204,215
mdp.39015024941521,161,0,0,Thunderbolt Temporary Services,ORG,108,138
mdp.39015024941521,161,3,0,100%,PERCENT,16,20
mdp.39015024941521,161,7,0,six months or so,DATE,37,53
mdp.39015024941521,161,12,0,two,CARDINAL,39,42
mdp.39015024941521,161,13,0,Chick,PERSON,57,62
mdp.39015024941521,161,15,0,two,CARDINAL,178,181
mdp.39015024941521,161,17,0,Allen Overpass,FAC,35,49
mdp.39015024941521,162,0,0,150 Xam,PRODUCT,0,7
mdp.39015024941521,163,0,0,Xam WILSON CARTIÉR,PERSON,17,35
mdp.39015024941521,163,0,1,the NEA Creative Writing Fellowship,WORK_OF_ART,49,84
mdp.39015024941521,163,0,2,California Arts Council,ORG,88,111
mdp.39015024941521,163,0,3,Millay Colony,ORG,119,132
mdp.39015024941521,163,1,0,Three,CARDINAL,0,5
mdp.39015024941521,163,1,1,the California Emmy,WORK_OF_ART,55,74
mdp.39015024941521,163,1,2,one,CARDINAL,80,83
mdp.39015024941521,163,1,3,1984,DATE,140,144
mdp.39015024941521,163,1,4,SF Fair and Exposition,EVENT,145,167
mdp.39015024941521,163,2,0,St. Louis,GPE,8,17
mdp.39015024941521,163,2,1,Xam Cartier,PERSON,19,30
mdp.39015024941521,163,2,2,San Francisco,GPE,40,53
mdp.39015024941521,163,2,3,Kristin,PERSON,73,80
mdp.39015024941521,163,3,0,Cartier,PERSON,4,11
mdp.39015024941521,163,3,1,the Western Addition Cultural Center,ORG,38,74
mdp.39015024941521,164,0,0,4 371,CARDINAL,1,6
mdp.39015024941521,164,2,0,THE UPPER ROOM,WORK_OF_ART,0,14
mdp.39015024941521,164,2,1,Mary Monroe,PERSON,16,27
mdp.39015024941521,164,3,0,the Florida Everglades,LOC,47,69
mdp.39015024941521,164,4,0,DE MOJO BLUES,WORK_OF_ART,0,13
mdp.39015024941521,164,4,1,A.R. Flowers,PERSON,15,27
mdp.39015024941521,164,4,2,33995 3.50,CARDINAL,28,38
mdp.39015024941521,164,5,0,Vietnam,GPE,13,20
mdp.39015024941521,164,5,1,DE MOJO BLUES,WORK_OF_ART,31,44
mdp.39015024941521,164,6,0,John Killens,PERSON,16,28
mdp.39015024941521,164,8,0,LA WOMAN'S PLACE,WORK_OF_ART,0,16
mdp.39015024941521,164,8,1,Marita Golden,PERSON,18,31
mdp.39015024941521,164,9,0,three,CARDINAL,20,25
mdp.39015024941521,164,9,1,the late sixties,DATE,56,72
mdp.39015024941521,164,9,2,Nev England,ORG,85,96
mdp.39015024941521,164,10,0,Elizabeth Nunez-Harrell,PERSON,18,41
mdp.39015024941521,164,10,1,34771 3.95,CARDINAL,42,52
mdp.39015024941521,164,11,0,turn-of-the-century,DATE,47,66
mdp.39015024941521,164,11,1,Trinidad,GPE,67,75
mdp.39015024941521,164,12,0,New York,GPE,52,60
mdp.39015024941521,164,12,1,N.Y.,GPE,62,66
mdp.39015024941521,164,14,0,2.00,MONEY,37,41
mdp.39015024941521,164,14,1,first,ORDINAL,80,85
mdp.39015024941521,164,17,0,U.S.,GPE,9,13
mdp.39015024941521,164,19,0,MICHIGAN,GPE,27,35
mdp.39015024941521,165,0,0,1 $ 1 3 $ 史 ​3 音 ​3 7,MONEY,0,21
