vol_id,page,sentence_id,ent_id,entity,entity_type,start_char,end_char
mdp.39015025196075,1,0,0,1992,DATE,22,26
mdp.39015025196075,9,0,0,CHARLOTTE WATSON,PERSON,14,30
mdp.39015025196075,9,0,1,OREGON,GPE,67,73
mdp.39015025196075,10,1,0,the NaK tional Endowment for the Arts,ORG,60,97
mdp.39015025196075,10,1,1,the King County Arts Commission,ORG,99,130
mdp.39015025196075,10,1,2,the Oregon Arts Commission,ORG,136,162
mdp.39015025196075,10,2,0,1992,DATE,0,4
mdp.39015025196075,10,2,1,1992,DATE,17,21
mdp.39015025196075,10,2,2,Charlotte Watson Sherman,PERSON,22,46
mdp.39015025196075,10,4,0,I am Free,WORK_OF_ART,11,20
mdp.39015025196075,10,4,1,Jody Kim,PERSON,49,57
mdp.39015025196075,10,4,2,Carolyn Sawtelle,PERSON,74,90
mdp.39015025196075,10,4,3,Cheryl McLean,PERSON,106,119
mdp.39015025196075,10,4,4,Airlift,ORG,251,258
mdp.39015025196075,10,4,5,Bookpeople,ORG,260,270
mdp.39015025196075,10,4,6,Bookslinger,ORG,272,283
mdp.39015025196075,10,4,7,Inland Book. Co.,ORG,303,319
mdp.39015025196075,10,4,8,Pacific Pipeline,ORG,321,337
mdp.39015025196075,10,4,9,Small Press Distribution,ORG,343,367
mdp.39015025196075,10,5,0,CALYX Books,ORG,48,59
mdp.39015025196075,10,5,1,Corvallis,GPE,71,80
mdp.39015025196075,10,5,2,OR,GPE,82,84
mdp.39015025196075,10,5,3,503-753-9384,CARDINAL,92,104
mdp.39015025196075,10,6,0,the Committee on Production Guidelines for Book Longevity,LAW,77,134
mdp.39015025196075,10,6,1,the American National Standard for the Permanence of Paper for Printed Library Materials,LAW,203,291
mdp.39015025196075,10,7,0,Library of Congress,ORG,0,19
mdp.39015025196075,10,8,0,Sherman,PERSON,0,7
mdp.39015025196075,10,8,1,Charlotte Watson,PERSON,9,25
mdp.39015025196075,10,8,2,Charlotte Watson Sherman,PERSON,47,71
mdp.39015025196075,10,9,0,16.95,MONEY,25,30
mdp.39015025196075,10,10,0,8.95,MONEY,30,34
mdp.39015025196075,10,10,1,1,CARDINAL,35,36
mdp.39015025196075,10,11,0,American,NORP,18,26
mdp.39015025196075,10,12,0,2,CARDINAL,0,1
mdp.39015025196075,10,12,1,Afro-Americans,NORP,3,17
mdp.39015025196075,10,14,0,U.S.A.,GPE,73,79
mdp.39015025196075,11,1,0,Craig Lesley,PERSON,33,45
mdp.39015025196075,11,1,1,Margarita Donnelly,PERSON,47,65
mdp.39015025196075,11,1,2,Cheryl McLean,PERSON,67,80
mdp.39015025196075,11,1,3,CALYX,ORG,86,91
mdp.39015025196075,11,1,4,the King County Arts Commission,ORG,99,130
mdp.39015025196075,11,1,5,the Seattle Arts Commission,ORG,132,159
mdp.39015025196075,11,1,6,Artist Trust,ORG,165,177
mdp.39015025196075,11,2,0,Colleen McElroy,PERSON,18,33
mdp.39015025196075,11,3,0,Barbara Henderson,PERSON,10,27
mdp.39015025196075,11,3,1,Faith Davis,PERSON,29,40
mdp.39015025196075,11,3,2,Jody Kim,PERSON,42,50
mdp.39015025196075,11,3,3,JoAnn Moton,PERSON,52,63
mdp.39015025196075,11,3,4,Tina Hoggatt,PERSON,65,77
mdp.39015025196075,11,3,5,Lenore Norgaard,PERSON,79,94
mdp.39015025196075,11,3,6,Perry Ulander,PERSON,96,109
mdp.39015025196075,11,3,7,Brenda Peterson,PERSON,115,130
mdp.39015025196075,11,4,0,Addei,PERSON,10,15
mdp.39015025196075,11,4,1,John Bernard,PERSON,20,32
mdp.39015025196075,11,5,0,Charles Watson,PERSON,33,47
mdp.39015025196075,11,5,1,Dorothy,PERSON,49,56
mdp.39015025196075,11,5,2,Harold Glass,PERSON,61,73
mdp.39015025196075,11,5,3,Lois,PERSON,75,79
mdp.39015025196075,11,5,4,Alton Sherman,PERSON,84,97
mdp.39015025196075,11,5,5,Erika Sherman,PERSON,99,112
mdp.39015025196075,11,5,6,Richard,PERSON,114,121
mdp.39015025196075,11,5,7,Michael Glass,PERSON,126,139
mdp.39015025196075,11,5,8,David,PERSON,141,146
mdp.39015025196075,11,5,9,Aisha,PERSON,148,153
mdp.39015025196075,11,5,10,Zahida Sherman,PERSON,159,173
mdp.39015025196075,11,6,0,Les Prisionieres D'Amour Carletta,PERSON,7,40
mdp.39015025196075,11,6,1,Nancy,PERSON,42,47
mdp.39015025196075,11,6,2,Julia,PERSON,49,54
mdp.39015025196075,11,6,3,Colleen,PERSON,56,63
mdp.39015025196075,11,6,4,Martine,PERSON,65,72
mdp.39015025196075,11,6,5,Raina,PERSON,74,79
mdp.39015025196075,11,6,6,Marilyn,PERSON,81,88
mdp.39015025196075,11,6,7,Marsha,PERSON,94,100
mdp.39015025196075,13,0,0,David,PERSON,4,9
mdp.39015025196075,13,0,1,Aisha,PERSON,11,16
mdp.39015025196075,13,0,2,Zahida,PERSON,22,28
mdp.39015025196075,13,0,3,Zackel,PERSON,46,52
mdp.39015025196075,13,0,4,Bessie Harrison,PERSON,57,72
mdp.39015025196075,14,1,0,"Swimming Lesson,”",WORK_OF_ART,53,70
mdp.39015025196075,14,1,1,"Obsidian II, Volume 4",WORK_OF_ART,71,92
mdp.39015025196075,14,1,2,Spring 1989,DATE,104,115
mdp.39015025196075,14,1,3,"Killing Color,",WORK_OF_ART,122,136
mdp.39015025196075,14,1,4,Summer 1989,DATE,158,169
mdp.39015025196075,14,1,5,Cateye,WORK_OF_ART,172,178
mdp.39015025196075,14,1,6,Seattle Arts IMAGE,ORG,181,199
mdp.39015025196075,14,1,7,November 1988,DATE,201,214
mdp.39015025196075,14,1,8,"Killing Color,”",WORK_OF_ART,217,232
mdp.39015025196075,14,1,9,Memories and Visions: Women's Fantasy and Science Fiction,WORK_OF_ART,233,290
mdp.39015025196075,14,1,10,Crossing Press,ORG,292,306
mdp.39015025196075,14,1,11,1989,DATE,308,312
mdp.39015025196075,14,1,12,"Pink Dolphin,”",WORK_OF_ART,315,329
mdp.39015025196075,14,1,13,Upstream: The Literary Center Quarterly,ORG,330,369
mdp.39015025196075,14,1,14,Spring 1991,DATE,371,382
mdp.39015025196075,14,1,15,"Emerald City: Third & Pike,”",WORK_OF_ART,385,413
mdp.39015025196075,14,1,16,Permafrost,ORG,414,424
mdp.39015025196075,14,1,17,2,CARDINAL,443,444
mdp.39015025196075,14,1,18,Spring 1987,DATE,446,457
mdp.39015025196075,14,1,19,"Talking Mountain,”",WORK_OF_ART,460,478
mdp.39015025196075,14,1,20,Portland Review,ORG,479,494
mdp.39015025196075,14,1,21,2,CARDINAL,514,515
mdp.39015025196075,14,1,22,April 1989,DATE,517,527
mdp.39015025196075,14,1,23,A Season,WORK_OF_ART,530,538
mdp.39015025196075,14,1,24,Painted Bride Quarterly,ORG,541,564
mdp.39015025196075,14,1,25,37,CARDINAL,573,575
mdp.39015025196075,14,1,26,1989,DATE,577,581
mdp.39015025196075,14,1,27,"Killing Color,",WORK_OF_ART,588,602
mdp.39015025196075,14,1,28,3,CARDINAL,671,672
mdp.39015025196075,14,1,29,Swimming Lesson,WORK_OF_ART,679,694
mdp.39015025196075,14,1,30,13,CARDINAL,704,706
mdp.39015025196075,14,1,31,3,CARDINAL,715,716
mdp.39015025196075,15,0,0,100,CARDINAL,199,202
mdp.39015025196075,17,0,0,Buchi Emecheta,PERSON,36,50
mdp.39015025196075,17,0,1,Simone SchwarzBart,PERSON,52,70
mdp.39015025196075,17,0,2,Toni Cade Bambara,PERSON,72,89
mdp.39015025196075,17,0,3,Isabel Allende,PERSON,91,105
mdp.39015025196075,17,0,4,Charlotte Watson Sherman,PERSON,163,187
mdp.39015025196075,17,1,0,eleven,CARDINAL,3,9
mdp.39015025196075,17,1,1,Watson Sherman,PERSON,43,57
mdp.39015025196075,17,2,0,Watson Sherman's,PERSON,158,174
mdp.39015025196075,17,2,1,Killing Color,WORK_OF_ART,240,253
mdp.39015025196075,17,4,0,Chango,PERSON,45,51
mdp.39015025196075,17,7,0,"“Swimming Lesson""",WORK_OF_ART,0,17
mdp.39015025196075,18,0,0,Josephine,PERSON,0,9
mdp.39015025196075,18,0,1,one,CARDINAL,110,113
mdp.39015025196075,18,1,0,BigWater,WORK_OF_ART,1,9
mdp.39015025196075,18,1,1,Nathan,PERSON,35,41
mdp.39015025196075,18,1,2,Leah,PERSON,104,108
mdp.39015025196075,18,2,0,Cateye,WORK_OF_ART,1,7
mdp.39015025196075,18,4,0,African American,NORP,83,99
mdp.39015025196075,18,4,1,Viola,PERSON,157,162
mdp.39015025196075,18,4,2,Spirit Talk,WORK_OF_ART,172,183
mdp.39015025196075,18,4,3,Lookin,PERSON,215,221
mdp.39015025196075,18,8,0,Albertina Woods,PERSON,45,60
mdp.39015025196075,18,8,1,The Pink Dolphin,WORK_OF_ART,74,90
mdp.39015025196075,18,8,2,Oya,PERSON,133,136
mdp.39015025196075,18,8,3,Emerald City: Third & Pike,WORK_OF_ART,146,172
mdp.39015025196075,18,8,4,Albertina,PERSON,216,225
mdp.39015025196075,18,8,5,eighty-eighty,DATE,299,312
mdp.39015025196075,18,11,0,Watson Sherman,PERSON,20,34
mdp.39015025196075,18,12,0,fifty years ago,DATE,83,98
mdp.39015025196075,18,13,0,Tad,PERSON,71,74
mdp.39015025196075,18,13,1,two,CARDINAL,202,205
mdp.39015025196075,18,14,0,Killing Color,WORK_OF_ART,1,14
mdp.39015025196075,19,1,0,BigWater,WORK_OF_ART,33,41
mdp.39015025196075,19,3,0,Keta,PERSON,39,43
mdp.39015025196075,19,5,0,Talking Mountain,WORK_OF_ART,55,71
mdp.39015025196075,19,6,0,Tavio,PERSON,4,9
mdp.39015025196075,19,7,0,Talking Mountain,WORK_OF_ART,107,123
mdp.39015025196075,19,8,0,four,CARDINAL,64,68
mdp.39015025196075,19,9,0,Magdalena,PERSON,38,47
mdp.39015025196075,19,11,0,Magdalena,PERSON,0,9
mdp.39015025196075,19,11,1,her days,DATE,119,127
mdp.39015025196075,19,12,0,“Talking Mountain” Magdalena,WORK_OF_ART,0,28
mdp.39015025196075,19,14,0,Watson Sherman's,PERSON,18,34
mdp.39015025196075,20,0,0,“Floating”,WORK_OF_ART,67,77
mdp.39015025196075,20,0,1,Daniles,PERSON,92,99
mdp.39015025196075,20,3,0,Cateye,WORK_OF_ART,6,12
mdp.39015025196075,20,3,1,Spirit Talk,WORK_OF_ART,19,30
mdp.39015025196075,20,4,0,Cateye,WORK_OF_ART,16,22
mdp.39015025196075,20,5,0,Spirit Talk,WORK_OF_ART,4,15
mdp.39015025196075,20,5,1,Watson Sherman,PERSON,18,32
mdp.39015025196075,20,7,0,Viola,PERSON,8,13
mdp.39015025196075,20,7,1,Reba,PERSON,76,80
mdp.39015025196075,20,7,2,Basil,PERSON,102,107
mdp.39015025196075,20,7,3,African,NORP,134,141
mdp.39015025196075,20,7,4,Reba,PERSON,148,152
mdp.39015025196075,20,7,5,African,NORP,236,243
mdp.39015025196075,20,9,0,Eldridge,PERSON,8,16
mdp.39015025196075,20,9,1,Ophelia,PERSON,28,35
mdp.39015025196075,20,9,2,Cateye,PERSON,85,91
mdp.39015025196075,20,10,0,Ophelia,PERSON,5,12
mdp.39015025196075,20,12,0,Cateye,PERSON,1,7
mdp.39015025196075,20,12,1,Watson Sherman,PERSON,11,25
mdp.39015025196075,20,13,0,Watson Sherman's,PERSON,73,89
mdp.39015025196075,21,0,0,Oya,PERSON,10,13
mdp.39015025196075,21,1,0,midnight,TIME,50,58
mdp.39015025196075,21,2,0,Emerald City: Third & Pike,WORK_OF_ART,1,27
mdp.39015025196075,21,2,1,Mavis,PERSON,29,34
mdp.39015025196075,21,4,0,Killing Color,WORK_OF_ART,1,14
mdp.39015025196075,21,5,0,Nola Barrett,PERSON,34,46
mdp.39015025196075,21,5,1,Lomax,PERSON,305,310
mdp.39015025196075,21,8,0,"Floating""",WORK_OF_ART,1,10
mdp.39015025196075,21,8,1,Watson Sherman,PERSON,11,25
mdp.39015025196075,21,9,0,Albertina,PERSON,7,16
mdp.39015025196075,21,9,1,Killing Color,WORK_OF_ART,83,96
mdp.39015025196075,21,12,0,Colleen J. McElroy,PERSON,13,31
mdp.39015025196075,23,1,0,African,NORP,0,7
mdp.39015025196075,25,0,0,one,CARDINAL,83,86
mdp.39015025196075,25,0,1,Leatha,PERSON,202,208
mdp.39015025196075,25,2,0,Neethie,PERSON,54,61
mdp.39015025196075,25,4,0,Egghead Sammy Ray Yarbrough,PERSON,25,52
mdp.39015025196075,25,4,1,C.C. Beauregard,PERSON,63,78
mdp.39015025196075,26,1,0,Elmo,PERSON,23,27
mdp.39015025196075,26,1,1,Ruby,PERSON,33,37
mdp.39015025196075,26,1,2,Egghead Sammy Ray Yarbrough,PERSON,67,94
mdp.39015025196075,26,1,3,C.C. Beauregard,PERSON,99,114
mdp.39015025196075,26,1,4,Neethie,PERSON,143,150
mdp.39015025196075,26,2,0,half,CARDINAL,17,21
mdp.39015025196075,26,2,1,Neethie,PERSON,44,51
mdp.39015025196075,26,2,2,one,CARDINAL,128,131
mdp.39015025196075,26,5,0,Neethie,PERSON,7,14
mdp.39015025196075,26,5,1,Bible,WORK_OF_ART,46,51
mdp.39015025196075,26,6,0,Neethie,PERSON,40,47
mdp.39015025196075,26,6,1,Bible,WORK_OF_ART,61,66
mdp.39015025196075,26,7,0,Jackson,GPE,95,102
mdp.39015025196075,26,8,0,Neethie,PERSON,41,48
mdp.39015025196075,26,8,1,Ruby,PERSON,65,69
mdp.39015025196075,26,8,2,Jesus,PERSON,99,104
mdp.39015025196075,26,9,0,C.C. Beauregard,PERSON,0,15
mdp.39015025196075,26,10,0,Eaton,PERSON,32,37
mdp.39015025196075,27,1,0,Samuel,PERSON,171,177
mdp.39015025196075,27,2,0,Eaton,PERSON,24,29
mdp.39015025196075,27,3,0,first,ORDINAL,312,317
mdp.39015025196075,27,4,0,first,ORDINAL,151,156
mdp.39015025196075,27,7,0,Sammy Ray Yarbrough,PERSON,9,28
mdp.39015025196075,27,7,1,Jesus,PERSON,214,219
mdp.39015025196075,27,7,2,3,CARDINAL,224,225
mdp.39015025196075,28,1,0,Ruby,PERSON,0,4
mdp.39015025196075,28,1,1,Neethie,PERSON,69,76
mdp.39015025196075,28,1,2,Neethie,PERSON,119,126
mdp.39015025196075,28,1,3,Jesus,PERSON,152,157
mdp.39015025196075,28,2,0,C.C. Beauregard,PERSON,0,15
mdp.39015025196075,28,2,1,Neethie,PERSON,37,44
mdp.39015025196075,28,3,0,Ruby,PERSON,11,15
mdp.39015025196075,28,3,1,Elmo,PERSON,20,24
mdp.39015025196075,28,3,2,Neethie,PERSON,185,192
mdp.39015025196075,28,5,0,C.C. Beauregard,PERSON,39,54
mdp.39015025196075,28,5,1,Neethie,PERSON,63,70
mdp.39015025196075,28,6,0,Elmo,PERSON,70,74
mdp.39015025196075,28,6,1,Elmo,PERSON,130,134
mdp.39015025196075,28,8,0,C.C. Beauregard,PERSON,9,24
mdp.39015025196075,28,8,1,Neethie,PERSON,33,40
mdp.39015025196075,28,8,2,one,CARDINAL,139,142
mdp.39015025196075,28,8,3,Neethie,PERSON,228,235
mdp.39015025196075,28,8,4,Sunday,DATE,303,309
mdp.39015025196075,28,10,0,Neethie,PERSON,4,11
mdp.39015025196075,28,10,1,Bible,WORK_OF_ART,70,75
mdp.39015025196075,29,0,0,C.C. Beauregard's,PERSON,63,80
mdp.39015025196075,29,1,0,C.C. Beauregard,PERSON,77,92
mdp.39015025196075,29,2,0,Neethie,PERSON,15,22
mdp.39015025196075,29,5,0,C.C. Beauregard,PERSON,108,123
mdp.39015025196075,29,5,1,Bible,WORK_OF_ART,264,269
mdp.39015025196075,29,7,0,Neethie,PERSON,10,17
mdp.39015025196075,29,8,0,C.C. Beauregard,PERSON,8,23
mdp.39015025196075,29,9,0,Sammy Ray Yarbrough'd,PERSON,8,29
mdp.39015025196075,29,10,0,Neethie,PERSON,0,7
mdp.39015025196075,29,10,1,Jesus,PERSON,83,88
mdp.39015025196075,29,11,0,C.C. Beauregard,PERSON,4,19
mdp.39015025196075,29,11,1,Jesus,PERSON,67,72
mdp.39015025196075,29,13,0,Eaton,PERSON,89,94
mdp.39015025196075,29,14,0,Neethie,PERSON,0,7
mdp.39015025196075,29,14,1,Elmo,PERSON,42,46
mdp.39015025196075,29,15,0,Ruby,PERSON,0,4
mdp.39015025196075,29,15,1,almost 5,DATE,44,52
mdp.39015025196075,30,0,0,KILLING COLOR,PERSON,0,13
mdp.39015025196075,30,0,1,Elmo,PERSON,43,47
mdp.39015025196075,30,1,0,C.C. Beauregard,PERSON,0,15
mdp.39015025196075,30,1,1,Neethie,PERSON,23,30
mdp.39015025196075,30,2,0,Neethie,PERSON,0,7
mdp.39015025196075,30,5,0,Neethie,PERSON,5,12
mdp.39015025196075,30,7,0,Ruby,PERSON,28,32
mdp.39015025196075,30,7,1,Elmo,PERSON,37,41
mdp.39015025196075,30,7,2,C.C. Beauregard,PERSON,132,147
mdp.39015025196075,30,7,3,Egghead,NORP,152,159
mdp.39015025196075,30,7,4,Sammy Ray Yarbrough,PERSON,160,179
mdp.39015025196075,30,8,0,Neethie,PERSON,9,16
mdp.39015025196075,30,8,1,C.C. Beauregard,PERSON,44,59
mdp.39015025196075,30,9,0,Neethie,PERSON,34,41
mdp.39015025196075,30,10,0,Ruby,PERSON,10,14
mdp.39015025196075,30,10,1,Elmo,PERSON,55,59
mdp.39015025196075,30,11,0,Neethie,PERSON,46,53
mdp.39015025196075,30,11,1,Neethie,PERSON,72,79
mdp.39015025196075,30,12,0,Ruby,PERSON,7,11
mdp.39015025196075,30,12,1,Elmo,PERSON,16,20
mdp.39015025196075,30,13,0,Neethie,PERSON,21,28
mdp.39015025196075,30,13,1,Neethie,PERSON,77,84
mdp.39015025196075,30,13,2,Sammy Ray Yarbrough's,PERSON,143,164
mdp.39015025196075,31,0,0,SWIMMING LESSON,PERSON,0,15
mdp.39015025196075,31,1,0,C.C. Beauregard,PERSON,34,49
mdp.39015025196075,31,1,1,Egghead Sammy Ray Yarbrough,PERSON,54,81
mdp.39015025196075,31,1,2,Neethie,PERSON,120,127
mdp.39015025196075,31,2,0,Neethie,PERSON,8,15
mdp.39015025196075,31,3,0,Ruby,PERSON,5,9
mdp.39015025196075,31,3,1,the Sunflower Ice Cream Shop,ORG,34,62
mdp.39015025196075,31,4,0,Neethie,PERSON,18,25
mdp.39015025196075,31,5,0,Elmo,PERSON,68,72
mdp.39015025196075,32,0,0,CATEYE KE,FAC,0,9
mdp.39015025196075,32,1,0,Nathan Honeywood,PERSON,39,55
mdp.39015025196075,32,5,0,Nathan,PERSON,161,167
mdp.39015025196075,32,5,1,Nathan,PERSON,260,266
mdp.39015025196075,32,7,0,Nathan,PERSON,0,6
mdp.39015025196075,32,8,0,Mississippi,GPE,45,56
mdp.39015025196075,32,12,0,Nathan,PERSON,0,6
mdp.39015025196075,33,2,0,Nathan,PERSON,27,33
mdp.39015025196075,33,3,0,Nathan,PERSON,0,6
mdp.39015025196075,33,3,1,Mary,PERSON,29,33
mdp.39015025196075,33,4,0,Mary,PERSON,5,9
mdp.39015025196075,33,7,0,Mary,PERSON,10,14
mdp.39015025196075,33,7,1,Friday,DATE,138,144
mdp.39015025196075,33,7,2,Saturday,DATE,161,169
mdp.39015025196075,33,8,0,Mary,PERSON,5,9
mdp.39015025196075,33,9,0,Nathan,PERSON,0,6
mdp.39015025196075,33,10,0,a year,DATE,29,35
mdp.39015025196075,33,10,1,Nathan,PERSON,73,79
mdp.39015025196075,33,10,2,Mary,PERSON,148,152
mdp.39015025196075,33,11,0,Mary,PERSON,26,30
mdp.39015025196075,33,11,1,Sunday,DATE,63,69
mdp.39015025196075,33,11,2,Leah,PERSON,97,101
mdp.39015025196075,33,12,0,Nathan,PERSON,0,6
mdp.39015025196075,33,15,0,Leah,PERSON,27,31
mdp.39015025196075,33,15,1,Nathan Honeywood,PERSON,75,91
mdp.39015025196075,33,16,0,9,CARDINAL,0,1
mdp.39015025196075,34,0,0,Leah Barnett,PERSON,19,31
mdp.39015025196075,34,1,0,slavery days,DATE,61,73
mdp.39015025196075,34,5,0,Leah,PERSON,65,69
mdp.39015025196075,34,6,0,Leah,PERSON,0,4
mdp.39015025196075,34,7,0,Nathan,PERSON,0,6
mdp.39015025196075,34,7,1,Leah,PERSON,27,31
mdp.39015025196075,34,7,2,Saturday,DATE,35,43
mdp.39015025196075,34,7,3,evenings,TIME,44,52
mdp.39015025196075,34,12,0,Nathan,PERSON,23,29
mdp.39015025196075,34,13,0,Nathan,PERSON,0,6
mdp.39015025196075,34,13,1,Leah,PERSON,29,33
mdp.39015025196075,34,13,2,Leah,PERSON,38,42
mdp.39015025196075,34,14,0,Nathan,PERSON,24,30
mdp.39015025196075,34,14,1,Leah,PERSON,94,98
mdp.39015025196075,34,15,0,Leah,PERSON,99,103
mdp.39015025196075,34,16,0,Nathan,PERSON,0,6
mdp.39015025196075,34,17,0,Leah,PERSON,0,4
mdp.39015025196075,35,1,0,Nathan,PERSON,5,11
mdp.39015025196075,35,1,1,Leah,PERSON,68,72
mdp.39015025196075,35,1,2,Leah,PERSON,75,79
mdp.39015025196075,35,3,0,Nathan,PERSON,0,6
mdp.39015025196075,35,4,0,Leah,PERSON,4,8
mdp.39015025196075,35,4,1,Leah,PERSON,80,84
mdp.39015025196075,35,6,0,Nathan,PERSON,0,6
mdp.39015025196075,35,6,1,Leah,PERSON,11,15
mdp.39015025196075,35,7,0,Leah,PERSON,0,4
mdp.39015025196075,35,8,0,Eldridge,PERSON,20,28
mdp.39015025196075,35,8,1,Nathan,PERSON,36,42
mdp.39015025196075,35,8,2,Eldridge Honeywood,PERSON,64,82
mdp.39015025196075,35,8,3,Cateye,PERSON,117,123
mdp.39015025196075,35,9,0,Nathan,PERSON,0,6
mdp.39015025196075,35,9,1,Leah,PERSON,11,15
mdp.39015025196075,35,9,2,Eldridge,PERSON,20,28
mdp.39015025196075,35,11,0,Eldridge,PERSON,5,13
mdp.39015025196075,35,11,1,ten years old,DATE,18,31
mdp.39015025196075,35,11,2,Leah,PERSON,33,37
mdp.39015025196075,35,11,3,her days,DATE,74,82
mdp.39015025196075,35,11,4,Honeywoods,PERSON,92,102
mdp.39015025196075,35,12,0,Ophelia Barnett,PERSON,0,15
mdp.39015025196075,35,12,1,years,DATE,33,38
mdp.39015025196075,35,13,0,Eldridge,PERSON,46,54
mdp.39015025196075,35,13,1,first,ORDINAL,74,79
mdp.39015025196075,35,14,0,Ophelia,PERSON,39,46
mdp.39015025196075,35,16,0,Eldridge,PERSON,14,22
mdp.39015025196075,35,17,0,Nathan,PERSON,10,16
mdp.39015025196075,35,17,1,Leah,PERSON,21,25
mdp.39015025196075,35,17,2,Indian,NORP,61,67
mdp.39015025196075,35,17,3,the days,DATE,89,97
mdp.39015025196075,35,17,4,11,CARDINAL,105,107
mdp.39015025196075,36,1,0,Nathan,PERSON,7,13
mdp.39015025196075,36,1,1,Eldridge,PERSON,32,40
mdp.39015025196075,36,1,2,Eldridge,PERSON,79,87
mdp.39015025196075,36,1,3,Leah,PERSON,113,117
mdp.39015025196075,36,4,0,Nathan,PERSON,49,55
mdp.39015025196075,36,4,1,Leah,PERSON,139,143
mdp.39015025196075,36,4,2,Eldridge,PERSON,224,232
mdp.39015025196075,36,5,0,Eldridge,PERSON,8,16
mdp.39015025196075,36,5,1,Ophelia,PERSON,28,35
mdp.39015025196075,36,5,2,Cateye,PERSON,85,91
mdp.39015025196075,36,6,0,Ophelia,PERSON,5,12
mdp.39015025196075,36,8,0,Eldridge,PERSON,0,8
mdp.39015025196075,36,10,0,Eldridge,PERSON,0,8
mdp.39015025196075,36,11,0,hundreds,CARDINAL,16,24
mdp.39015025196075,36,13,0,Ophelia,PERSON,5,12
mdp.39015025196075,36,15,0,Eldridge,PERSON,0,8
mdp.39015025196075,37,0,0,CATEYE,PERSON,0,6
mdp.39015025196075,37,0,1,Ophelia,PERSON,23,30
mdp.39015025196075,37,3,0,Eldridge,PERSON,0,8
mdp.39015025196075,37,4,0,Three,CARDINAL,0,5
mdp.39015025196075,37,5,0,Ophelia,PERSON,5,12
mdp.39015025196075,37,6,0,Eldridge,PERSON,11,19
mdp.39015025196075,37,11,0,Eldridge,PERSON,24,32
mdp.39015025196075,37,12,0,Nathan,PERSON,4,10
mdp.39015025196075,37,14,0,the days,DATE,7,15
mdp.39015025196075,37,15,0,Eldridge,PERSON,0,8
mdp.39015025196075,37,15,1,twelve,DATE,16,22
mdp.39015025196075,37,15,2,Wonzell Gleason,PERSON,68,83
mdp.39015025196075,37,16,0,Wonzell,PERSON,0,7
mdp.39015025196075,37,16,1,Eldridge,PERSON,54,62
mdp.39015025196075,37,18,0,Wonzell,PERSON,0,7
mdp.39015025196075,37,20,0,Wonzell,PERSON,0,7
mdp.39015025196075,37,20,1,the next day,DATE,25,37
mdp.39015025196075,37,20,2,the next week,DATE,57,70
mdp.39015025196075,37,20,3,Eldridge,PERSON,76,84
mdp.39015025196075,37,20,4,Wonzell,PERSON,95,102
mdp.39015025196075,37,20,5,two,CARDINAL,217,220
mdp.39015025196075,37,21,0,Eldridge,PERSON,0,8
mdp.39015025196075,37,22,0,Months,DATE,0,6
mdp.39015025196075,37,22,1,one,CARDINAL,56,59
mdp.39015025196075,37,22,2,Eldridge,PERSON,72,80
mdp.39015025196075,37,22,3,Thomas Grant,PERSON,103,115
mdp.39015025196075,37,22,4,Thomas,PERSON,159,165
mdp.39015025196075,37,22,5,only one,CARDINAL,179,187
mdp.39015025196075,38,0,0,Eldridge,PERSON,14,22
mdp.39015025196075,38,1,0,Thomas,PERSON,13,19
mdp.39015025196075,38,3,0,Thomas,PERSON,0,6
mdp.39015025196075,38,3,1,Eldridge,PERSON,17,25
mdp.39015025196075,38,6,0,Eldridge,PERSON,0,8
mdp.39015025196075,38,6,1,Thomas,PERSON,59,65
mdp.39015025196075,38,7,0,Thomas,PERSON,6,12
mdp.39015025196075,38,7,1,Eldridge,PERSON,24,32
mdp.39015025196075,38,8,0,Ophelia,PERSON,18,25
mdp.39015025196075,38,10,0,Ophelia,PERSON,5,12
mdp.39015025196075,38,11,0,Ophelia,PERSON,6,13
mdp.39015025196075,38,11,1,Thomas Grant's,PERSON,21,35
mdp.39015025196075,38,11,2,only one,CARDINAL,46,54
mdp.39015025196075,38,13,0,Ophelia,PERSON,5,12
mdp.39015025196075,38,13,1,Eldridge,PERSON,26,34
mdp.39015025196075,38,17,0,Leah,PERSON,5,9
mdp.39015025196075,38,17,1,Bessie Grant,PERSON,59,71
mdp.39015025196075,38,17,2,Eldridge,PERSON,134,142
mdp.39015025196075,38,18,0,Ophelia,PERSON,5,12
mdp.39015025196075,38,24,0,Eldridge,PERSON,0,8
mdp.39015025196075,38,24,1,Ophelia,PERSON,24,31
mdp.39015025196075,38,24,2,a minute,TIME,36,44
mdp.39015025196075,39,0,0,CATEYE,PERSON,0,6
mdp.39015025196075,39,0,1,Ophelia,PERSON,14,21
mdp.39015025196075,39,4,0,Months,DATE,0,6
mdp.39015025196075,39,4,1,years,DATE,15,20
mdp.39015025196075,39,4,2,Eldridge,PERSON,33,41
mdp.39015025196075,39,5,0,two weeks,DATE,5,14
mdp.39015025196075,39,5,1,fifteenth,ORDINAL,26,35
mdp.39015025196075,39,5,2,Eldridge,PERSON,46,54
mdp.39015025196075,39,6,0,Nathan,PERSON,0,6
mdp.39015025196075,39,6,1,Leah,PERSON,8,12
mdp.39015025196075,39,6,2,Ophelia,PERSON,23,30
mdp.39015025196075,39,7,0,Nathan,PERSON,0,6
mdp.39015025196075,39,7,1,Leah,PERSON,11,15
mdp.39015025196075,39,7,2,Ophelia,PERSON,38,45
mdp.39015025196075,39,10,0,one day,DATE,28,35
mdp.39015025196075,39,11,0,fifteen,DATE,30,37
mdp.39015025196075,39,11,1,Eldridge,PERSON,39,47
mdp.39015025196075,39,11,2,Ophelia,PERSON,64,71
mdp.39015025196075,39,14,0,Ophelia,PERSON,5,12
mdp.39015025196075,39,14,1,Eldridge,PERSON,21,29
mdp.39015025196075,39,15,0,Eldridge,PERSON,0,8
mdp.39015025196075,39,17,0,Eldridge,PERSON,29,37
mdp.39015025196075,39,19,0,only one,CARDINAL,114,122
mdp.39015025196075,40,0,0,KILLING COLOR,PERSON,0,13
mdp.39015025196075,40,1,0,Ophelia,PERSON,56,63
mdp.39015025196075,41,0,0,Beulah Mae Donald,PERSON,18,35
mdp.39015025196075,41,0,1,Black,NORP,39,44
mdp.39015025196075,41,0,2,$7 million,MONEY,61,71
mdp.39015025196075,41,0,3,the Ku Klux Klan,ORG,89,105
mdp.39015025196075,41,0,4,Michael,PERSON,132,139
mdp.39015025196075,41,0,5,March 1981,DATE,148,158
mdp.39015025196075,41,0,6,the age of,DATE,163,173
mdp.39015025196075,41,0,7,19,DATE,174,176
mdp.39015025196075,41,1,0,Donald,PERSON,5,11
mdp.39015025196075,41,1,1,"the United Klans of America, Inc.",ORG,24,57
mdp.39015025196075,41,1,2,Tuscaloosa,GPE,84,94
mdp.39015025196075,41,1,3,Alabama,GPE,96,103
mdp.39015025196075,41,2,0,"September 17, 1988",DATE,9,27
mdp.39015025196075,41,3,0,TI,ORG,0,2
mdp.39015025196075,41,3,1,seven hundred years old,DATE,31,54
mdp.39015025196075,41,4,0,Mavis,PERSON,95,100
mdp.39015025196075,41,5,0,Mavis,PERSON,19,24
mdp.39015025196075,41,7,0,Mavis,PERSON,0,5
mdp.39015025196075,41,8,0,Mavis,PERSON,54,59
mdp.39015025196075,41,9,0,Mavis,PERSON,12,17
mdp.39015025196075,41,9,1,Myrtice,PERSON,82,89
mdp.39015025196075,41,9,2,George Washington,PERSON,95,112
mdp.39015025196075,41,9,3,the Spanish-American War,EVENT,181,205
mdp.39015025196075,41,9,4,George Washington,PERSON,210,227
mdp.39015025196075,41,9,5,no SpanishAmerican War,EVENT,258,280
mdp.39015025196075,41,9,6,17,CARDINAL,282,284
mdp.39015025196075,42,0,0,KILLING COLOR,PERSON,0,13
mdp.39015025196075,42,1,0,Myrtice,PERSON,78,85
mdp.39015025196075,42,3,0,Mavis,PERSON,40,45
mdp.39015025196075,42,4,0,George Washington,PERSON,87,104
mdp.39015025196075,42,5,0,Mavis,PERSON,149,154
mdp.39015025196075,42,6,0,Mavis,PERSON,0,5
mdp.39015025196075,42,9,0,Brownville,GPE,42,52
mdp.39015025196075,42,11,0,Brownville,GPE,20,30
mdp.39015025196075,42,12,0,Thaddeous Fulton,PERSON,13,29
mdp.39015025196075,42,13,0,Mavis,PERSON,4,9
mdp.39015025196075,43,2,0,Tad,PERSON,5,8
mdp.39015025196075,43,2,1,Mavis,PERSON,57,62
mdp.39015025196075,43,4,0,Mavis,PERSON,57,62
mdp.39015025196075,43,7,0,Tad,PERSON,0,3
mdp.39015025196075,43,7,1,only half,CARDINAL,49,58
mdp.39015025196075,43,8,0,Brownville,GPE,27,37
mdp.39015025196075,43,10,0,one,CARDINAL,68,71
mdp.39015025196075,43,11,0,Myrtice,PERSON,27,34
mdp.39015025196075,43,12,0,Lady,PERSON,32,36
mdp.39015025196075,43,13,0,Chicago,GPE,85,92
mdp.39015025196075,43,14,0,Brownville,GPE,49,59
mdp.39015025196075,44,0,0,KILLING COLOR,PERSON,0,13
mdp.39015025196075,44,0,1,two,CARDINAL,36,39
mdp.39015025196075,44,2,0,the Good Book,WORK_OF_ART,7,20
mdp.39015025196075,44,6,0,the Good Book,WORK_OF_ART,6,19
mdp.39015025196075,44,7,0,the Good Book,WORK_OF_ART,43,56
mdp.39015025196075,44,7,1,the Good Book,WORK_OF_ART,160,173
mdp.39015025196075,44,8,0,Fulton,PERSON,26,32
mdp.39015025196075,44,13,0,fifty years ago,DATE,85,100
mdp.39015025196075,44,14,0,Tad,PERSON,67,70
mdp.39015025196075,44,14,1,two,CARDINAL,192,195
mdp.39015025196075,44,15,0,the Good Book,WORK_OF_ART,34,47
mdp.39015025196075,44,18,0,20,CARDINAL,47,49
mdp.39015025196075,45,3,0,Tad,PERSON,5,8
mdp.39015025196075,45,4,0,one,CARDINAL,77,80
mdp.39015025196075,45,5,0,Bible,WORK_OF_ART,107,112
mdp.39015025196075,45,6,0,VAVAV,PERSON,0,5
mdp.39015025196075,45,7,0,The next day,DATE,0,12
mdp.39015025196075,45,7,1,Mavis,PERSON,38,43
mdp.39015025196075,45,8,0,Mavis,PERSON,78,83
mdp.39015025196075,45,9,0,Sunday,DATE,3,9
mdp.39015025196075,45,10,0,Darden,PERSON,14,20
mdp.39015025196075,45,11,0,Mavis,PERSON,42,47
mdp.39015025196075,45,12,0,Mavis,PERSON,33,38
mdp.39015025196075,45,13,0,Next day,DATE,0,8
mdp.39015025196075,45,15,0,today,DATE,82,87
mdp.39015025196075,46,0,0,Mavis,PERSON,24,29
mdp.39015025196075,46,1,0,bout five minutes,TIME,31,48
mdp.39015025196075,46,1,1,Mavis,PERSON,54,59
mdp.39015025196075,46,3,0,Mavis,PERSON,0,5
mdp.39015025196075,46,5,0,Tad,PERSON,17,20
mdp.39015025196075,46,6,0,Mavis,PERSON,96,101
mdp.39015025196075,46,8,0,Ned Crowell,PERSON,37,48
mdp.39015025196075,46,8,1,yesterday,DATE,49,58
mdp.39015025196075,46,14,0,first,ORDINAL,15,20
mdp.39015025196075,46,18,0,Tad,PERSON,47,50
mdp.39015025196075,46,20,0,Tad,PERSON,16,19
mdp.39015025196075,46,21,0,Mavis,PERSON,29,34
mdp.39015025196075,46,22,0,three days,DATE,6,16
mdp.39015025196075,47,0,0,KILLING COLOR vis,PERSON,0,17
mdp.39015025196075,47,2,0,at least fifty years,DATE,85,105
mdp.39015025196075,47,3,0,Wonzell Fitch,PERSON,54,67
mdp.39015025196075,47,8,0,Tad,PERSON,0,3
mdp.39015025196075,47,9,0,three,CARDINAL,11,16
mdp.39015025196075,47,9,1,Crowells,PERSON,30,38
mdp.39015025196075,47,9,2,one,CARDINAL,43,46
mdp.39015025196075,47,9,3,Fitzhughs,PERSON,55,64
mdp.39015025196075,47,11,0,four,CARDINAL,21,25
mdp.39015025196075,47,13,0,two,CARDINAL,56,59
mdp.39015025196075,47,13,1,Crowells,PERSON,68,76
mdp.39015025196075,47,13,2,Billy Fitzhugh,PERSON,85,99
mdp.39015025196075,47,20,0,one,CARDINAL,46,49
mdp.39015025196075,47,20,1,23,CARDINAL,53,55
mdp.39015025196075,48,4,0,Tad,PERSON,7,10
mdp.39015025196075,48,5,0,Myrtice,PERSON,28,35
mdp.39015025196075,48,6,0,Darden,PERSON,88,94
mdp.39015025196075,48,11,0,Myrtice,PERSON,66,73
mdp.39015025196075,48,12,0,Mavis,PERSON,99,104
mdp.39015025196075,48,12,1,almost a month,DATE,180,194
mdp.39015025196075,48,14,0,Mavis,PERSON,0,5
mdp.39015025196075,48,16,0,Doc Adams,PERSON,33,42
mdp.39015025196075,48,17,0,Mavis,PERSON,0,5
mdp.39015025196075,48,19,0,VAVAV 24,PRODUCT,0,8
mdp.39015025196075,49,0,0,KILLING COLOR,PERSON,0,13
mdp.39015025196075,49,1,0,Tad,PERSON,19,22
mdp.39015025196075,49,1,1,the next day,DATE,50,62
mdp.39015025196075,49,2,0,Doc Adams,PERSON,12,21
mdp.39015025196075,49,9,0,Tad,PERSON,39,42
mdp.39015025196075,49,16,0,Myrtice,PERSON,42,49
mdp.39015025196075,49,17,0,Tad,PERSON,41,44
mdp.39015025196075,49,18,0,Mavis,PERSON,6,11
mdp.39015025196075,49,21,0,one,CARDINAL,24,27
mdp.39015025196075,49,23,0,Mavis,PERSON,16,21
mdp.39015025196075,49,23,1,every day,DATE,97,106
mdp.39015025196075,49,25,0,Mavis,PERSON,43,48
mdp.39015025196075,49,27,0,25,CARDINAL,55,57
mdp.39015025196075,50,2,0,Mavis,PERSON,18,23
mdp.39015025196075,50,4,0,Brownville,GPE,109,119
mdp.39015025196075,50,5,0,Mavis,PERSON,0,5
mdp.39015025196075,50,7,0,two,CARDINAL,131,134
mdp.39015025196075,50,8,0,a month ago,DATE,96,107
mdp.39015025196075,50,10,0,Mavis,PERSON,0,5
mdp.39015025196075,50,17,0,Old Robinson Road,FAC,43,60
mdp.39015025196075,51,0,0,KILLING COLOR,PERSON,0,13
mdp.39015025196075,51,6,0,Andy Crowell,PERSON,5,17
mdp.39015025196075,51,13,0,27,CARDINAL,53,55
mdp.39015025196075,52,18,0,28,CARDINAL,0,2
mdp.39015025196075,53,0,0,KILLING COLOR,PERSON,0,13
mdp.39015025196075,53,3,0,Two,CARDINAL,0,3
mdp.39015025196075,53,5,0,Edith Rattray,PERSON,7,20
mdp.39015025196075,53,6,0,over a month,DATE,24,36
mdp.39015025196075,53,10,0,Mavis,PERSON,0,5
mdp.39015025196075,53,11,0,VAVAV,PERSON,0,5
mdp.39015025196075,53,11,1,noonday,DATE,65,72
mdp.39015025196075,53,11,2,Mavis,PERSON,100,105
mdp.39015025196075,53,17,0,Bible,WORK_OF_ART,43,48
mdp.39015025196075,53,19,0,29,CARDINAL,0,2
mdp.39015025196075,54,0,0,KILLING COLOR,PERSON,0,13
mdp.39015025196075,54,3,0,Myrtice,PERSON,5,12
mdp.39015025196075,54,6,0,Tad,PERSON,0,3
mdp.39015025196075,54,8,0,Tad,PERSON,7,10
mdp.39015025196075,54,13,0,years,DATE,25,30
mdp.39015025196075,54,13,1,Myrtice,PERSON,37,44
mdp.39015025196075,54,15,0,Tad,PERSON,26,29
mdp.39015025196075,54,15,1,Mavis,PERSON,60,65
mdp.39015025196075,54,15,2,Myrtice,PERSON,110,117
mdp.39015025196075,54,17,0,Tad,PERSON,0,3
mdp.39015025196075,54,22,0,Tad,PERSON,1,4
mdp.39015025196075,54,22,1,Mavis,PERSON,56,61
mdp.39015025196075,54,24,0,Tad,PERSON,0,3
mdp.39015025196075,54,26,0,Mavis,PERSON,36,41
mdp.39015025196075,54,26,1,30,CARDINAL,52,54
mdp.39015025196075,55,2,0,Tad,PERSON,26,29
mdp.39015025196075,55,8,0,Mavis,PERSON,64,69
mdp.39015025196075,55,10,0,Tad,PERSON,25,28
mdp.39015025196075,55,11,0,Tad,PERSON,63,66
mdp.39015025196075,55,14,0,Lee,PERSON,92,95
mdp.39015025196075,55,14,1,Old Robinson Road,FAC,117,134
mdp.39015025196075,55,15,0,Tad,PERSON,0,3
mdp.39015025196075,55,19,0,tonight,TIME,41,48
mdp.39015025196075,56,0,0,KILLING COLOR,PERSON,0,13
mdp.39015025196075,56,1,0,Tad,PERSON,15,18
mdp.39015025196075,56,1,1,Brownville,GPE,46,56
mdp.39015025196075,56,5,0,A few minutes later,TIME,0,19
mdp.39015025196075,56,9,0,Tad,PERSON,42,45
mdp.39015025196075,56,11,0,Tad,PERSON,22,25
mdp.39015025196075,56,19,0,Tad,PERSON,55,58
mdp.39015025196075,56,22,0,Tad,PERSON,120,123
mdp.39015025196075,56,24,0,Tad,PERSON,17,20
mdp.39015025196075,56,26,0,bout two miles,QUANTITY,28,42
mdp.39015025196075,56,28,0,32,CARDINAL,11,13
mdp.39015025196075,57,7,0,Tad,PERSON,7,10
mdp.39015025196075,57,11,0,Next day,DATE,0,8
mdp.39015025196075,57,11,1,first thing,TIME,9,20
mdp.39015025196075,57,11,2,Mavis,PERSON,48,53
mdp.39015025196075,57,13,0,Jesus,PERSON,160,165
mdp.39015025196075,57,15,0,Mavis,PERSON,0,5
mdp.39015025196075,58,1,0,Mavis,PERSON,15,20
mdp.39015025196075,58,1,1,Myrtice,PERSON,83,90
mdp.39015025196075,58,2,0,Tad,PERSON,0,3
mdp.39015025196075,58,2,1,Tad,PERSON,122,125
mdp.39015025196075,58,3,0,Myrtice,PERSON,5,12
mdp.39015025196075,58,4,0,Tad,PERSON,60,63
mdp.39015025196075,58,4,1,Mavis,PERSON,265,270
mdp.39015025196075,58,5,0,Tad,PERSON,4,7
mdp.39015025196075,58,5,1,Mavis,PERSON,16,21
mdp.39015025196075,58,5,2,George Washington,PERSON,61,78
mdp.39015025196075,58,8,0,the Ku Klux years,ORG,63,80
mdp.39015025196075,58,9,0,Mavis,PERSON,34,39
mdp.39015025196075,58,10,0,Mavis,PERSON,78,83
mdp.39015025196075,59,0,0,FLOATING 1 1963,DATE,0,15
mdp.39015025196075,59,3,0,Blue-the-wangaman's,PERSON,59,78
mdp.39015025196075,59,3,1,night,TIME,155,160
mdp.39015025196075,59,4,0,Blue,LOC,176,180
mdp.39015025196075,59,4,1,Daniles,PERSON,197,204
mdp.39015025196075,59,5,0,Pearl,GPE,21,26
mdp.39015025196075,59,6,0,Marius,PERSON,54,60
mdp.39015025196075,59,9,0,Pearl,PERSON,13,18
mdp.39015025196075,59,10,0,35,DATE,44,46
mdp.39015025196075,60,3,0,Marius,PERSON,109,115
mdp.39015025196075,60,4,0,Marius,PERSON,16,22
mdp.39015025196075,60,5,0,Marius,PERSON,9,15
mdp.39015025196075,60,8,0,Nola,PERSON,20,24
mdp.39015025196075,60,13,0,Nola,PERSON,13,17
mdp.39015025196075,60,15,0,Marius,PERSON,9,15
mdp.39015025196075,60,17,0,Marius,PERSON,57,63
mdp.39015025196075,60,17,1,first,ORDINAL,76,81
mdp.39015025196075,60,17,2,Marius,PERSON,93,99
mdp.39015025196075,60,18,0,Marius,PERSON,37,43
mdp.39015025196075,60,21,0,Marius,PERSON,27,33
mdp.39015025196075,60,24,0,36,CARDINAL,0,2
mdp.39015025196075,61,1,0,Raisin,PERSON,79,85
mdp.39015025196075,61,3,0,Marius,PERSON,23,29
mdp.39015025196075,61,5,0,Marius,PERSON,5,11
mdp.39015025196075,61,5,1,Blue,PERSON,124,128
mdp.39015025196075,61,9,0,Marius,PERSON,5,11
mdp.39015025196075,61,9,1,Nathan,PERSON,16,22
mdp.39015025196075,61,10,0,Marius,PERSON,5,11
mdp.39015025196075,61,10,1,Nathan,PERSON,16,22
mdp.39015025196075,61,10,2,Lucille,PERSON,56,63
mdp.39015025196075,61,10,3,Lucinda,PERSON,68,75
mdp.39015025196075,61,10,4,Marius,PERSON,115,121
mdp.39015025196075,61,10,5,Marius,PERSON,146,152
mdp.39015025196075,61,13,0,MC,PERSON,13,15
mdp.39015025196075,61,13,1,Wilhemina,PERSON,20,29
mdp.39015025196075,61,13,2,Douglass,PERSON,34,42
mdp.39015025196075,61,14,0,Lucille,PERSON,106,113
mdp.39015025196075,61,15,0,Lucille,PERSON,0,7
mdp.39015025196075,61,15,1,Marius,PERSON,37,43
mdp.39015025196075,62,0,0,KILLING COLOR,PERSON,0,13
mdp.39015025196075,62,1,0,One,CARDINAL,0,3
mdp.39015025196075,62,1,1,Lomax,PERSON,252,257
mdp.39015025196075,62,4,0,Marius,PERSON,9,15
mdp.39015025196075,62,4,1,Nathan,PERSON,20,26
mdp.39015025196075,62,7,0,Lucille,PERSON,2,9
mdp.39015025196075,62,7,1,MC,PERSON,32,34
mdp.39015025196075,62,7,2,Wilhemina,PERSON,36,45
mdp.39015025196075,62,7,3,Douglass,PERSON,47,55
mdp.39015025196075,62,7,4,Marius,PERSON,105,111
mdp.39015025196075,62,7,5,Nathan,PERSON,116,122
mdp.39015025196075,62,8,0,MC,PERSON,0,2
mdp.39015025196075,62,8,1,Wilhemina,PERSON,77,86
mdp.39015025196075,62,8,2,Douglass,PERSON,88,96
mdp.39015025196075,62,9,0,Marius,PERSON,29,35
mdp.39015025196075,62,11,0,Douglass,PERSON,38,46
mdp.39015025196075,62,11,1,three,CARDINAL,97,102
mdp.39015025196075,62,11,2,Lucille,PERSON,128,135
mdp.39015025196075,62,12,0,Douglass,PERSON,4,12
mdp.39015025196075,62,13,0,Douglass,PERSON,0,8
mdp.39015025196075,62,13,1,Memphis,GPE,53,60
mdp.39015025196075,62,14,0,Marius,PERSON,23,29
mdp.39015025196075,62,15,0,Marius,PERSON,21,27
mdp.39015025196075,62,19,0,38,CARDINAL,33,35
mdp.39015025196075,63,0,0,Marius,PERSON,14,20
mdp.39015025196075,63,0,1,Louisa,PERSON,57,63
mdp.39015025196075,63,2,0,Wilhemina,PERSON,0,9
mdp.39015025196075,63,2,1,Wilhemina,PERSON,90,99
mdp.39015025196075,63,3,0,Leona,PERSON,22,27
mdp.39015025196075,63,5,0,Marius,PERSON,29,35
mdp.39015025196075,63,6,0,Wilhemina,PERSON,0,9
mdp.39015025196075,63,7,0,MC,PERSON,31,33
mdp.39015025196075,63,8,0,four,CARDINAL,32,36
mdp.39015025196075,63,9,0,Lucille,PERSON,14,21
mdp.39015025196075,63,10,0,Marius,PERSON,37,43
mdp.39015025196075,63,10,1,Moses,PERSON,49,54
mdp.39015025196075,63,11,0,Moses,PERSON,22,27
mdp.39015025196075,63,11,1,Lucille,PERSON,68,75
mdp.39015025196075,63,12,0,two,CARDINAL,48,51
mdp.39015025196075,63,12,1,Marius,PERSON,64,70
mdp.39015025196075,63,14,0,Lomax,PERSON,44,49
mdp.39015025196075,63,16,0,Lucille,PERSON,9,16
mdp.39015025196075,63,18,0,39,CARDINAL,0,2
mdp.39015025196075,64,3,0,Dubois,PERSON,73,79
mdp.39015025196075,64,4,0,one,CARDINAL,6,9
mdp.39015025196075,64,7,0,second,ORDINAL,67,73
mdp.39015025196075,64,8,0,one,CARDINAL,60,63
mdp.39015025196075,64,23,0,Sin-Sin,PERSON,23,30
mdp.39015025196075,64,24,0,Dubois,PERSON,34,40
mdp.39015025196075,64,24,1,40,DATE,58,60
mdp.39015025196075,65,0,0,Brazilian,NORP,9,18
mdp.39015025196075,65,6,0,Blue,PERSON,8,12
mdp.39015025196075,65,11,0,fourteen,DATE,18,26
mdp.39015025196075,65,16,0,Dubois,PERSON,37,43
mdp.39015025196075,65,23,0,Marius,PERSON,6,12
mdp.39015025196075,65,25,0,Lucille,PERSON,14,21
mdp.39015025196075,65,25,1,Lucinda,PERSON,26,33
mdp.39015025196075,65,27,0,Wilhemina,PERSON,26,35
mdp.39015025196075,65,27,1,MC,PERSON,40,42
mdp.39015025196075,65,27,2,Douglass,PERSON,47,55
mdp.39015025196075,65,29,0,Marius,PERSON,37,43
mdp.39015025196075,66,2,0,Marius,PERSON,37,43
mdp.39015025196075,66,5,0,Sin-Sin,NORP,93,100
mdp.39015025196075,66,7,0,Dubois,PERSON,83,89
mdp.39015025196075,66,7,1,Lewis,PERSON,95,100
mdp.39015025196075,66,9,0,two,CARDINAL,8,11
mdp.39015025196075,66,11,0,Marius,PERSON,6,12
mdp.39015025196075,66,13,0,Sin-Sin,NORP,0,7
mdp.39015025196075,66,16,0,Marius,PERSON,15,21
mdp.39015025196075,66,16,1,night,TIME,48,53
mdp.39015025196075,66,17,0,night,TIME,53,58
mdp.39015025196075,66,17,1,Sin-Sin,PERSON,61,68
mdp.39015025196075,66,18,0,Buchanan,PERSON,31,39
mdp.39015025196075,67,0,0,Marius,PERSON,15,21
mdp.39015025196075,67,1,0,Buchanan,PERSON,46,54
mdp.39015025196075,67,2,0,Buchanan,PERSON,212,220
mdp.39015025196075,67,2,1,Marius,PERSON,349,355
mdp.39015025196075,67,4,0,Marius,PERSON,5,11
mdp.39015025196075,67,4,1,Buchanan,PERSON,46,54
mdp.39015025196075,67,6,0,two,CARDINAL,47,50
mdp.39015025196075,67,9,0,Marius,PERSON,56,62
mdp.39015025196075,68,1,0,Buchanan,PERSON,44,52
mdp.39015025196075,68,4,0,night,TIME,71,76
mdp.39015025196075,68,5,0,Marius,PERSON,6,12
mdp.39015025196075,68,5,1,night,TIME,56,61
mdp.39015025196075,68,6,0,Sin-Sin,PERSON,84,91
mdp.39015025196075,68,23,0,about a week,DATE,37,49
mdp.39015025196075,68,26,0,44,CARDINAL,0,2
mdp.39015025196075,69,2,0,The Night People,ORG,1,17
mdp.39015025196075,69,2,1,Douglass,PERSON,133,141
mdp.39015025196075,69,20,0,million,CARDINAL,28,35
mdp.39015025196075,69,25,0,one,CARDINAL,7,10
mdp.39015025196075,70,0,0,KILLING COLOR,PERSON,0,13
mdp.39015025196075,70,30,0,Sin-Sin,PERSON,0,7
mdp.39015025196075,70,31,0,MC,PERSON,33,35
mdp.39015025196075,70,32,0,Sin-Sin's,PERSON,29,38
mdp.39015025196075,70,33,0,46,CARDINAL,10,12
mdp.39015025196075,71,26,0,Sin-Sin,PERSON,33,40
mdp.39015025196075,71,28,0,one,CARDINAL,18,21
mdp.39015025196075,71,28,1,Dubois,PERSON,50,56
mdp.39015025196075,72,6,0,Marius,PERSON,72,78
mdp.39015025196075,72,8,0,Marius,PERSON,29,35
mdp.39015025196075,72,9,0,Marius,PERSON,10,16
mdp.39015025196075,72,12,0,these few dollars,MONEY,14,31
mdp.39015025196075,72,14,0,Nola Barnett,PERSON,0,12
mdp.39015025196075,72,14,1,Cottage Grove,GPE,18,31
mdp.39015025196075,72,14,2,South Chicago,GPE,32,45
mdp.39015025196075,72,14,3,Illinois,GPE,47,55
mdp.39015025196075,72,15,0,Marius,PERSON,5,11
mdp.39015025196075,72,16,0,Nola Barnett,PERSON,4,16
mdp.39015025196075,72,18,0,Marius,PERSON,12,18
mdp.39015025196075,72,19,0,Lomax,PERSON,16,21
mdp.39015025196075,72,19,1,Lomax,PERSON,37,42
mdp.39015025196075,72,21,0,Lomax,PERSON,11,16
mdp.39015025196075,72,23,0,Marius,PERSON,10,16
mdp.39015025196075,72,23,1,Lomax,PERSON,30,35
mdp.39015025196075,72,24,0,Daniles,PERSON,50,57
mdp.39015025196075,73,1,0,Marius,PERSON,16,22
mdp.39015025196075,73,3,0,Lomax,PERSON,5,10
mdp.39015025196075,73,3,1,Lomax,PERSON,90,95
mdp.39015025196075,73,5,0,Marius,PERSON,71,77
mdp.39015025196075,73,7,0,Lomax,PERSON,5,10
mdp.39015025196075,73,8,0,Some nights,DATE,0,11
mdp.39015025196075,73,8,1,the night,TIME,72,81
mdp.39015025196075,73,9,0,Lomax,PERSON,45,50
mdp.39015025196075,73,10,0,Lomax,PERSON,32,37
mdp.39015025196075,73,10,1,Marius,PERSON,45,51
mdp.39015025196075,73,12,0,Lomax,PERSON,44,49
mdp.39015025196075,73,12,1,Dubois,PERSON,60,66
mdp.39015025196075,73,14,0,Marius,PERSON,11,17
mdp.39015025196075,74,3,0,Marius'd,PERSON,5,13
mdp.39015025196075,74,3,1,Nola,PERSON,50,54
mdp.39015025196075,74,7,0,Marius,PERSON,177,183
mdp.39015025196075,74,10,0,One,CARDINAL,40,43
mdp.39015025196075,74,11,0,50,CARDINAL,0,2
mdp.39015025196075,75,1,0,Keta,PERSON,0,4
mdp.39015025196075,75,2,0,twelve-yearold,DATE,26,40
mdp.39015025196075,75,4,0,Keta,PERSON,0,4
mdp.39015025196075,75,8,0,Keta,PERSON,44,48
mdp.39015025196075,75,9,0,Sarah,PERSON,61,66
mdp.39015025196075,75,9,1,Ruth,PERSON,96,100
mdp.39015025196075,75,9,2,Ethel,PERSON,107,112
mdp.39015025196075,75,9,3,Josephine,PERSON,162,171
mdp.39015025196075,75,10,0,Keta,PERSON,0,4
mdp.39015025196075,75,10,1,early evening,TIME,106,119
mdp.39015025196075,75,11,0,two,CARDINAL,84,87
mdp.39015025196075,75,12,0,51,CARDINAL,0,2
mdp.39015025196075,76,1,0,Sarah,PERSON,36,41
mdp.39015025196075,76,3,0,Ethel,PERSON,5,10
mdp.39015025196075,76,4,0,Ruth,PERSON,42,46
mdp.39015025196075,76,6,0,Keta,PERSON,0,4
mdp.39015025196075,76,8,0,BigWater,LOC,2,10
mdp.39015025196075,76,10,0,Ethel,PERSON,9,14
mdp.39015025196075,76,11,0,Ruth,PERSON,9,13
mdp.39015025196075,76,11,1,Sarah,PERSON,18,23
mdp.39015025196075,76,12,0,Josephine,PERSON,9,18
mdp.39015025196075,76,19,0,Josephine,PERSON,30,39
mdp.39015025196075,76,19,1,a hundred miles,QUANTITY,82,97
mdp.39015025196075,76,21,0,first,ORDINAL,106,111
mdp.39015025196075,76,22,0,Keta,PERSON,32,36
mdp.39015025196075,77,2,0,One,CARDINAL,0,3
mdp.39015025196075,77,3,0,one,CARDINAL,10,13
mdp.39015025196075,77,4,0,One,CARDINAL,0,3
mdp.39015025196075,77,5,0,One,CARDINAL,0,3
mdp.39015025196075,77,7,0,one morning,TIME,5,16
mdp.39015025196075,77,7,1,Keta,PERSON,18,22
mdp.39015025196075,77,10,0,First,ORDINAL,0,5
mdp.39015025196075,77,12,0,Keta,PERSON,0,4
mdp.39015025196075,77,12,1,the first hours,TIME,11,26
mdp.39015025196075,77,12,2,Ruth,PERSON,97,101
mdp.39015025196075,77,15,0,Keta,PERSON,0,4
mdp.39015025196075,77,16,0,Keta,PERSON,42,46
mdp.39015025196075,77,19,0,Keta,PERSON,0,4
mdp.39015025196075,77,23,0,one,CARDINAL,14,17
mdp.39015025196075,77,23,1,Keta,PERSON,77,81
mdp.39015025196075,77,24,0,The day,DATE,0,7
mdp.39015025196075,77,24,1,Keta,PERSON,63,67
mdp.39015025196075,77,25,0,Keta,PERSON,0,4
mdp.39015025196075,77,25,1,53,CARDINAL,59,61
mdp.39015025196075,78,2,0,Tonight,TIME,1,8
mdp.39015025196075,78,6,0,Josephine,PERSON,5,14
mdp.39015025196075,78,6,1,Keta,PERSON,32,36
mdp.39015025196075,78,6,2,Keta,PERSON,81,85
mdp.39015025196075,78,11,0,BigWater,EVENT,60,68
mdp.39015025196075,78,12,0,Keta,PERSON,0,4
mdp.39015025196075,78,13,0,Keta,PERSON,36,40
mdp.39015025196075,78,19,0,Keta,PERSON,62,66
mdp.39015025196075,78,20,0,Keta,PERSON,3,7
mdp.39015025196075,78,24,0,Keta,PERSON,70,74
mdp.39015025196075,78,26,0,Keta,PERSON,0,4
mdp.39015025196075,78,27,0,Keta,PERSON,23,27
mdp.39015025196075,79,0,0,BIGWATER,PERSON,0,8
mdp.39015025196075,79,1,0,Sarah,PERSON,26,31
mdp.39015025196075,79,2,0,a hundred years,DATE,10,25
mdp.39015025196075,79,2,1,Josephine,PERSON,55,64
mdp.39015025196075,79,3,0,Ruth,PERSON,35,39
mdp.39015025196075,79,4,0,Keta,PERSON,17,21
mdp.39015025196075,79,5,0,Keta,PERSON,0,4
mdp.39015025196075,79,7,0,Keta,PERSON,31,35
mdp.39015025196075,79,9,0,Keta,PERSON,0,4
mdp.39015025196075,79,10,0,a day,DATE,18,23
mdp.39015025196075,79,11,0,an evening,TIME,5,15
mdp.39015025196075,79,15,0,Josephine,PERSON,5,14
mdp.39015025196075,79,17,0,Josephine,PERSON,39,48
mdp.39015025196075,79,20,0,Sarah,PERSON,37,42
mdp.39015025196075,80,1,0,Keta,PERSON,40,44
mdp.39015025196075,80,3,0,Sarah,PERSON,23,28
mdp.39015025196075,80,4,0,Keta,PERSON,48,52
mdp.39015025196075,80,5,0,five,CARDINAL,41,45
mdp.39015025196075,80,6,0,Sarah,PERSON,64,69
mdp.39015025196075,80,7,0,Josephine,PERSON,0,9
mdp.39015025196075,80,7,1,one,CARDINAL,110,113
mdp.39015025196075,80,8,0,Keta,PERSON,0,4
mdp.39015025196075,80,14,0,Keta,PERSON,0,4
mdp.39015025196075,80,15,0,Josephine,PERSON,49,58
mdp.39015025196075,80,17,0,Keta,PERSON,5,9
mdp.39015025196075,80,18,0,Keta,PERSON,72,76
mdp.39015025196075,80,20,0,56,CARDINAL,30,32
mdp.39015025196075,81,2,0,Keta,PERSON,8,12
mdp.39015025196075,81,3,0,Keta,PERSON,77,81
mdp.39015025196075,81,4,0,One,CARDINAL,1,4
mdp.39015025196075,81,4,1,one,CARDINAL,30,33
mdp.39015025196075,81,6,0,two,CARDINAL,38,41
mdp.39015025196075,81,8,0,Keta,PERSON,13,17
mdp.39015025196075,81,8,1,Johnna,PERSON,79,85
mdp.39015025196075,81,14,0,Keta,PERSON,47,51
mdp.39015025196075,81,20,0,Sarah,PERSON,5,10
mdp.39015025196075,81,20,1,Keta,PERSON,28,32
mdp.39015025196075,81,22,0,monthly,DATE,26,33
mdp.39015025196075,81,26,0,Keta,PERSON,0,4
mdp.39015025196075,81,28,0,57,CARDINAL,0,2
mdp.39015025196075,82,1,0,Keta,PERSON,22,26
mdp.39015025196075,82,2,0,Keta,PERSON,0,4
mdp.39015025196075,82,3,0,Keta,PERSON,18,22
mdp.39015025196075,82,10,0,Keta,PERSON,0,4
mdp.39015025196075,82,14,0,first,ORDINAL,37,42
mdp.39015025196075,82,17,0,Keta,PERSON,0,4
mdp.39015025196075,82,19,0,tonight,TIME,37,44
mdp.39015025196075,82,21,0,Keta,PERSON,0,4
mdp.39015025196075,82,23,0,Keta,PERSON,5,9
mdp.39015025196075,82,25,0,Ethel,PERSON,5,10
mdp.39015025196075,82,25,1,58,CARDINAL,55,57
mdp.39015025196075,83,0,0,Keta,PERSON,19,23
mdp.39015025196075,83,5,0,Keta,PERSON,0,4
mdp.39015025196075,83,5,1,Josephine,PERSON,59,68
mdp.39015025196075,83,6,0,Keta,PERSON,33,37
mdp.39015025196075,83,9,0,Keta,PERSON,0,4
mdp.39015025196075,83,9,1,Ruth,PERSON,37,41
mdp.39015025196075,83,9,2,Ruth,PERSON,67,71
mdp.39015025196075,83,10,0,Ruth,PERSON,5,9
mdp.39015025196075,83,11,0,Keta,PERSON,14,18
mdp.39015025196075,83,14,0,Sarah,PERSON,5,10
mdp.39015025196075,83,14,1,Keta,PERSON,19,23
mdp.39015025196075,83,15,0,Keta,PERSON,30,34
mdp.39015025196075,83,19,0,Sarah,PERSON,5,10
mdp.39015025196075,83,19,1,Keta,PERSON,37,41
mdp.39015025196075,83,20,0,Sarah,PERSON,35,40
mdp.39015025196075,83,23,0,One,CARDINAL,0,3
mdp.39015025196075,84,1,0,Keta,PERSON,0,4
mdp.39015025196075,84,1,1,Keta,PERSON,42,46
mdp.39015025196075,84,2,0,Keta,PERSON,13,17
mdp.39015025196075,84,2,1,Keta,PERSON,69,73
mdp.39015025196075,84,3,0,Keta,PERSON,0,4
mdp.39015025196075,84,5,0,Keta,PERSON,83,87
mdp.39015025196075,84,6,0,Keta,PERSON,9,13
mdp.39015025196075,84,6,1,tonight,TIME,79,86
mdp.39015025196075,84,8,0,Every month,DATE,0,11
mdp.39015025196075,84,11,0,Keta,PERSON,61,65
mdp.39015025196075,84,12,0,Keta,PERSON,51,55
mdp.39015025196075,85,0,0,Albertina Woods,PERSON,46,61
mdp.39015025196075,85,1,0,two,CARDINAL,73,76
mdp.39015025196075,85,3,0,three,CARDINAL,65,70
mdp.39015025196075,85,5,0,Albertina Woods,PERSON,43,58
mdp.39015025196075,85,5,1,seven years,DATE,65,76
mdp.39015025196075,85,5,2,one,CARDINAL,99,102
mdp.39015025196075,85,5,3,one,CARDINAL,135,138
mdp.39015025196075,85,6,0,Albertina Woods,PERSON,14,29
mdp.39015025196075,85,9,0,Albertina Woods,PERSON,67,82
mdp.39015025196075,85,12,0,61,CARDINAL,0,2
mdp.39015025196075,86,7,0,Albertina Woods,PERSON,33,48
mdp.39015025196075,86,9,0,eighty-eight,DATE,16,28
mdp.39015025196075,86,13,0,Albertina,PERSON,0,9
mdp.39015025196075,86,18,0,Albertina,PERSON,99,108
mdp.39015025196075,87,4,0,Albertina,PERSON,0,9
mdp.39015025196075,87,8,0,Albertina,PERSON,0,9
mdp.39015025196075,87,11,0,One,CARDINAL,0,3
mdp.39015025196075,87,11,1,Friday,PERSON,32,38
mdp.39015025196075,87,33,0,63,CARDINAL,32,34
mdp.39015025196075,88,0,0,KILLING COLOR,PERSON,0,13
mdp.39015025196075,88,2,0,Albertina Woods,PERSON,34,49
mdp.39015025196075,88,3,0,Albertina,PERSON,12,21
mdp.39015025196075,88,6,0,night,TIME,49,54
mdp.39015025196075,88,19,0,Albertina,PERSON,14,23
mdp.39015025196075,88,27,0,three,CARDINAL,38,43
mdp.39015025196075,88,31,0,64,CARDINAL,65,67
mdp.39015025196075,89,10,0,one,CARDINAL,5,8
mdp.39015025196075,89,24,0,midnight,TIME,153,161
mdp.39015025196075,89,27,0,Albertina,PERSON,0,9
mdp.39015025196075,89,28,0,one,CARDINAL,47,50
mdp.39015025196075,90,0,0,Albertina Woods,PERSON,14,29
mdp.39015025196075,90,8,0,66,CARDINAL,0,2
mdp.39015025196075,91,0,0,SPIRIT TALK T.,PERSON,0,14
mdp.39015025196075,91,1,0,Pearl,GPE,20,25
mdp.39015025196075,91,1,1,Viola,PERSON,68,73
mdp.39015025196075,91,1,2,Sienna Street,FAC,90,103
mdp.39015025196075,91,2,0,centuries,DATE,13,22
mdp.39015025196075,91,2,1,Viola,PERSON,32,37
mdp.39015025196075,91,2,2,Basil,PERSON,42,47
mdp.39015025196075,91,2,3,Basil,PERSON,161,166
mdp.39015025196075,91,2,4,four years twentyseven weeks,DATE,193,221
mdp.39015025196075,91,2,5,three days,DATE,226,236
mdp.39015025196075,91,2,6,Viola,PERSON,252,257
mdp.39015025196075,91,6,0,Basil,PERSON,0,5
mdp.39015025196075,91,6,1,two,CARDINAL,48,51
mdp.39015025196075,91,7,0,two,CARDINAL,99,102
mdp.39015025196075,91,10,0,Viola,PERSON,16,21
mdp.39015025196075,91,10,1,two,CARDINAL,29,32
mdp.39015025196075,91,11,0,Viola,PERSON,0,5
mdp.39015025196075,91,11,1,Basil,PERSON,56,61
mdp.39015025196075,91,11,2,Viola,PERSON,142,147
mdp.39015025196075,91,11,3,Reba,PERSON,196,200
mdp.39015025196075,91,12,0,67,CARDINAL,0,2
mdp.39015025196075,92,0,0,KILLING COLOR VAVAV,PERSON,0,19
mdp.39015025196075,92,1,0,over a hundred degrees,QUANTITY,8,30
mdp.39015025196075,92,1,1,today,DATE,31,36
mdp.39015025196075,92,2,0,Reba,PERSON,0,4
mdp.39015025196075,92,2,1,Viola,PERSON,34,39
mdp.39015025196075,92,4,0,Viola,PERSON,0,5
mdp.39015025196075,92,4,1,Jack Daniels,PRODUCT,35,47
mdp.39015025196075,92,6,0,Reba,PERSON,0,4
mdp.39015025196075,92,8,0,Feelgood,PERSON,16,24
mdp.39015025196075,92,8,1,Rafael,PERSON,31,37
mdp.39015025196075,92,9,0,noon,TIME,31,35
mdp.39015025196075,92,11,0,one,CARDINAL,61,64
mdp.39015025196075,92,12,0,Viola,PERSON,44,49
mdp.39015025196075,92,15,0,Juanita Tillson,PERSON,57,72
mdp.39015025196075,92,16,0,South Carolina,GPE,23,37
mdp.39015025196075,92,17,0,Reba,PERSON,0,4
mdp.39015025196075,92,17,1,Rafael,PERSON,35,41
mdp.39015025196075,92,18,0,Viola,PERSON,22,27
mdp.39015025196075,92,20,0,Memphis,GPE,42,49
mdp.39015025196075,92,21,0,Atlanta,GPE,9,16
mdp.39015025196075,92,23,0,every day,DATE,13,22
mdp.39015025196075,92,26,0,68,CARDINAL,0,2
mdp.39015025196075,93,2,0,JUANITA TILLSON,PERSON,9,24
mdp.39015025196075,93,4,0,Mexico,GPE,56,62
mdp.39015025196075,93,5,0,Viola,PERSON,0,5
mdp.39015025196075,93,11,0,a few moments,TIME,6,19
mdp.39015025196075,93,11,1,Reba,PERSON,58,62
mdp.39015025196075,93,13,0,Reba,PERSON,0,4
mdp.39015025196075,93,13,1,Viola,PERSON,32,37
mdp.39015025196075,93,14,0,Viola,PERSON,0,5
mdp.39015025196075,93,20,0,Reba,PERSON,0,4
mdp.39015025196075,94,2,0,Reba,PERSON,0,4
mdp.39015025196075,94,2,1,two,CARDINAL,19,22
mdp.39015025196075,94,4,0,Viola,PERSON,23,28
mdp.39015025196075,94,4,1,half,CARDINAL,62,66
mdp.39015025196075,94,9,0,Viola,PERSON,0,5
mdp.39015025196075,94,9,1,Reba,PERSON,14,18
mdp.39015025196075,94,9,2,a hot minute,TIME,55,67
mdp.39015025196075,94,18,0,two,CARDINAL,4,7
mdp.39015025196075,94,19,0,Viola,PERSON,0,5
mdp.39015025196075,94,19,1,Reba,PERSON,22,26
mdp.39015025196075,94,19,2,Reba,PERSON,51,55
mdp.39015025196075,94,21,0,Reba,PERSON,0,4
mdp.39015025196075,94,24,0,Viola,PERSON,0,5
mdp.39015025196075,94,24,1,Reba,PERSON,18,22
mdp.39015025196075,94,24,2,2 70,CARDINAL,165,169
mdp.39015025196075,95,0,0,Viola'd,PERSON,34,41
mdp.39015025196075,95,1,0,Reba,PERSON,28,32
mdp.39015025196075,95,1,1,Viola,PERSON,136,141
mdp.39015025196075,95,2,0,VAVAV Reba's,PERSON,0,12
mdp.39015025196075,95,4,0,Reba,PERSON,0,4
mdp.39015025196075,95,10,0,African,NORP,63,70
mdp.39015025196075,95,11,0,Viola,PERSON,9,14
mdp.39015025196075,95,12,0,Nubian,NORP,20,26
mdp.39015025196075,95,19,0,Viola,PERSON,0,5
mdp.39015025196075,95,20,0,71,CARDINAL,0,2
mdp.39015025196075,96,1,0,first,ORDINAL,21,26
mdp.39015025196075,96,4,0,Viola,PERSON,0,5
mdp.39015025196075,96,4,1,Reba,PERSON,63,67
mdp.39015025196075,96,5,0,Reba,PERSON,0,4
mdp.39015025196075,96,8,0,Reba,PERSON,0,4
mdp.39015025196075,96,10,0,Viola,PERSON,41,46
mdp.39015025196075,96,10,1,Reba,PERSON,119,123
mdp.39015025196075,96,11,0,Viola,PERSON,0,5
mdp.39015025196075,96,11,1,Reba,PERSON,108,112
mdp.39015025196075,96,11,2,Basil,PERSON,134,139
mdp.39015025196075,96,11,3,African,NORP,166,173
mdp.39015025196075,96,13,0,Reba,PERSON,0,4
mdp.39015025196075,96,13,1,Viola,PERSON,15,20
mdp.39015025196075,96,13,2,African,NORP,84,91
mdp.39015025196075,96,15,0,Reba,PERSON,4,8
mdp.39015025196075,96,15,1,African,NORP,127,134
mdp.39015025196075,96,16,0,Viola,PERSON,0,5
mdp.39015025196075,96,16,1,Reba,PERSON,30,34
mdp.39015025196075,97,1,0,Reba,PERSON,97,101
mdp.39015025196075,97,2,0,Viola,PERSON,21,26
mdp.39015025196075,97,3,0,Reba,PERSON,0,4
mdp.39015025196075,97,3,1,African,NORP,88,95
mdp.39015025196075,97,4,0,Viola,PERSON,31,36
mdp.39015025196075,97,4,1,days,DATE,39,43
mdp.39015025196075,97,5,0,Reba,PERSON,18,22
mdp.39015025196075,97,10,0,First,ORDINAL,0,5
mdp.39015025196075,97,12,0,Reba,PERSON,0,4
mdp.39015025196075,97,16,0,VAVAV Something,PERSON,0,15
mdp.39015025196075,97,16,1,Reba,PERSON,60,64
mdp.39015025196075,97,17,0,each year,DATE,7,16
mdp.39015025196075,97,18,0,Viola,PERSON,67,72
mdp.39015025196075,98,0,0,KILLING COLOR,PERSON,0,13
mdp.39015025196075,98,0,1,Reba,PERSON,86,90
mdp.39015025196075,98,1,0,Reba,PERSON,50,54
mdp.39015025196075,98,2,0,Reba,PERSON,69,73
mdp.39015025196075,98,5,0,VAVAV,PERSON,0,5
mdp.39015025196075,98,5,1,Pearl,LOC,76,81
mdp.39015025196075,98,6,0,the past five years,DATE,54,73
mdp.39015025196075,99,0,0,SPIRIT TALK VAVAV,PERSON,0,17
mdp.39015025196075,99,1,0,Reba,PERSON,13,17
mdp.39015025196075,99,2,0,Gary,PERSON,105,109
mdp.39015025196075,99,4,0,Eileen,PERSON,7,13
mdp.39015025196075,99,4,1,every Sunday,DATE,69,81
mdp.39015025196075,99,5,0,Gary,PERSON,13,17
mdp.39015025196075,99,6,0,Reba,PERSON,4,8
mdp.39015025196075,99,7,0,Gary,PERSON,43,47
mdp.39015025196075,99,8,0,Reba,PERSON,4,8
mdp.39015025196075,99,9,0,Nita,PERSON,9,13
mdp.39015025196075,99,9,1,Reba,PERSON,39,43
mdp.39015025196075,99,10,0,Nita Garrett,PERSON,19,31
mdp.39015025196075,99,10,1,Nita,PERSON,190,194
mdp.39015025196075,99,10,2,Pearl,PERSON,227,232
mdp.39015025196075,99,13,0,Reba,PERSON,4,8
mdp.39015025196075,99,14,0,75,CARDINAL,50,52
mdp.39015025196075,100,0,0,COLOR,PERSON,8,13
mdp.39015025196075,100,0,1,Nita Garrett's,PERSON,37,51
mdp.39015025196075,100,1,0,Jennie Mae Wilcox,PERSON,0,17
mdp.39015025196075,100,1,1,Nita,PERSON,34,38
mdp.39015025196075,100,2,0,Jennie Mae Wilcox,PERSON,0,17
mdp.39015025196075,100,2,1,five,CARDINAL,65,69
mdp.39015025196075,100,3,0,Nate,PERSON,19,23
mdp.39015025196075,100,3,1,Chicago,GPE,53,60
mdp.39015025196075,100,3,2,Memphis,GPE,109,116
mdp.39015025196075,100,5,0,Reba,PERSON,5,9
mdp.39015025196075,100,6,0,Nita,PERSON,46,50
mdp.39015025196075,100,7,0,Viola,PERSON,37,42
mdp.39015025196075,100,9,0,first,ORDINAL,3,8
mdp.39015025196075,100,16,0,Late one night,TIME,0,14
mdp.39015025196075,101,6,0,Reba,PERSON,0,4
mdp.39015025196075,101,7,0,half,CARDINAL,121,125
mdp.39015025196075,101,8,0,Reba,PERSON,43,47
mdp.39015025196075,101,16,0,the next evening,TIME,12,28
mdp.39015025196075,101,17,0,Reba,PERSON,0,4
mdp.39015025196075,102,1,0,Reba,PERSON,50,54
mdp.39015025196075,102,5,0,Reba,PERSON,0,4
mdp.39015025196075,102,7,0,Reba,PERSON,0,4
mdp.39015025196075,102,7,1,Rafael,PERSON,68,74
mdp.39015025196075,102,7,2,Rafael,PERSON,76,82
mdp.39015025196075,102,7,3,Rafael,PERSON,84,90
mdp.39015025196075,102,8,0,evening,TIME,34,41
mdp.39015025196075,102,8,1,one night,TIME,91,100
mdp.39015025196075,102,8,2,the next,DATE,105,113
mdp.39015025196075,102,9,0,Reba,PERSON,0,4
mdp.39015025196075,102,12,0,Reba,PERSON,0,4
mdp.39015025196075,102,12,1,Viola,PERSON,37,42
mdp.39015025196075,102,12,2,Rafael,PERSON,47,53
mdp.39015025196075,102,17,0,Reba,PERSON,0,4
mdp.39015025196075,102,17,1,a few minutes,TIME,37,50
mdp.39015025196075,102,23,0,78,CARDINAL,19,21
mdp.39015025196075,103,4,0,two,CARDINAL,17,20
mdp.39015025196075,103,18,0,third,ORDINAL,16,21
mdp.39015025196075,103,26,0,Reba,PERSON,0,4
mdp.39015025196075,103,26,1,Rafael,PERSON,19,25
mdp.39015025196075,103,30,0,VAVAV 79,PERSON,0,8
mdp.39015025196075,104,1,0,A month,DATE,0,7
mdp.39015025196075,104,1,1,one evening,TIME,24,35
mdp.39015025196075,104,1,2,Reba,PERSON,36,40
mdp.39015025196075,104,2,0,Reba,PERSON,0,4
mdp.39015025196075,104,3,0,one,CARDINAL,24,27
mdp.39015025196075,104,10,0,Reba,PERSON,0,4
mdp.39015025196075,104,10,1,Rafael,PERSON,35,41
mdp.39015025196075,104,12,0,Reba,PERSON,0,4
mdp.39015025196075,104,12,1,that night,TIME,48,58
mdp.39015025196075,104,14,0,Reba,PERSON,5,9
mdp.39015025196075,104,14,1,Rafael,PERSON,57,63
mdp.39015025196075,104,16,0,Reba,PERSON,55,59
mdp.39015025196075,104,19,0,Reba,PERSON,0,4
mdp.39015025196075,104,20,0,Rafael,PERSON,0,6
mdp.39015025196075,104,23,0,80,CARDINAL,0,2
mdp.39015025196075,105,0,0,NEGRIL,PERSON,0,6
mdp.39015025196075,105,0,1,quarter,CARDINAL,20,27
mdp.39015025196075,105,0,2,Negril,PERSON,34,40
mdp.39015025196075,105,2,0,Dogon,PERSON,113,118
mdp.39015025196075,105,4,0,day,DATE,200,203
mdp.39015025196075,105,4,1,Florsheim,PERSON,208,217
mdp.39015025196075,105,4,2,second,ORDINAL,256,262
mdp.39015025196075,105,6,0,four,CARDINAL,178,182
mdp.39015025196075,105,7,0,Our Lady of Candelaria,PERSON,23,45
mdp.39015025196075,106,4,0,Negril,PERSON,5,11
mdp.39015025196075,106,5,0,Negril,PERSON,56,62
mdp.39015025196075,106,6,0,Negril,PERSON,0,6
mdp.39015025196075,106,9,0,Negril,PERSON,68,74
mdp.39015025196075,106,12,0,Negril,PERSON,83,89
mdp.39015025196075,106,15,0,Negril,PERSON,0,6
mdp.39015025196075,106,15,1,one,CARDINAL,77,80
mdp.39015025196075,106,18,0,Jesus,PERSON,99,104
mdp.39015025196075,106,19,0,Negril,PERSON,88,94
mdp.39015025196075,106,20,0,82,CARDINAL,0,2
mdp.39015025196075,107,0,0,NEGRIL,PERSON,0,6
mdp.39015025196075,107,2,0,Negril,PERSON,0,6
mdp.39015025196075,107,4,0,Negril,PERSON,29,35
mdp.39015025196075,107,8,0,Negril,PERSON,14,20
mdp.39015025196075,107,9,0,Negril,PERSON,0,6
mdp.39015025196075,107,15,0,Negril,PERSON,0,6
mdp.39015025196075,107,19,0,Negril,PERSON,0,6
mdp.39015025196075,107,28,0,Negril,PERSON,0,6
mdp.39015025196075,108,0,0,KILLING COLOR,PERSON,0,13
mdp.39015025196075,108,1,0,Negril,PERSON,0,6
mdp.39015025196075,108,2,0,Negril,PERSON,0,6
mdp.39015025196075,108,7,0,Half,CARDINAL,0,4
mdp.39015025196075,108,7,1,half,CARDINAL,38,42
mdp.39015025196075,108,12,0,Negril,PERSON,17,23
mdp.39015025196075,108,15,0,Negril,PERSON,0,6
mdp.39015025196075,108,17,0,Negril,PERSON,0,6
mdp.39015025196075,108,19,0,Negril,PERSON,0,6
mdp.39015025196075,108,21,0,Negril,PERSON,0,6
mdp.39015025196075,109,0,0,NEGRIL,PERSON,0,6
mdp.39015025196075,109,4,0,Negrilli,PERSON,37,45
mdp.39015025196075,109,4,1,Negrilll,PERSON,47,55
mdp.39015025196075,109,9,0,Negril,PERSON,0,6
mdp.39015025196075,109,12,0,Negril,PERSON,0,6
mdp.39015025196075,109,13,0,Negril,PERSON,119,125
mdp.39015025196075,109,22,0,First,ORDINAL,0,5
mdp.39015025196075,110,0,0,last week,DATE,18,27
mdp.39015025196075,110,2,0,Negril,PERSON,27,33
mdp.39015025196075,110,3,0,Negril,PERSON,72,78
mdp.39015025196075,110,4,0,Negril,PERSON,22,28
mdp.39015025196075,110,6,0,Negril,PERSON,3,9
mdp.39015025196075,110,10,0,one,CARDINAL,123,126
mdp.39015025196075,110,12,0,Negril,PERSON,105,111
mdp.39015025196075,110,14,0,86,DATE,55,57
mdp.39015025196075,111,10,0,Negril,PERSON,9,15
mdp.39015025196075,111,17,0,Negril,PERSON,0,6
mdp.39015025196075,111,20,0,VAVAV,PERSON,0,5
mdp.39015025196075,111,22,0,four,CARDINAL,69,73
mdp.39015025196075,111,22,1,two,CARDINAL,93,96
mdp.39015025196075,111,22,2,one,CARDINAL,103,106
mdp.39015025196075,111,22,3,one,CARDINAL,112,115
mdp.39015025196075,111,22,4,four,CARDINAL,128,132
mdp.39015025196075,111,23,0,one,CARDINAL,37,40
mdp.39015025196075,111,25,0,87,CARDINAL,24,26
mdp.39015025196075,112,1,0,Negril,PERSON,0,6
mdp.39015025196075,112,3,0,Negril,PERSON,0,6
mdp.39015025196075,112,4,0,Negril,PERSON,108,114
mdp.39015025196075,112,9,0,Negril,PERSON,0,6
mdp.39015025196075,112,14,0,Negril,PERSON,34,40
mdp.39015025196075,112,19,0,Negril,PERSON,63,69
mdp.39015025196075,112,25,0,Negril,PERSON,0,6
mdp.39015025196075,112,26,0,Negril,PERSON,94,100
mdp.39015025196075,112,27,0,Negril,PERSON,0,6
mdp.39015025196075,113,0,0,NEGRIL,PRODUCT,0,6
mdp.39015025196075,113,3,0,Negril,PERSON,65,71
mdp.39015025196075,113,8,0,Negril,PERSON,68,74
mdp.39015025196075,113,8,1,thousands upon thousands,CARDINAL,115,139
mdp.39015025196075,113,9,0,VAVAV Negril,PERSON,0,12
mdp.39015025196075,113,15,0,first,ORDINAL,8,13
mdp.39015025196075,113,18,0,89,CARDINAL,0,2
mdp.39015025196075,114,0,0,EMERALD CITY,GPE,0,12
mdp.39015025196075,114,1,0,Oya,PERSON,22,25
mdp.39015025196075,114,2,0,Oya,PERSON,300,303
mdp.39015025196075,114,3,0,Oya,PERSON,0,3
mdp.39015025196075,114,3,1,365 days of the year,DATE,24,44
mdp.39015025196075,114,3,2,McDonald,ORG,66,74
mdp.39015025196075,114,3,3,two,CARDINAL,119,122
mdp.39015025196075,114,4,0,Oya,PERSON,40,43
mdp.39015025196075,114,4,1,Buddha,PERSON,65,71
mdp.39015025196075,114,4,2,Salvation Army,ORG,93,107
mdp.39015025196075,114,5,0,Oya,PERSON,10,13
mdp.39015025196075,114,6,0,midnight,TIME,50,58
mdp.39015025196075,114,7,0,the Civil War,EVENT,90,103
mdp.39015025196075,114,7,1,the Chitlin Circuit,ORG,151,170
mdp.39015025196075,115,0,0,EMERALD CITY,GPE,0,12
mdp.39015025196075,115,0,1,THIRD & PIKE,FAC,14,26
mdp.39015025196075,115,2,0,Oya,PERSON,13,16
mdp.39015025196075,115,2,1,Third & Pike,FAC,91,103
mdp.39015025196075,115,4,0,Oya,PERSON,4,7
mdp.39015025196075,115,6,0,Oya,PERSON,0,3
mdp.39015025196075,115,10,0,a few minutes,TIME,28,41
mdp.39015025196075,115,16,0,Moses,PERSON,19,24
mdp.39015025196075,115,16,1,Pike Street,FAC,43,54
mdp.39015025196075,115,16,2,the Nordstrom Building,FAC,65,87
mdp.39015025196075,115,20,0,one,CARDINAL,14,17
mdp.39015025196075,115,21,0,91,DATE,52,54
mdp.39015025196075,116,0,0,Seattle,GPE,80,87
mdp.39015025196075,116,7,0,a minute,TIME,10,18
mdp.39015025196075,116,7,1,a minute,TIME,30,38
mdp.39015025196075,117,0,0,EMERALD CITY,GPE,0,12
mdp.39015025196075,117,0,1,THIRD & PIKE days,DATE,14,31
mdp.39015025196075,117,5,0,one,CARDINAL,50,53
mdp.39015025196075,117,12,0,Xavier University,ORG,8,25
mdp.39015025196075,117,16,0,Oya,PERSON,0,3
mdp.39015025196075,117,23,0,fifteen years,DATE,8,21
mdp.39015025196075,117,24,0,Fifteen years,DATE,0,13
mdp.39015025196075,118,0,0,KILLING COLOR Oya,PERSON,0,17
mdp.39015025196075,118,13,0,Oya,PERSON,32,35
mdp.39015025196075,118,16,0,one,CARDINAL,31,34
mdp.39015025196075,118,18,0,Oya,PERSON,0,3
mdp.39015025196075,119,0,0,EMERALD CITY,GPE,0,12
mdp.39015025196075,119,2,0,Pine Street,FAC,42,53
mdp.39015025196075,120,0,0,agdalena,PERSON,20,28
mdp.39015025196075,120,3,0,Magdalena,PERSON,79,88
mdp.39015025196075,120,8,0,Magdalena,PERSON,0,9
mdp.39015025196075,120,9,0,Magdalena,PERSON,22,31
mdp.39015025196075,120,9,1,Tavio,PERSON,56,61
mdp.39015025196075,120,9,2,sixteen,CARDINAL,101,108
mdp.39015025196075,120,10,0,Magdalena,PERSON,64,73
mdp.39015025196075,120,10,1,96,CARDINAL,178,180
mdp.39015025196075,121,0,0,her days,DATE,22,30
mdp.39015025196075,121,1,0,Tavio,PERSON,19,24
mdp.39015025196075,121,4,0,Magdalena,PERSON,33,42
mdp.39015025196075,121,5,0,Tavio,PERSON,31,36
mdp.39015025196075,121,6,0,Magdalena,PERSON,0,9
mdp.39015025196075,121,8,0,Magdalena,PERSON,172,181
mdp.39015025196075,121,9,0,Talking Mountain,LOC,119,135
mdp.39015025196075,121,9,1,Jesus,PERSON,154,159
mdp.39015025196075,121,10,0,Magdalena,PERSON,0,9
mdp.39015025196075,121,12,0,Tavio,PERSON,5,10
mdp.39015025196075,121,14,0,Magdalena,PERSON,19,28
mdp.39015025196075,121,14,1,one,CARDINAL,138,141
mdp.39015025196075,121,14,2,Tavio,PERSON,163,168
mdp.39015025196075,122,0,0,Magdalena,PERSON,63,72
mdp.39015025196075,122,1,0,Magdalena,PERSON,0,9
mdp.39015025196075,122,1,1,Tavio,PERSON,15,20
mdp.39015025196075,122,2,0,Tavio,PERSON,13,18
mdp.39015025196075,122,2,1,Magdalena,PERSON,25,34
mdp.39015025196075,122,2,2,Magdalena,PERSON,183,192
mdp.39015025196075,122,2,3,two,CARDINAL,211,214
mdp.39015025196075,122,3,0,Tavio,GPE,49,54
mdp.39015025196075,122,3,1,Magdalena,PERSON,67,76
mdp.39015025196075,122,3,2,Magdalena,PERSON,252,261
mdp.39015025196075,122,4,0,Tavio,PERSON,0,5
mdp.39015025196075,122,5,0,Tavio,PERSON,0,5
mdp.39015025196075,122,6,0,Tavio,PERSON,4,9
mdp.39015025196075,122,7,0,Tavio,PERSON,20,25
mdp.39015025196075,122,8,0,Magdalena,PERSON,26,35
mdp.39015025196075,123,0,0,Magdalena,PERSON,128,137
mdp.39015025196075,123,0,1,Talking Mountain,FAC,392,408
mdp.39015025196075,124,0,0,Chango,PERSON,29,35
mdp.39015025196075,124,2,0,Chango,PERSON,29,35
mdp.39015025196075,124,2,1,the days,DATE,94,102
mdp.39015025196075,124,2,2,Benito,PERSON,121,127
mdp.39015025196075,124,4,0,Chango,PERSON,35,41
mdp.39015025196075,124,5,0,only days,DATE,15,24
mdp.39015025196075,124,7,0,Chango,GPE,0,6
mdp.39015025196075,124,8,0,Chango,PERSON,58,64
mdp.39015025196075,124,8,1,the Island of Pines,LOC,376,395
mdp.39015025196075,124,8,2,Chango,GPE,397,403
mdp.39015025196075,124,9,0,Chango,GPE,94,100
mdp.39015025196075,124,10,0,100,CARDINAL,0,3
mdp.39015025196075,125,0,0,autumn,DATE,52,58
mdp.39015025196075,125,5,0,Chango,PERSON,15,21
mdp.39015025196075,125,6,0,first,ORDINAL,21,26
mdp.39015025196075,125,7,0,Chango,PERSON,21,27
mdp.39015025196075,125,10,0,Chango,PERSON,77,83
mdp.39015025196075,125,14,0,Chango,PERSON,45,51
mdp.39015025196075,126,0,0,KILLING COLOR,PERSON,0,13
mdp.39015025196075,126,1,0,Chango,PERSON,16,22
mdp.39015025196075,126,3,0,Chango,PERSON,68,74
mdp.39015025196075,126,4,0,Chango,PERSON,59,65
mdp.39015025196075,126,12,0,Maya,PERSON,56,60
mdp.39015025196075,126,14,0,seven,DATE,6,11
mdp.39015025196075,126,16,0,Maya,PERSON,41,45
mdp.39015025196075,126,19,0,half a bushel,QUANTITY,18,31
mdp.39015025196075,126,19,1,Maya,PERSON,33,37
mdp.39015025196075,126,20,0,Half a bushel,QUANTITY,0,13
mdp.39015025196075,126,21,0,seven,TIME,14,19
mdp.39015025196075,126,21,1,Maya,PERSON,21,25
mdp.39015025196075,126,22,0,Maya,PERSON,44,48
mdp.39015025196075,126,24,0,102,CARDINAL,0,3
mdp.39015025196075,127,0,0,Maya,PERSON,177,181
mdp.39015025196075,127,4,0,Maya,PERSON,28,32
mdp.39015025196075,127,5,0,seven,DATE,39,44
mdp.39015025196075,127,7,0,Maya,PERSON,32,36
mdp.39015025196075,127,8,0,Five,CARDINAL,0,4
mdp.39015025196075,127,10,0,Maya,PERSON,17,21
mdp.39015025196075,127,14,0,Maya,PERSON,28,32
mdp.39015025196075,127,16,0,Tonight,TIME,0,7
mdp.39015025196075,127,16,1,the Harvest Moon,WORK_OF_ART,9,25
mdp.39015025196075,127,17,0,103,CARDINAL,0,3
mdp.39015025196075,128,0,0,KILLING COLOR III,PERSON,0,17
mdp.39015025196075,128,1,0,Chango,PERSON,54,60
mdp.39015025196075,128,3,0,Maya,PERSON,17,21
mdp.39015025196075,128,6,0,Maya,PERSON,36,40
mdp.39015025196075,128,8,0,Chango,PERSON,53,59
mdp.39015025196075,128,11,0,Maya,PERSON,32,36
mdp.39015025196075,128,12,0,Chango,PERSON,26,32
mdp.39015025196075,128,14,0,Chango,PERSON,31,37
mdp.39015025196075,128,19,0,Chango,WORK_OF_ART,24,30
mdp.39015025196075,128,20,0,104,CARDINAL,0,3
mdp.39015025196075,129,7,0,Maya,PERSON,29,33
mdp.39015025196075,129,12,0,Maya,PERSON,56,60
mdp.39015025196075,130,6,0,Chango,PERSON,30,36
mdp.39015025196075,130,8,0,Chango,PERSON,126,132
mdp.39015025196075,130,9,0,Chango,PERSON,108,114
mdp.39015025196075,130,9,1,106,CARDINAL,233,236
mdp.39015025196075,131,1,0,Chango,PERSON,201,207
mdp.39015025196075,131,1,1,Chango,PERSON,410,416
mdp.39015025196075,133,0,0,CHARLOTTE WATSON SHERMAN,PERSON,0,24
mdp.39015025196075,133,1,0,Charlotte Watson,PERSON,0,16
mdp.39015025196075,133,1,1,Sherman,PERSON,17,24
mdp.39015025196075,133,1,2,Seattle,GPE,38,45
mdp.39015025196075,133,1,3,B.A.,WORK_OF_ART,60,64
mdp.39015025196075,133,1,4,Seattle University,ORG,89,107
mdp.39015025196075,133,2,0,Seattle Rape Relief,ORG,79,98
mdp.39015025196075,133,2,1,Seattle,GPE,146,153
mdp.39015025196075,133,3,0,Obsidian,ORG,98,106
mdp.39015025196075,133,3,1,The Black Scholar,WORK_OF_ART,108,125
mdp.39015025196075,133,3,2,CALYX Journal,ORG,127,140
mdp.39015025196075,133,3,3,Painted Bride Quarterly,ORG,142,165
mdp.39015025196075,133,3,4,Ikon,ORG,171,175
mdp.39015025196075,133,4,0,When I Am An Old Woman I Shall Wear Purple (,WORK_OF_ART,39,83
mdp.39015025196075,133,4,1,Papier Mache Press,ORG,83,101
mdp.39015025196075,133,4,2,1988,DATE,103,107
mdp.39015025196075,133,4,3,Crossing Press,ORG,132,146
mdp.39015025196075,133,4,4,1989,DATE,148,152
mdp.39015025196075,133,4,5,Gathering Ground,WORK_OF_ART,159,175
mdp.39015025196075,133,4,6,Seal Press,ORG,177,187
mdp.39015025196075,133,4,7,1984,DATE,189,193
mdp.39015025196075,133,5,0,Killing Color,WORK_OF_ART,18,31
mdp.39015025196075,133,5,1,Craig Lesley,PERSON,48,60
mdp.39015025196075,133,5,2,the King County Arts Commission Fiction Award,WORK_OF_ART,65,110
mdp.39015025196075,133,5,3,1989,DATE,114,118
mdp.39015025196075,133,6,0,Sherman,PERSON,4,11
mdp.39015025196075,133,6,1,1989,DATE,30,34
mdp.39015025196075,133,6,2,Seattle Arts Commission,ORG,35,58
mdp.39015025196075,133,7,0,Seattle,GPE,24,31
mdp.39015025196075,133,7,1,two,CARDINAL,53,56
mdp.39015025196075,134,0,0,CALYX Books,ORG,35,46
mdp.39015025196075,134,0,1,Chitra Divakaruni,PERSON,66,83
mdp.39015025196075,134,1,0,India,GPE,23,28
mdp.39015025196075,134,1,1,Pakistan,GPE,30,38
mdp.39015025196075,134,1,2,Bangladesh,GPE,44,54
mdp.39015025196075,134,2,0,-934971-23-4,CARDINAL,6,18
mdp.39015025196075,134,2,1,8.95,MONEY,21,25
mdp.39015025196075,134,2,2,"-934971-24-2,$16.95",CARDINAL,40,59
mdp.39015025196075,134,3,0,Ginseng and Other Tales from Manila,WORK_OF_ART,0,35
mdp.39015025196075,134,3,1,Marianne Villanueva,PERSON,40,59
mdp.39015025196075,134,4,0,Philippines,GPE,34,45
mdp.39015025196075,134,5,0,8.95,MONEY,21,25
mdp.39015025196075,134,5,1,0-934971-20-X,CARDINAL,39,52
mdp.39015025196075,134,5,2,16.95,MONEY,55,60
mdp.39015025196075,134,6,0,Idleness Is the Root of All Love,WORK_OF_ART,0,32
mdp.39015025196075,134,6,1,Christa Reinig,PERSON,37,51
mdp.39015025196075,134,6,2,Ilze Mueller,PERSON,67,79
mdp.39015025196075,134,7,0,German,NORP,33,39
mdp.39015025196075,134,7,1,two,CARDINAL,55,58
mdp.39015025196075,134,7,2,a year,DATE,82,88
mdp.39015025196075,134,8,0,0-934971-21-8,CARDINAL,5,18
mdp.39015025196075,134,8,1,10,MONEY,21,23
mdp.39015025196075,134,8,2,0-934971-22-,CARDINAL,37,49
mdp.39015025196075,134,8,3,18.95,MONEY,53,58
mdp.39015025196075,134,9,0,The Forbidden Stitch: An Asian American Women's Anthology,WORK_OF_ART,0,57
mdp.39015025196075,134,9,1,Shirley Geok-lin Lim,PERSON,69,89
mdp.39015025196075,134,10,0,first,ORDINAL,4,9
mdp.39015025196075,134,10,1,Asian American,NORP,10,24
mdp.39015025196075,134,11,0,the American Book Award,WORK_OF_ART,10,33
mdp.39015025196075,134,12,0,0-934971-04-8,CARDINAL,5,18
mdp.39015025196075,134,12,1,16.95,MONEY,21,26
mdp.39015025196075,134,12,2,0-934971-10-,CARDINAL,40,52
mdp.39015025196075,134,12,3,29.95,MONEY,56,61
mdp.39015025196075,134,13,0,"Women and Aging, An Anthology by Women",WORK_OF_ART,0,38
mdp.39015025196075,134,13,1,Jo Alexander,PERSON,50,62
mdp.39015025196075,134,16,0,-934971-00-5,CARDINAL,6,18
mdp.39015025196075,134,16,1,15.95,MONEY,21,26
mdp.39015025196075,134,16,2,0-934971-07-,CARDINAL,40,52
mdp.39015025196075,134,16,3,28.95,MONEY,56,61
mdp.39015025196075,134,17,0,China,GPE,3,8
mdp.39015025196075,134,17,1,Harpo,PERSON,14,19
mdp.39015025196075,134,17,2,Karl,PERSON,24,28
mdp.39015025196075,134,17,3,Sibyl James,PERSON,33,44
mdp.39015025196075,134,18,0,Shanghai,GPE,65,73
mdp.39015025196075,134,19,0,-934971-15-3,CARDINAL,6,18
mdp.39015025196075,134,19,1,9.95,MONEY,21,25
mdp.39015025196075,134,19,2,-934971-16-,CARDINAL,40,51
mdp.39015025196075,134,19,3,17.95,MONEY,55,60
mdp.39015025196075,134,20,0,Indian Singing in 20th Century America,WORK_OF_ART,0,38
mdp.39015025196075,134,20,1,Gail Tremblay,PERSON,43,56
mdp.39015025196075,134,21,0,Native American,NORP,20,35
mdp.39015025196075,134,22,0,-934971-13-7,CARDINAL,6,18
mdp.39015025196075,134,22,1,8.95,MONEY,21,25
mdp.39015025196075,134,22,2,0-934971-14-5,CARDINAL,39,52
mdp.39015025196075,134,22,3,16.95,MONEY,55,60
mdp.39015025196075,134,23,0,The Riverhouse Stories,WORK_OF_ART,0,22
mdp.39015025196075,134,23,1,Andrea Carlisle,PERSON,27,42
mdp.39015025196075,134,27,0,-934971-01-,CARDINAL,6,17
mdp.39015025196075,134,27,1,8.95,MONEY,21,25
mdp.39015025196075,134,27,2,0-934971-08-,CARDINAL,39,51
mdp.39015025196075,134,27,3,16.95,MONEY,55,60
mdp.39015025196075,134,28,0,Florilegia,WORK_OF_ART,0,10
mdp.39015025196075,134,28,1,Debi Berrow,PERSON,22,33
mdp.39015025196075,134,29,0,the first decade,DATE,74,90
mdp.39015025196075,134,29,1,CALYX,ORG,94,99
mdp.39015025196075,134,29,2,A Journal of Art and Literature by Women,WORK_OF_ART,101,141
mdp.39015025196075,134,30,0,-934971-06-,CARDINAL,6,17
mdp.39015025196075,134,30,1,12,MONEY,21,23
mdp.39015025196075,134,30,2,0-934971-09-,CARDINAL,37,49
mdp.39015025196075,134,30,3,24.95,MONEY,53,58
mdp.39015025196075,135,0,0,1992,DATE,19,23
mdp.39015025196075,135,0,1,Kathleen Alcalá,PERSON,64,79
mdp.39015025196075,135,1,0,Fourteen,CARDINAL,0,8
mdp.39015025196075,135,1,1,Mexico,GPE,24,30
mdp.39015025196075,135,1,2,U.S.,GPE,52,56
mdp.39015025196075,135,2,0,0-934971-25-0,CARDINAL,5,18
mdp.39015025196075,135,2,1,9.95,MONEY,21,25
mdp.39015025196075,135,2,2,0-934971-26-,CARDINAL,39,51
mdp.39015025196075,135,2,3,18.95,MONEY,55,60
mdp.39015025196075,135,3,0,The Nicaraguan Women Poets Anthology,WORK_OF_ART,0,36
mdp.39015025196075,135,3,1,Daisy Zamora,PERSON,48,60
mdp.39015025196075,135,4,0,Nicaraguan,NORP,26,36
mdp.39015025196075,135,4,1,Miskito Indian,NORP,43,57
mdp.39015025196075,135,4,2,early 20th century,DATE,65,83
mdp.39015025196075,135,4,3,the 1960s,DATE,128,137
mdp.39015025196075,135,5,0,-934971-27-,CARDINAL,6,17
mdp.39015025196075,135,5,1,0-934971-28-5,CARDINAL,32,45
mdp.39015025196075,135,7,0,CALYX Books,ORG,2,13
mdp.39015025196075,135,8,0,CALYX Books,ORG,66,77
mdp.39015025196075,135,8,1,Corvallis,GPE,89,98
mdp.39015025196075,135,8,2,OR,GPE,100,102
mdp.39015025196075,135,9,0,1.50,MONEY,5,9
mdp.39015025196075,135,9,1,first,ORDINAL,22,27
mdp.39015025196075,135,9,2,.75,MONEY,38,41
mdp.39015025196075,135,10,0,"CALYX, Inc.",ORG,0,11
mdp.39015025196075,137,0,0,Colophon Text,ORG,0,13
mdp.39015025196075,137,0,1,Galliard,ORG,24,32
mdp.39015025196075,137,1,0,Lithos Bold,PRODUCT,14,25
mdp.39015025196075,137,2,0,ImPrint Services,ORG,26,42
mdp.39015025196075,137,2,1,Corvallis,GPE,44,53
mdp.39015025196075,142,0,0,NOV 2 4 1992,DATE,36,48
mdp.39015025196075,144,1,0,AFRO-AMERICAN,NORP,8,21
mdp.39015025196075,144,1,1,CHARLOTTE WATSON SHERMAN,PERSON,64,88
mdp.39015025196075,144,1,2,Buchi Emecheta,PERSON,112,126
mdp.39015025196075,144,1,3,Simone Schwarz-Bart,PERSON,128,147
mdp.39015025196075,144,1,4,Toni Cade Bambara,PERSON,149,166
mdp.39015025196075,144,1,5,Isabel Allende,PERSON,168,182
mdp.39015025196075,144,1,6,Charlotte Watson Sherman,PERSON,240,264
mdp.39015025196075,144,1,7,Phil Borges,PERSON,298,309
mdp.39015025196075,144,2,0,eleven,CARDINAL,3,9
mdp.39015025196075,144,2,1,Watson Sherman,PERSON,43,57
mdp.39015025196075,144,3,0,Watson Sherman's,PERSON,158,174
mdp.39015025196075,144,3,1,Killing Color,WORK_OF_ART,235,248
mdp.39015025196075,144,4,0,Colleen J. McElroy,PERSON,0,18
mdp.39015025196075,144,4,1,Ch harlotte Watson Sherman,PERSON,42,68
mdp.39015025196075,144,7,0,Craig Lesley,PERSON,0,12
mdp.39015025196075,144,7,1,Winterkill and Riversong Chery,WORK_OF_ART,24,54
