vol_id,page,sentence_id,ent_id,entity,entity_type,start_char,end_char
mdp.39015059552011,1,0,0,2004,DATE,66,70
mdp.39015059552011,1,0,1,JAMES GUITARD,PERSON,130,143
mdp.39015059552011,5,0,0,"Washington,",GPE,146,157
mdp.39015059552011,5,0,1,DC,GPE,158,160
mdp.39015059552011,6,0,0,Literally Speaking Publishing House,ORG,13,48
mdp.39015059552011,6,0,1,Pennsylvania Avenue,FAC,60,79
mdp.39015059552011,6,0,2,Washington,GPE,89,99
mdp.39015059552011,6,0,3,DC,GPE,101,103
mdp.39015059552011,6,0,4,2004,DATE,115,119
mdp.39015059552011,6,0,5,2004,DATE,120,124
mdp.39015059552011,6,0,6,S. James Guitard,PERSON,126,142
mdp.39015059552011,6,4,0,The Holy Word of God,WORK_OF_ART,0,20
mdp.39015059552011,6,4,1,Bible,WORK_OF_ART,35,40
mdp.39015059552011,6,4,2,Jesus Christ,PERSON,46,58
mdp.39015059552011,6,5,0,International and PanAmerican,LAW,26,55
mdp.39015059552011,6,6,0,the United States,GPE,13,30
mdp.39015059552011,6,6,1,Literally Speaking Publishing House,ORG,34,69
mdp.39015059552011,6,6,2,Washington,GPE,71,81
mdp.39015059552011,6,6,3,DC,GPE,83,85
mdp.39015059552011,6,8,0,Legal Division,ORG,37,51
mdp.39015059552011,6,8,1,Literally Speaking Publishing House,ORG,52,87
mdp.39015059552011,6,8,2,1-929642-33-4,CARDINAL,130,143
mdp.39015059552011,6,8,3,LSPH House,ORG,144,154
mdp.39015059552011,6,8,4,2004,DATE,174,178
mdp.39015059552011,6,8,5,U.S.A.,GPE,194,200
mdp.39015059552011,7,2,0,2 Timothy 4:7 allelujah,WORK_OF_ART,0,23
mdp.39015059552011,7,7,0,Jesus Christ,PERSON,0,12
mdp.39015059552011,7,10,0,Mocha,PERSON,26,31
mdp.39015059552011,7,10,1,Bible,WORK_OF_ART,144,149
mdp.39015059552011,7,11,0,Jesus Christ,PERSON,0,12
mdp.39015059552011,7,12,0,River,LOC,178,183
mdp.39015059552011,7,12,1,Amorites,NORP,204,212
mdp.39015059552011,7,14,0,Joshua 24:15,DATE,0,12
mdp.39015059552011,8,0,0,Bernice J. Guitard,PERSON,44,62
mdp.39015059552011,8,2,0,Helena,PERSON,19,25
mdp.39015059552011,8,2,1,Charles Paylor,PERSON,28,42
mdp.39015059552011,8,5,0,Mocha Love,WORK_OF_ART,37,47
mdp.39015059552011,8,6,0,Jesus Christ,PERSON,60,72
mdp.39015059552011,8,6,1,Matthew 9:9-,WORK_OF_ART,119,131
mdp.39015059552011,8,6,2,12,CARDINAL,172,174
mdp.39015059552011,8,6,3,Jesus,PERSON,189,194
mdp.39015059552011,8,10,0,every day,DATE,22,31
mdp.39015059552011,8,11,0,Jesus Christ,PERSON,116,128
mdp.39015059552011,9,1,0,Chocolate Thoughts,WORK_OF_ART,22,40
mdp.39015059552011,9,1,1,Mocha Love,WORK_OF_ART,45,55
mdp.39015059552011,9,11,0,Shaun Stevenson,PERSON,0,15
mdp.39015059552011,9,12,0,Mocha Love,WORK_OF_ART,99,109
mdp.39015059552011,9,12,1,Chocolate Thoughts,WORK_OF_ART,111,129
mdp.39015059552011,9,12,2,Literally Speaking Publishing House,ORG,134,169
mdp.39015059552011,9,16,0,Paul Morgan,PERSON,3,14
mdp.39015059552011,9,16,1,Mychelle Morgan,PERSON,19,34
mdp.39015059552011,9,17,0,Literally Speaking Publishing House,ORG,5,40
mdp.39015059552011,10,0,0,Jill Peddycord,PERSON,70,84
mdp.39015059552011,10,0,1,Mocha Love,WORK_OF_ART,88,98
mdp.39015059552011,10,2,0,endless work hours,TIME,124,142
mdp.39015059552011,10,7,0,Rod Dennis's,PERSON,0,12
mdp.39015059552011,10,7,1,Mocha Love,WORK_OF_ART,124,134
mdp.39015059552011,10,7,2,Chocolate Thoughts,WORK_OF_ART,139,157
mdp.39015059552011,10,9,0,Rod,PERSON,0,3
mdp.39015059552011,10,10,0,Literally Speaking Publishing House,ORG,56,91
mdp.39015059552011,10,12,0,LSPH,ORG,50,54
mdp.39015059552011,10,13,0,Maurice Calhoun,PERSON,0,15
mdp.39015059552011,10,13,1,M&M Calhoun Enterprise,ORG,19,41
mdp.39015059552011,11,0,0,Literally Speaking Publishing House,ORG,8,43
mdp.39015059552011,11,2,0,Maurice,PERSON,0,7
mdp.39015059552011,11,2,1,LSPH,ORG,38,42
mdp.39015059552011,11,5,0,Literally Speaking Publishing House,ORG,170,205
mdp.39015059552011,11,7,0,Lora Brown,PERSON,35,45
mdp.39015059552011,11,7,1,Donald Burrell,PERSON,47,61
mdp.39015059552011,11,7,2,Rachael Couch,PERSON,63,76
mdp.39015059552011,11,7,3,Ian Curry,PERSON,78,87
mdp.39015059552011,11,7,4,Gillian Foster,PERSON,89,103
mdp.39015059552011,11,7,5,Jason Harley,PERSON,105,117
mdp.39015059552011,11,7,6,LJ Holloway,PERSON,119,130
mdp.39015059552011,11,7,7,Victoria Christopher Murray,PERSON,132,159
mdp.39015059552011,11,7,8,Shaun Reel,PERSON,161,171
mdp.39015059552011,11,7,9,Pam Reed,PERSON,173,181
mdp.39015059552011,11,7,10,Marcus Reed,PERSON,183,194
mdp.39015059552011,11,7,11,Paul Robinson,PERSON,196,209
mdp.39015059552011,11,7,12,Max Voltaire,PERSON,211,223
mdp.39015059552011,11,7,13,Anita Wilson,PERSON,228,240
mdp.39015059552011,11,8,0,Jill Peddycord,PERSON,50,64
mdp.39015059552011,11,8,1,Gillian Foster,PERSON,66,80
mdp.39015059552011,11,8,2,Paul Morgan,PERSON,82,93
mdp.39015059552011,11,8,3,Shaun Stevenson,PERSON,98,113
mdp.39015059552011,11,9,0,Foster,PERSON,39,45
mdp.39015059552011,11,9,1,Mocha Love,ORG,53,63
mdp.39015059552011,11,10,0,Angela,PERSON,52,58
mdp.39015059552011,12,0,0,Shariah,PERSON,0,7
mdp.39015059552011,12,0,1,Crystal,PERSON,9,16
mdp.39015059552011,12,0,2,Karen,PERSON,18,23
mdp.39015059552011,12,0,3,Brooke,PERSON,25,31
mdp.39015059552011,12,0,4,Maleta,PERSON,33,39
mdp.39015059552011,12,0,5,Pam,PERSON,44,47
mdp.39015059552011,12,1,0,Bea Smith,PERSON,3,12
mdp.39015059552011,12,2,0,Shaun Reel,PERSON,28,38
mdp.39015059552011,12,2,1,Andre Paylor,PERSON,40,52
mdp.39015059552011,12,2,2,Tiomora Paylor,PERSON,54,68
mdp.39015059552011,12,2,3,Lauren,PERSON,70,76
mdp.39015059552011,12,2,4,Octavia,PERSON,78,85
mdp.39015059552011,12,2,5,Olivia,PERSON,87,93
mdp.39015059552011,12,2,6,Thea,PERSON,99,103
mdp.39015059552011,12,3,0,Rodney Baltimore,PERSON,27,43
mdp.39015059552011,12,3,1,Marge Battle,PERSON,45,57
mdp.39015059552011,12,3,2,Deborah Bell,PERSON,59,71
mdp.39015059552011,12,3,3,BET Cita's World,ORG,73,89
mdp.39015059552011,12,3,4,Black Issues Book Review,ORG,91,115
mdp.39015059552011,12,3,5,Theresa Caldwell,PERSON,117,133
mdp.39015059552011,12,3,6,Karen Campbell,PERSON,135,149
mdp.39015059552011,12,3,7,Audrey Chapman,PERSON,151,165
mdp.39015059552011,12,3,8,Ursula Chaney,PERSON,167,180
mdp.39015059552011,12,3,9,Lashonda Council,ORG,182,198
mdp.39015059552011,12,3,10,Learie and Gail,ORG,200,215
mdp.39015059552011,12,3,11,Cultural Plus,ORG,219,232
mdp.39015059552011,12,3,12,Dat Damn Dirty,ORG,234,248
mdp.39015059552011,12,3,13,Hazel Davis,PERSON,250,261
mdp.39015059552011,12,3,14,Teri Dickerson,PERSON,263,277
mdp.39015059552011,12,3,15,Divine Sisterhood Book Club,ORG,279,306
mdp.39015059552011,12,3,16,Doug,PERSON,308,312
mdp.39015059552011,12,3,17,Lorna,PERSON,317,322
mdp.39015059552011,12,3,18,Jeffrey Elliott,PERSON,328,343
mdp.39015059552011,12,3,19,Denise Erkboni,PERSON,345,359
mdp.39015059552011,12,3,20,ESSFNCE,ORG,361,368
mdp.39015059552011,12,3,21,Monte Evans,PERSON,370,381
mdp.39015059552011,12,3,22,Kelly Gardner,PERSON,383,396
mdp.39015059552011,12,3,23,Goal Diggers Look Club,WORK_OF_ART,398,420
mdp.39015059552011,12,3,24,The Go On Girl! Book Club,ORG,422,447
mdp.39015059552011,12,3,25,"Jermaine, Lea and Simba",ORG,449,472
mdp.39015059552011,12,3,26,Karibu Books,ORG,476,488
mdp.39015059552011,12,3,27,Daisy Greenfield,PERSON,490,506
mdp.39015059552011,12,3,28,G.R.I.T.S. Book Club,ORG,508,528
mdp.39015059552011,12,3,29,Patricia Haley,PERSON,530,544
mdp.39015059552011,12,3,30,David Haines,PERSON,546,558
mdp.39015059552011,12,3,31,Shariah Hall,PERSON,560,572
mdp.39015059552011,12,3,32,Sekinah Hamlin,PERSON,574,588
mdp.39015059552011,12,3,33,Tamlin Henry,PERSON,590,602
mdp.39015059552011,12,3,34,"H. Beecher Hicks, Jr.",PERSON,609,630
mdp.39015059552011,12,3,35,Imani Voices Book Club,ORG,632,654
mdp.39015059552011,12,3,36,Brooke Sidney Jackson,PERSON,656,677
mdp.39015059552011,12,3,37,Edison O. Jackson,PERSON,689,706
mdp.39015059552011,12,3,38,Medgar Evers College,ORG,710,730
mdp.39015059552011,12,3,39,Troy Johnson,PERSON,732,744
mdp.39015059552011,12,3,40,Jeannie Jones,PERSON,746,759
mdp.39015059552011,12,3,41,Tom Joyner,PERSON,761,771
mdp.39015059552011,12,3,42,Ron Kavanaugh,PERSON,773,786
mdp.39015059552011,12,3,43,Clovia Lawerence,PERSON,788,804
mdp.39015059552011,12,3,44,Gary Leigh,PERSON,806,816
mdp.39015059552011,12,3,45,Justin Love,PERSON,818,829
mdp.39015059552011,12,3,46,Jeffrey Lyles,PERSON,831,844
mdp.39015059552011,12,3,47,the PG Gazette,ORG,848,862
mdp.39015059552011,12,3,48,Rhett Lucas,PERSON,864,875
mdp.39015059552011,12,3,49,Melvin Maxwell,PERSON,882,896
mdp.39015059552011,12,3,50,Bernie McCain,PERSON,898,911
mdp.39015059552011,12,3,51,Scott Mitchell,PERSON,913,927
mdp.39015059552011,12,3,52,Maria Miller,PERSON,929,941
mdp.39015059552011,12,3,53,Anthony Moore,PERSON,948,961
mdp.39015059552011,12,3,54,LaFontaine Oliver,PERSON,963,980
mdp.39015059552011,13,0,0,Josephus Ollison,PERSON,0,16
mdp.39015059552011,13,0,1,Joyce Payne,PERSON,22,33
mdp.39015059552011,13,0,2,Rawsistaz.com,ORG,35,48
mdp.39015059552011,13,0,3,Cydney Rax,PERSON,50,60
mdp.39015059552011,13,0,4,Max Rodriguez,PERSON,82,95
mdp.39015059552011,13,0,5,Janea Roscoe,PERSON,97,109
mdp.39015059552011,13,0,6,Wilma Roscoe,PERSON,115,127
mdp.39015059552011,13,0,7,Angela Russell,PERSON,129,143
mdp.39015059552011,13,0,8,Brad Sanders,PERSON,145,157
mdp.39015059552011,13,0,9,Babysitters Productions,ORG,161,184
mdp.39015059552011,13,0,10,Wendy Schoffield,PERSON,186,202
mdp.39015059552011,13,0,11,Melaine Scott,PERSON,204,217
mdp.39015059552011,13,0,12,Sisters In The Spirit Book Club,ORG,219,250
mdp.39015059552011,13,0,13,Audrey Smith,PERSON,252,264
mdp.39015059552011,13,0,14,Marcella Smith,PERSON,266,280
mdp.39015059552011,13,0,15,Mikki Spencer,PERSON,282,295
mdp.39015059552011,13,0,16,June Stephenson,PERSON,297,312
mdp.39015059552011,13,0,17,Angie Stone,PERSON,314,325
mdp.39015059552011,13,0,18,Niara Sudarkasa,PERSON,331,346
mdp.39015059552011,13,0,19,Jacqueline Thomas,PERSON,348,365
mdp.39015059552011,13,0,20,Evert Tools,PERSON,367,378
mdp.39015059552011,13,0,21,John Townsend,PERSON,380,393
mdp.39015059552011,13,0,22,Paul Turner,PERSON,395,406
mdp.39015059552011,13,0,23,Felecia Winton,PERSON,408,422
mdp.39015059552011,13,0,24,Lynne Wildi,PERSON,424,435
mdp.39015059552011,13,0,25,Michel Wright,PERSON,441,454
mdp.39015059552011,17,0,0,LOVE F rom,PERSON,0,10
mdp.39015059552011,17,7,0,13,CARDINAL,115,117
mdp.39015059552011,18,0,0,MOCHA,PERSON,0,5
mdp.39015059552011,18,11,0,14,DATE,48,50
mdp.39015059552011,19,1,0,the day,DATE,65,72
mdp.39015059552011,19,2,0,today,DATE,42,47
mdp.39015059552011,19,2,1,"the day,",DATE,58,66
mdp.39015059552011,19,2,2,Mother's Day,DATE,67,79
mdp.39015059552011,19,3,0,a day,DATE,6,11
mdp.39015059552011,19,5,0,Jesus Christ's,PERSON,95,109
mdp.39015059552011,19,11,0,15,CARDINAL,45,47
mdp.39015059552011,20,0,0,MOCHA LOVE,ORG,0,10
mdp.39015059552011,21,9,0,17,CARDINAL,53,55
mdp.39015059552011,22,4,0,Saturday,DATE,172,180
mdp.39015059552011,22,4,1,afternoon,TIME,181,190
mdp.39015059552011,22,6,0,Kool-Aid,PRODUCT,146,154
mdp.39015059552011,23,3,0,last night,TIME,104,114
mdp.39015059552011,23,6,0,every moment,TIME,88,100
mdp.39015059552011,23,8,0,19,CARDINAL,28,30
mdp.39015059552011,24,6,0,my wedding night,DATE,24,40
mdp.39015059552011,24,8,0,316,CARDINAL,8,11
mdp.39015059552011,24,8,1,316,CARDINAL,20,23
mdp.39015059552011,24,8,2,Flight 316,PRODUCT,48,58
mdp.39015059552011,24,13,0,hundreds,CARDINAL,225,233
mdp.39015059552011,24,13,1,the low thousands,CARDINAL,237,254
mdp.39015059552011,25,3,0,the day,DATE,32,39
mdp.39015059552011,25,7,0,one,CARDINAL,55,58
mdp.39015059552011,25,12,0,21,CARDINAL,0,2
mdp.39015059552011,26,0,0,MOCHA,PERSON,0,5
mdp.39015059552011,26,5,0,This weekend,DATE,0,12
mdp.39015059552011,26,5,1,two,CARDINAL,56,59
mdp.39015059552011,26,5,2,the day,DATE,157,164
mdp.39015059552011,26,7,0,Flight 316,PRODUCT,21,31
mdp.39015059552011,26,10,0,Flight 316,PRODUCT,60,70
mdp.39015059552011,26,16,0,any moment,TIME,69,79
mdp.39015059552011,26,20,0,Flight 316,PRODUCT,21,31
mdp.39015059552011,27,13,0,Jesus,PERSON,26,31
mdp.39015059552011,27,14,0,Jesus Christ,PERSON,0,12
mdp.39015059552011,27,14,1,Bethlehem,GPE,55,64
mdp.39015059552011,27,14,2,Nazareth,GPE,76,84
mdp.39015059552011,27,14,3,Galilee,LOC,96,103
mdp.39015059552011,27,14,4,23,CARDINAL,136,138
mdp.39015059552011,28,0,0,MOCHA,PERSON,0,5
mdp.39015059552011,28,0,1,Jerusalem,GPE,11,20
mdp.39015059552011,28,0,2,Messiah,PERSON,26,33
mdp.39015059552011,28,2,0,Jesus Christ,PERSON,40,52
mdp.39015059552011,28,8,0,John,PERSON,88,92
mdp.39015059552011,28,10,0,John,PERSON,1,5
mdp.39015059552011,28,11,0,316,CARDINAL,7,10
mdp.39015059552011,28,12,0,John,PERSON,0,4
mdp.39015059552011,28,12,1,316,CARDINAL,6,9
mdp.39015059552011,28,13,0,John,PERSON,0,4
mdp.39015059552011,28,13,1,Flight 316,PRODUCT,6,16
mdp.39015059552011,28,14,0,John,PERSON,0,4
mdp.39015059552011,28,14,1,316,CARDINAL,6,9
mdp.39015059552011,29,8,0,hours,TIME,5,10
mdp.39015059552011,29,11,0,36D,PRODUCT,120,123
mdp.39015059552011,30,0,0,MOCHA LOVE,PERSON,0,10
mdp.39015059552011,30,3,0,Bible,WORK_OF_ART,77,82
mdp.39015059552011,30,12,0,last night,TIME,13,23
mdp.39015059552011,30,12,1,first,ORDINAL,31,36
mdp.39015059552011,30,14,0,today,DATE,33,38
mdp.39015059552011,30,15,0,26,CARDINAL,87,89
mdp.39015059552011,31,22,0,27,CARDINAL,0,2
mdp.39015059552011,32,0,0,MOCHA LOVE,PERSON,0,10
mdp.39015059552011,32,3,0,one,CARDINAL,14,17
mdp.39015059552011,32,14,0,one,CARDINAL,123,126
mdp.39015059552011,32,15,0,one,CARDINAL,51,54
mdp.39015059552011,32,21,0,a moment,TIME,60,68
mdp.39015059552011,33,10,0,one,CARDINAL,5,8
mdp.39015059552011,33,15,0,last month,DATE,47,57
mdp.39015059552011,33,16,0,next year,DATE,36,45
mdp.39015059552011,33,25,0,Two,CARDINAL,1,4
mdp.39015059552011,33,27,0,29,CARDINAL,4,6
mdp.39015059552011,34,6,0,One,CARDINAL,0,3
mdp.39015059552011,34,8,0,Bible,WORK_OF_ART,52,57
mdp.39015059552011,34,8,1,Abraham,PERSON,59,66
mdp.39015059552011,34,9,0,Noah,PERSON,0,4
mdp.39015059552011,34,10,0,Moses,PERSON,0,5
mdp.39015059552011,34,18,0,30,CARDINAL,147,149
mdp.39015059552011,35,20,0,31,DATE,84,86
mdp.39015059552011,36,0,0,MOCHA,PERSON,0,5
mdp.39015059552011,36,12,0,the next day,DATE,74,86
mdp.39015059552011,36,17,0,32,CARDINAL,0,2
mdp.39015059552011,37,17,0,one night,TIME,31,40
mdp.39015059552011,38,0,0,MOCHA LOVE,PERSON,0,10
mdp.39015059552011,38,18,0,34,DATE,18,20
mdp.39015059552011,39,15,0,three,CARDINAL,29,34
mdp.39015059552011,39,16,0,One,CARDINAL,0,3
mdp.39015059552011,39,18,0,35,CARDINAL,94,96
mdp.39015059552011,40,2,0,Bible,WORK_OF_ART,4,9
mdp.39015059552011,40,11,0,three,CARDINAL,26,31
mdp.39015059552011,40,11,1,three,CARDINAL,56,61
mdp.39015059552011,40,13,0,yesterday,DATE,29,38
mdp.39015059552011,40,15,0,second,ORDINAL,69,75
mdp.39015059552011,41,2,0,third,ORDINAL,20,25
mdp.39015059552011,41,4,0,second,ORDINAL,179,185
mdp.39015059552011,41,5,0,second,ORDINAL,152,158
mdp.39015059552011,41,5,1,third,ORDINAL,215,220
mdp.39015059552011,41,7,0,third,ORDINAL,130,135
mdp.39015059552011,41,7,1,third,ORDINAL,220,225
mdp.39015059552011,41,9,0,second,ORDINAL,88,94
mdp.39015059552011,41,9,1,third,ORDINAL,112,117
mdp.39015059552011,42,0,0,MOCHA,PERSON,0,5
mdp.39015059552011,42,0,1,first,ORDINAL,11,16
mdp.39015059552011,42,1,0,third,ORDINAL,164,169
mdp.39015059552011,42,2,0,third,ORDINAL,44,49
mdp.39015059552011,42,2,1,second,ORDINAL,103,109
mdp.39015059552011,42,6,0,third,ORDINAL,28,33
mdp.39015059552011,42,6,1,second,ORDINAL,93,99
mdp.39015059552011,42,11,0,second,ORDINAL,4,10
mdp.39015059552011,42,11,1,third,ORDINAL,125,130
mdp.39015059552011,42,16,0,38,CARDINAL,153,155
mdp.39015059552011,43,2,0,Jesus Christ,PERSON,24,36
mdp.39015059552011,44,11,0,the only 40,CARDINAL,129,140
mdp.39015059552011,45,4,0,a pound,QUANTITY,12,19
mdp.39015059552011,45,9,0,Bible,WORK_OF_ART,13,18
mdp.39015059552011,45,9,1,Proverbs 31:30,WORK_OF_ART,97,111
mdp.39015059552011,46,7,0,Bible,WORK_OF_ART,79,84
mdp.39015059552011,46,19,0,42,CARDINAL,0,2
mdp.39015059552011,47,3,0,F-16,PRODUCT,47,51
mdp.39015059552011,47,9,0,F-16,PRODUCT,92,96
mdp.39015059552011,47,12,0,a few minutes,TIME,107,120
mdp.39015059552011,48,5,0,F-16,PRODUCT,23,27
mdp.39015059552011,48,9,0,F-16,PRODUCT,125,129
mdp.39015059552011,48,12,0,44,CARDINAL,79,81
mdp.39015059552011,49,2,0,one,CARDINAL,10,13
mdp.39015059552011,49,2,1,Bible,WORK_OF_ART,47,52
mdp.39015059552011,49,2,2,"1 Samuel, chapter 16",WORK_OF_ART,63,83
mdp.39015059552011,49,5,0,Bible,WORK_OF_ART,22,27
mdp.39015059552011,49,6,0,first,ORDINAL,4,9
mdp.39015059552011,49,6,1,Samuel,PERSON,54,60
mdp.39015059552011,49,6,2,Saul,PERSON,91,95
mdp.39015059552011,49,6,3,Israel,GPE,143,149
mdp.39015059552011,49,7,0,Jesse,PERSON,53,58
mdp.39015059552011,49,7,1,Bethlehemite,NORP,63,75
mdp.39015059552011,49,11,0,Bible,WORK_OF_ART,36,41
mdp.39015059552011,49,11,1,today,DATE,54,59
mdp.39015059552011,49,11,2,yesterday,DATE,61,70
mdp.39015059552011,49,11,3,tomorrow,DATE,83,91
mdp.39015059552011,49,12,0,Scriptures,WORK_OF_ART,43,53
mdp.39015059552011,49,12,1,today,DATE,91,96
mdp.39015059552011,49,14,0,Samuel,PERSON,40,46
mdp.39015059552011,49,14,1,45,DATE,48,50
mdp.39015059552011,50,0,0,MOCHA,PERSON,0,5
mdp.39015059552011,50,0,1,Saul,PERSON,40,44
mdp.39015059552011,50,0,2,Israel,GPE,92,98
mdp.39015059552011,50,1,0,Saul,PERSON,47,51
mdp.39015059552011,50,2,0,9,CARDINAL,34,35
mdp.39015059552011,50,2,1,2,CARDINAL,43,44
mdp.39015059552011,50,2,2,Israel,GPE,137,143
mdp.39015059552011,50,3,0,the Word of God,WORK_OF_ART,13,28
mdp.39015059552011,50,4,0,"1 Samuel, chapter 8",WORK_OF_ART,11,30
mdp.39015059552011,50,4,1,7,CARDINAL,38,39
mdp.39015059552011,50,4,2,the Word of God,WORK_OF_ART,41,56
mdp.39015059552011,50,4,3,Samuel,PERSON,85,91
mdp.39015059552011,50,4,4,Samuel,PERSON,208,214
mdp.39015059552011,50,6,0,Scripture,WORK_OF_ART,12,21
mdp.39015059552011,50,11,0,46,CARDINAL,49,51
mdp.39015059552011,51,6,0,Jesus Christ,PERSON,56,68
mdp.39015059552011,51,10,0,Jesus,PERSON,23,28
mdp.39015059552011,51,13,0,Saul,PERSON,99,103
mdp.39015059552011,52,0,0,MOCHA LOVE,PERSON,0,10
mdp.39015059552011,52,0,1,Samuel,PERSON,72,78
mdp.39015059552011,52,0,2,Saul,PERSON,109,113
mdp.39015059552011,52,0,3,Israel,GPE,161,167
mdp.39015059552011,52,1,0,Jesse,PERSON,53,58
mdp.39015059552011,52,1,1,Bethlehemite,NORP,63,75
mdp.39015059552011,53,9,0,Scriptures,WORK_OF_ART,197,207
mdp.39015059552011,53,11,0,Scripture,WORK_OF_ART,25,34
mdp.39015059552011,53,11,1,Weeping 49,WORK_OF_ART,42,52
mdp.39015059552011,54,4,0,Scriptures,WORK_OF_ART,36,46
mdp.39015059552011,54,7,0,everyday,DATE,42,50
mdp.39015059552011,54,11,0,Samuel,PERSON,1,7
mdp.39015059552011,54,11,1,Saul,PERSON,41,45
mdp.39015059552011,54,11,2,Bethlehem,GPE,69,78
mdp.39015059552011,54,12,0,Sauls,NORP,45,50
mdp.39015059552011,54,12,1,Bethlehem,GPE,64,73
mdp.39015059552011,54,12,2,Tonya,GPE,123,128
mdp.39015059552011,54,12,3,Crystal,PERSON,134,141
mdp.39015059552011,54,12,4,Barbara,PERSON,150,157
mdp.39015059552011,54,14,0,50,CARDINAL,145,147
mdp.39015059552011,55,0,0,Saul,PERSON,13,17
mdp.39015059552011,55,1,0,Bible,WORK_OF_ART,27,32
mdp.39015059552011,55,2,0,Bible,WORK_OF_ART,19,24
mdp.39015059552011,55,3,0,Saul,PERSON,66,70
mdp.39015059552011,55,3,1,Saul,PERSON,127,131
mdp.39015059552011,55,8,0,Bethlehem,GPE,65,74
mdp.39015059552011,55,8,1,Scripture,WORK_OF_ART,206,215
mdp.39015059552011,55,9,0,Samuel,PERSON,24,30
mdp.39015059552011,55,10,0,Scriptures,WORK_OF_ART,148,158
mdp.39015059552011,55,10,1,Samuel,PERSON,170,176
mdp.39015059552011,55,11,0,1 Samuel,WORK_OF_ART,4,12
mdp.39015059552011,55,11,1,16,CARDINAL,22,24
mdp.39015059552011,55,11,2,6,CARDINAL,32,33
mdp.39015059552011,55,11,3,Eliab,PERSON,90,95
mdp.39015059552011,55,12,0,7,CARDINAL,27,28
mdp.39015059552011,55,12,1,Samuel,PERSON,32,38
mdp.39015059552011,55,12,2,51,CARDINAL,60,62
mdp.39015059552011,56,2,0,Jesse,PERSON,3,8
mdp.39015059552011,56,2,1,Abinadab,PERSON,16,24
mdp.39015059552011,56,2,2,Samuel,PERSON,51,57
mdp.39015059552011,56,4,0,Scriptures,WORK_OF_ART,42,52
mdp.39015059552011,56,4,1,9,CARDINAL,63,64
mdp.39015059552011,56,4,2,13,CARDINAL,73,75
mdp.39015059552011,56,4,3,Jesse,PERSON,84,89
mdp.39015059552011,56,4,4,Samuel,PERSON,138,144
mdp.39015059552011,56,5,0,David,PERSON,0,5
mdp.39015059552011,56,5,1,Jesse,PERSON,23,28
mdp.39015059552011,56,6,0,David,PERSON,0,5
mdp.39015059552011,56,9,0,Saul,PERSON,88,92
mdp.39015059552011,56,9,1,Saul,PERSON,100,104
mdp.39015059552011,56,9,2,Eliab,PERSON,202,207
mdp.39015059552011,56,10,0,Eliab,PERSON,3,8
mdp.39015059552011,56,17,0,the F-16 52,PRODUCT,39,50
mdp.39015059552011,57,2,0,F-16,PRODUCT,31,35
mdp.39015059552011,57,4,0,Christians,NORP,29,39
mdp.39015059552011,57,5,0,Eliab,NORP,103,108
mdp.39015059552011,57,5,1,Eliab,PERSON,151,156
mdp.39015059552011,57,8,0,Eliab,NORP,16,21
mdp.39015059552011,57,11,0,one,CARDINAL,15,18
mdp.39015059552011,57,14,0,53,CARDINAL,92,94
mdp.39015059552011,58,0,0,Saul,PERSON,73,77
mdp.39015059552011,58,1,0,Bethlehem,GPE,14,23
mdp.39015059552011,58,1,1,Jesse,PERSON,106,111
mdp.39015059552011,58,7,0,one,CARDINAL,194,197
mdp.39015059552011,59,7,0,David,PERSON,9,14
mdp.39015059552011,59,7,1,Samuel,PERSON,54,60
mdp.39015059552011,59,7,2,Bethlehem,GPE,76,85
mdp.39015059552011,59,7,3,David,PERSON,87,92
mdp.39015059552011,59,10,0,Bible,WORK_OF_ART,64,69
mdp.39015059552011,60,0,0,MOCHA,PERSON,0,5
mdp.39015059552011,60,3,0,One night,TIME,97,106
mdp.39015059552011,60,6,0,years,DATE,29,34
mdp.39015059552011,60,17,0,56,CARDINAL,27,29
mdp.39015059552011,62,0,0,MOCHA LOVE,PERSON,0,10
mdp.39015059552011,62,14,0,58,CARDINAL,205,207
mdp.39015059552011,63,14,0,Christ,PERSON,18,24
mdp.39015059552011,63,15,0,Jesus Christ,PERSON,97,109
mdp.39015059552011,63,18,0,59,DATE,3,5
mdp.39015059552011,64,11,0,Two,CARDINAL,0,3
mdp.39015059552011,64,13,0,One,CARDINAL,0,3
mdp.39015059552011,64,16,0,60,DATE,48,50
mdp.39015059552011,65,5,0,F-16s,PRODUCT,68,73
mdp.39015059552011,65,15,0,61,CARDINAL,7,9
mdp.39015059552011,66,0,0,MOCHA,PERSON,0,5
mdp.39015059552011,66,1,0,Passion,PERSON,219,226
mdp.39015059552011,66,2,0,62,CARDINAL,0,2
mdp.39015059552011,69,3,0,one,CARDINAL,38,41
mdp.39015059552011,70,5,0,One,CARDINAL,0,3
mdp.39015059552011,70,6,0,one,CARDINAL,22,25
mdp.39015059552011,70,11,0,first,ORDINAL,59,64
mdp.39015059552011,72,12,0,DEA,ORG,4,7
mdp.39015059552011,72,13,0,68,CARDINAL,54,56
mdp.39015059552011,74,0,0,MOCHA,PERSON,0,5
mdp.39015059552011,74,2,0,the night,TIME,47,56
mdp.39015059552011,74,7,0,the week,DATE,36,44
mdp.39015059552011,74,8,0,twenty-seven hours,TIME,12,30
mdp.39015059552011,74,10,0,All day long,DATE,0,12
mdp.39015059552011,74,15,0,9mm,QUANTITY,4,7
mdp.39015059552011,74,15,1,a 70,PRODUCT,96,100
mdp.39015059552011,75,6,0,yesterday,DATE,51,60
mdp.39015059552011,75,6,1,9,PRODUCT,98,99
mdp.39015059552011,75,6,2,mm,PRODUCT,99,101
mdp.39015059552011,75,9,0,one,CARDINAL,19,22
mdp.39015059552011,75,9,1,this morning,TIME,39,51
mdp.39015059552011,75,11,0,today,DATE,99,104
mdp.39015059552011,75,13,0,the last 20 plus hours,TIME,4,26
mdp.39015059552011,75,14,0,Yesterday,DATE,0,9
mdp.39015059552011,75,14,1,9,PRODUCT,67,68
mdp.39015059552011,75,16,0,71,CARDINAL,0,2
mdp.39015059552011,76,0,0,MOCHA LOVE,PERSON,0,10
mdp.39015059552011,76,1,0,no more than two months,DATE,28,51
mdp.39015059552011,76,1,1,morning,TIME,92,99
mdp.39015059552011,76,1,2,the long weekend,DATE,148,164
mdp.39015059552011,76,4,0,Sunday,DATE,66,72
mdp.39015059552011,76,4,1,Saturday,DATE,140,148
mdp.39015059552011,76,4,2,night,TIME,149,154
mdp.39015059552011,76,5,0,earlier Friday,TIME,7,21
mdp.39015059552011,76,5,1,afternoon,TIME,22,31
mdp.39015059552011,76,7,0,a weekend,DATE,135,144
mdp.39015059552011,76,7,1,Sunday,DATE,204,210
mdp.39015059552011,77,2,0,Friday,DATE,155,161
mdp.39015059552011,77,2,1,night,TIME,162,167
mdp.39015059552011,77,4,0,The night,TIME,0,9
mdp.39015059552011,77,11,0,a moment,TIME,93,101
mdp.39015059552011,78,8,0,The countless and,TIME,0,17
mdp.39015059552011,79,2,0,the last several months,DATE,4,27
mdp.39015059552011,79,3,0,Friday,DATE,31,37
mdp.39015059552011,79,7,0,two,CARDINAL,31,34
mdp.39015059552011,79,8,0,One,CARDINAL,0,3
mdp.39015059552011,80,1,0,Two,CARDINAL,0,3
mdp.39015059552011,80,2,0,earlier during the day,TIME,126,148
mdp.39015059552011,80,5,0,tonight,TIME,89,96
mdp.39015059552011,80,6,0,the day,DATE,177,184
mdp.39015059552011,80,11,0,76,CARDINAL,0,2
mdp.39015059552011,81,1,0,Sunday,DATE,162,168
mdp.39015059552011,81,1,1,Sunday,DATE,238,244
mdp.39015059552011,81,2,0,early evening,TIME,29,42
mdp.39015059552011,81,6,0,today,DATE,43,48
mdp.39015059552011,81,7,0,African-American,NORP,109,125
mdp.39015059552011,81,9,0,Friday,DATE,53,59
mdp.39015059552011,81,9,1,night,TIME,60,65
mdp.39015059552011,81,11,0,two days earlier,DATE,47,63
mdp.39015059552011,82,0,0,MOCHA LOVE,PERSON,0,10
mdp.39015059552011,82,16,0,78,CARDINAL,147,149
mdp.39015059552011,83,3,0,just two nights,DATE,42,57
mdp.39015059552011,83,4,0,three nights,DATE,21,33
mdp.39015059552011,83,5,0,late night,TIME,18,28
mdp.39015059552011,83,5,1,Sunday,DATE,29,35
mdp.39015059552011,83,5,2,Sunday,DATE,77,83
mdp.39015059552011,83,6,0,Sunday,DATE,48,54
mdp.39015059552011,83,6,1,afternoon,TIME,55,64
mdp.39015059552011,83,6,2,all day,DATE,133,140
mdp.39015059552011,83,18,0,later on,TIME,39,47
mdp.39015059552011,83,18,1,tonight,TIME,48,55
mdp.39015059552011,83,23,0,tonight,TIME,19,26
mdp.39015059552011,83,23,1,the morning,TIME,45,56
mdp.39015059552011,83,28,0,79,CARDINAL,14,16
mdp.39015059552011,84,0,0,MOCHA,PERSON,0,5
mdp.39015059552011,84,22,0,Mo' Chocolate,ORG,4,17
mdp.39015059552011,84,26,0,80,CARDINAL,33,35
mdp.39015059552011,85,0,0,one,CARDINAL,19,22
mdp.39015059552011,85,3,0,the day,DATE,3,10
mdp.39015059552011,85,3,1,several days ago,DATE,23,39
mdp.39015059552011,85,3,2,a couple of days,DATE,179,195
mdp.39015059552011,87,0,0,one,CARDINAL,57,60
mdp.39015059552011,87,0,1,two,CARDINAL,114,117
mdp.39015059552011,87,2,0,the last minute,TIME,246,261
mdp.39015059552011,87,6,0,one,CARDINAL,55,58
mdp.39015059552011,87,8,0,second,ORDINAL,8,14
mdp.39015059552011,87,9,0,83,DATE,48,50
mdp.39015059552011,88,3,0,that late at night,TIME,57,75
mdp.39015059552011,88,8,0,one,CARDINAL,16,19
mdp.39015059552011,88,9,0,earlier during the week,DATE,52,75
mdp.39015059552011,88,12,0,three,CARDINAL,6,11
mdp.39015059552011,89,4,0,first,ORDINAL,112,117
mdp.39015059552011,89,5,0,Mo' Chocolate,ORG,46,59
mdp.39015059552011,89,12,0,last minute,TIME,4,15
mdp.39015059552011,89,15,0,85,CARDINAL,0,2
mdp.39015059552011,90,2,0,evening,TIME,52,59
mdp.39015059552011,90,3,0,hours later,TIME,78,89
mdp.39015059552011,90,3,1,9mm,QUANTITY,199,202
mdp.39015059552011,90,12,0,Several years ago,DATE,0,17
mdp.39015059552011,90,14,0,86,DATE,6,8
mdp.39015059552011,91,0,0,PASSION months,DATE,0,14
mdp.39015059552011,92,0,0,MOCHA LOVE,PERSON,0,10
mdp.39015059552011,92,2,0,Friday,DATE,54,60
mdp.39015059552011,92,2,1,night,TIME,61,66
mdp.39015059552011,93,5,0,evening,TIME,6,13
mdp.39015059552011,93,22,0,89,DATE,42,44
mdp.39015059552011,94,0,0,MOCHA,PERSON,0,5
mdp.39015059552011,96,0,0,MOCHA,PERSON,0,5
mdp.39015059552011,97,9,0,one,CARDINAL,14,17
mdp.39015059552011,97,14,0,93,CARDINAL,4,6
mdp.39015059552011,98,0,0,MOCHA LOVE,PERSON,0,10
mdp.39015059552011,98,5,0,the night,TIME,11,20
mdp.39015059552011,98,6,0,Mo,PERSON,29,31
mdp.39015059552011,98,10,0,Several days ago,DATE,0,16
mdp.39015059552011,98,10,1,that night,TIME,218,228
mdp.39015059552011,98,11,0,her minutes,TIME,51,62
mdp.39015059552011,98,12,0,94,DATE,25,27
mdp.39015059552011,99,0,0,one,CARDINAL,102,105
mdp.39015059552011,99,1,0,that night,TIME,102,112
mdp.39015059552011,99,9,0,the night,TIME,11,20
mdp.39015059552011,99,11,0,95,DATE,42,44
mdp.39015059552011,100,0,0,MOCHA,PERSON,0,5
mdp.39015059552011,101,0,0,last night,TIME,85,95
mdp.39015059552011,101,0,1,tonight,TIME,145,152
mdp.39015059552011,101,16,0,97,CARDINAL,38,40
mdp.39015059552011,102,0,0,first,ORDINAL,14,19
mdp.39015059552011,102,1,0,second,ORDINAL,60,66
mdp.39015059552011,102,6,0,Jesus Christ,PERSON,33,45
mdp.39015059552011,102,6,1,several months ago,DATE,89,107
mdp.39015059552011,102,25,0,late night,TIME,39,49
mdp.39015059552011,103,4,0,an hour-and-a-half to an hour and forty-five minutes ago,TIME,6,62
mdp.39015059552011,103,23,0,two hours ago,TIME,47,60
mdp.39015059552011,104,0,0,MOCHA LOVE,PERSON,0,10
mdp.39015059552011,104,8,0,later on,TIME,49,57
mdp.39015059552011,104,8,1,tonight,TIME,58,65
mdp.39015059552011,104,21,0,100,CARDINAL,0,3
mdp.39015059552011,107,5,0,Yesterday,DATE,0,9
mdp.39015059552011,107,7,0,103,CARDINAL,75,78
mdp.39015059552011,108,0,0,MOCHA LOVE,PERSON,0,10
mdp.39015059552011,108,4,0,first,ORDINAL,83,88
mdp.39015059552011,108,9,0,104,CARDINAL,62,65
mdp.39015059552011,109,0,0,one,CARDINAL,80,83
mdp.39015059552011,109,2,0,one,CARDINAL,20,23
mdp.39015059552011,109,4,0,this morning,TIME,68,80
mdp.39015059552011,109,4,1,last night,TIME,101,111
mdp.39015059552011,109,6,0,this morning,TIME,27,39
mdp.39015059552011,110,0,0,MOCHA LOVE,PERSON,0,10
mdp.39015059552011,110,1,0,this morning,TIME,109,121
mdp.39015059552011,110,1,1,a few minutes,TIME,156,169
mdp.39015059552011,110,4,0,the previous morning,TIME,86,106
mdp.39015059552011,110,5,0,the last several weeks,DATE,107,129
mdp.39015059552011,110,8,0,this week,DATE,66,75
mdp.39015059552011,110,10,0,tonight,TIME,56,63
mdp.39015059552011,110,12,0,Mo' Chocolate,PRODUCT,93,106
mdp.39015059552011,110,12,1,Black,NORP,173,178
mdp.39015059552011,111,1,0,Chocolate Sista,PRODUCT,52,67
mdp.39015059552011,111,1,1,Mo' Chocolate,PRODUCT,141,154
mdp.39015059552011,111,2,0,several days,DATE,12,24
mdp.39015059552011,111,4,0,Mo',PRODUCT,29,32
mdp.39015059552011,111,10,0,one,CARDINAL,81,84
mdp.39015059552011,112,1,0,last night,TIME,116,126
mdp.39015059552011,112,3,0,last night,TIME,118,128
mdp.39015059552011,112,6,0,less than a few seconds,TIME,12,35
mdp.39015059552011,112,14,0,108,CARDINAL,26,29
mdp.39015059552011,113,7,0,One,CARDINAL,0,3
mdp.39015059552011,113,10,0,one,CARDINAL,92,95
mdp.39015059552011,113,14,0,last night,TIME,41,51
mdp.39015059552011,113,17,0,109,CARDINAL,101,104
mdp.39015059552011,114,0,0,MOCHA,PERSON,0,5
mdp.39015059552011,114,5,0,this morning,TIME,75,87
mdp.39015059552011,114,15,0,110,CARDINAL,5,8
mdp.39015059552011,115,6,0,Jesus,PERSON,65,70
mdp.39015059552011,115,11,0,Moses,PERSON,0,5
mdp.39015059552011,115,11,1,the Old Testament,WORK_OF_ART,10,27
mdp.39015059552011,115,11,2,Exodus,WORK_OF_ART,44,50
mdp.39015059552011,115,11,3,3,CARDINAL,60,61
mdp.39015059552011,115,11,4,1,CARDINAL,70,71
mdp.39015059552011,115,11,5,Jethro,PERSON,110,116
mdp.39015059552011,115,11,6,111,CARDINAL,137,140
mdp.39015059552011,116,0,0,MOCHA,PERSON,0,5
mdp.39015059552011,116,0,1,Midian,LOC,32,38
mdp.39015059552011,116,1,0,Bible,WORK_OF_ART,4,9
mdp.39015059552011,116,1,1,Moses,PERSON,20,25
mdp.39015059552011,116,1,2,Horeb,LOC,81,86
mdp.39015059552011,116,4,0,Moses,PERSON,5,10
mdp.39015059552011,116,5,0,Moses,PERSON,114,119
mdp.39015059552011,116,5,1,Moses,PERSON,121,126
mdp.39015059552011,116,7,0,Moses,PERSON,1,6
mdp.39015059552011,116,7,1,Pharaoh,PERSON,59,66
mdp.39015059552011,116,7,2,Moses,PERSON,80,85
mdp.39015059552011,116,7,3,Hebrew,NORP,91,97
mdp.39015059552011,116,8,0,Moses,PERSON,19,24
mdp.39015059552011,116,8,1,Exodus,WORK_OF_ART,112,118
mdp.39015059552011,116,8,2,1,CARDINAL,128,129
mdp.39015059552011,116,8,3,2,CARDINAL,134,135
mdp.39015059552011,116,9,0,Egypt,GPE,14,19
mdp.39015059552011,116,9,1,Moses,PERSON,21,26
mdp.39015059552011,116,10,0,Egypt,GPE,0,5
mdp.39015059552011,116,11,0,Moses,PERSON,0,5
mdp.39015059552011,116,12,0,Moses,PERSON,38,43
mdp.39015059552011,116,14,0,112,CARDINAL,48,51
mdp.39015059552011,118,0,0,MOCHA,PERSON,0,5
mdp.39015059552011,118,1,0,Moses,PERSON,17,22
mdp.39015059552011,118,8,0,Moses,PERSON,1,6
mdp.39015059552011,118,8,1,Moses,PERSON,81,86
mdp.39015059552011,118,8,2,Moses,PERSON,208,213
mdp.39015059552011,118,8,3,Moses,PERSON,215,220
mdp.39015059552011,118,9,0,today,DATE,29,34
mdp.39015059552011,118,9,1,114,CARDINAL,155,158
mdp.39015059552011,119,2,0,Moses,PERSON,53,58
mdp.39015059552011,119,13,0,Moses,PERSON,0,5
mdp.39015059552011,119,13,1,Hebrews,NORP,14,21
mdp.39015059552011,119,13,2,Egypt,GPE,45,50
mdp.39015059552011,119,13,3,the Promised Land,LOC,71,88
mdp.39015059552011,119,14,0,Hebrews,NORP,4,11
mdp.39015059552011,119,14,1,Moses,PERSON,37,42
mdp.39015059552011,119,18,0,Today,DATE,0,5
mdp.39015059552011,119,18,1,Jesus Christ,PERSON,51,63
mdp.39015059552011,120,0,0,MOCHA LOVE,PERSON,0,10
mdp.39015059552011,120,5,0,afternoon,TIME,154,163
mdp.39015059552011,120,6,0,one,CARDINAL,37,40
mdp.39015059552011,120,7,0,one,CARDINAL,23,26
mdp.39015059552011,120,8,0,today,DATE,107,112
mdp.39015059552011,120,8,1,two,CARDINAL,125,128
mdp.39015059552011,120,12,0,116,CARDINAL,66,69
mdp.39015059552011,122,0,0,MOCHA LOVE,PERSON,0,10
mdp.39015059552011,122,5,0,first,ORDINAL,260,265
mdp.39015059552011,122,11,0,118,CARDINAL,98,101
mdp.39015059552011,123,2,0,NBA,ORG,67,70
mdp.39015059552011,123,3,0,the National Basketball Association,ORG,8,43
mdp.39015059552011,123,4,0,the National Bar Association,ORG,9,37
mdp.39015059552011,123,12,0,Jesus Christ,PERSON,122,134
mdp.39015059552011,124,3,0,Today,DATE,0,5
mdp.39015059552011,124,15,0,120,CARDINAL,72,75
mdp.39015059552011,125,3,0,a minute,TIME,28,36
mdp.39015059552011,125,13,0,one,CARDINAL,5,8
mdp.39015059552011,125,18,0,The Big Dawg,PERSON,1,13
mdp.39015059552011,126,0,0,MOCHA LOVE,PERSON,0,10
mdp.39015059552011,126,7,0,a minute,TIME,43,51
mdp.39015059552011,126,15,0,Bible,WORK_OF_ART,4,9
mdp.39015059552011,126,16,0,Bible,WORK_OF_ART,56,61
mdp.39015059552011,127,1,0,today,DATE,33,38
mdp.39015059552011,127,1,1,first,ORDINAL,47,52
mdp.39015059552011,127,1,2,last night,TIME,76,86
mdp.39015059552011,127,5,0,last night,TIME,37,47
mdp.39015059552011,127,9,0,Christ,PERSON,59,65
mdp.39015059552011,127,10,0,Jesus,PERSON,29,34
mdp.39015059552011,127,10,1,Jesus,PERSON,51,56
mdp.39015059552011,127,10,2,Jesus,PERSON,72,77
mdp.39015059552011,127,11,0,Christianity,ORG,33,45
mdp.39015059552011,127,13,0,Jesus Christ,PERSON,65,77
mdp.39015059552011,127,14,0,Christ,PERSON,79,85
mdp.39015059552011,127,18,0,First,ORDINAL,1,6
mdp.39015059552011,128,0,0,Christ,PERSON,147,153
mdp.39015059552011,128,1,0,Bible,WORK_OF_ART,4,9
mdp.39015059552011,128,3,0,today,DATE,95,100
mdp.39015059552011,128,12,0,today,DATE,39,44
mdp.39015059552011,128,13,0,the Word of God,WORK_OF_ART,46,61
mdp.39015059552011,128,14,0,one,CARDINAL,47,50
mdp.39015059552011,129,5,0,week,DATE,9,13
mdp.39015059552011,129,5,1,week,DATE,20,24
mdp.39015059552011,129,13,0,Christian,NORP,107,116
mdp.39015059552011,129,16,0,125,CARDINAL,26,29
mdp.39015059552011,130,0,0,Christian,NORP,11,20
mdp.39015059552011,130,0,1,Christ,PERSON,120,126
mdp.39015059552011,130,1,0,Christ,PERSON,27,33
mdp.39015059552011,130,8,0,Bible,WORK_OF_ART,8,13
mdp.39015059552011,130,8,1,Matthew,WORK_OF_ART,18,25
mdp.39015059552011,130,8,2,9,CARDINAL,35,36
mdp.39015059552011,130,8,3,9,CARDINAL,45,46
mdp.39015059552011,130,8,4,Jesus,PERSON,51,56
mdp.39015059552011,130,9,0,Pharisees,NORP,4,13
mdp.39015059552011,130,9,1,Jesus,PERSON,82,87
mdp.39015059552011,130,9,2,Jesus,PERSON,96,101
mdp.39015059552011,130,10,0,Jesus,PERSON,0,5
mdp.39015059552011,130,10,1,12,CARDINAL,49,51
mdp.39015059552011,130,10,2,Matthew 9,WORK_OF_ART,55,64
mdp.39015059552011,130,11,0,13,CARDINAL,27,29
mdp.39015059552011,130,12,0,126,CARDINAL,0,3
mdp.39015059552011,131,8,0,Christ,PERSON,36,42
mdp.39015059552011,131,8,1,Christian,NORP,48,57
mdp.39015059552011,131,12,0,the day,DATE,23,30
mdp.39015059552011,131,17,0,Bible,WORK_OF_ART,207,212
mdp.39015059552011,131,17,1,one,CARDINAL,222,225
mdp.39015059552011,131,17,2,127,CARDINAL,232,235
mdp.39015059552011,132,0,0,Scriptures,WORK_OF_ART,20,30
mdp.39015059552011,132,0,1,Proverbs,WORK_OF_ART,34,42
mdp.39015059552011,132,0,2,Psalms,WORK_OF_ART,46,52
mdp.39015059552011,132,14,0,128,CARDINAL,0,3
mdp.39015059552011,133,0,0,every day,DATE,155,164
mdp.39015059552011,133,4,0,Proverbs 31,WORK_OF_ART,22,33
mdp.39015059552011,133,5,0,Proverbs 31,WORK_OF_ART,21,32
mdp.39015059552011,133,6,0,Bible,WORK_OF_ART,8,13
mdp.39015059552011,133,6,1,Proverbs 31,WORK_OF_ART,18,29
mdp.39015059552011,133,6,2,10,CARDINAL,40,42
mdp.39015059552011,133,6,3,31,CARDINAL,51,53
mdp.39015059552011,133,8,0,Bible,WORK_OF_ART,49,54
mdp.39015059552011,133,8,1,Proverbs 31,WORK_OF_ART,158,169
mdp.39015059552011,133,8,2,Holy Scriptures,WORK_OF_ART,185,200
mdp.39015059552011,133,8,3,Genesis,WORK_OF_ART,234,241
mdp.39015059552011,133,8,4,Revelation,WORK_OF_ART,245,255
mdp.39015059552011,133,20,0,129,CARDINAL,53,56
mdp.39015059552011,134,0,0,MOCHA,PERSON,0,5
mdp.39015059552011,134,22,0,130,CARDINAL,24,27
mdp.39015059552011,135,0,0,two,CARDINAL,80,83
mdp.39015059552011,136,0,0,MOCHA,PERSON,0,5
mdp.39015059552011,136,12,0,132,CARDINAL,23,26
mdp.39015059552011,137,2,0,every few minutes,TIME,49,66
mdp.39015059552011,138,0,0,MOCHA,PERSON,0,5
mdp.39015059552011,139,10,0,a second,TIME,8,16
mdp.39015059552011,139,18,0,135,CARDINAL,0,3
mdp.39015059552011,140,0,0,MOCHA,PERSON,0,5
mdp.39015059552011,142,8,0,one,CARDINAL,10,13
mdp.39015059552011,142,17,0,the day,DATE,8,15
mdp.39015059552011,142,20,0,138,CARDINAL,0,3
mdp.39015059552011,143,18,0,139,CARDINAL,15,18
mdp.39015059552011,144,13,0,First,ORDINAL,0,5
mdp.39015059552011,144,21,0,140,CARDINAL,0,3
mdp.39015059552011,145,2,0,today,DATE,70,75
mdp.39015059552011,145,13,0,Bible,WORK_OF_ART,38,43
mdp.39015059552011,145,13,1,Psalm 1,WORK_OF_ART,47,54
mdp.39015059552011,145,14,0,Bible,WORK_OF_ART,34,39
mdp.39015059552011,145,14,1,Bible,WORK_OF_ART,72,77
mdp.39015059552011,145,16,0,a second,TIME,8,16
mdp.39015059552011,145,17,0,Bible,WORK_OF_ART,24,29
mdp.39015059552011,145,18,0,Bible,WORK_OF_ART,18,23
mdp.39015059552011,145,18,1,Psalms,WORK_OF_ART,58,64
mdp.39015059552011,145,20,0,141,CARDINAL,95,98
mdp.39015059552011,146,7,0,number 1,CARDINAL,73,81
mdp.39015059552011,146,7,1,142,CARDINAL,95,98
mdp.39015059552011,147,1,0,Psalm 1,WORK_OF_ART,20,27
mdp.39015059552011,147,1,1,number 1,CARDINAL,146,154
mdp.39015059552011,147,2,0,first,ORDINAL,4,9
mdp.39015059552011,148,0,0,MOCHA,PERSON,0,5
mdp.39015059552011,148,8,0,144,CARDINAL,18,21
mdp.39015059552011,149,3,0,Bible,WORK_OF_ART,38,43
mdp.39015059552011,149,5,0,first,ORDINAL,87,92
mdp.39015059552011,151,4,0,Psalm 1,WORK_OF_ART,63,70
mdp.39015059552011,151,10,0,Bible,WORK_OF_ART,32,37
mdp.39015059552011,152,0,0,MOCHA LOVE,PERSON,0,10
mdp.39015059552011,152,5,0,the Word of God,WORK_OF_ART,178,193
mdp.39015059552011,152,11,0,148,CARDINAL,27,30
mdp.39015059552011,153,2,0,Auntie,PERSON,6,12
mdp.39015059552011,153,3,0,a few minutes,TIME,20,33
mdp.39015059552011,153,16,0,149,CARDINAL,23,26
mdp.39015059552011,154,10,0,Jesus Christ,PERSON,77,89
mdp.39015059552011,154,14,0,earlier today,TIME,32,45
mdp.39015059552011,154,15,0,the weekend,DATE,29,40
mdp.39015059552011,154,16,0,this weekend,DATE,54,66
mdp.39015059552011,154,22,0,150,CARDINAL,0,3
mdp.39015059552011,155,5,0,Jesus,PERSON,0,5
mdp.39015059552011,159,10,0,the last several years,DATE,78,100
mdp.39015059552011,160,1,0,one,CARDINAL,20,23
mdp.39015059552011,160,4,0,the day,DATE,13,20
mdp.39015059552011,160,9,0,a wonderful day,DATE,26,41
mdp.39015059552011,160,11,0,156,CARDINAL,17,20
mdp.39015059552011,161,0,0,one,CARDINAL,45,48
mdp.39015059552011,162,0,0,evening,TIME,61,68
mdp.39015059552011,162,1,0,tonight,TIME,190,197
mdp.39015059552011,162,8,0,afternoon,TIME,112,121
mdp.39015059552011,162,10,0,158,CARDINAL,31,34
mdp.39015059552011,163,12,0,159,CARDINAL,0,3
mdp.39015059552011,164,0,0,MOCHA,PERSON,0,5
mdp.39015059552011,164,4,0,one,CARDINAL,28,31
mdp.39015059552011,164,5,0,evening,TIME,22,29
mdp.39015059552011,164,5,1,first,ORDINAL,34,39
mdp.39015059552011,164,6,0,Every day,DATE,0,9
mdp.39015059552011,164,9,0,160,CARDINAL,0,3
mdp.39015059552011,165,0,0,Christmas,DATE,8,17
mdp.39015059552011,165,5,0,everyday,DATE,42,50
mdp.39015059552011,165,5,1,Christmas,DATE,59,68
mdp.39015059552011,165,7,0,the winter,DATE,31,41
mdp.39015059552011,165,7,1,the summer,DATE,56,66
mdp.39015059552011,165,7,2,Christmas,DATE,79,88
mdp.39015059552011,165,7,3,everyday,DATE,134,142
mdp.39015059552011,165,11,0,Persian,NORP,27,34
mdp.39015059552011,165,14,0,161,CARDINAL,0,3
mdp.39015059552011,166,0,0,MOCHA LOVE,PERSON,0,10
mdp.39015059552011,166,0,1,today,DATE,26,31
mdp.39015059552011,167,5,0,Five,CARDINAL,91,95
mdp.39015059552011,167,5,1,5,CARDINAL,126,127
mdp.39015059552011,167,5,2,4,CARDINAL,149,150
mdp.39015059552011,167,5,3,3,CARDINAL,172,173
mdp.39015059552011,167,5,4,2,CARDINAL,231,232
mdp.39015059552011,167,5,5,1,CARDINAL,234,235
mdp.39015059552011,168,5,0,a million,CARDINAL,40,49
mdp.39015059552011,168,12,0,today,DATE,3,8
mdp.39015059552011,169,11,0,165,CARDINAL,0,3
mdp.39015059552011,170,0,0,MOCHA,PERSON,0,5
mdp.39015059552011,170,15,0,166,CARDINAL,50,53
mdp.39015059552011,171,0,0,one,CARDINAL,70,73
mdp.39015059552011,171,23,0,167,CARDINAL,0,3
mdp.39015059552011,172,0,0,MOCHA,PERSON,0,5
mdp.39015059552011,172,2,0,one,CARDINAL,5,8
mdp.39015059552011,172,9,0,that day,DATE,3,11
mdp.39015059552011,172,9,1,first,ORDINAL,86,91
mdp.39015059552011,172,14,0,168,CARDINAL,30,33
mdp.39015059552011,174,0,0,MOCHA,PERSON,0,5
mdp.39015059552011,174,21,0,several weeks ago,DATE,20,37
mdp.39015059552011,174,23,0,170,CARDINAL,0,3
mdp.39015059552011,175,3,0,Valium,PRODUCT,175,181
mdp.39015059552011,175,5,0,today,DATE,117,122
mdp.39015059552011,175,6,0,Being Black is,WORK_OF_ART,29,43
mdp.39015059552011,175,7,0,African-Americans,NORP,65,82
mdp.39015059552011,175,7,1,AfricanAmericans,NORP,273,289
mdp.39015059552011,175,7,2,African-Americans,NORP,293,310
mdp.39015059552011,175,8,0,African,NORP,127,134
mdp.39015059552011,175,8,1,the United States,GPE,165,182
mdp.39015059552011,175,8,2,African-Americans,NORP,287,304
mdp.39015059552011,176,2,0,African-Americans,NORP,48,65
mdp.39015059552011,176,2,1,African-Americans,NORP,141,158
mdp.39015059552011,176,3,0,African-Americans,NORP,34,51
mdp.39015059552011,176,3,1,first,ORDINAL,220,225
mdp.39015059552011,176,3,2,African-American,NORP,240,256
mdp.39015059552011,176,3,3,African-American,NORP,296,312
mdp.39015059552011,176,4,0,centuries,DATE,186,195
mdp.39015059552011,176,4,1,AfricanAmericans,NORP,199,215
mdp.39015059552011,176,5,0,AfricanAmerican,NORP,85,100
mdp.39015059552011,176,6,0,African-American,NORP,64,80
mdp.39015059552011,176,7,0,African-American,NORP,123,139
mdp.39015059552011,177,1,0,African-Americans,NORP,0,17
mdp.39015059552011,177,13,0,173,CARDINAL,0,3
mdp.39015059552011,178,0,0,MOCHA LOVE,PERSON,0,10
mdp.39015059552011,180,10,0,176,CARDINAL,69,72
mdp.39015059552011,181,0,0,one,CARDINAL,8,11
mdp.39015059552011,181,2,0,Psalm 23,WORK_OF_ART,35,43
mdp.39015059552011,181,2,1,the Old Testament,WORK_OF_ART,47,64
mdp.39015059552011,181,5,0,Christian,NORP,80,89
mdp.39015059552011,181,9,0,177,CARDINAL,10,13
mdp.39015059552011,182,0,0,MOCHA,PERSON,0,5
mdp.39015059552011,182,4,0,Christian,NORP,130,139
mdp.39015059552011,182,9,0,One,CARDINAL,0,3
mdp.39015059552011,182,9,1,Bible,WORK_OF_ART,69,74
mdp.39015059552011,182,9,2,Genesis,WORK_OF_ART,78,85
mdp.39015059552011,182,9,3,50,CARDINAL,95,97
mdp.39015059552011,182,9,4,20,CARDINAL,105,107
mdp.39015059552011,182,10,0,Joseph,PERSON,35,41
mdp.39015059552011,182,10,1,Joseph,PERSON,111,117
mdp.39015059552011,182,10,2,178,CARDINAL,222,225
mdp.39015059552011,183,0,0,this day,DATE,26,34
mdp.39015059552011,183,1,0,Joseph,PERSON,43,49
mdp.39015059552011,183,8,0,The Word of God,WORK_OF_ART,1,16
mdp.39015059552011,183,9,0,Romans,WORK_OF_ART,55,61
mdp.39015059552011,183,9,1,8,CARDINAL,71,72
mdp.39015059552011,183,9,2,28,CARDINAL,80,82
mdp.39015059552011,183,10,0,179,CARDINAL,44,47
mdp.39015059552011,184,4,0,Jesus Christ,PERSON,194,206
mdp.39015059552011,184,6,0,today,DATE,25,30
mdp.39015059552011,184,6,1,Jesus,PERSON,153,158
mdp.39015059552011,184,8,0,180,CARDINAL,291,294
mdp.39015059552011,185,12,0,the last two years,DATE,210,228
mdp.39015059552011,185,12,1,Christ,PERSON,273,279
mdp.39015059552011,186,0,0,MOCHA,PERSON,0,5
mdp.39015059552011,186,1,0,Christ,PERSON,67,73
mdp.39015059552011,186,2,0,Christ,PERSON,95,101
mdp.39015059552011,186,6,0,that day,DATE,138,146
mdp.39015059552011,186,7,0,Jesus Christ,PERSON,202,214
mdp.39015059552011,186,7,1,182,CARDINAL,265,268
mdp.39015059552011,187,11,0,Bible,WORK_OF_ART,22,27
mdp.39015059552011,189,5,0,Jesus Christ,PERSON,99,111
mdp.39015059552011,189,6,0,Bible,WORK_OF_ART,8,13
mdp.39015059552011,190,2,0,186,CARDINAL,66,69
mdp.39015059552011,193,0,0,one,CARDINAL,50,53
mdp.39015059552011,193,0,1,one,CARDINAL,68,71
mdp.39015059552011,194,0,0,three,CARDINAL,75,80
mdp.39015059552011,194,3,0,one,CARDINAL,41,44
mdp.39015059552011,194,3,1,two,CARDINAL,58,61
mdp.39015059552011,194,5,0,Those days,DATE,0,10
mdp.39015059552011,194,5,1,those days,DATE,16,26
mdp.39015059552011,194,5,2,today,DATE,28,33
mdp.39015059552011,194,5,3,today,DATE,37,42
mdp.39015059552011,195,2,0,a moment,TIME,79,87
mdp.39015059552011,195,9,0,two,CARDINAL,49,52
mdp.39015059552011,195,9,1,two,CARDINAL,82,85
mdp.39015059552011,195,13,0,191,CARDINAL,53,56
mdp.39015059552011,196,3,0,5 to 15 years,DATE,35,48
mdp.39015059552011,196,7,0,earlier in the day,TIME,142,160
mdp.39015059552011,198,1,0,evening,TIME,32,39
mdp.39015059552011,199,3,0,the previous night,TIME,51,69
mdp.39015059552011,199,8,0,two,CARDINAL,59,62
mdp.39015059552011,199,12,0,195,CARDINAL,47,50
mdp.39015059552011,200,0,0,MOCHA,PERSON,0,5
mdp.39015059552011,200,11,0,minutes,TIME,7,14
mdp.39015059552011,201,3,0,Every day,DATE,0,9
mdp.39015059552011,201,3,1,today,DATE,51,56
mdp.39015059552011,201,3,2,the day,DATE,66,73
mdp.39015059552011,201,4,0,another day,DATE,48,59
mdp.39015059552011,202,1,0,another day,DATE,75,86
mdp.39015059552011,202,4,0,one,CARDINAL,14,17
mdp.39015059552011,202,12,0,198,CARDINAL,0,3
mdp.39015059552011,203,4,0,multi-million dollar,MONEY,38,58
mdp.39015059552011,203,5,0,the end of the week,DATE,112,131
mdp.39015059552011,204,0,0,tonight,TIME,11,18
mdp.39015059552011,204,10,0,another 20 minutes to a half hour,TIME,10,43
mdp.39015059552011,204,12,0,another half hour,TIME,114,131
mdp.39015059552011,204,15,0,200,CARDINAL,59,62
mdp.39015059552011,206,9,0,overnight,TIME,21,30
mdp.39015059552011,206,9,1,overnight,TIME,49,58
mdp.39015059552011,207,13,0,203,CARDINAL,112,115
mdp.39015059552011,208,8,0,Jesus Christ,PERSON,30,42
mdp.39015059552011,209,0,0,Jesus Christ,PERSON,13,25
mdp.39015059552011,209,12,0,a Saturday,DATE,10,20
mdp.39015059552011,209,14,0,one,CARDINAL,126,129
mdp.39015059552011,210,2,0,about 8:30 or 9:00 in the morning,TIME,3,36
mdp.39015059552011,210,3,0,half,CARDINAL,114,118
mdp.39015059552011,210,4,0,Jesus,PERSON,111,116
mdp.39015059552011,210,10,0,Christ,PERSON,235,241
mdp.39015059552011,210,10,1,206,CARDINAL,244,247
mdp.39015059552011,211,3,0,Bible,WORK_OF_ART,20,25
mdp.39015059552011,211,3,1,Proverbs 5,WORK_OF_ART,41,51
mdp.39015059552011,211,3,2,3,CARDINAL,60,61
mdp.39015059552011,211,3,3,5,CARDINAL,70,71
mdp.39015059552011,211,4,0,Bible,WORK_OF_ART,82,87
mdp.39015059552011,211,6,0,two,CARDINAL,11,14
mdp.39015059552011,211,8,0,Proverbs 18,WORK_OF_ART,29,40
mdp.39015059552011,211,8,1,22,CARDINAL,48,50
mdp.39015059552011,211,10,0,Jesus Christ,PERSON,71,83
mdp.39015059552011,211,14,0,207,CARDINAL,51,54
mdp.39015059552011,212,0,0,MOCHA,PERSON,0,5
mdp.39015059552011,212,0,1,Christ,PERSON,11,17
mdp.39015059552011,212,5,0,Jesus Christ,PERSON,110,122
mdp.39015059552011,213,15,0,209,CARDINAL,96,99
mdp.39015059552011,214,0,0,MOCHA LOVE,PERSON,0,10
mdp.39015059552011,214,4,0,tonight,TIME,65,72
mdp.39015059552011,215,3,0,Bible,WORK_OF_ART,189,194
mdp.39015059552011,215,9,0,Jesus,PERSON,39,44
mdp.39015059552011,215,12,0,Jesus Christ,PERSON,17,29
mdp.39015059552011,215,13,0,211,CARDINAL,43,46
mdp.39015059552011,216,0,0,MOCHA,PERSON,0,5
mdp.39015059552011,216,0,1,Jesus Christ,PERSON,25,37
mdp.39015059552011,216,0,2,late in the day,TIME,158,173
mdp.39015059552011,216,0,3,Jesus Christ,PERSON,264,276
mdp.39015059552011,216,1,0,Jesus Christ,PERSON,231,243
mdp.39015059552011,216,2,0,Christian,NORP,56,65
mdp.39015059552011,216,3,0,this weekend,DATE,81,93
mdp.39015059552011,216,4,0,Bible,WORK_OF_ART,63,68
mdp.39015059552011,216,5,0,Bible,WORK_OF_ART,36,41
mdp.39015059552011,216,9,0,212,CARDINAL,0,3
mdp.39015059552011,217,1,0,One,CARDINAL,0,3
mdp.39015059552011,217,7,0,Hebrews,NORP,56,63
mdp.39015059552011,217,8,0,Jesus,PERSON,101,106
mdp.39015059552011,218,1,0,Bible,WORK_OF_ART,17,22
mdp.39015059552011,218,2,0,Psalm 51,WORK_OF_ART,53,61
mdp.39015059552011,219,8,0,215,CARDINAL,0,3
mdp.39015059552011,221,0,0,S. JAMES GUITARD,PERSON,18,34
mdp.39015059552011,221,1,0,James Guitard,PERSON,1,14
mdp.39015059552011,221,1,1,Chocolate Thoughts,WORK_OF_ART,54,72
mdp.39015059552011,221,1,2,Mocha Love,WORK_OF_ART,74,84
mdp.39015059552011,221,1,3,Blessed Assurance,WORK_OF_ART,89,106
mdp.39015059552011,221,2,0,Chocolate Thoughts,WORK_OF_ART,0,18
mdp.39015059552011,221,2,1,AfricanAmerican,NORP,72,87
mdp.39015059552011,221,3,0,Mocha Love,WORK_OF_ART,0,10
mdp.39015059552011,221,3,1,Guitard,PERSON,16,23
mdp.39015059552011,221,3,2,first,ORDINAL,42,47
mdp.39015059552011,221,4,0,Blessed Assurance,WORK_OF_ART,27,44
mdp.39015059552011,221,4,1,Guitard,PERSON,50,57
mdp.39015059552011,221,4,2,Lust and Lies,WORK_OF_ART,111,124
mdp.39015059552011,221,4,3,Samson,PERSON,176,182
mdp.39015059552011,221,4,4,Delilah,PERSON,185,192
mdp.39015059552011,221,5,0,New York,GPE,12,20
mdp.39015059552011,221,5,1,Washington,GPE,44,54
mdp.39015059552011,221,5,2,DC,GPE,56,58
mdp.39015059552011,221,5,3,Guitard,PERSON,69,76
mdp.39015059552011,221,5,4,Capitol Hill,ORG,238,250
mdp.39015059552011,221,6,0,Guitard,PERSON,4,11
mdp.39015059552011,221,7,0,217,CARDINAL,0,3
mdp.39015059552011,222,1,0,SAMSON,PERSON,114,120
mdp.39015059552011,222,1,1,DELILAH,PERSON,125,132
mdp.39015059552011,222,2,0,night,TIME,11,16
mdp.39015059552011,222,11,0,Samson,PERSON,15,21
mdp.39015059552011,222,14,0,Samson,PERSON,1,7
mdp.39015059552011,222,14,1,218,CARDINAL,29,32
mdp.39015059552011,223,16,0,Delilah,PERSON,153,160
mdp.39015059552011,223,18,0,219,CARDINAL,0,3
mdp.39015059552011,224,2,0,JAMES GUITARO,PERSON,98,111
mdp.39015059552011,224,3,0,Chocolate Thoughts,WORK_OF_ART,23,41
mdp.39015059552011,224,3,1,Black,NORP,101,106
mdp.39015059552011,224,4,0,Black,NORP,40,45
mdp.39015059552011,224,5,0,Chocolate Thoughts,WORK_OF_ART,11,29
mdp.39015059552011,224,6,0,Chocolate Thoughts,WORK_OF_ART,59,77
mdp.39015059552011,224,7,0,22.95,MONEY,50,55
mdp.39015059552011,225,1,0,Blessed Assurance,WORK_OF_ART,0,17
mdp.39015059552011,225,1,1,S. JAMES GUITARD,PERSON,89,105
mdp.39015059552011,225,1,2,VICTORIA CHRISTOPHER MURRAY,PERSON,107,134
mdp.39015059552011,225,1,3,JACQUELIN THOMAS,PERSON,136,152
mdp.39015059552011,225,1,4,PATRICIA HALEY,PERSON,154,168
mdp.39015059552011,225,1,5,MAURICE GRAY,PERSON,170,182
mdp.39015059552011,225,1,6,TERRANCE JOHNSON,PERSON,187,203
mdp.39015059552011,225,3,0,Blessed Assurance,WORK_OF_ART,68,85
mdp.39015059552011,225,3,1,modern day,DATE,90,100
mdp.39015059552011,225,4,0,Blessed Assurance,WORK_OF_ART,23,40
mdp.39015059552011,225,5,0,The Best of Everything,WORK_OF_ART,20,42
mdp.39015059552011,225,5,1,Hannah,PERSON,53,59
mdp.39015059552011,225,5,2,221,CARDINAL,105,108
mdp.39015059552011,226,2,0,Lust and Lies,WORK_OF_ART,0,13
mdp.39015059552011,226,2,1,Samson,PERSON,24,30
mdp.39015059552011,226,2,2,Delilah,PERSON,35,42
mdp.39015059552011,226,3,0,Traveling Mercies,WORK_OF_ART,0,17
mdp.39015059552011,226,3,1,the Good Samaritan,PERSON,43,61
mdp.39015059552011,226,4,0,Abraham,PERSON,21,28
mdp.39015059552011,226,4,1,Sarah,PERSON,33,38
mdp.39015059552011,226,5,0,A Sprig of Hope,WORK_OF_ART,0,15
mdp.39015059552011,226,5,1,Tamar,PERSON,26,31
mdp.39015059552011,226,6,0,Sword of the Lord,WORK_OF_ART,0,17
mdp.39015059552011,226,6,1,Jephthah,PERSON,28,36
mdp.39015059552011,226,7,0,1929642121,CARDINAL,6,16
mdp.39015059552011,226,7,1,$19.95 222,MONEY,49,59
mdp.39015059552011,227,2,0,MONIQUE J. ANDERSON,PERSON,0,19
mdp.39015059552011,227,3,0,that night,TIME,14,24
mdp.39015059552011,227,6,0,MONIQUE J. ANDERSON,PERSON,0,19
mdp.39015059552011,227,15,0,Mark,PERSON,16,20
mdp.39015059552011,227,16,0,223,CARDINAL,26,29
mdp.39015059552011,228,11,0,Mark,PERSON,4,8
mdp.39015059552011,228,12,0,Mark Hayes,PERSON,0,10
mdp.39015059552011,228,13,0,14.00,MONEY,87,92
mdp.39015059552011,232,0,0,MOCHA LOVE An ESSENCE BESTSELLER,WORK_OF_ART,1,33
mdp.39015059552011,232,0,1,National,ORG,43,51
mdp.39015059552011,232,0,2,"Chocolate Thoughts, Mocha Love and Blessed Assurance In Mocha Love",WORK_OF_ART,75,141
mdp.39015059552011,232,1,0,Mocha Love,WORK_OF_ART,16,26
mdp.39015059552011,232,8,0,Black,NORP,164,169
mdp.39015059552011,232,13,0,Mocha Love,WORK_OF_ART,1,11
mdp.39015059552011,232,14,0,-Victoria Christopher Murray,PERSON,0,28
mdp.39015059552011,232,14,1,Essence,ORG,30,37
mdp.39015059552011,232,14,2,Temptation and Joy,WORK_OF_ART,61,79
mdp.39015059552011,232,14,3,15.00,MONEY,86,91
