vol_id,page,sentence_id,ent_id,entity,entity_type,start_char,end_char
mdp.39015042004625,4,0,0,1,CARDINAL,0,1
mdp.39015042004625,8,0,0,SOLEDAD BROTHER,PERSON,19,34
mdp.39015042004625,8,0,1,George Jackson,PERSON,58,72
mdp.39015042004625,9,0,0,Blood in,PERSON,1,9
mdp.39015042004625,9,0,1,George L. Jackson,PERSON,17,34
mdp.39015042004625,9,0,2,JONATHAN CAPE,PERSON,35,48
mdp.39015042004625,9,0,3,LONDON,GPE,71,77
mdp.39015042004625,10,0,0,1972,DATE,15,19
mdp.39015042004625,10,0,1,First,ORDINAL,20,25
mdp.39015042004625,10,0,2,Great Britain,GPE,39,52
mdp.39015042004625,10,0,3,1972,DATE,53,57
mdp.39015042004625,10,0,4,1972,DATE,70,74
mdp.39015042004625,10,0,5,"Stronghold Consolidated Productions, Inc.",ORG,78,119
mdp.39015042004625,10,1,0,1972,DATE,20,24
mdp.39015042004625,10,1,1,Gregory Armstrong,PERSON,28,45
mdp.39015042004625,10,1,2,Jonathan Cape Ltd,ORG,46,63
mdp.39015042004625,10,1,3,London,GPE,84,90
mdp.39015042004625,10,1,4,0 224 00726,CARDINAL,100,111
mdp.39015042004625,10,2,0,The Black Panther Intercommunal News Service,ORG,101,145
mdp.39015042004625,10,2,1,"On Withdrawal""",WORK_OF_ART,152,166
mdp.39015042004625,10,2,2,Toward A United Front,WORK_OF_ART,172,193
mdp.39015042004625,10,2,3,George L. Jackson,PERSON,204,221
mdp.39015042004625,10,2,4,Huey P. Newton,PERSON,237,251
mdp.39015042004625,10,2,5,Black Panther Party,ORG,276,295
mdp.39015042004625,10,2,6,the Revolutionary Memorial Service for George Jackson,WORK_OF_ART,300,353
mdp.39015042004625,10,2,7,Huey P. Newton,PERSON,359,373
mdp.39015042004625,10,3,0,1971,DATE,12,16
mdp.39015042004625,10,3,1,Huey P. Newton,PERSON,20,34
mdp.39015042004625,10,4,0,George L. Jackson,PERSON,35,52
mdp.39015042004625,10,4,1,John Gerassi,PERSON,56,68
mdp.39015042004625,10,5,0,1971,DATE,10,14
mdp.39015042004625,10,5,1,Black Scholar,ORG,18,31
mdp.39015042004625,10,6,0,The World Publishing Company,ORG,0,28
mdp.39015042004625,10,7,0,Overview: The Future Is Revolution,WORK_OF_ART,19,53
mdp.39015042004625,10,7,1,John Gerassi,PERSON,58,70
mdp.39015042004625,10,7,2,The Coming of the New International: A Revolutionary Anthology,WORK_OF_ART,77,139
mdp.39015042004625,10,7,3,John Gerassi,PERSON,151,163
mdp.39015042004625,10,8,0,1971,DATE,12,16
mdp.39015042004625,10,8,1,John Gerassi,PERSON,20,32
mdp.39015042004625,10,9,0,Great Britain,GPE,11,24
mdp.39015042004625,10,9,1,Lowe and Brydone (Printers) Ltd,ORG,28,59
mdp.39015042004625,10,9,2,London,GPE,61,67
mdp.39015042004625,10,9,3,John Dickinson & Co. Ltd,ORG,86,110
mdp.39015042004625,10,9,4,G. and J. Kitcat Ltd,ORG,121,141
mdp.39015042004625,10,9,5,London,GPE,143,149
mdp.39015042004625,11,0,0,7814,CARDINAL,0,4
mdp.39015042004625,11,0,1,Communist,NORP,23,32
mdp.39015042004625,12,0,0,1,CARDINAL,0,1
mdp.39015042004625,12,0,1,1,CARDINAL,2,3
mdp.39015042004625,13,0,0,Mount Vernon,LOC,38,50
mdp.39015042004625,13,0,1,"August 7th, 1971",DATE,51,67
mdp.39015042004625,13,6,0,two,CARDINAL,52,55
mdp.39015042004625,15,1,0,George Jackson's,PERSON,23,39
mdp.39015042004625,15,1,1,Soledad Brother,WORK_OF_ART,40,55
mdp.39015042004625,15,1,2,Jean Genet,PERSON,57,67
mdp.39015042004625,15,3,0,barely a week,DATE,17,30
mdp.39015042004625,15,3,1,San Quentin,FAC,61,72
mdp.39015042004625,15,3,2,"August 21, 1971",DATE,76,91
mdp.39015042004625,15,4,0,the Adjustment Center,ORG,19,40
mdp.39015042004625,15,5,0,a few days,DATE,14,24
mdp.39015042004625,15,5,1,George,PERSON,41,47
mdp.39015042004625,16,2,0,one,CARDINAL,50,53
mdp.39015042004625,16,4,0,George,PERSON,0,6
mdp.39015042004625,16,4,1,Amerikan,NORP,31,39
mdp.39015042004625,16,4,2,fourteen,DATE,52,60
mdp.39015042004625,16,4,3,Chicago,GPE,85,92
mdp.39015042004625,16,6,0,age eighteen,DATE,3,15
mdp.39015042004625,16,6,1,70.00,MONEY,46,51
mdp.39015042004625,16,7,0,D.A.,ORG,59,63
mdp.39015042004625,16,7,1,George,PERSON,67,73
mdp.39015042004625,16,7,2,second,ORDINAL,87,93
mdp.39015042004625,16,8,0,George,PERSON,8,14
mdp.39015042004625,16,10,0,one year,DATE,47,55
mdp.39015042004625,16,13,0,first,ORDINAL,23,28
mdp.39015042004625,16,14,0,centuries,DATE,58,67
mdp.39015042004625,16,15,0,Soledad Brother: The Prison Letters of George Jackson,WORK_OF_ART,41,94
mdp.39015042004625,16,16,0,1,CARDINAL,0,1
mdp.39015042004625,17,0,0,PREFACE,PERSON,0,7
mdp.39015042004625,17,1,0,Marx,PERSON,6,10
mdp.39015042004625,17,1,1,Lenin,PERSON,12,17
mdp.39015042004625,17,1,2,Trotsky,PERSON,19,26
mdp.39015042004625,17,1,3,Engels,PERSON,28,34
mdp.39015042004625,17,1,4,Mao,PERSON,40,43
mdp.39015042004625,17,2,0,the first four years,DATE,4,24
mdp.39015042004625,17,3,0,"George ""Big Jake"" Lewis",PERSON,28,51
mdp.39015042004625,17,3,1,James Carr,PERSON,57,67
mdp.39015042004625,17,3,2,W.C. Nolen,PERSON,69,79
mdp.39015042004625,17,3,3,Bill Christmas,PERSON,81,95
mdp.39015042004625,17,3,4,Tony Gibson,PERSON,97,108
mdp.39015042004625,17,6,0,Marx,PERSON,66,70
mdp.39015042004625,17,6,1,Fanon,PERSON,72,77
mdp.39015042004625,17,6,2,Mao,PERSON,82,85
mdp.39015042004625,17,9,0,Marx,PERSON,23,27
mdp.39015042004625,17,11,0,one,CARDINAL,230,233
mdp.39015042004625,17,14,0,George,PERSON,14,20
mdp.39015042004625,17,14,1,11,CARDINAL,54,56
mdp.39015042004625,18,3,0,George,PERSON,0,6
mdp.39015042004625,18,6,0,over seven years,DATE,76,92
mdp.39015042004625,18,6,1,Soledad,PERSON,174,181
mdp.39015042004625,18,11,0,6,CARDINAL,97,98
mdp.39015042004625,18,11,1,8,CARDINAL,102,103
mdp.39015042004625,19,2,0,one,CARDINAL,47,50
mdp.39015042004625,19,8,0,twenty-four hours,TIME,77,94
mdp.39015042004625,19,10,0,George,PERSON,31,37
mdp.39015042004625,19,11,0,Marxian,NORP,52,59
mdp.39015042004625,19,12,0,days,DATE,19,23
mdp.39015042004625,20,2,0,night,TIME,19,24
mdp.39015042004625,20,3,0,George,PERSON,44,50
mdp.39015042004625,20,3,1,Marxian,NORP,140,147
mdp.39015042004625,20,6,0,Jackson,PERSON,44,51
mdp.39015042004625,20,8,0,twenty,CARDINAL,37,43
mdp.39015042004625,20,11,0,the years,DATE,50,59
mdp.39015042004625,20,11,1,a whole decade,DATE,78,92
mdp.39015042004625,20,13,0,"January 13, 1970",DATE,3,19
mdp.39015042004625,20,13,1,Soledad Prison,FAC,84,98
mdp.39015042004625,20,14,0,Eight,CARDINAL,0,5
mdp.39015042004625,20,14,1,seven,CARDINAL,17,22
mdp.39015042004625,20,17,0,14,CARDINAL,0,2
mdp.39015042004625,21,1,0,four,CARDINAL,9,13
mdp.39015042004625,21,1,1,three,CARDINAL,24,29
mdp.39015042004625,21,2,0,One,CARDINAL,0,3
mdp.39015042004625,21,3,0,one,CARDINAL,27,30
mdp.39015042004625,21,4,0,Three days later,DATE,0,16
mdp.39015042004625,21,4,1,the Monterey County Grand Jury,ORG,17,47
mdp.39015042004625,21,5,0,Less than half an hour,TIME,0,22
mdp.39015042004625,21,7,0,February 28,DATE,3,14
mdp.39015042004625,21,7,1,Fleeta Drumgo,PERSON,16,29
mdp.39015042004625,21,7,2,John Clutchette,PERSON,31,46
mdp.39015042004625,21,7,3,George Jackson,PERSON,52,66
mdp.39015042004625,21,8,0,George,PERSON,31,37
mdp.39015042004625,21,10,0,George,PERSON,5,11
mdp.39015042004625,21,10,1,Jonathan,PERSON,79,87
mdp.39015042004625,21,11,0,George,PERSON,0,6
mdp.39015042004625,21,11,1,Jonathan,PERSON,11,19
mdp.39015042004625,21,12,0,Jonathan,PERSON,72,80
mdp.39015042004625,21,13,0,the age of sixteen,DATE,3,21
mdp.39015042004625,21,13,1,Jonathan,PERSON,22,30
mdp.39015042004625,21,14,0,George,PERSON,24,30
mdp.39015042004625,21,14,1,Jonathan,PERSON,53,61
mdp.39015042004625,21,15,0,George,PERSON,6,12
mdp.39015042004625,21,15,1,the 16th of JanuB 15,DATE,55,75
mdp.39015042004625,22,0,0,Jonathan,PERSON,13,21
mdp.39015042004625,22,0,1,Amerikan,NORP,54,62
mdp.39015042004625,22,1,0,Jonathan,PERSON,0,8
mdp.39015042004625,22,4,0,but one,CARDINAL,7,14
mdp.39015042004625,22,5,0,"August 7, 1971",DATE,3,17
mdp.39015042004625,22,5,1,Jonathan Jackson,PERSON,19,35
mdp.39015042004625,22,5,2,San Rafael,GPE,59,69
mdp.39015042004625,22,5,3,California,GPE,71,81
mdp.39015042004625,22,5,4,three,CARDINAL,105,110
mdp.39015042004625,22,5,5,one,CARDINAL,127,130
mdp.39015042004625,22,6,0,five,CARDINAL,31,35
mdp.39015042004625,22,7,0,a few minutes later,TIME,8,27
mdp.39015042004625,22,9,0,seventeen,DATE,3,12
mdp.39015042004625,22,9,1,Jonathan,PERSON,14,22
mdp.39015042004625,22,10,0,Amerika,LOC,26,33
mdp.39015042004625,23,0,0,PREFACE,PERSON,0,7
mdp.39015042004625,23,5,0,Jonathan,PERSON,0,8
mdp.39015042004625,23,7,0,George,PERSON,17,23
mdp.39015042004625,23,7,1,one,CARDINAL,58,61
mdp.39015042004625,23,9,0,Jonathan,PERSON,8,16
mdp.39015042004625,23,11,0,three days after,DATE,21,37
mdp.39015042004625,23,12,0,first,ORDINAL,10,15
mdp.39015042004625,23,16,0,Che Guevara,PERSON,36,47
mdp.39015042004625,23,17,0,George Jackson's,PERSON,0,16
mdp.39015042004625,23,17,1,Blood in My Eye,WORK_OF_ART,28,43
mdp.39015042004625,23,17,2,George Jackson,PERSON,98,112
mdp.39015042004625,23,17,3,Jonathan,PERSON,130,138
mdp.39015042004625,23,20,0,George,PERSON,21,27
mdp.39015042004625,23,21,0,San Quentin,FAC,50,61
mdp.39015042004625,23,21,1,a thousand,CARDINAL,62,72
mdp.39015042004625,23,21,2,ten years 17,DATE,81,93
mdp.39015042004625,24,2,0,George,PERSON,77,83
mdp.39015042004625,24,3,0,thousands,CARDINAL,7,16
mdp.39015042004625,24,4,0,twenty-three and a half hours,TIME,95,124
mdp.39015042004625,24,5,0,George,PERSON,46,52
mdp.39015042004625,24,11,0,George Jackson,PERSON,0,14
mdp.39015042004625,24,11,1,San Quentin,FAC,42,53
mdp.39015042004625,25,0,0,"August 21, 1971",DATE,11,26
mdp.39015042004625,25,3,0,-Gregory Armstrong,PERSON,0,18
mdp.39015042004625,25,3,1,"October 15, 1971",DATE,19,35
mdp.39015042004625,25,4,0,the San Quentin Adjustment Center,ORG,38,71
mdp.39015042004625,26,0,0,1,CARDINAL,0,1
mdp.39015042004625,27,0,0,Blood in My Eye,WORK_OF_ART,0,15
mdp.39015042004625,27,0,1,U.S.A.,GPE,63,69
mdp.39015042004625,29,0,0,"March 28, 1971",DATE,16,30
mdp.39015042004625,29,3,0,Africa,LOC,120,126
mdp.39015042004625,29,6,0,every day,DATE,24,33
mdp.39015042004625,29,11,0,Nechayev,PERSON,36,44
mdp.39015042004625,29,11,1,first,ORDINAL,163,168
mdp.39015042004625,29,14,0,Nechayev,PERSON,1,9
mdp.39015042004625,29,14,1,Russian,NORP,20,27
mdp.39015042004625,29,15,0,Zero: The Story of Terrorism,WORK_OF_ART,30,58
mdp.39015042004625,29,15,1,Robert Payne.-Ed,PERSON,63,79
mdp.39015042004625,29,15,2,23,CARDINAL,81,83
mdp.39015042004625,30,0,0,GEORGE JACKSON,PERSON,0,14
mdp.39015042004625,30,2,0,Wallace,PERSON,40,47
mdp.39015042004625,30,2,1,Maddox,PERSON,49,55
mdp.39015042004625,30,2,2,Hearst,PERSON,57,63
mdp.39015042004625,30,2,3,Hunt,PERSON,68,72
mdp.39015042004625,30,2,4,Lomax,PERSON,103,108
mdp.39015042004625,30,2,5,Young,PERSON,110,115
mdp.39015042004625,30,2,6,Bunche,PERSON,117,123
mdp.39015042004625,30,3,0,Lomax,PERSON,13,18
mdp.39015042004625,30,3,1,Africa,LOC,57,63
mdp.39015042004625,30,3,2,Anglo-Saxon,NORP,73,84
mdp.39015042004625,30,4,0,L. Lomax,PERSON,13,21
mdp.39015042004625,30,5,0,The Reluctant African,WORK_OF_ART,13,34
mdp.39015042004625,30,9,0,East African,NORP,115,127
mdp.39015042004625,30,9,1,East African,NORP,193,205
mdp.39015042004625,30,10,0,African,NORP,21,28
mdp.39015042004625,30,10,1,today,DATE,39,44
mdp.39015042004625,30,12,0,African,NORP,30,37
mdp.39015042004625,30,12,1,Hoover,PERSON,84,90
mdp.39015042004625,30,13,0,Africanized,NORP,65,76
mdp.39015042004625,30,14,0,Congo,GPE,4,9
mdp.39015042004625,30,14,1,West Coast of,LOC,25,38
mdp.39015042004625,30,14,2,Guinea,GPE,56,62
mdp.39015042004625,30,14,3,Mauritania,GPE,67,77
mdp.39015042004625,30,15,0,Jess B. Simples,PERSON,31,46
mdp.39015042004625,30,16,0,Langston Hughes,PERSON,80,95
mdp.39015042004625,30,17,0,24,CARDINAL,2,4
mdp.39015042004625,31,1,0,a few inches,QUANTITY,61,73
mdp.39015042004625,31,4,0,Anglo-Saxon,NORP,69,80
mdp.39015042004625,31,4,1,Black Panthers,NORP,142,156
mdp.39015042004625,31,4,2,Kwame Nkrumah,PERSON,158,171
mdp.39015042004625,31,4,3,Sékou Touré,PERSON,173,184
mdp.39015042004625,31,4,4,Nyerere,PERSON,186,193
mdp.39015042004625,31,4,5,Odinga,PERSON,198,204
mdp.39015042004625,31,4,6,Kenyatta,PERSON,216,224
mdp.39015042004625,31,4,7,Lumumba,PERSON,226,233
mdp.39015042004625,31,4,8,Ethiopia,GPE,265,273
mdp.39015042004625,31,4,9,Peking,GPE,279,285
mdp.39015042004625,31,4,10,Atlanta,GPE,297,304
mdp.39015042004625,31,4,11,Freetown,GPE,308,316
mdp.39015042004625,31,7,0,Africa,LOC,79,85
mdp.39015042004625,31,9,0,only two,CARDINAL,90,98
mdp.39015042004625,31,13,0,25,CARDINAL,45,47
mdp.39015042004625,32,0,0,GEORGE JACKSON,PERSON,0,14
mdp.39015042004625,32,0,1,Africa,LOC,40,46
mdp.39015042004625,32,0,2,first,ORDINAL,69,74
mdp.39015042004625,32,1,0,Ali,PERSON,77,80
mdp.39015042004625,32,3,0,U.S.,GPE,151,155
mdp.39015042004625,32,6,0,today,DATE,18,23
mdp.39015042004625,32,13,0,today,DATE,90,95
mdp.39015042004625,32,14,0,26,CARDINAL,52,54
mdp.39015042004625,33,7,0,today,DATE,50,55
mdp.39015042004625,33,7,1,tomorrow,DATE,68,76
mdp.39015042004625,33,8,0,yesterday,DATE,48,57
mdp.39015042004625,33,8,1,today,DATE,70,75
mdp.39015042004625,33,12,0,27,CARDINAL,134,136
mdp.39015042004625,34,0,0,GEORGE JACKSON,PERSON,0,14
mdp.39015042004625,34,6,0,the 1 percent,PERCENT,3,16
mdp.39015042004625,34,8,0,Lenin,PERSON,0,5
mdp.39015042004625,34,8,1,One,CARDINAL,45,48
mdp.39015042004625,34,12,0,John Gerassi,PERSON,1,13
mdp.39015042004625,34,12,1,The Coming of the New International,WORK_OF_ART,15,50
mdp.39015042004625,34,12,2,New York,GPE,52,60
mdp.39015042004625,34,12,3,World Publishing,ORG,62,78
mdp.39015042004625,34,12,4,1970,DATE,80,84
mdp.39015042004625,34,12,5,40,CARDINAL,90,92
mdp.39015042004625,34,12,6,28,CARDINAL,94,96
mdp.39015042004625,35,1,0,the 1 percent,PERCENT,62,75
mdp.39015042004625,35,1,1,the remaining 99 percent,PERCENT,134,158
mdp.39015042004625,35,2,0,the 1 percent,PERCENT,3,16
mdp.39015042004625,35,2,1,another 1 percent,PERCENT,41,58
mdp.39015042004625,35,5,0,the Brown Colony,ORG,37,53
mdp.39015042004625,35,5,1,the entire 99 percent,PERCENT,64,85
mdp.39015042004625,35,7,0,the Fourth Reich,ORG,57,73
mdp.39015042004625,35,7,1,California,GPE,99,109
mdp.39015042004625,35,7,2,One-third,CARDINAL,141,150
mdp.39015042004625,35,15,0,Amerika,LOC,44,51
mdp.39015042004625,35,15,1,29,CARDINAL,75,77
mdp.39015042004625,36,0,0,GEORGE JACKSON,PERSON,0,14
mdp.39015042004625,36,1,0,tomorrow,DATE,146,154
mdp.39015042004625,36,4,0,Amerika,LOC,54,61
mdp.39015042004625,36,4,1,the Black Colony,LOC,82,98
mdp.39015042004625,36,6,0,Thirty percent,PERCENT,0,14
mdp.39015042004625,36,7,0,Close to 40 percent,PERCENT,0,19
mdp.39015042004625,36,10,0,The Black Colony,ORG,0,16
mdp.39015042004625,36,10,1,U.S.A.,GPE,74,80
mdp.39015042004625,36,12,0,30,CARDINAL,50,52
mdp.39015042004625,37,1,0,the Amerikan Communist Party,ORG,80,108
mdp.39015042004625,37,1,1,Yankee,NORP,234,240
mdp.39015042004625,37,2,0,the Communist Party,ORG,18,37
mdp.39015042004625,37,3,0,Jonathan,PERSON,11,19
mdp.39015042004625,37,3,1,June of 1969,DATE,74,86
mdp.39015042004625,37,12,0,31,CARDINAL,2,4
mdp.39015042004625,38,0,0,GEORGE JACKSON,PERSON,0,14
mdp.39015042004625,38,4,0,U.S.,GPE,19,23
mdp.39015042004625,38,5,0,Huey,PERSON,5,9
mdp.39015042004625,38,5,1,Jonathan,PERSON,14,22
mdp.39015042004625,38,6,0,Jonathan,PERSON,0,8
mdp.39015042004625,38,8,0,the decades,DATE,28,39
mdp.39015042004625,39,2,0,Guerrilla Warfare,WORK_OF_ART,7,24
mdp.39015042004625,39,2,1,Lenin,PERSON,25,30
mdp.39015042004625,39,7,0,John Gerassi,PERSON,16,28
mdp.39015042004625,39,8,0,ten or fifteen generations,DATE,6,32
mdp.39015042004625,39,8,1,a hundred and forty years,DATE,75,100
mdp.39015042004625,39,10,0,Lenin,PERSON,63,68
mdp.39015042004625,39,10,1,Guerrilla Warfare,WORK_OF_ART,70,87
mdp.39015042004625,39,11,0,42,CARDINAL,23,25
mdp.39015042004625,39,11,1,33,CARDINAL,27,29
mdp.39015042004625,40,0,0,GEORGE JACKSON,PERSON,0,14
mdp.39015042004625,40,7,0,Marx,PERSON,16,20
mdp.39015042004625,40,7,1,Lenin,PERSON,25,30
mdp.39015042004625,40,14,0,Mao,PERSON,12,15
mdp.39015042004625,41,4,0,Yankee,NORP,10,16
mdp.39015042004625,41,9,0,the vanguard party,ORG,25,43
mdp.39015042004625,41,14,0,Lenin,PERSON,214,219
mdp.39015042004625,41,14,1,35,CARDINAL,237,239
mdp.39015042004625,42,0,0,GEORGE JACKSON,PERSON,0,14
mdp.39015042004625,42,8,0,decades,DATE,70,77
mdp.39015042004625,42,10,0,the 1930s,DATE,59,68
mdp.39015042004625,42,12,0,that decade,DATE,67,78
mdp.39015042004625,42,14,0,Yankee,NORP,149,155
mdp.39015042004625,42,15,0,Indochina,GPE,22,31
mdp.39015042004625,42,15,1,one,CARDINAL,56,59
mdp.39015042004625,42,15,2,dozens,CARDINAL,63,69
mdp.39015042004625,43,0,0,U.S.,GPE,52,56
mdp.39015042004625,43,2,0,Jonathan Jackson,PERSON,31,47
mdp.39015042004625,43,2,1,November of 1969,DATE,51,67
mdp.39015042004625,43,2,2,Fred Hampton's,PERSON,80,94
mdp.39015042004625,43,2,3,Mark Clark's,PERSON,99,111
mdp.39015042004625,43,2,4,Chicago,GPE,123,130
mdp.39015042004625,43,2,5,Central Avenue,FAC,156,170
mdp.39015042004625,43,2,6,Panther,ORG,171,178
mdp.39015042004625,43,2,7,Los Angeles,GPE,195,206
mdp.39015042004625,43,3,0,twenty,CARDINAL,10,16
mdp.39015042004625,43,10,0,9 mm,QUANTITY,4,8
mdp.39015042004625,43,10,1,Browning,PERSON,9,17
mdp.39015042004625,43,10,2,2 pounds,QUANTITY,40,48
mdp.39015042004625,43,11,0,Black Panther Party,ORG,16,35
mdp.39015042004625,43,11,1,Chicago,GPE,72,79
mdp.39015042004625,43,12,0,Hampton,PERSON,0,7
mdp.39015042004625,43,12,1,Illinois,GPE,32,40
mdp.39015042004625,43,13,0,Ramsey Clark,PERSON,65,77
mdp.39015042004625,43,14,0,Hampton,PERSON,23,30
mdp.39015042004625,43,15,0,Central,FAC,17,24
mdp.39015042004625,43,15,1,Los Angeles,GPE,64,75
mdp.39015042004625,43,15,2,Panther,ORG,76,83
mdp.39015042004625,43,16,0,Panthers,ORG,4,12
mdp.39015042004625,43,16,1,five hours,TIME,36,46
mdp.39015042004625,43,16,2,37,CARDINAL,125,127
mdp.39015042004625,44,0,0,GEORGE JACKSON,PERSON,0,14
mdp.39015042004625,44,1,0,13,CARDINAL,9,11
mdp.39015042004625,44,1,1,one,CARDINAL,31,34
mdp.39015042004625,44,1,2,14,CARDINAL,50,52
mdp.39015042004625,44,2,0,14,CARDINAL,53,55
mdp.39015042004625,44,2,1,any day,DATE,71,78
mdp.39015042004625,44,3,0,just a few moments,TIME,61,79
mdp.39015042004625,44,5,0,Black,NORP,72,77
mdp.39015042004625,44,7,0,two,CARDINAL,10,13
mdp.39015042004625,44,7,1,Central,LOC,67,74
mdp.39015042004625,44,8,0,six to seven,CARDINAL,15,27
mdp.39015042004625,44,9,0,50th Street,FAC,30,41
mdp.39015042004625,44,9,1,51st Street,FAC,59,70
mdp.39015042004625,44,15,0,.38,PRODUCT,70,73
mdp.39015042004625,44,15,1,.38,PRODUCT,133,136
mdp.39015042004625,44,15,2,10,CARDINAL,145,147
mdp.39015042004625,44,16,0,two,CARDINAL,189,192
mdp.39015042004625,44,16,1,one,CARDINAL,211,214
mdp.39015042004625,44,16,2,M60,PRODUCT,232,235
mdp.39015042004625,44,16,3,38,PRODUCT,253,255
mdp.39015042004625,45,2,0,10,CARDINAL,8,10
mdp.39015042004625,45,7,0,five blocks,QUANTITY,88,99
mdp.39015042004625,45,13,0,the day,DATE,4,11
mdp.39015042004625,45,15,0,Jonathan,PERSON,0,8
mdp.39015042004625,45,15,1,sixteen years old,DATE,13,30
mdp.39015042004625,45,20,0,Fanon,PERSON,19,24
mdp.39015042004625,45,21,0,Chicago,GPE,37,44
mdp.39015042004625,45,21,1,Hampton,PERSON,56,63
mdp.39015042004625,45,21,2,Clark,PERSON,68,73
mdp.39015042004625,45,21,3,five-hour,TIME,82,91
mdp.39015042004625,45,21,4,Black Panther,ORG,101,114
mdp.39015042004625,45,21,5,Los Angeles,GPE,131,142
mdp.39015042004625,45,21,6,Amerikan,NORP,167,175
mdp.39015042004625,45,21,7,39,CARDINAL,265,267
mdp.39015042004625,46,0,0,GEORGE JACKSON,PERSON,0,14
mdp.39015042004625,46,2,0,the Black Panther Party,ORG,163,186
mdp.39015042004625,46,4,0,One,CARDINAL,0,3
mdp.39015042004625,46,5,0,Mao,PERSON,156,159
mdp.39015042004625,46,5,1,30 miles,QUANTITY,225,233
mdp.39015042004625,46,5,2,a few moments,TIME,289,302
mdp.39015042004625,46,6,0,the People's Bazaars,ORG,114,134
mdp.39015042004625,46,6,1,the People's Bazaar,ORG,429,448
mdp.39015042004625,46,8,0,M60,PRODUCT,82,85
mdp.39015042004625,46,8,1,M16,PRODUCT,91,94
mdp.39015042004625,46,9,0,one,CARDINAL,9,12
mdp.39015042004625,46,9,1,1½ inches,QUANTITY,83,92
mdp.39015042004625,46,9,2,220,CARDINAL,105,108
mdp.39015042004625,46,9,3,.45,PRODUCT,133,136
mdp.39015042004625,46,9,4,2 inches to 3 inches,QUANTITY,154,174
mdp.39015042004625,46,9,5,M60,PRODUCT,270,273
mdp.39015042004625,47,0,0,Yankee,NORP,133,139
mdp.39015042004625,47,3,0,One,CARDINAL,0,3
mdp.39015042004625,47,5,0,one,CARDINAL,27,30
mdp.39015042004625,47,5,1,12,CARDINAL,110,112
mdp.39015042004625,47,6,0,Cong,NORP,25,29
mdp.39015042004625,47,6,1,a couple dozen,CARDINAL,41,55
mdp.39015042004625,47,6,2,Yankee,ORG,94,100
mdp.39015042004625,47,6,3,every week,DATE,123,133
mdp.39015042004625,47,8,0,One,CARDINAL,0,3
mdp.39015042004625,47,8,1,one,CARDINAL,12,15
mdp.39015042004625,47,8,2,.30 caliber,QUANTITY,41,52
mdp.39015042004625,47,8,3,"200,000",MONEY,172,179
mdp.39015042004625,47,8,4,Yankee,ORG,189,195
mdp.39015042004625,47,10,0,41,CARDINAL,55,57
mdp.39015042004625,48,0,0,GEORGE JACKSON,PERSON,0,14
mdp.39015042004625,48,0,1,the Panther Party,ORG,15,32
mdp.39015042004625,48,1,0,"200,000",MONEY,166,173
mdp.39015042004625,48,3,0,Panther,ORG,14,21
mdp.39015042004625,48,5,0,Jonathan,PERSON,0,8
mdp.39015042004625,48,5,1,sixteen years old,DATE,13,30
mdp.39015042004625,49,5,0,"December 4, 1969,",DATE,19,36
mdp.39015042004625,49,5,1,Panther Party,ORG,58,71
mdp.39015042004625,49,5,2,Los Angeles,GPE,72,83
mdp.39015042004625,49,5,3,Jonathan,PERSON,98,106
mdp.39015042004625,49,8,0,midnight,TIME,15,23
mdp.39015042004625,49,8,1,dawn,TIME,27,31
mdp.39015042004625,49,8,2,Vietnamese,NORP,165,175
mdp.39015042004625,49,8,3,Liberators,NORP,176,186
mdp.39015042004625,49,12,0,Blacks,NORP,10,16
mdp.39015042004625,49,13,0,43,CARDINAL,281,283
mdp.39015042004625,50,0,0,GEORGE JACKSON,PERSON,0,14
mdp.39015042004625,50,0,1,Amerikkka,LOC,144,153
mdp.39015042004625,50,1,0,the Black Colony,LOC,65,81
mdp.39015042004625,50,2,0,Los Angeles,GPE,5,16
mdp.39015042004625,50,3,0,Watts,LOC,0,5
mdp.39015042004625,50,5,0,30 to 40 percent,PERCENT,49,65
mdp.39015042004625,50,5,1,1 percent,PERCENT,91,100
mdp.39015042004625,50,5,2,10 years ago,DATE,226,238
mdp.39015042004625,50,5,3,1864-65,DATE,250,257
mdp.39015042004625,50,12,0,44,CARDINAL,50,52
mdp.39015042004625,51,3,0,firstly,ORDINAL,241,248
mdp.39015042004625,51,4,0,secondly,ORDINAL,2,10
mdp.39015042004625,51,5,0,One,CARDINAL,0,3
mdp.39015042004625,51,7,0,Jon Lenin,PERSON,0,9
mdp.39015042004625,51,7,1,Guevara,PERSON,11,18
mdp.39015042004625,51,7,2,Fanon,PERSON,23,28
mdp.39015042004625,51,9,0,Years and years ago,DATE,0,19
mdp.39015042004625,52,0,0,GEORGE JACKSON,PERSON,0,14
mdp.39015042004625,52,2,0,Pershing Square,FAC,97,112
mdp.39015042004625,52,2,1,years ago,DATE,117,126
mdp.39015042004625,52,2,2,the Campus Hall,FAC,131,146
mdp.39015042004625,52,3,0,Today,DATE,0,5
mdp.39015042004625,52,4,0,forty years,DATE,6,17
mdp.39015042004625,52,5,0,Years ago,DATE,0,9
mdp.39015042004625,52,13,0,decades,DATE,71,78
mdp.39015042004625,53,7,0,The Wretched of the Earth,WORK_OF_ART,135,160
mdp.39015042004625,53,8,0,47,CARDINAL,0,2
mdp.39015042004625,54,0,0,GEORGE JACKSON,PERSON,0,14
mdp.39015042004625,54,0,1,two,CARDINAL,193,196
mdp.39015042004625,54,2,0,more than one,CARDINAL,6,19
mdp.39015042004625,54,10,0,U.S.-the,GPE,19,27
mdp.39015042004625,54,10,1,two-hundred-yearold,DATE,146,165
mdp.39015042004625,54,11,0,George Wallace,PERSON,0,14
mdp.39015042004625,54,11,1,Adolf Hitler,PERSON,18,30
mdp.39015042004625,54,11,2,Huey Newton,PERSON,89,100
mdp.39015042004625,54,11,3,Tom Hayden,PERSON,105,115
mdp.39015042004625,54,13,0,48,CARDINAL,0,2
mdp.39015042004625,55,6,0,fascists,NORP,4,12
mdp.39015042004625,55,17,0,49,CARDINAL,27,29
mdp.39015042004625,56,0,0,GEORGE JACKSON,PERSON,0,14
mdp.39015042004625,56,10,0,the Cuban Revolution,EVENT,29,49
mdp.39015042004625,56,11,0,Regis Debray,PERSON,1,13
mdp.39015042004625,56,11,1,Revolution in the Revolution,WORK_OF_ART,15,43
mdp.39015042004625,56,11,2,Armed Struggle and Political Struggle in Latin America,WORK_OF_ART,45,99
mdp.39015042004625,56,11,3,New York,GPE,101,109
mdp.39015042004625,56,11,4,Monthly Review Press,ORG,111,131
mdp.39015042004625,56,11,5,1967,DATE,133,137
mdp.39015042004625,56,11,6,24,CARDINAL,143,145
mdp.39015042004625,56,12,0,50,CARDINAL,0,2
mdp.39015042004625,57,1,0,Fidel,PERSON,25,30
mdp.39015042004625,57,1,1,Cuba,GPE,73,77
mdp.39015042004625,57,2,0,Fidel,PERSON,36,41
mdp.39015042004625,57,4,0,forty years,DATE,121,132
mdp.39015042004625,57,5,0,Bejar,PERSON,17,22
mdp.39015042004625,57,6,0,Bejar,PERSON,0,5
mdp.39015042004625,57,6,1,New Left,NORP,11,19
mdp.39015042004625,57,9,0,Gerassi,PERSON,1,8
mdp.39015042004625,57,9,1,69,CARDINAL,23,25
mdp.39015042004625,57,9,2,51,CARDINAL,27,29
mdp.39015042004625,58,0,0,GEORGE JACKSON,PERSON,0,14
mdp.39015042004625,58,5,0,Mao,PERSON,21,24
mdp.39015042004625,58,8,0,Europe,LOC,65,71
mdp.39015042004625,58,8,1,Hitler,PERSON,87,93
mdp.39015042004625,58,8,2,Germany,GPE,96,103
mdp.39015042004625,58,8,3,Italy,GPE,108,113
mdp.39015042004625,58,8,4,twenties,DATE,121,129
mdp.39015042004625,58,8,5,thirties,DATE,134,142
mdp.39015042004625,58,10,0,European,NORP,55,63
mdp.39015042004625,58,10,1,thirty million,CARDINAL,78,92
mdp.39015042004625,58,12,0,one,CARDINAL,83,86
mdp.39015042004625,58,13,0,thousands,CARDINAL,15,24
mdp.39015042004625,58,14,0,one,CARDINAL,24,27
mdp.39015042004625,58,16,0,four hundred yards,QUANTITY,109,127
mdp.39015042004625,58,18,0,all day,DATE,22,29
mdp.39015042004625,58,20,0,52,CARDINAL,2,4
mdp.39015042004625,59,20,0,53,CARDINAL,4,6
mdp.39015042004625,60,0,0,GEORGE JACKSON Black Legion,PERSON,0,27
mdp.39015042004625,60,6,0,Amerika,LOC,36,43
mdp.39015042004625,60,9,0,Amerika,LOC,22,29
mdp.39015042004625,60,10,0,Vietnamese,NORP,55,65
mdp.39015042004625,60,10,1,Vietnam,GPE,104,111
mdp.39015042004625,60,16,0,the thirties,DATE,172,184
mdp.39015042004625,60,16,1,54,CARDINAL,249,251
mdp.39015042004625,61,1,0,The Coming of the New International,WORK_OF_ART,3,38
mdp.39015042004625,61,1,1,John Gerassi,PERSON,40,52
mdp.39015042004625,61,1,2,Lenin,PERSON,88,93
mdp.39015042004625,61,1,3,Europe,LOC,154,160
mdp.39015042004625,61,2,0,its formative years,DATE,200,219
mdp.39015042004625,61,3,0,Lenin,PERSON,4,9
mdp.39015042004625,61,4,0,One,CARDINAL,0,3
mdp.39015042004625,61,4,1,Jonathan,PERSON,7,15
mdp.39015042004625,61,5,0,Gloves Davis,PERSON,9,21
mdp.39015042004625,61,5,1,Fred Hampton,PERSON,41,53
mdp.39015042004625,61,10,0,Gerassi,PERSON,0,7
mdp.39015042004625,61,10,1,44,CARDINAL,22,24
mdp.39015042004625,61,12,0,†V. I. Lenin,PERSON,0,12
mdp.39015042004625,62,0,0,GEORGE JACKSON,PERSON,0,14
mdp.39015042004625,62,2,0,Davis,PERSON,75,80
mdp.39015042004625,62,2,1,Jess B. Simple,PERSON,82,96
mdp.39015042004625,62,2,2,Karenga,PERSON,98,105
mdp.39015042004625,62,3,0,Karenga,PERSON,17,24
mdp.39015042004625,62,3,1,LeRoi Jones,PERSON,26,37
mdp.39015042004625,62,7,0,Ho Chi Minh,PERSON,15,26
mdp.39015042004625,62,7,1,Mao,PERSON,51,54
mdp.39015042004625,62,7,2,Nkrumah,PERSON,59,66
mdp.39015042004625,62,7,3,Lumumba,PERSON,68,75
mdp.39015042004625,62,7,4,Touré,PERSON,81,86
mdp.39015042004625,62,8,0,one,CARDINAL,31,34
mdp.39015042004625,62,10,0,Black,NORP,6,11
mdp.39015042004625,62,10,1,Black,NORP,13,18
mdp.39015042004625,62,10,2,Black,NORP,20,25
mdp.39015042004625,62,12,0,*Ron Karenga,PERSON,28,40
mdp.39015042004625,62,12,1,U.S.-Ed. 56,ORG,92,103
mdp.39015042004625,63,0,0,African,NORP,36,43
mdp.39015042004625,63,3,0,Tom Mboya,PERSON,5,14
mdp.39015042004625,63,8,0,Gloves Davis,PERSON,24,36
mdp.39015042004625,63,8,1,Chicago,GPE,63,70
mdp.39015042004625,63,11,0,1,CARDINAL,119,120
mdp.39015042004625,63,13,0,2,CARDINAL,0,1
mdp.39015042004625,64,0,0,GEORGE JACKSON,PERSON,0,14
mdp.39015042004625,64,1,0,Blacks,NORP,49,55
mdp.39015042004625,64,3,0,these days,DATE,74,84
mdp.39015042004625,64,9,0,Marx,PERSON,69,73
mdp.39015042004625,64,9,1,Mao,PERSON,75,78
mdp.39015042004625,64,9,2,Lenin,PERSON,80,85
mdp.39015042004625,64,9,3,Fanon,PERSON,87,92
mdp.39015042004625,64,11,0,the Post Office,ORG,17,32
mdp.39015042004625,64,14,0,Gestapo,ORG,39,46
mdp.39015042004625,65,1,0,the years,DATE,47,56
mdp.39015042004625,65,2,0,Blacks,NORP,4,10
mdp.39015042004625,65,4,0,Vietnam,GPE,5,12
mdp.39015042004625,65,6,0,U.S.,GPE,163,167
mdp.39015042004625,65,9,0,Ho Chi Minh,PERSON,0,11
mdp.39015042004625,65,9,1,Ky,PERSON,16,18
mdp.39015042004625,65,12,0,the Black Colony,ORG,138,154
mdp.39015042004625,65,13,0,Panther,ORG,19,26
mdp.39015042004625,65,14,0,Blacks,NORP,0,6
mdp.39015042004625,65,14,1,one million,CARDINAL,114,125
mdp.39015042004625,66,0,0,GEORGE JACKSON,PERSON,0,14
mdp.39015042004625,66,3,0,Bobby,PERSON,18,23
mdp.39015042004625,66,3,1,Seize the Time,WORK_OF_ART,26,40
mdp.39015042004625,66,10,0,Marx,PERSON,34,38
mdp.39015042004625,66,10,1,Engels,PERSON,43,49
mdp.39015042004625,66,11,0,Fanon,PERSON,5,10
mdp.39015042004625,66,12,0,Jon,PERSON,0,3
mdp.39015042004625,66,16,0,60,CARDINAL,0,2
mdp.39015042004625,67,4,0,one,CARDINAL,189,192
mdp.39015042004625,67,4,1,a thousand,CARDINAL,215,225
mdp.39015042004625,67,5,0,People's War,ORG,0,12
mdp.39015042004625,67,8,0,People's War,ORG,0,12
mdp.39015042004625,67,10,0,day,DATE,28,31
mdp.39015042004625,67,11,0,days,DATE,92,96
mdp.39015042004625,67,13,0,first,ORDINAL,57,62
mdp.39015042004625,67,14,0,61,CARDINAL,33,35
mdp.39015042004625,68,0,0,GEORGE JACKSON,PERSON,0,14
mdp.39015042004625,68,2,0,Jonathans,NORP,9,18
mdp.39015042004625,68,2,1,Chicago,GPE,140,147
mdp.39015042004625,68,2,2,St. Louis,GPE,149,158
mdp.39015042004625,68,2,3,Los Angeles,GPE,160,171
mdp.39015042004625,68,2,4,San Francisco,GPE,173,186
mdp.39015042004625,68,6,0,first,ORDINAL,17,22
mdp.39015042004625,68,10,0,day,DATE,142,145
mdp.39015042004625,68,17,0,62,CARDINAL,0,2
mdp.39015042004625,69,1,0,the Black Colony,GPE,3,19
mdp.39015042004625,69,3,0,three,CARDINAL,315,320
mdp.39015042004625,69,4,0,three,CARDINAL,107,112
mdp.39015042004625,70,0,0,GEORGE JACKSON,PERSON,0,14
mdp.39015042004625,70,7,0,fascists,NORP,4,12
mdp.39015042004625,70,7,1,one,CARDINAL,26,29
mdp.39015042004625,70,7,2,a thousand,CARDINAL,67,77
mdp.39015042004625,70,7,3,all one thousand,CARDINAL,123,139
mdp.39015042004625,70,8,0,ten,CARDINAL,58,61
mdp.39015042004625,70,16,0,today,DATE,32,37
mdp.39015042004625,70,16,1,64,CARDINAL,155,157
mdp.39015042004625,71,0,0,National Guard,ORG,213,227
mdp.39015042004625,71,2,0,Today,DATE,0,5
mdp.39015042004625,71,2,1,nearly six and a half million,CARDINAL,6,35
mdp.39015042004625,71,13,0,Marxian,NORP,78,85
mdp.39015042004625,71,16,0,65,CARDINAL,4,6
mdp.39015042004625,72,0,0,GEORGE JACKSON,PERSON,0,14
mdp.39015042004625,72,6,0,Jonathan,PERSON,24,32
mdp.39015042004625,72,7,0,Max Rafferty's,PERSON,29,43
mdp.39015042004625,72,8,0,Agnews,PERSON,4,10
mdp.39015042004625,72,8,1,Du Ponts,PERSON,15,23
mdp.39015042004625,72,8,2,Rockefellers,PERSON,29,41
mdp.39015042004625,72,8,3,Morgans,PERSON,46,53
mdp.39015042004625,72,8,4,Getty,ORG,66,71
mdp.39015042004625,72,8,5,Hunt,PERSON,73,77
mdp.39015042004625,72,8,6,Hughes,PERSON,83,89
mdp.39015042004625,72,10,0,Nixon,PERSON,13,18
mdp.39015042004625,72,13,0,Jonathan,PERSON,5,13
mdp.39015042004625,72,13,1,anti-Nixon rocket,PERSON,37,54
mdp.39015042004625,72,13,2,nine,CARDINAL,81,85
mdp.39015042004625,72,14,0,66,CARDINAL,109,111
mdp.39015042004625,73,5,0,Indo-Chinese,NORP,42,54
mdp.39015042004625,74,0,0,GEORGE JACKSON,PERSON,0,14
mdp.39015042004625,74,1,0,North American,NORP,348,362
mdp.39015042004625,75,10,0,Gerassi,PERSON,3,10
mdp.39015042004625,75,10,1,71,CARDINAL,25,27
mdp.39015042004625,75,10,2,69,CARDINAL,29,31
mdp.39015042004625,76,0,0,GEORGE JACKSON,PERSON,0,14
mdp.39015042004625,76,2,0,U.S.,GPE,48,52
mdp.39015042004625,76,2,1,the 1860–64 civil war,EVENT,92,113
mdp.39015042004625,76,11,0,Prestige,ORG,0,8
mdp.39015042004625,76,11,1,first,ORDINAL,22,27
mdp.39015042004625,76,12,0,Prestige,ORG,0,8
mdp.39015042004625,76,13,0,U.S.A.,GPE,174,180
mdp.39015042004625,76,16,0,1 70,CARDINAL,52,56
mdp.39015042004625,77,2,0,first,ORDINAL,54,59
mdp.39015042004625,77,10,0,George,PERSON,8,14
mdp.39015042004625,77,10,1,W. Pomeroy,PERSON,77,87
mdp.39015042004625,77,10,2,*W.J. Forest Pomeroy,PERSON,108,128
mdp.39015042004625,77,10,3,Guerrilla Warfare and Marxism,WORK_OF_ART,140,169
mdp.39015042004625,78,0,0,GEORGE JACKSON,PERSON,0,14
mdp.39015042004625,78,3,0,Mao,PERSON,162,165
mdp.39015042004625,78,3,1,Ho,PERSON,167,169
mdp.39015042004625,78,3,2,Giap,PERSON,171,175
mdp.39015042004625,78,3,3,Guevara,PERSON,177,184
mdp.39015042004625,78,3,4,Pomeroy,PERSON,186,193
mdp.39015042004625,78,3,5,Fanon,PERSON,195,200
mdp.39015042004625,78,3,6,Nkrumah,PERSON,205,212
mdp.39015042004625,78,4,0,People's War,ORG,20,32
mdp.39015042004625,78,5,0,Giap,PERSON,19,23
mdp.39015042004625,78,5,1,People's Army,ORG,26,39
mdp.39015042004625,78,5,2,Guevara,PERSON,57,64
mdp.39015042004625,78,5,3,Guerrila Warfare,WORK_OF_ART,67,83
mdp.39015042004625,78,7,0,the first three-quarters of this century,DATE,56,96
mdp.39015042004625,78,12,0,Tupamaros,ORG,98,107
mdp.39015042004625,78,12,1,Uruguay,GPE,129,136
mdp.39015042004625,78,12,2,NaT 72,ORG,139,145
mdp.39015042004625,79,1,0,General Motors,ORG,99,113
mdp.39015042004625,79,1,1,the Casino of Punta del Este,FAC,188,216
mdp.39015042004625,79,2,0,Gerassi,PERSON,0,7
mdp.39015042004625,79,2,1,1,CARDINAL,81,82
mdp.39015042004625,79,2,2,2,CARDINAL,254,255
mdp.39015042004625,79,2,3,3,CARDINAL,513,514
mdp.39015042004625,79,2,4,Gerassi,PERSON,761,768
mdp.39015042004625,79,2,5,72,CARDINAL,783,785
mdp.39015042004625,79,2,6,73,CARDINAL,787,789
mdp.39015042004625,80,0,0,GEORGE JACKSON,PERSON,0,14
mdp.39015042004625,80,0,1,4,CARDINAL,106,107
mdp.39015042004625,80,0,2,Vietnamese,NORP,438,448
mdp.39015042004625,80,0,3,6,CARDINAL,632,633
mdp.39015042004625,80,0,4,U.S.,GPE,740,744
mdp.39015042004625,80,1,0,Amerikan,NORP,174,182
mdp.39015042004625,80,1,1,U.S.A.,GPE,219,225
mdp.39015042004625,80,1,2,the Union of South Africa,ORG,316,341
mdp.39015042004625,80,1,3,U.S.A.,GPE,343,349
mdp.39015042004625,80,1,4,U.S.A.,GPE,375,381
mdp.39015042004625,80,5,0,Ibid,WORK_OF_ART,2,6
mdp.39015042004625,80,5,1,69,CARDINAL,11,13
mdp.39015042004625,80,5,2,. 1,CARDINAL,13,16
mdp.39015042004625,81,2,0,U.S.A.,GPE,47,53
mdp.39015042004625,81,3,0,Vietnamese,NORP,244,254
mdp.39015042004625,81,9,0,the morning,TIME,3,14
mdp.39015042004625,82,0,0,GEORGE JACKSON,PERSON,0,14
mdp.39015042004625,82,3,0,millions,CARDINAL,124,132
mdp.39015042004625,82,7,0,two,CARDINAL,44,47
mdp.39015042004625,82,8,0,U.S.A.,GPE,141,147
mdp.39015042004625,82,10,0,76,CARDINAL,0,2
mdp.39015042004625,83,3,0,U.S.A.,GPE,89,95
mdp.39015042004625,83,5,0,second,ORDINAL,78,84
mdp.39015042004625,83,6,0,Over 90 percent,PERCENT,0,15
mdp.39015042004625,83,6,1,U.S.A.,GPE,23,29
mdp.39015042004625,83,6,2,Mao,PERSON,114,117
mdp.39015042004625,83,6,3,Che,PERSON,118,121
mdp.39015042004625,84,0,0,GEORGE JACKSON,PERSON,0,14
mdp.39015042004625,84,0,1,Uruguayan,NORP,75,84
mdp.39015042004625,84,2,0,Uruguay,GPE,0,7
mdp.39015042004625,84,2,1,Anglo-Amerika,NORP,23,36
mdp.39015042004625,84,2,2,Uruguayan,NORP,52,61
mdp.39015042004625,84,2,3,Amerikan,NORP,175,183
mdp.39015042004625,84,3,0,Algerian,NORP,41,49
mdp.39015042004625,84,4,0,French,NORP,131,137
mdp.39015042004625,84,5,0,Algiers,GPE,15,22
mdp.39015042004625,84,6,0,fifth,ORDINAL,13,18
mdp.39015042004625,84,6,1,Algiers,GPE,45,52
mdp.39015042004625,84,6,2,French,NORP,208,214
mdp.39015042004625,84,7,0,Algeria,GPE,18,25
mdp.39015042004625,84,7,1,62 percent,PERCENT,63,73
mdp.39015042004625,84,7,2,18 percent,PERCENT,123,133
mdp.39015042004625,84,8,0,French,NORP,105,111
mdp.39015042004625,84,9,0,U.S.A.,GPE,27,33
mdp.39015042004625,85,1,0,U.S.A.,GPE,0,6
mdp.39015042004625,85,7,0,Law and Order,WORK_OF_ART,1,14
mdp.39015042004625,86,0,0,GEORGE JACKSON,PERSON,0,14
mdp.39015042004625,86,3,0,one,CARDINAL,5,8
mdp.39015042004625,86,6,0,U.S.A.-built,GPE,22,34
mdp.39015042004625,86,8,0,the 80,DATE,143,149
mdp.39015042004625,87,2,0,Amerikan,NORP,223,231
mdp.39015042004625,87,9,0,"100,000",MONEY,3,10
mdp.39015042004625,87,9,1,two dollars,MONEY,38,49
mdp.39015042004625,87,9,2,one,CARDINAL,144,147
mdp.39015042004625,88,0,0,GEORGE JACKSON,PERSON,0,14
mdp.39015042004625,88,0,1,miles away,TIME,30,40
mdp.39015042004625,88,2,0,years,DATE,22,27
mdp.39015042004625,88,3,0,miles,QUANTITY,101,106
mdp.39015042004625,88,3,1,ten-cent,MONEY,136,144
mdp.39015042004625,89,3,0,Marx,PERSON,80,84
mdp.39015042004625,89,3,1,Lenin,PERSON,89,94
mdp.39015042004625,89,5,0,U.S.A.,GPE,30,36
mdp.39015042004625,89,5,1,1971,DATE,37,41
mdp.39015042004625,89,5,2,two,CARDINAL,76,79
mdp.39015042004625,89,5,3,one,CARDINAL,125,128
mdp.39015042004625,89,6,0,One,CARDINAL,0,3
mdp.39015042004625,89,6,1,the years,DATE,53,62
mdp.39015042004625,89,9,0,one,CARDINAL,82,85
mdp.39015042004625,90,0,0,GEORGE JACKSON,PERSON,0,14
mdp.39015042004625,90,2,0,U.S.A.,GPE,111,117
mdp.39015042004625,90,2,1,Newton,PERSON,494,500
mdp.39015042004625,90,5,0,First,ORDINAL,0,5
mdp.39015042004625,91,7,0,hundreds,CARDINAL,56,64
mdp.39015042004625,91,11,0,one,CARDINAL,160,163
mdp.39015042004625,91,11,1,eight-hour,TIME,164,174
mdp.39015042004625,91,13,0,85,CARDINAL,6,8
mdp.39015042004625,92,0,0,GEORGE JACKSON,PERSON,0,14
mdp.39015042004625,93,1,0,today,DATE,78,83
mdp.39015042004625,93,2,0,four,CARDINAL,33,37
mdp.39015042004625,94,0,0,GEORGE JACKSON,PERSON,0,14
mdp.39015042004625,94,8,0,88,CARDINAL,136,138
mdp.39015042004625,95,2,0,a dozen,CARDINAL,92,99
mdp.39015042004625,95,8,0,the dark days,DATE,148,161
mdp.39015042004625,95,10,0,Depression-days',DATE,0,16
mdp.39015042004625,95,10,1,war-years',DATE,30,40
mdp.39015042004625,96,0,0,GEORGE JACKSON,PERSON,0,14
mdp.39015042004625,96,4,0,Che,PERSON,161,164
mdp.39015042004625,96,6,0,the Black Panther Party,ORG,127,150
mdp.39015042004625,96,6,1,Huey P. Newton,PERSON,152,166
mdp.39015042004625,96,10,0,98 percent,PERCENT,99,109
mdp.39015042004625,96,10,1,Black,NORP,145,150
mdp.39015042004625,96,11,0,90,CARDINAL,31,33
mdp.39015042004625,97,3,0,the Black Panther Party,ORG,36,59
mdp.39015042004625,97,7,0,the Black Colony,LOC,87,103
mdp.39015042004625,97,14,0,Huey P. Newton,PERSON,0,14
mdp.39015042004625,97,14,1,Black Capitalism Re-,WORK_OF_ART,16,36
mdp.39015042004625,97,14,2,Black Panther Intercommunal News Service,ORG,69,109
mdp.39015042004625,97,14,3,"Saturday, June 5, 1971",DATE,111,133
mdp.39015042004625,97,15,0,91,CARDINAL,0,2
mdp.39015042004625,98,0,0,GEORGE JACKSON,PERSON,0,14
mdp.39015042004625,98,5,0,ten,CARDINAL,23,26
mdp.39015042004625,98,8,0,eighty,CARDINAL,59,65
mdp.39015042004625,98,8,1,two hundred,CARDINAL,73,84
mdp.39015042004625,98,8,2,eight,CARDINAL,124,129
mdp.39015042004625,98,8,3,two hundred,CARDINAL,137,148
mdp.39015042004625,98,10,0,U.S.A.,GPE,148,154
mdp.39015042004625,98,11,0,two,CARDINAL,18,21
mdp.39015042004625,98,11,1,forty years,DATE,63,74
mdp.39015042004625,98,12,0,the Black Colony,ORG,34,50
mdp.39015042004625,98,13,0,Jonathan Jackson,PERSON,17,33
mdp.39015042004625,98,13,1,early 1970,DATE,37,47
mdp.39015042004625,98,13,2,92,CARDINAL,58,60
mdp.39015042004625,99,1,0,U.S.A.,GPE,35,41
mdp.39015042004625,99,1,1,U.S.A.,GPE,68,74
mdp.39015042004625,99,1,2,Angola,GPE,78,84
mdp.39015042004625,99,1,3,Mozambique,GPE,86,96
mdp.39015042004625,99,1,4,African,NORP,117,124
mdp.39015042004625,99,3,0,IndoChina,GPE,48,57
mdp.39015042004625,99,4,0,Bank of America,ORG,0,15
mdp.39015042004625,99,4,1,Chase Manhattan,ORG,17,32
mdp.39015042004625,99,4,2,First National City Bank of N. Y.,ORG,34,67
mdp.39015042004625,99,4,3,Irving Trust Co.,ORG,69,85
mdp.39015042004625,99,4,4,Morgan,ORG,91,97
mdp.39015042004625,99,4,5,Manufacturers Hanover Trust,ORG,108,135
mdp.39015042004625,99,4,6,Continental Ill. National Bank,ORG,137,167
mdp.39015042004625,99,4,7,First National Bank of Chicago,ORG,169,199
mdp.39015042004625,99,4,8,Bankers Trust Co.,ORG,201,218
mdp.39015042004625,99,4,9,a dozen,CARDINAL,224,231
mdp.39015042004625,99,4,10,U.S.A.,GPE,287,293
mdp.39015042004625,99,5,0,1966,DATE,3,7
mdp.39015042004625,99,5,1,U.S.A.,GPE,12,18
mdp.39015042004625,99,5,2,one,CARDINAL,33,36
mdp.39015042004625,99,5,3,African,NORP,43,50
mdp.39015042004625,99,5,4,$667 million,MONEY,62,74
mdp.39015042004625,99,7,0,1968,DATE,3,7
mdp.39015042004625,99,7,1,70 to 75%,PERCENT,9,18
mdp.39015042004625,99,7,2,U.S.A.,GPE,41,47
mdp.39015042004625,99,7,3,U.S.A.,GPE,60,66
mdp.39015042004625,99,8,0,U.S.A.,GPE,47,53
mdp.39015042004625,99,9,0,Africa,LOC,52,58
mdp.39015042004625,99,9,1,Asia,LOC,62,66
mdp.39015042004625,99,9,2,Vietnamese,NORP,112,122
mdp.39015042004625,99,10,0,The Black Colony,GPE,0,16
mdp.39015042004625,99,10,1,U.S.A.,GPE,18,24
mdp.39015042004625,99,11,0,U.S.A.,GPE,103,109
mdp.39015042004625,99,18,0,93,CARDINAL,0,2
mdp.39015042004625,100,0,0,GEORGE JACKSON,PERSON,0,14
mdp.39015042004625,100,4,0,two hundred million,CARDINAL,218,237
mdp.39015042004625,100,5,0,People's War,ORG,3,15
mdp.39015042004625,100,7,0,The Black Panther Party,ORG,0,23
mdp.39015042004625,100,10,0,Jonathan Jackson,PERSON,115,131
mdp.39015042004625,100,11,0,Jonathan,PERSON,0,8
mdp.39015042004625,100,16,0,six thousand,CARDINAL,8,20
mdp.39015042004625,100,16,1,thirty,CARDINAL,41,47
mdp.39015042004625,100,17,0,94,DATE,7,9
mdp.39015042004625,101,0,0,seventeen years old,DATE,16,35
mdp.39015042004625,101,1,0,Jonathan,PERSON,19,27
mdp.39015042004625,101,3,0,two,CARDINAL,8,11
mdp.39015042004625,101,3,1,the Black Panthers',ORG,64,83
mdp.39015042004625,101,3,2,August 7th,DATE,133,143
mdp.39015042004625,101,4,0,Johannesburg,GPE,101,113
mdp.39015042004625,101,8,0,Anglo-Western,NORP,4,17
mdp.39015042004625,101,9,0,London,GPE,25,31
mdp.39015042004625,101,9,1,New York,GPE,33,41
mdp.39015042004625,101,9,2,Chicago,GPE,43,50
mdp.39015042004625,101,9,3,Detroit,GPE,52,59
mdp.39015042004625,101,9,4,Los Angeles,GPE,61,72
mdp.39015042004625,101,9,5,San Francisco,GPE,74,87
mdp.39015042004625,101,9,6,Seattle,GPE,89,96
mdp.39015042004625,101,9,7,Paris,GPE,98,103
mdp.39015042004625,101,9,8,Berlin,GPE,105,111
mdp.39015042004625,101,9,9,Rome,GPE,115,119
mdp.39015042004625,101,9,10,Johannesburg,GPE,131,143
mdp.39015042004625,101,10,0,Mao,PERSON,0,3
mdp.39015042004625,101,10,1,U.S.A.,GPE,17,23
mdp.39015042004625,101,10,2,third,ORDINAL,105,110
mdp.39015042004625,101,11,0,Mao,PERSON,6,9
mdp.39015042004625,102,0,0,GEORGE JACKSON,PERSON,0,14
mdp.39015042004625,102,1,0,ten,CARDINAL,214,217
mdp.39015042004625,102,1,1,one,CARDINAL,221,224
mdp.39015042004625,102,2,0,ten,CARDINAL,140,143
mdp.39015042004625,102,2,1,one,CARDINAL,157,160
mdp.39015042004625,102,2,2,two,CARDINAL,243,246
mdp.39015042004625,102,3,0,March of 1971,DATE,16,29
mdp.39015042004625,102,3,1,Indo-Chinese,NORP,50,62
mdp.39015042004625,102,3,2,eighty,CARDINAL,97,103
mdp.39015042004625,102,3,3,U.S.A.,GPE,104,110
mdp.39015042004625,102,3,4,40-ton,QUANTITY,111,117
mdp.39015042004625,102,4,0,U.S.A.,GPE,20,26
mdp.39015042004625,102,9,0,Today,DATE,0,5
mdp.39015042004625,102,10,0,two hours later,TIME,137,152
mdp.39015042004625,103,0,0,Amerikans,NORP,19,28
mdp.39015042004625,103,10,0,97,CARDINAL,54,56
mdp.39015042004625,104,0,0,GEORGE JACKSON,PERSON,0,14
mdp.39015042004625,104,0,1,Chile,GPE,79,84
mdp.39015042004625,104,0,2,Allende,PERSON,86,93
mdp.39015042004625,104,1,0,Chilean,NORP,10,17
mdp.39015042004625,104,1,1,the Chilean revolution,EVENT,57,79
mdp.39015042004625,104,1,2,Swedish,NORP,105,112
mdp.39015042004625,104,5,0,England,GPE,0,7
mdp.39015042004625,104,5,1,Tories,NORP,19,25
mdp.39015042004625,104,5,2,Tories,NORP,41,47
mdp.39015042004625,105,7,0,a dozen,CARDINAL,42,49
mdp.39015042004625,105,12,0,Lenin,PERSON,110,115
mdp.39015042004625,105,13,0,99,CARDINAL,0,2
mdp.39015042004625,106,0,0,GEORGE JACKSON,PERSON,0,14
mdp.39015042004625,106,10,0,The Black Colony,ORG,0,16
mdp.39015042004625,106,14,0,the Black Colony,FAC,59,75
mdp.39015042004625,106,16,0,100,CARDINAL,31,34
mdp.39015042004625,107,0,0,another one hundred to one hundred and fifty years,DATE,20,70
mdp.39015042004625,107,11,0,eighty,CARDINAL,83,89
mdp.39015042004625,107,11,1,Laos,GPE,109,113
mdp.39015042004625,108,0,0,GEORGE JACKSON,PERSON,0,14
mdp.39015042004625,108,5,0,One hundred years ago,DATE,0,21
mdp.39015042004625,108,6,0,One hundred years from today,DATE,0,28
mdp.39015042004625,108,7,0,forty acres,QUANTITY,24,35
mdp.39015042004625,108,11,0,one evening,TIME,26,37
mdp.39015042004625,108,11,1,155-mm,QUANTITY,143,149
mdp.39015042004625,108,12,0,less than four pounds,QUANTITY,48,69
mdp.39015042004625,108,13,0,102,CARDINAL,0,3
mdp.39015042004625,109,5,0,thousands,CARDINAL,68,77
mdp.39015042004625,109,7,0,every twenty-five feet,QUANTITY,6,28
mdp.39015042004625,109,7,1,the million miles,QUANTITY,41,58
mdp.39015042004625,110,0,0,GEORGE JACKSON,PERSON,0,14
mdp.39015042004625,110,5,0,ten,CARDINAL,127,130
mdp.39015042004625,110,5,1,one,CARDINAL,134,137
mdp.39015042004625,110,8,0,ten,CARDINAL,46,49
mdp.39015042004625,110,8,1,one,CARDINAL,53,56
mdp.39015042004625,110,10,0,ten,CARDINAL,3,6
mdp.39015042004625,110,10,1,one,CARDINAL,10,13
mdp.39015042004625,110,12,0,thousands,CARDINAL,97,106
mdp.39015042004625,111,2,0,one,CARDINAL,214,217
mdp.39015042004625,111,2,1,two,CARDINAL,221,224
mdp.39015042004625,111,3,0,Mao,PERSON,3,6
mdp.39015042004625,111,3,1,Selected Works,WORK_OF_ART,9,23
mdp.39015042004625,111,3,2,Vol. II,WORK_OF_ART,25,32
mdp.39015042004625,111,8,0,Mao Tse-tung,PERSON,1,13
mdp.39015042004625,111,8,1,105,CARDINAL,31,34
mdp.39015042004625,112,0,0,GEORGE JACKSON,PERSON,0,14
mdp.39015042004625,112,1,0,twenty,CARDINAL,13,19
mdp.39015042004625,112,1,1,ten,CARDINAL,66,69
mdp.39015042004625,112,1,2,one,CARDINAL,121,124
mdp.39015042004625,112,1,3,ten,CARDINAL,139,142
mdp.39015042004625,112,1,4,twenty,CARDINAL,150,156
mdp.39015042004625,112,2,0,ten,CARDINAL,4,7
mdp.39015042004625,112,2,1,ten,CARDINAL,50,53
mdp.39015042004625,112,2,2,one,CARDINAL,112,115
mdp.39015042004625,112,3,0,first,ORDINAL,36,41
mdp.39015042004625,112,3,1,first,ORDINAL,56,61
mdp.39015042004625,112,4,0,first,ORDINAL,85,90
mdp.39015042004625,113,5,0,George,PERSON,0,6
mdp.39015042004625,115,0,0,Amerikan,NORP,5,13
mdp.39015042004625,115,0,1,Frankenstein,PERSON,19,31
mdp.39015042004625,117,1,0,Greg,PERSON,5,9
mdp.39015042004625,117,5,0,Huey Newton,PERSON,0,11
mdp.39015042004625,117,5,1,Bobby Seale,PERSON,16,27
mdp.39015042004625,117,5,2,the Black Panther Party,ORG,52,75
mdp.39015042004625,117,6,0,The Students for a Democratic Society,ORG,0,37
mdp.39015042004625,117,6,1,Weathermen,ORG,56,66
mdp.39015042004625,117,9,0,the United States,GPE,87,104
mdp.39015042004625,117,10,0,two,CARDINAL,83,86
mdp.39015042004625,117,10,1,one,CARDINAL,96,99
mdp.39015042004625,117,12,0,111,CARDINAL,2,5
mdp.39015042004625,118,0,0,GEORGE JACKSON,PERSON,0,14
mdp.39015042004625,118,6,0,a hundred years ago,DATE,90,109
mdp.39015042004625,118,12,0,Frankenstein,PERSON,0,12
mdp.39015042004625,118,20,0,the 112,ORG,50,57
mdp.39015042004625,119,1,0,the one-tenth of one percent,PERCENT,113,141
mdp.39015042004625,119,6,0,Rockefellers,PERSON,4,16
mdp.39015042004625,119,6,1,thirteen,CARDINAL,31,39
mdp.39015042004625,119,6,2,ninety to a hundred,CARDINAL,110,129
mdp.39015042004625,119,6,3,ten to fourteen billion dollars,MONEY,217,248
mdp.39015042004625,119,7,0,Fords,PERSON,42,47
mdp.39015042004625,119,7,1,Kelloggs,PERSON,49,57
mdp.39015042004625,119,7,2,Carnegies,PERSON,63,72
mdp.39015042004625,119,10,0,the Marine Corps,ORG,16,32
mdp.39015042004625,119,11,0,George 113,PERSON,8,18
mdp.39015042004625,121,0,0,Amerikan,NORP,0,8
mdp.39015042004625,123,1,0,Greg,PERSON,5,9
mdp.39015042004625,123,1,1,one and one-half trillion dollars,MONEY,277,310
mdp.39015042004625,123,1,2,World War II,EVENT,317,329
mdp.39015042004625,123,1,3,Lai,GPE,363,366
mdp.39015042004625,123,1,4,Augusta,GPE,368,375
mdp.39015042004625,123,1,5,Georgia,GPE,377,384
mdp.39015042004625,123,1,6,Kent State,GPE,386,396
mdp.39015042004625,123,1,7,Panther,NORP,402,409
mdp.39015042004625,123,1,8,Angela Davis,PERSON,434,446
mdp.39015042004625,123,2,0,National Guard,ORG,46,60
mdp.39015042004625,123,3,0,Daley,PERSON,57,62
mdp.39015042004625,123,3,1,Chicago,GPE,66,73
mdp.39015042004625,123,6,0,The Federal Bureau of Investigation,ORG,0,35
mdp.39015042004625,123,6,1,the United States,GPE,92,109
mdp.39015042004625,123,6,2,87 percent,PERCENT,210,220
mdp.39015042004625,123,6,3,1969,DATE,237,241
mdp.39015042004625,123,6,4,28 percent,PERCENT,243,253
mdp.39015042004625,123,7,0,1960,DATE,6,10
mdp.39015042004625,123,7,1,quarter-million,CARDINAL,121,136
mdp.39015042004625,123,9,0,my eleventh year,DATE,8,24
mdp.39015042004625,123,9,1,117,CARDINAL,112,115
mdp.39015042004625,124,0,0,GEORGE JACKSON,PERSON,0,14
mdp.39015042004625,124,1,0,these eleven years,DATE,20,38
mdp.39015042004625,124,3,0,30 to sometimes 40 percent,PERCENT,61,87
mdp.39015042004625,124,3,1,thousands,CARDINAL,139,148
mdp.39015042004625,124,4,0,my eleven years,DATE,72,87
mdp.39015042004625,124,5,0,San Quentin Prison,FAC,27,45
mdp.39015042004625,124,5,1,California,GPE,47,57
mdp.39015042004625,124,5,2,two,CARDINAL,78,81
mdp.39015042004625,124,5,3,seventeen,CARDINAL,190,199
mdp.39015042004625,124,6,0,The A./C. is San Quentin's,FAC,0,26
mdp.39015042004625,124,6,1,eleven,CARDINAL,86,92
mdp.39015042004625,124,8,0,ten,CARDINAL,13,16
mdp.39015042004625,124,11,0,two,CARDINAL,37,40
mdp.39015042004625,124,11,1,first,ORDINAL,49,54
mdp.39015042004625,124,11,2,Section 4500,LAW,125,137
mdp.39015042004625,124,11,3,the California Penal Code,LAW,141,166
mdp.39015042004625,124,11,4,118,CARDINAL,232,235
mdp.39015042004625,125,2,0,age fifteen,DATE,64,75
mdp.39015042004625,125,3,0,only one,CARDINAL,9,17
mdp.39015042004625,125,5,0,nine,CARDINAL,59,63
mdp.39015042004625,125,7,0,Blacks,NORP,87,93
mdp.39015042004625,125,10,0,Howard Moore Jr.,PERSON,158,174
mdp.39015042004625,125,13,0,hundreds upon hundreds,CARDINAL,10,32
mdp.39015042004625,125,13,1,119,CARDINAL,45,48
mdp.39015042004625,126,0,0,GEORGE JACKSON,PERSON,0,14
mdp.39015042004625,126,0,1,thousands upon thousands,CARDINAL,19,43
mdp.39015042004625,126,1,0,Anglo-Saxon,NORP,0,11
mdp.39015042004625,126,6,0,Jonathan,PERSON,0,8
mdp.39015042004625,126,7,0,the Marin County Courthouse,FAC,27,54
mdp.39015042004625,126,12,0,August 7th,DATE,143,153
mdp.39015042004625,126,13,0,Jonathan,PERSON,3,11
mdp.39015042004625,126,15,0,foco army,ORG,29,38
mdp.39015042004625,127,0,0,a dozen,DATE,36,43
mdp.39015042004625,127,0,1,Black Panther,ORG,102,115
mdp.39015042004625,127,1,0,five,CARDINAL,53,57
mdp.39015042004625,127,1,1,three,CARDINAL,112,117
mdp.39015042004625,127,3,0,one hundred,CARDINAL,40,51
mdp.39015042004625,127,3,1,three,CARDINAL,127,132
mdp.39015042004625,127,7,0,a thousand,CARDINAL,33,43
mdp.39015042004625,128,0,0,GEORGE JACKSON,PERSON,0,14
mdp.39015042004625,128,0,1,two,CARDINAL,227,230
mdp.39015042004625,128,3,0,Amerikan,NORP,121,129
mdp.39015042004625,128,10,0,Gandhi,PERSON,0,6
mdp.39015042004625,128,12,0,Vietnamese,NORP,28,38
mdp.39015042004625,128,12,1,122,CARDINAL,45,48
mdp.39015042004625,129,0,0,Lai,PERSON,16,19
mdp.39015042004625,129,1,0,"April 6, 1971,",DATE,62,76
mdp.39015042004625,129,2,0,Mike Hammer,PERSON,41,52
mdp.39015042004625,129,2,1,J. Edgar Hoover,PERSON,53,68
mdp.39015042004625,129,7,0,two,CARDINAL,40,43
mdp.39015042004625,129,11,0,Castro,PERSON,13,19
mdp.39015042004625,129,11,1,Moncada,PERSON,35,42
mdp.39015042004625,129,12,0,"April 6, 1971",DATE,4,17
mdp.39015042004625,129,12,1,Soledad,PERSON,51,58
mdp.39015042004625,129,12,2,George Jackson,PERSON,114,128
mdp.39015042004625,129,13,0,Jackson,PERSON,8,15
mdp.39015042004625,129,13,1,123,CARDINAL,90,93
mdp.39015042004625,131,0,0,the United Front,ORG,7,23
mdp.39015042004625,131,5,0,Amerikan,NORP,53,61
mdp.39015042004625,132,0,0,GEORGE JACKSON,PERSON,0,14
mdp.39015042004625,132,0,1,two,CARDINAL,37,40
mdp.39015042004625,132,0,2,one,CARDINAL,69,72
mdp.39015042004625,132,1,0,two,CARDINAL,141,144
mdp.39015042004625,132,2,0,the United States,GPE,44,61
mdp.39015042004625,132,3,0,two-thirds,CARDINAL,23,33
mdp.39015042004625,132,4,0,Hundreds,CARDINAL,0,8
mdp.39015042004625,132,4,1,thousands,CARDINAL,46,55
mdp.39015042004625,132,5,0,thousands,CARDINAL,6,15
mdp.39015042004625,132,6,0,One third,CARDINAL,0,9
mdp.39015042004625,132,6,1,two hundred million,CARDINAL,101,120
mdp.39015042004625,132,7,0,the one million,CARDINAL,23,38
mdp.39015042004625,132,12,0,126,CARDINAL,49,52
mdp.39015042004625,133,2,0,the United States,GPE,24,41
mdp.39015042004625,133,2,1,Working Men's Benevolent Association,ORG,165,201
mdp.39015042004625,133,2,2,the Communist Party,ORG,220,239
mdp.39015042004625,133,2,3,the Black Panther Party,ORG,329,352
mdp.39015042004625,133,3,0,Amerikan,NORP,17,25
mdp.39015042004625,133,8,0,The People of the State,WORK_OF_ART,89,112
mdp.39015042004625,133,8,1,Angela Davis,PERSON,117,129
mdp.39015042004625,133,8,2,Ruchell Magee,PERSON,134,147
mdp.39015042004625,133,8,3,The People of the State,WORK_OF_ART,153,176
mdp.39015042004625,133,8,4,Bobby Seale,PERSON,184,195
mdp.39015042004625,133,8,5,Ericka Huggins,PERSON,200,214
mdp.39015042004625,133,12,0,a hundred years ago,DATE,126,145
mdp.39015042004625,133,13,0,I 127,LAW,17,22
mdp.39015042004625,134,0,0,GEORGE JACKSON,PERSON,0,14
mdp.39015042004625,134,2,0,The People of the State,WORK_OF_ART,1,24
mdp.39015042004625,134,2,1,John Doe,PERSON,32,40
mdp.39015042004625,134,10,0,the “Prison Movement,ORG,28,48
mdp.39015042004625,134,11,0,"The ""Prison Movement",ORG,0,20
mdp.39015042004625,134,11,1,August 7th,DATE,27,37
mdp.39015042004625,135,0,0,MY EYE years,DATE,9,21
mdp.39015042004625,136,0,0,GEORGE JACKSON,PERSON,0,14
mdp.39015042004625,136,7,0,the Vanguard Black Panther Communist Party,ORG,168,210
mdp.39015042004625,136,9,0,Democratic,NORP,0,10
mdp.39015042004625,136,9,1,Amerikan,NORP,67,75
mdp.39015042004625,136,11,0,130,CARDINAL,111,114
mdp.39015042004625,137,0,0,the last several decades,DATE,102,126
mdp.39015042004625,137,2,0,one,CARDINAL,40,43
mdp.39015042004625,137,8,0,three,CARDINAL,10,15
mdp.39015042004625,138,0,0,GEORGE JACKSON,PERSON,0,14
mdp.39015042004625,138,0,1,three,CARDINAL,32,37
mdp.39015042004625,138,8,0,"the ""Issues in Question""",WORK_OF_ART,38,62
mdp.39015042004625,138,9,0,Angela,PERSON,71,77
mdp.39015042004625,138,9,1,Bobby,PERSON,79,84
mdp.39015042004625,138,9,2,Ericka,PERSON,86,92
mdp.39015042004625,138,9,3,Magee,PERSON,94,99
mdp.39015042004625,138,9,4,Los Siete,PERSON,101,110
mdp.39015042004625,138,9,5,Tijerina,PERSON,112,120
mdp.39015042004625,138,9,6,James Carr,PERSON,182,192
mdp.39015042004625,138,10,0,Angela Davis,PERSON,36,48
mdp.39015042004625,138,10,1,Bobby Seale,PERSON,50,61
mdp.39015042004625,138,10,2,Ericka Huggins,PERSON,63,77
mdp.39015042004625,138,10,3,Ruchell Magee,PERSON,79,92
mdp.39015042004625,138,11,0,Los Siete de la Raza,PERSON,0,20
mdp.39015042004625,138,11,1,seven,CARDINAL,29,34
mdp.39015042004625,138,11,2,Chicanos,NORP,35,43
mdp.39015042004625,138,11,3,San Francisco,GPE,66,79
mdp.39015042004625,138,12,0,Reis Tijerina,PERSON,0,13
mdp.39015042004625,138,12,1,Chicano,NORP,19,26
mdp.39015042004625,138,12,2,Mexican-American,NORP,73,89
mdp.39015042004625,138,12,3,Southwest,LOC,156,165
mdp.39015042004625,138,13,0,James Carr,PERSON,0,10
mdp.39015042004625,138,13,1,George Jackson,PERSON,20,34
mdp.39015042004625,138,14,0,George,PERSON,52,58
mdp.39015042004625,138,14,1,Soledad,PERSON,108,115
mdp.39015042004625,138,14,2,April 6,DATE,137,144
mdp.39015042004625,138,15,0,132,CARDINAL,101,104
mdp.39015042004625,139,8,0,133,CARDINAL,0,3
mdp.39015042004625,140,0,0,1,CARDINAL,0,1
mdp.39015042004625,143,0,0,two,CARDINAL,42,45
mdp.39015042004625,143,1,0,Merriam-Webster,PERSON,0,15
mdp.39015042004625,143,4,0,First,ORDINAL,0,5
mdp.39015042004625,143,6,0,two,CARDINAL,16,19
mdp.39015042004625,143,6,1,two,CARDINAL,33,36
mdp.39015042004625,143,6,2,a dozen,CARDINAL,49,56
mdp.39015042004625,143,6,3,a dozen,CARDINAL,77,84
mdp.39015042004625,144,0,0,GEORGE JACKSON,PERSON,0,14
mdp.39015042004625,144,2,0,the last fifty years,DATE,120,140
mdp.39015042004625,144,11,0,third,ORDINAL,21,26
mdp.39015042004625,144,14,0,138,CARDINAL,0,3
mdp.39015042004625,145,1,0,German,NORP,10,16
mdp.39015042004625,145,1,1,SS,ORG,17,19
mdp.39015042004625,145,1,2,Italian,NORP,30,37
mdp.39015042004625,145,1,3,Jews,NORP,78,82
mdp.39015042004625,145,1,4,Communist,NORP,87,96
mdp.39015042004625,145,1,5,Peg-Leg White's,PERSON,129,144
mdp.39015042004625,145,1,6,Black Legion,ORG,145,157
mdp.39015042004625,145,1,7,the Guardians of the Republic*,ORG,169,199
mdp.39015042004625,145,3,0,U.S.,GPE,64,68
mdp.39015042004625,145,4,0,the Guardians of Liberty,ORG,178,202
mdp.39015042004625,145,4,1,anti-Catholic,NORP,207,220
mdp.39015042004625,145,4,2,New York,GPE,296,304
mdp.39015042004625,145,4,3,1911,DATE,308,312
mdp.39015042004625,145,5,0,Nelson A. Miles,PERSON,23,38
mdp.39015042004625,145,5,1,the United States Army,ORG,65,87
mdp.39015042004625,145,6,0,139,CARDINAL,0,3
mdp.39015042004625,146,0,0,GEORGE JACKSON cism,PERSON,0,19
mdp.39015042004625,146,0,1,today,DATE,84,89
mdp.39015042004625,146,2,0,Amerika,GPE,38,45
mdp.39015042004625,146,3,0,Amerikan,NORP,31,39
mdp.39015042004625,146,10,0,the thirties,DATE,25,37
mdp.39015042004625,146,10,1,the forties,DATE,39,50
mdp.39015042004625,146,10,2,the fifties,DATE,52,63
mdp.39015042004625,146,12,0,Huey P. Newton,PERSON,186,200
mdp.39015042004625,146,15,0,World War II,EVENT,65,77
mdp.39015042004625,147,1,0,Today,DATE,0,5
mdp.39015042004625,147,9,0,Spain,GPE,38,43
mdp.39015042004625,147,9,1,Portugal,GPE,45,53
mdp.39015042004625,147,9,2,Greece,GPE,55,61
mdp.39015042004625,147,9,3,South Africa,GPE,63,75
mdp.39015042004625,147,9,4,the United States of America,GPE,80,108
mdp.39015042004625,147,9,5,141,CARDINAL,188,191
mdp.39015042004625,148,0,0,GEORGE JACKSON,PERSON,0,14
mdp.39015042004625,148,2,0,first,ORDINAL,128,133
mdp.39015042004625,148,5,0,one,CARDINAL,24,27
mdp.39015042004625,148,7,0,Weatherman,ORG,77,87
mdp.39015042004625,148,8,0,Nietzschean-Hegelian,NORP,6,26
mdp.39015042004625,148,8,1,European,NORP,49,57
mdp.39015042004625,148,8,2,the last five generations,DATE,83,108
mdp.39015042004625,148,11,0,Huey Newton's,PERSON,43,56
mdp.39015042004625,148,11,1,142,CARDINAL,108,111
mdp.39015042004625,149,3,0,Amerikan,NORP,97,105
mdp.39015042004625,149,4,0,the years,DATE,36,45
mdp.39015042004625,149,6,0,Max Row,FAC,31,38
mdp.39015042004625,149,10,0,Amerikans,NORP,14,23
mdp.39015042004625,150,0,0,GEORGE JACKSON,PERSON,0,14
mdp.39015042004625,151,2,0,Amerika,LOC,120,127
mdp.39015042004625,151,2,1,South,LOC,197,202
mdp.39015042004625,151,2,2,North,LOC,206,211
mdp.39015042004625,151,3,0,ten,CARDINAL,303,306
mdp.39015042004625,152,0,0,GEORGE JACKSON,PERSON,0,14
mdp.39015042004625,152,10,0,third,ORDINAL,51,56
mdp.39015042004625,152,10,1,the century,DATE,70,81
mdp.39015042004625,152,11,0,one,CARDINAL,34,37
mdp.39015042004625,152,14,0,Angela,PERSON,76,82
mdp.39015042004625,152,14,1,Huey,PERSON,149,153
mdp.39015042004625,152,19,0,146,CARDINAL,0,3
mdp.39015042004625,153,0,0,Amerika,LOC,42,49
mdp.39015042004625,155,0,0,John,PERSON,24,28
mdp.39015042004625,155,1,0,Angela,PERSON,29,35
mdp.39015042004625,155,3,0,three,CARDINAL,31,36
mdp.39015042004625,155,4,0,three,CARDINAL,169,174
mdp.39015042004625,155,4,1,World War III,EVENT,221,234
mdp.39015042004625,155,8,0,hundred,CARDINAL,60,67
mdp.39015042004625,155,10,0,Angela,PERSON,13,19
mdp.39015042004625,155,11,0,Amerika,LOC,183,190
mdp.39015042004625,155,13,0,Angela,PERSON,7,13
mdp.39015042004625,155,14,0,An *John Thorne,PERSON,0,15
mdp.39015042004625,155,15,0,149,CARDINAL,0,3
mdp.39015042004625,156,0,0,GEORGE JACKSON,PERSON,0,14
mdp.39015042004625,156,4,0,six thousand years,DATE,18,36
mdp.39015042004625,156,9,0,Wilhelm Reich's,PERSON,28,43
mdp.39015042004625,156,9,1,Franz Neumann's,PERSON,48,63
mdp.39015042004625,156,10,0,Reich,PERSON,0,5
mdp.39015042004625,156,11,0,Neumann,PERSON,14,21
mdp.39015042004625,156,12,0,German National Socialism,ORG,52,77
mdp.39015042004625,156,19,0,The Mass Psychology of Fascism,WORK_OF_ART,9,39
mdp.39015042004625,156,19,1,Wilhelm Reich,PERSON,44,57
mdp.39015042004625,156,19,2,Franz Neumann,PERSON,122,135
mdp.39015042004625,156,20,0,150,CARDINAL,0,3
mdp.39015042004625,157,0,0,one,CARDINAL,16,19
mdp.39015042004625,157,0,1,two,CARDINAL,23,26
mdp.39015042004625,157,0,2,dozen,CARDINAL,32,37
mdp.39015042004625,157,2,0,one,CARDINAL,3,6
mdp.39015042004625,157,4,0,U.S.,GPE,117,121
mdp.39015042004625,157,4,1,U.S.,GPE,253,257
mdp.39015042004625,157,5,0,World War II,EVENT,14,26
mdp.39015042004625,157,5,1,U.S.,GPE,84,88
mdp.39015042004625,157,7,0,U.S.,GPE,179,183
mdp.39015042004625,157,10,0,151,CARDINAL,4,7
mdp.39015042004625,158,0,0,GEORGE JACKSON,PERSON,0,14
mdp.39015042004625,158,1,0,second,ORDINAL,4,10
mdp.39015042004625,158,2,0,week,DATE,253,257
mdp.39015042004625,158,2,1,only one,CARDINAL,436,444
mdp.39015042004625,158,4,0,China,GPE,37,42
mdp.39015042004625,158,4,1,Cuba,GPE,44,48
mdp.39015042004625,158,4,2,North Korea,GPE,50,61
mdp.39015042004625,158,4,3,North Vietnam,GPE,65,78
mdp.39015042004625,158,6,0,only one,CARDINAL,52,60
mdp.39015042004625,158,6,1,U.S.-the,GPE,83,91
mdp.39015042004625,158,8,0,thousands,CARDINAL,10,19
mdp.39015042004625,158,10,0,two or more,CARDINAL,123,134
mdp.39015042004625,159,4,0,Amerikan,NORP,107,115
mdp.39015042004625,159,7,0,Amerikan,NORP,60,68
mdp.39015042004625,160,0,0,GEORGE JACKSON nate,PERSON,0,19
mdp.39015042004625,160,2,0,U.S.,GPE,4,8
mdp.39015042004625,160,2,1,anti-imperialist,NORP,164,180
mdp.39015042004625,160,3,0,the last fifty years,DATE,31,51
mdp.39015042004625,160,4,0,U.S.,GPE,4,8
mdp.39015042004625,160,4,1,Korean,NORP,16,22
mdp.39015042004625,160,4,2,Vietnamese,NORP,36,46
mdp.39015042004625,160,4,3,Congo,GPE,75,80
mdp.39015042004625,160,4,4,Angola,GPE,82,88
mdp.39015042004625,160,4,5,Mozambique,GPE,90,100
mdp.39015042004625,160,4,6,the Middle East,LOC,102,117
mdp.39015042004625,160,5,0,British,NORP,23,30
mdp.39015042004625,160,5,1,Latin Amerikan,NORP,35,49
mdp.39015042004625,160,7,0,Italy,GPE,154,159
mdp.39015042004625,160,7,1,1922,DATE,206,210
mdp.39015042004625,160,9,0,a hundred,CARDINAL,16,25
mdp.39015042004625,160,10,0,Marxists,NORP,9,17
mdp.39015042004625,160,10,1,at least two,CARDINAL,44,56
mdp.39015042004625,160,11,0,two,CARDINAL,6,9
mdp.39015042004625,160,11,1,U.S.,GPE,52,56
mdp.39015042004625,160,12,0,154,CARDINAL,0,3
mdp.39015042004625,161,16,0,155,CARDINAL,77,80
mdp.39015042004625,162,0,0,GEORGE JACKSON,PERSON,0,14
mdp.39015042004625,162,5,0,One,CARDINAL,0,3
mdp.39015042004625,162,7,0,the Civil War,EVENT,77,90
mdp.39015042004625,162,7,1,Amerika,LOC,94,101
mdp.39015042004625,162,8,0,Amerikan,NORP,116,124
mdp.39015042004625,162,12,0,the first half of this century,DATE,65,95
mdp.39015042004625,162,14,0,Fanon's,PERSON,83,90
mdp.39015042004625,163,14,0,U.S.A.,GPE,63,69
mdp.39015042004625,164,0,0,GEORGE JACKSON,PERSON,0,14
mdp.39015042004625,164,3,0,U.S.A.,GPE,17,23
mdp.39015042004625,164,6,0,"May 14, 1787",DATE,3,15
mdp.39015042004625,164,6,1,George Washington,PERSON,52,69
mdp.39015042004625,164,6,2,fifty-five,CARDINAL,154,164
mdp.39015042004625,164,6,3,only two,CARDINAL,177,185
mdp.39015042004625,164,7,0,the Western Hemisphere,LOC,92,114
mdp.39015042004625,165,2,0,International Telegraphic Unions,ORG,125,157
mdp.39015042004625,165,2,1,International Tele-communications Union,ORG,163,202
mdp.39015042004625,165,3,0,World War I,EVENT,7,18
mdp.39015042004625,165,3,1,forty-five,CARDINAL,30,40
mdp.39015042004625,165,3,2,fifty,CARDINAL,44,49
mdp.39015042004625,165,6,0,one,CARDINAL,5,8
mdp.39015042004625,165,6,1,Marxist-Leninist,NORP,9,25
mdp.39015042004625,166,0,0,GEORGE JACKSON,PERSON,0,14
mdp.39015042004625,166,3,0,160,CARDINAL,0,3
mdp.39015042004625,167,4,0,161,CARDINAL,64,67
mdp.39015042004625,168,0,0,GEORGE JACKSON,PERSON,0,14
mdp.39015042004625,168,4,0,Hegelian,NORP,139,147
mdp.39015042004625,168,4,1,Spanish,NORP,222,229
mdp.39015042004625,168,4,2,Falange,PERSON,230,237
mdp.39015042004625,168,7,0,1914,DATE,3,7
mdp.39015042004625,168,7,1,the Fasci di Azione Rivoluzionaria,ORG,8,42
mdp.39015042004625,168,7,2,Italian,NORP,111,118
mdp.39015042004625,168,8,0,Benito Mussolini,PERSON,0,16
mdp.39015042004625,168,8,1,the Socialist Party,ORG,65,84
mdp.39015042004625,168,8,2,Il Popolo d'Italia,ORG,129,147
mdp.39015042004625,168,9,0,March 1919,DATE,3,13
mdp.39015042004625,168,9,1,Italian,NORP,71,78
mdp.39015042004625,168,9,2,Mussolini,PERSON,105,114
mdp.39015042004625,168,9,3,first,ORDINAL,126,131
mdp.39015042004625,169,2,0,Benedetto Croce,PERSON,9,24
mdp.39015042004625,169,2,1,Arturo Toscanini,PERSON,29,45
mdp.39015042004625,169,2,2,Giovanni Gentile,PERSON,63,79
mdp.39015042004625,169,2,3,Gabriele D'Annunzio,PERSON,84,103
mdp.39015042004625,169,2,4,Italy,GPE,112,117
mdp.39015042004625,169,2,5,Mussolini,PERSON,147,156
mdp.39015042004625,169,3,0,four,CARDINAL,4,8
mdp.39015042004625,169,4,0,the Russian revolution,EVENT,8,30
mdp.39015042004625,169,5,0,the Socialist Party,ORG,25,44
mdp.39015042004625,169,6,0,more than one,CARDINAL,108,121
mdp.39015042004625,169,7,0,three,CARDINAL,44,49
mdp.39015042004625,169,8,0,One,CARDINAL,0,3
mdp.39015042004625,169,9,0,One,CARDINAL,0,3
mdp.39015042004625,169,10,0,third,ORDINAL,4,9
mdp.39015042004625,169,12,0,Italy,GPE,3,8
mdp.39015042004625,169,12,1,Trilussa,PERSON,10,18
mdp.39015042004625,169,13,0,April 1925,DATE,3,13
mdp.39015042004625,169,13,1,three years,DATE,15,26
mdp.39015042004625,169,13,2,163,CARDINAL,45,48
mdp.39015042004625,170,0,0,GEORGE JACKSON,PERSON,0,14
mdp.39015042004625,170,0,1,Rome,GPE,24,28
mdp.39015042004625,170,0,2,Benedetto Croce,PERSON,30,45
mdp.39015042004625,170,2,0,Mussolini,PERSON,55,64
mdp.39015042004625,170,2,1,Roosevelt,PERSON,130,139
mdp.39015042004625,170,2,2,Bernard Shaw,PERSON,141,153
mdp.39015042004625,170,2,3,Du Pont,PERSON,155,162
mdp.39015042004625,170,2,4,Kennedy,PERSON,164,171
mdp.39015042004625,170,2,5,H.G. Wells,PERSON,177,187
mdp.39015042004625,170,5,0,Greece,GPE,85,91
mdp.39015042004625,170,6,0,German,NORP,4,10
mdp.39015042004625,170,6,1,Alfred Baumler,PERSON,40,54
mdp.39015042004625,170,6,2,Gottfried Benn,PERSON,73,87
mdp.39015042004625,170,6,3,Hegel,PERSON,104,109
mdp.39015042004625,170,6,4,Italian,NORP,130,137
mdp.39015042004625,170,6,5,Eastern European,NORP,156,172
mdp.39015042004625,170,7,0,Western Europeans,NORP,4,21
mdp.39015042004625,170,7,1,Nietzsche,PERSON,75,84
mdp.39015042004625,170,7,2,Nietzsche,PERSON,114,123
mdp.39015042004625,170,7,3,Hegel,PERSON,128,133
mdp.39015042004625,170,7,4,Plato,PERSON,148,153
mdp.39015042004625,170,12,0,the mid-nineteenth century,DATE,16,42
mdp.39015042004625,171,0,0,Italy,GPE,25,30
mdp.39015042004625,171,8,0,Europe,LOC,45,51
mdp.39015042004625,171,11,0,three,CARDINAL,5,10
mdp.39015042004625,171,11,1,the twentieth century,DATE,43,64
mdp.39015042004625,171,12,0,two,CARDINAL,18,21
mdp.39015042004625,171,14,0,two,CARDINAL,13,16
mdp.39015042004625,171,16,0,165,CARDINAL,9,12
mdp.39015042004625,172,0,0,GEORGE JACKSON,PERSON,0,14
mdp.39015042004625,172,0,1,Pareto,PERSON,44,50
mdp.39015042004625,172,4,0,Italy,GPE,32,37
mdp.39015042004625,172,15,0,World War I,EVENT,6,17
mdp.39015042004625,172,16,0,166,CARDINAL,12,15
mdp.39015042004625,173,3,0,The years 1920 to 1925,DATE,0,22
mdp.39015042004625,173,4,0,The few years,DATE,0,13
mdp.39015042004625,173,4,1,1925 to 1929,DATE,33,45
mdp.39015042004625,173,5,0,Japan,GPE,80,85
mdp.39015042004625,173,5,1,Argentina,GPE,87,96
mdp.39015042004625,173,5,2,Brazil,GPE,98,104
mdp.39015042004625,173,5,3,25 percent,PERCENT,119,129
mdp.39015042004625,173,7,0,one,CARDINAL,271,274
mdp.39015042004625,173,7,1,the United States,GPE,320,337
mdp.39015042004625,173,8,0,1929,DATE,92,96
mdp.39015042004625,173,10,0,Two,CARDINAL,0,3
mdp.39015042004625,173,10,1,Russia,GPE,61,67
mdp.39015042004625,173,10,2,Italy,GPE,150,155
mdp.39015042004625,173,11,0,Italy,GPE,0,5
mdp.39015042004625,173,11,1,World War I,EVENT,52,63
mdp.39015042004625,173,11,2,1920-25,DATE,75,82
mdp.39015042004625,173,12,0,millions,CARDINAL,23,31
mdp.39015042004625,173,12,1,Italians,NORP,35,43
mdp.39015042004625,174,0,0,GEORGE JACKSON,PERSON,0,14
mdp.39015042004625,174,2,0,Adam Smith's,PERSON,16,28
mdp.39015042004625,174,3,0,French,NORP,20,26
mdp.39015042004625,174,4,0,World War I.,EVENT,72,84
mdp.39015042004625,174,5,0,the early twenties,DATE,139,157
mdp.39015042004625,174,5,1,the thirties,DATE,169,181
mdp.39015042004625,174,8,0,one,CARDINAL,47,50
mdp.39015042004625,174,10,0,Italy,GPE,17,22
mdp.39015042004625,174,10,1,Falangist,NORP,50,59
mdp.39015042004625,174,10,2,Spain,GPE,60,65
mdp.39015042004625,174,10,3,Germany,GPE,73,80
mdp.39015042004625,174,11,0,Mussolini,PERSON,0,9
mdp.39015042004625,174,11,1,first,ORDINAL,26,31
mdp.39015042004625,174,12,0,one,CARDINAL,163,166
mdp.39015042004625,174,13,0,the Socialist Party,ORG,18,37
mdp.39015042004625,175,0,0,the Socialist Party,ORG,119,138
mdp.39015042004625,175,1,0,Socialists,NORP,30,40
mdp.39015042004625,175,1,1,156,CARDINAL,45,48
mdp.39015042004625,175,1,2,Chamber,ORG,62,69
mdp.39015042004625,175,1,3,1919,DATE,90,94
mdp.39015042004625,175,1,4,over 50 percent,PERCENT,96,111
mdp.39015042004625,175,1,5,the Catholic Popular Party,ORG,156,182
mdp.39015042004625,175,1,6,"2,202",CARDINAL,222,227
mdp.39015042004625,175,1,7,26,CARDINAL,241,243
mdp.39015042004625,175,1,8,"8,507",CARDINAL,266,271
mdp.39015042004625,175,1,9,69,CARDINAL,285,287
mdp.39015042004625,175,1,10,the following year,DATE,342,360
mdp.39015042004625,175,1,11,the Socialist General Confederation of Labor,ORG,392,436
mdp.39015042004625,175,1,12,"300,000",CARDINAL,452,459
mdp.39015042004625,175,1,13,World War I,EVENT,475,486
mdp.39015042004625,175,1,14,almost 2.5 million,CARDINAL,490,508
mdp.39015042004625,175,1,15,1920,DATE,520,524
mdp.39015042004625,175,1,16,Socialists,NORP,530,540
mdp.39015042004625,175,2,0,1920,DATE,3,7
mdp.39015042004625,175,2,1,the Socialist Party,ORG,8,27
mdp.39015042004625,175,6,0,the years,DATE,3,12
mdp.39015042004625,175,6,1,Italy,GPE,74,79
mdp.39015042004625,175,9,0,Mussolini,PERSON,0,9
mdp.39015042004625,175,9,1,Black Shirt,ORG,19,30
mdp.39015042004625,176,0,0,GEORGE JACKSON,PERSON,0,14
mdp.39015042004625,176,3,0,1922,DATE,21,25
mdp.39015042004625,176,4,0,1921,DATE,4,8
mdp.39015042004625,176,4,1,only 35,CARDINAL,39,46
mdp.39015042004625,176,4,2,535,CARDINAL,71,74
mdp.39015042004625,176,5,0,Lenin,PERSON,79,84
mdp.39015042004625,176,5,1,first,ORDINAL,179,184
mdp.39015042004625,176,9,0,second,ORDINAL,24,30
mdp.39015042004625,176,14,0,Italy,GPE,0,5
mdp.39015042004625,176,15,0,"1,250",CARDINAL,55,60
mdp.39015042004625,176,15,1,only twelve,CARDINAL,83,94
mdp.39015042004625,176,15,2,1931,DATE,159,163
mdp.39015042004625,176,16,0,170,CARDINAL,23,26
mdp.39015042004625,177,0,0,BLOOD IN MY EYE,WORK_OF_ART,0,15
mdp.39015042004625,177,1,0,1870,DATE,18,22
mdp.39015042004625,177,3,0,1929,DATE,3,7
mdp.39015042004625,177,3,1,World War I,EVENT,52,63
mdp.39015042004625,177,3,2,Africa,LOC,109,115
mdp.39015042004625,177,3,3,Europe,LOC,120,126
mdp.39015042004625,177,4,0,third,ORDINAL,17,22
mdp.39015042004625,177,7,0,The People's Party,ORG,0,18
mdp.39015042004625,177,8,0,Mussolini,PERSON,0,9
mdp.39015042004625,177,12,0,Spain,GPE,208,213
mdp.39015042004625,177,14,0,171,CARDINAL,12,15
mdp.39015042004625,178,0,0,GEORGE JACKSON,ORG,0,14
mdp.39015042004625,178,5,0,One,CARDINAL,0,3
mdp.39015042004625,178,11,0,The Rumanian Iron Guard,ORG,0,23
mdp.39015042004625,179,0,0,the Red Army,ORG,74,86
mdp.39015042004625,179,1,0,Latin Amerikan,NORP,41,55
mdp.39015042004625,179,3,0,Rumania,GPE,6,13
mdp.39015042004625,179,3,1,Spain,GPE,18,23
mdp.39015042004625,179,6,0,Peron,PERSON,0,5
mdp.39015042004625,179,8,0,Peron,PERSON,0,5
mdp.39015042004625,179,8,1,his years,DATE,55,64
mdp.39015042004625,179,8,2,the vanguard party's,ORG,93,113
mdp.39015042004625,179,10,0,U.S.A.,GPE,9,15
mdp.39015042004625,179,10,1,only one,CARDINAL,112,120
mdp.39015042004625,179,11,0,Peron,PERSON,0,5
mdp.39015042004625,179,13,0,173,CARDINAL,34,37
mdp.39015042004625,180,0,0,GEORGE JACKSON,PERSON,0,14
mdp.39015042004625,180,2,0,Peron,PERSON,0,5
mdp.39015042004625,180,5,0,first,ORDINAL,9,14
mdp.39015042004625,180,6,0,Italy,GPE,29,34
mdp.39015042004625,180,6,1,1934,DATE,38,42
mdp.39015042004625,180,10,0,Italy,GPE,3,8
mdp.39015042004625,180,12,0,174,CARDINAL,46,49
mdp.39015042004625,181,0,0,Italy,GPE,86,91
mdp.39015042004625,181,0,1,Germany,GPE,93,100
mdp.39015042004625,181,0,2,Japan,GPE,105,110
mdp.39015042004625,181,1,0,Italy,GPE,20,25
mdp.39015042004625,181,1,1,1920-25,DATE,53,60
mdp.39015042004625,181,5,0,Italy,GPE,14,19
mdp.39015042004625,181,5,1,1925-26,DATE,21,28
mdp.39015042004625,181,5,2,Germany,GPE,34,41
mdp.39015042004625,181,5,3,1937-38,DATE,43,50
mdp.39015042004625,181,5,4,Germany,GPE,135,142
mdp.39015042004625,181,7,0,first,ORDINAL,4,9
mdp.39015042004625,181,7,1,Italy,GPE,40,45
mdp.39015042004625,181,7,2,1925,DATE,84,88
mdp.39015042004625,181,7,3,1927,DATE,143,147
mdp.39015042004625,181,10,0,the Great Depression,EVENT,6,26
mdp.39015042004625,182,0,0,GEORGE JACKSON,PERSON,0,14
mdp.39015042004625,182,1,0,Germans,NORP,4,11
mdp.39015042004625,182,5,0,25 percent,PERCENT,63,73
mdp.39015042004625,182,5,1,1937,DATE,77,81
mdp.39015042004625,182,5,2,Germany,GPE,85,92
mdp.39015042004625,182,6,0,25 percent,PERCENT,9,19
mdp.39015042004625,182,6,1,Japan,GPE,41,46
mdp.39015042004625,182,6,2,the middle and late thirties,DATE,50,78
mdp.39015042004625,182,7,0,15 percent,PERCENT,5,15
mdp.39015042004625,182,7,1,the Great Depression,EVENT,46,66
mdp.39015042004625,182,7,2,Italy,GPE,78,83
mdp.39015042004625,182,7,3,annual,DATE,85,91
mdp.39015042004625,182,7,4,19 or,PERCENT,131,136
mdp.39015042004625,182,7,5,20 percent,PERCENT,137,147
mdp.39015042004625,182,7,6,the years 1936-40,DATE,151,168
mdp.39015042004625,182,8,0,Italian,NORP,8,15
mdp.39015042004625,182,9,0,"The ""Industrial Reconstruction Institute""",ORG,0,41
mdp.39015042004625,182,12,0,German,NORP,14,20
mdp.39015042004625,183,1,0,two,CARDINAL,393,396
mdp.39015042004625,183,6,0,days,DATE,291,295
mdp.39015042004625,183,6,1,other days,DATE,337,347
mdp.39015042004625,183,10,0,177,CARDINAL,0,3
mdp.39015042004625,184,0,0,GEORGE JACKSON,PERSON,0,14
mdp.39015042004625,184,1,0,Belgian,NORP,62,69
mdp.39015042004625,184,1,1,Rexists,NORP,70,77
mdp.39015042004625,184,1,2,Dutch,NORP,83,88
mdp.39015042004625,184,1,3,Japan,GPE,126,131
mdp.39015042004625,184,1,4,Rumania,GPE,147,154
mdp.39015042004625,184,3,0,Brazilian,NORP,34,43
mdp.39015042004625,184,4,0,U.S.A.,GPE,50,56
mdp.39015042004625,184,4,1,one,CARDINAL,60,63
mdp.39015042004625,184,5,0,Two,CARDINAL,0,3
mdp.39015042004625,184,5,1,two,CARDINAL,60,63
mdp.39015042004625,184,5,2,Latin Amerika,LOC,90,103
mdp.39015042004625,184,5,3,Brazil,GPE,104,110
mdp.39015042004625,184,5,4,Argentina,GPE,115,124
mdp.39015042004625,184,7,0,thirties,DATE,59,67
mdp.39015042004625,184,11,0,first,ORDINAL,4,9
mdp.39015042004625,184,11,1,Brazil,GPE,28,34
mdp.39015042004625,184,11,2,Vargas,PERSON,49,55
mdp.39015042004625,184,12,0,178,CARDINAL,0,3
mdp.39015042004625,185,1,0,1930 to 1945,DATE,15,27
mdp.39015042004625,185,2,0,70 percent,PERCENT,22,32
mdp.39015042004625,185,2,1,Vargas,PERSON,62,68
mdp.39015042004625,185,2,2,Depression,EVENT,87,97
mdp.39015042004625,185,3,0,Vargas,ORG,71,77
mdp.39015042004625,185,6,0,three,CARDINAL,45,50
mdp.39015042004625,185,6,1,Latin Amerika,LOC,82,95
mdp.39015042004625,185,7,0,second,ORDINAL,4,10
mdp.39015042004625,185,11,0,first,ORDINAL,29,34
mdp.39015042004625,185,11,1,two,CARDINAL,35,38
mdp.39015042004625,185,12,0,the United States,GPE,36,53
mdp.39015042004625,185,12,1,Gestapo,ORG,55,62
mdp.39015042004625,185,12,2,179,CARDINAL,151,154
mdp.39015042004625,186,0,0,GEORGE JACKSON,PERSON,0,14
mdp.39015042004625,186,1,0,Latin Amerika's,LOC,39,54
mdp.39015042004625,186,3,0,three,CARDINAL,64,69
mdp.39015042004625,186,3,1,two,CARDINAL,101,104
mdp.39015042004625,186,5,0,Germany,GPE,0,7
mdp.39015042004625,186,7,0,Germany,GPE,69,76
mdp.39015042004625,186,7,1,Austria,GPE,81,88
mdp.39015042004625,186,7,2,Italy,GPE,93,98
mdp.39015042004625,186,7,3,Japan,GPE,103,108
mdp.39015042004625,186,7,4,first,ORDINAL,133,138
mdp.39015042004625,186,7,5,Brazil,GPE,150,156
mdp.39015042004625,186,7,6,Argentina,GPE,161,170
mdp.39015042004625,186,13,0,Germany,GPE,23,30
mdp.39015042004625,186,13,1,European,NORP,70,78
mdp.39015042004625,187,1,0,Reichswerke-Hermann Göring-Krupp,ORG,129,161
mdp.39015042004625,187,1,1,I. G. Farben,PERSON,236,248
mdp.39015042004625,187,1,2,Labor Front,ORG,286,297
mdp.39015042004625,187,2,0,first,ORDINAL,4,9
mdp.39015042004625,187,2,1,Anglo-Amerikan,NORP,158,172
mdp.39015042004625,187,3,0,Gestapo,ORG,65,72
mdp.39015042004625,187,3,1,the first years,DATE,76,91
mdp.39015042004625,187,3,2,the Third Reich,ORG,317,332
mdp.39015042004625,187,5,0,Sudentenland,GPE,79,91
mdp.39015042004625,187,5,1,1938,DATE,102,106
mdp.39015042004625,187,5,2,1939,DATE,146,150
mdp.39015042004625,188,0,0,GEORGE JACKSON,PERSON,0,14
mdp.39015042004625,188,1,0,German,NORP,4,10
mdp.39015042004625,188,1,1,Reich,ORG,56,61
mdp.39015042004625,188,1,2,Russia,GPE,76,82
mdp.39015042004625,188,7,0,the last fifty years,DATE,164,184
mdp.39015042004625,188,8,0,third,ORDINAL,28,33
mdp.39015042004625,188,8,1,one thousand,CARDINAL,370,382
mdp.39015042004625,188,8,2,Fuehrer,PERSON,409,416
mdp.39015042004625,188,9,0,The United States,GPE,0,17
mdp.39015042004625,188,9,1,two,CARDINAL,106,109
mdp.39015042004625,188,10,0,U.S.,GPE,41,45
mdp.39015042004625,188,10,1,1929,DATE,110,114
mdp.39015042004625,188,10,2,Germany,GPE,184,191
mdp.39015042004625,188,12,0,182,CARDINAL,12,15
mdp.39015042004625,189,0,0,the early thirties,DATE,35,53
mdp.39015042004625,189,2,0,Italy,GPE,125,130
mdp.39015042004625,189,2,1,Germany,GPE,132,139
mdp.39015042004625,189,2,2,Rumania,GPE,141,148
mdp.39015042004625,189,3,0,Nazi,NORP,173,177
mdp.39015042004625,189,3,1,Fascist,NORP,179,186
mdp.39015042004625,189,3,2,Falangist,NORP,192,201
mdp.39015042004625,189,3,3,Europe,LOC,202,208
mdp.39015042004625,189,5,0,F.D.R.,PERSON,0,6
mdp.39015042004625,189,6,0,Mussolini,PERSON,50,59
mdp.39015042004625,189,7,0,Joseph Kennedy's,PERSON,0,16
mdp.39015042004625,189,7,1,England,GPE,27,34
mdp.39015042004625,189,7,2,German,NORP,51,57
mdp.39015042004625,189,7,3,Kennedy,PERSON,101,108
mdp.39015042004625,189,8,0,U.S.,GPE,34,38
mdp.39015042004625,189,8,1,England,GPE,42,49
mdp.39015042004625,189,10,0,the National Guard,ORG,115,133
mdp.39015042004625,189,14,0,Guardians of the Republic,ORG,55,80
mdp.39015042004625,189,14,1,the Black Legion,ORG,82,98
mdp.39015042004625,189,15,0,Marxian,NORP,58,65
mdp.39015042004625,189,15,1,183,CARDINAL,74,77
mdp.39015042004625,190,0,0,GEORGE JACKSON,PERSON,0,14
mdp.39015042004625,190,1,0,F.D.R.,PERSON,0,6
mdp.39015042004625,190,4,0,Amerikan,NORP,36,44
mdp.39015042004625,190,5,0,Amerika,GPE,27,34
mdp.39015042004625,190,6,0,the second half of the nineteenth century,DATE,16,57
mdp.39015042004625,190,8,0,Marx,PERSON,0,4
mdp.39015042004625,190,8,1,Amerikan,NORP,106,114
mdp.39015042004625,190,9,0,the 1790s,DATE,70,79
mdp.39015042004625,190,9,1,the East Coast,LOC,83,97
mdp.39015042004625,190,9,2,New York,GPE,113,121
mdp.39015042004625,190,9,3,Philadelphia,GPE,123,135
mdp.39015042004625,190,9,4,Baltimore,GPE,140,149
mdp.39015042004625,190,10,0,first,ORDINAL,127,132
mdp.39015042004625,190,10,1,the Philadelphia Printers Union,ORG,147,178
mdp.39015042004625,190,10,2,the New York Typographical Union of 1794,ORG,180,220
mdp.39015042004625,190,10,3,Journeymen Cabinet and Chair Makers of 1796,ORG,222,265
mdp.39015042004625,190,11,0,first,ORDINAL,4,9
mdp.39015042004625,190,11,1,184,CARDINAL,26,29
mdp.39015042004625,191,0,0,the Society of Journeymen Cordwainers,ORG,29,66
mdp.39015042004625,191,0,1,Philadelphia,GPE,83,95
mdp.39015042004625,191,1,0,ten or eleven weeks,DATE,10,29
mdp.39015042004625,191,1,1,1799,DATE,33,37
mdp.39015042004625,191,2,0,Adam Smith's,PERSON,54,66
mdp.39015042004625,191,2,1,the Civil War,EVENT,105,118
mdp.39015042004625,191,2,2,U.S.,GPE,126,130
mdp.39015042004625,191,4,0,the Civil War,EVENT,18,31
mdp.39015042004625,191,4,1,U.S.,GPE,37,41
mdp.39015042004625,191,4,2,fourth,ORDINAL,53,59
mdp.39015042004625,191,4,3,English,NORP,107,114
mdp.39015042004625,191,4,4,German,NORP,127,133
mdp.39015042004625,191,4,5,France,GPE,145,151
mdp.39015042004625,191,5,0,1870,DATE,3,7
mdp.39015042004625,191,5,1,U.S.,GPE,12,16
mdp.39015042004625,191,10,0,the mid-1890s,DATE,3,16
mdp.39015042004625,191,10,1,U.S.,GPE,21,25
mdp.39015042004625,191,10,2,one-third,CARDINAL,40,49
mdp.39015042004625,191,10,3,first,ORDINAL,116,121
mdp.39015042004625,191,11,0,U.S.,GPE,17,21
mdp.39015042004625,191,11,1,the Civil War,EVENT,53,66
mdp.39015042004625,191,11,2,185,CARDINAL,111,114
mdp.39015042004625,192,0,0,GEORGE JACKSON,PERSON,0,14
mdp.39015042004625,192,2,0,Republican,NORP,134,144
mdp.39015042004625,192,3,0,U.S.,GPE,123,127
mdp.39015042004625,192,4,0,the last hundred years,DATE,90,112
mdp.39015042004625,192,5,0,Amerikan,NORP,149,157
mdp.39015042004625,192,9,0,the Civil War,EVENT,9,22
mdp.39015042004625,192,9,1,Amerika,GPE,80,87
mdp.39015042004625,192,10,0,thousands,CARDINAL,57,66
mdp.39015042004625,192,11,0,186,CARDINAL,0,3
mdp.39015042004625,193,1,0,the Civil War,EVENT,92,105
mdp.39015042004625,193,8,0,Italy,GPE,45,50
mdp.39015042004625,193,8,1,Spain,GPE,52,57
mdp.39015042004625,193,8,2,Germany,GPE,59,66
mdp.39015042004625,193,8,3,U.S.,GPE,149,153
mdp.39015042004625,193,8,4,the last hundred years,DATE,170,192
mdp.39015042004625,193,9,0,A.T. & T.,ORG,37,46
mdp.39015042004625,193,9,1,the Santa Fe,ORG,48,60
mdp.39015042004625,193,9,2,the Pennsylvania RR,ORG,62,81
mdp.39015042004625,193,9,3,Western Electric,ORG,83,99
mdp.39015042004625,193,9,4,Western Union,ORG,101,114
mdp.39015042004625,193,9,5,1865-95,DATE,280,287
mdp.39015042004625,193,10,0,Anglo-Saxon,NORP,16,27
mdp.39015042004625,193,10,1,England,GPE,184,191
mdp.39015042004625,193,10,2,the close of the nineteenth century,DATE,272,307
mdp.39015042004625,194,0,0,GEORGE JACKSON,PERSON,0,14
mdp.39015042004625,194,1,0,Western Union,ORG,15,28
mdp.39015042004625,194,2,0,Samuel Slater,PERSON,15,28
mdp.39015042004625,194,2,1,"the ""Boston Associates""",ORG,33,56
mdp.39015042004625,194,2,2,New England,LOC,79,90
mdp.39015042004625,194,3,0,"May 19, 1969",DATE,38,50
mdp.39015042004625,194,3,1,Union Pacific,ORG,51,64
mdp.39015042004625,194,3,2,Central Pacific,ORG,69,84
mdp.39015042004625,194,6,0,today,DATE,58,63
mdp.39015042004625,194,7,0,Anglo-Saxon,NORP,0,11
mdp.39015042004625,194,7,1,F.B. Gowen,PERSON,26,36
mdp.39015042004625,194,7,2,the Philadelphia and Reading Railroad,ORG,40,77
mdp.39015042004625,194,7,3,KKK,ORG,162,165
mdp.39015042004625,194,7,4,Southeastern U.S.,LOC,184,201
mdp.39015042004625,194,7,5,King,PERSON,203,207
mdp.39015042004625,194,7,6,Baltimore,GPE,215,224
mdp.39015042004625,194,7,7,Ohio,GPE,229,233
mdp.39015042004625,194,7,8,Tom Scott,PERSON,235,244
mdp.39015042004625,194,7,9,Pennsylvania,GPE,252,264
mdp.39015042004625,194,7,10,William Vanderbilt,PERSON,266,284
mdp.39015042004625,194,7,11,the New York Central,ORG,288,308
mdp.39015042004625,194,8,0,Pinkertons,PERSON,68,78
mdp.39015042004625,194,10,0,1,CARDINAL,0,1
mdp.39015042004625,195,0,0,3,CARDINAL,16,17
mdp.39015042004625,195,2,0,4,CARDINAL,0,1
mdp.39015042004625,195,2,1,5,CARDINAL,3,4
mdp.39015042004625,195,3,0,6,CARDINAL,0,1
mdp.39015042004625,195,9,0,7,CARDINAL,0,1
mdp.39015042004625,195,10,0,one,CARDINAL,71,74
mdp.39015042004625,195,11,0,-W. Reich,PERSON,0,9
mdp.39015042004625,195,11,1,The Mass Psychology of Fascism,WORK_OF_ART,11,41
mdp.39015042004625,195,13,0,U.S.,GPE,24,28
mdp.39015042004625,195,13,1,one million,CARDINAL,44,55
mdp.39015042004625,195,13,2,Rockefellers,PERSON,83,95
mdp.39015042004625,195,13,3,Vanderbilts,PERSON,97,108
mdp.39015042004625,195,13,4,Morgans,PERSON,110,117
mdp.39015042004625,195,13,5,Mellons,PERSON,119,126
mdp.39015042004625,195,13,6,Du Ponts,PERSON,128,136
mdp.39015042004625,195,13,7,Hunts,PERSON,138,143
mdp.39015042004625,195,13,8,Gettys,PERSON,148,154
mdp.39015042004625,195,13,9,Fords,PERSON,156,161
mdp.39015042004625,195,14,0,189,CARDINAL,98,101
mdp.39015042004625,196,0,0,GEORGE JACKSON,PERSON,0,14
mdp.39015042004625,196,2,0,C.I.A.,ORG,56,62
mdp.39015042004625,196,2,1,F.B.I.,ORG,68,74
mdp.39015042004625,196,4,0,a hundred years ago,DATE,47,66
mdp.39015042004625,196,4,1,the International Working Men's Party,ORG,68,105
mdp.39015042004625,196,9,0,Amerika,LOC,29,36
mdp.39015042004625,196,13,0,the thirties,DATE,17,29
mdp.39015042004625,196,13,1,forties,DATE,31,38
mdp.39015042004625,196,13,2,fifties,DATE,43,50
mdp.39015042004625,197,3,0,Marxism,NORP,171,178
mdp.39015042004625,197,4,0,Marxist,NORP,7,14
mdp.39015042004625,197,7,0,Indians,NORP,109,116
mdp.39015042004625,197,7,1,Mexicans,NORP,118,126
mdp.39015042004625,197,12,0,191,CARDINAL,113,116
mdp.39015042004625,198,0,0,GEORGE JACKSON,PERSON,0,14
mdp.39015042004625,198,0,1,the 1870s,DATE,71,80
mdp.39015042004625,198,0,2,anti-Chinese,NORP,113,125
mdp.39015042004625,198,2,0,U.S.,GPE,32,36
mdp.39015042004625,198,3,0,U.S.,GPE,7,11
mdp.39015042004625,198,3,1,World War II,EVENT,13,25
mdp.39015042004625,198,3,2,the crisis years,DATE,167,183
mdp.39015042004625,198,3,3,thirties,DATE,191,199
mdp.39015042004625,198,5,0,TVA,ORG,99,102
mdp.39015042004625,198,5,1,CCC,ORG,107,110
mdp.39015042004625,198,7,0,Two,CARDINAL,0,3
mdp.39015042004625,198,10,0,Stalin,PERSON,3,9
mdp.39015042004625,198,10,1,U.S.,GPE,40,44
mdp.39015042004625,198,11,0,U.S.,GPE,94,98
mdp.39015042004625,198,11,1,Stalin,PERSON,142,148
mdp.39015042004625,198,11,2,Atlantic,LOC,186,194
mdp.39015042004625,198,12,0,Europe,LOC,12,18
mdp.39015042004625,199,0,0,German,NORP,33,39
mdp.39015042004625,199,0,1,U.S.,GPE,103,107
mdp.39015042004625,199,0,2,Europe,LOC,120,126
mdp.39015042004625,199,0,3,today,DATE,153,158
mdp.39015042004625,199,1,0,U.S.,GPE,9,13
mdp.39015042004625,199,2,0,Europe,LOC,47,53
mdp.39015042004625,199,2,1,Africa,LOC,55,61
mdp.39015042004625,199,2,2,Asia,LOC,66,70
mdp.39015042004625,199,6,0,twelve hundred,CARDINAL,79,93
mdp.39015042004625,199,6,1,Mussolini,PERSON,116,125
mdp.39015042004625,199,9,0,Rockefellers,PERSON,152,164
mdp.39015042004625,199,9,1,the Black Legion,ORG,166,182
mdp.39015042004625,199,9,2,the Guardians of the Republic,ORG,184,213
mdp.39015042004625,199,11,0,193,CARDINAL,70,73
mdp.39015042004625,200,0,0,GEORGE JACKSON,PERSON,0,14
mdp.39015042004625,200,17,0,3 percent,PERCENT,124,133
mdp.39015042004625,200,17,1,annual,DATE,134,140
mdp.39015042004625,200,22,0,the Black Panther,ORG,82,99
mdp.39015042004625,201,4,0,first,ORDINAL,63,68
mdp.39015042004625,201,12,0,one,CARDINAL,86,89
mdp.39015042004625,201,16,0,generations,DATE,40,51
mdp.39015042004625,201,20,0,195,CARDINAL,10,13
mdp.39015042004625,202,0,0,GEORGE JACKSON,PERSON,0,14
mdp.39015042004625,202,2,0,The Rand Corporation,ORG,0,20
mdp.39015042004625,202,2,1,80 percent,PERCENT,26,36
mdp.39015042004625,202,2,2,750,CARDINAL,99,102
mdp.39015042004625,202,2,3,247,CARDINAL,150,153
mdp.39015042004625,202,2,4,44,CARDINAL,218,220
mdp.39015042004625,202,3,0,The National Guard,ORG,0,18
mdp.39015042004625,202,3,1,"390,000",CARDINAL,27,34
mdp.39015042004625,202,4,0,The C.I.A.D.,ORG,0,12
mdp.39015042004625,202,4,1,113th,ORDINAL,60,65
mdp.39015042004625,203,8,0,the Black Fanther Party,ORG,159,182
mdp.39015042004625,203,18,0,197,CARDINAL,0,3
mdp.39015042004625,205,0,0,First,ORDINAL,24,29
mdp.39015042004625,205,0,1,Vietnam,GPE,63,70
mdp.39015042004625,206,0,0,1,CARDINAL,0,1
mdp.39015042004625,207,1,0,John Gerassi,PERSON,5,17
mdp.39015042004625,207,5,0,my eleven years,DATE,71,86
mdp.39015042004625,207,6,0,April 6,DATE,48,55
mdp.39015042004625,207,9,0,Irishman,NORP,78,86
mdp.39015042004625,207,10,0,the hour,TIME,39,47
mdp.39015042004625,207,12,0,a hundred,CARDINAL,7,16
mdp.39015042004625,207,15,0,one day,DATE,56,63
mdp.39015042004625,207,16,0,201,CARDINAL,0,3
mdp.39015042004625,208,0,0,GEORGE JACKSON,PERSON,0,14
mdp.39015042004625,208,3,0,U.S.,GPE,41,45
mdp.39015042004625,208,3,1,World War II,EVENT,65,77
mdp.39015042004625,208,4,0,millions,CARDINAL,33,41
mdp.39015042004625,208,4,1,the Union of South Africa,GPE,56,81
mdp.39015042004625,208,4,2,Jordan,GPE,83,89
mdp.39015042004625,208,4,3,Indochina,GPE,91,100
mdp.39015042004625,208,6,0,First,ORDINAL,0,5
mdp.39015042004625,208,6,1,Vietnam,GPE,39,46
mdp.39015042004625,208,11,0,two,CARDINAL,98,101
mdp.39015042004625,208,18,0,202,CARDINAL,8,11
mdp.39015042004625,209,0,0,the National Advertising Council's,ORG,115,149
mdp.39015042004625,209,7,0,millions,CARDINAL,76,84
mdp.39015042004625,209,14,0,203,CARDINAL,127,130
mdp.39015042004625,210,0,0,GEORGE JACKSON,PERSON,0,14
mdp.39015042004625,210,10,0,the Black Man,PERSON,9,22
mdp.39015042004625,210,11,0,the Black Female,PERSON,27,43
mdp.39015042004625,210,14,0,John,PERSON,4,8
mdp.39015042004625,210,15,0,African,NORP,58,65
mdp.39015042004625,210,15,1,African,NORP,80,87
mdp.39015042004625,210,15,2,204,CARDINAL,112,115
mdp.39015042004625,211,0,0,Africans,NORP,19,27
mdp.39015042004625,211,0,1,J. Edgar Hoover,PERSON,55,70
mdp.39015042004625,211,0,2,one,CARDINAL,105,108
mdp.39015042004625,211,1,0,Du Bois,PERSON,4,11
mdp.39015042004625,211,1,1,The Philadelphia Negro,WORK_OF_ART,29,51
mdp.39015042004625,211,2,0,Europeans,NORP,46,55
mdp.39015042004625,211,3,0,hundreds of years,DATE,115,132
mdp.39015042004625,211,3,1,thousands of years,DATE,195,213
mdp.39015042004625,211,4,0,African,NORP,103,110
mdp.39015042004625,211,8,0,Afro-Amerikkkans,NORP,88,104
mdp.39015042004625,211,8,1,Negroes,NORP,106,113
mdp.39015042004625,211,8,2,Amerikkkans,NORP,120,131
mdp.39015042004625,211,10,0,Bobby Hutton,PERSON,65,77
mdp.39015042004625,211,10,1,August 205,DATE,105,115
mdp.39015042004625,212,0,0,GEORGE JACKSON,PERSON,0,14
mdp.39015042004625,212,4,0,two,CARDINAL,67,70
mdp.39015042004625,212,8,0,Lil' Bobby Hutton,PERSON,0,17
mdp.39015042004625,212,8,1,Oakland,GPE,80,87
mdp.39015042004625,212,8,2,Eldridge Cleaver,PERSON,109,125
mdp.39015042004625,212,9,0,Hutton,PERSON,0,6
mdp.39015042004625,212,11,0,Central,FAC,17,24
mdp.39015042004625,212,11,1,August 7th,DATE,78,88
mdp.39015042004625,212,12,0,the Black Panther Party,ORG,21,44
mdp.39015042004625,212,12,1,206,CARDINAL,177,180
mdp.39015042004625,213,2,0,Amerikan,NORP,156,164
mdp.39015042004625,213,12,0,Newton,PERSON,238,244
mdp.39015042004625,213,13,0,207,CARDINAL,2,5
mdp.39015042004625,214,0,0,GEORGE JACKSON ests.,PERSON,0,20
mdp.39015042004625,214,4,0,Huey Newton,PERSON,56,67
mdp.39015042004625,214,9,0,Jonathan,PERSON,20,28
mdp.39015042004625,214,12,0,more than thirty,CARDINAL,77,93
mdp.39015042004625,214,12,1,the Black Panther Party,ORG,168,191
mdp.39015042004625,214,12,2,Eldridge Cleaver,PERSON,195,211
mdp.39015042004625,214,12,3,Algeria,GPE,241,248
mdp.39015042004625,214,12,4,New York.-Ed,GPE,253,265
mdp.39015042004625,214,12,5,208,CARDINAL,267,270
mdp.39015042004625,215,1,0,a few moments,TIME,22,35
mdp.39015042004625,215,4,0,August 7th,DATE,46,56
mdp.39015042004625,215,4,1,Anglo-Saxon,NORP,245,256
mdp.39015042004625,215,6,0,Jonathan,PERSON,3,11
mdp.39015042004625,215,6,1,that Friday,DATE,49,60
mdp.39015042004625,215,7,0,Jonathan,PERSON,51,59
mdp.39015042004625,215,7,1,the Black Panther Party,ORG,101,124
mdp.39015042004625,215,8,0,Huey Newton,PERSON,123,134
mdp.39015042004625,215,8,1,David Hilliard,PERSON,139,153
mdp.39015042004625,215,11,0,Cleaver,PERSON,123,130
mdp.39015042004625,216,0,0,GEORGE JACKSON,PERSON,0,14
mdp.39015042004625,216,1,0,first,ORDINAL,175,180
mdp.39015042004625,216,1,1,Muslims,NORP,193,200
mdp.39015042004625,216,1,2,Sacramento Bee Pig,ORG,214,232
mdp.39015042004625,216,1,3,the Peace and Freedom Party,ORG,264,291
mdp.39015042004625,216,1,4,C.P.,ORG,338,342
mdp.39015042004625,216,1,5,Angela Davis,PERSON,392,404
mdp.39015042004625,216,2,0,Charles Garry,PERSON,70,83
mdp.39015042004625,216,4,0,Fidel,PERSON,42,47
mdp.39015042004625,216,4,1,Cuba,GPE,52,56
mdp.39015042004625,216,6,0,Ulysses McDaniel,PERSON,124,140
mdp.39015042004625,216,6,1,Clifford Jefferson,PERSON,145,163
mdp.39015042004625,216,6,2,two,CARDINAL,165,168
mdp.39015042004625,216,6,3,California,GPE,235,245
mdp.39015042004625,216,11,0,seven thousand miles,QUANTITY,14,34
mdp.39015042004625,217,2,0,"early August, 1971",DATE,20,38
mdp.39015042004625,217,8,0,"1,000",CARDINAL,56,61
mdp.39015042004625,217,9,0,"April 6, 1971",DATE,16,29
mdp.39015042004625,217,10,0,George Jackson 211,PERSON,0,18
mdp.39015042004625,219,0,0,Huey P. Newton,PERSON,23,37
mdp.39015042004625,219,0,1,Black Panther Party,ORG,62,81
mdp.39015042004625,219,0,2,the Revolutionary Memorial Service for George Jackson Power to the People,EVENT,85,158
mdp.39015042004625,219,1,0,George Jackson,PERSON,36,50
mdp.39015042004625,219,1,1,the Black Panther Party,ORG,62,85
mdp.39015042004625,219,2,0,First,ORDINAL,0,5
mdp.39015042004625,219,2,1,George Jackson,PERSON,97,111
mdp.39015042004625,219,2,2,the Black Panther Party,ORG,116,139
mdp.39015042004625,219,3,0,1967,DATE,25,29
mdp.39015042004625,219,3,1,George,PERSON,36,42
mdp.39015042004625,219,5,0,Soledad Prison,FAC,10,24
mdp.39015042004625,219,5,1,California Penal Colony,FAC,47,70
mdp.39015042004625,219,6,0,George,PERSON,0,6
mdp.39015042004625,219,6,1,213,CARDINAL,11,14
mdp.39015042004625,220,1,0,George,PERSON,6,12
mdp.39015042004625,220,2,0,the Black Panther Party,ORG,96,119
mdp.39015042004625,220,3,0,the People's Revolutionary Army,ORG,39,70
mdp.39015042004625,220,6,0,George Jackson,PERSON,0,14
mdp.39015042004625,220,10,0,Today,DATE,0,5
mdp.39015042004625,220,10,1,George,PERSON,26,32
mdp.39015042004625,220,11,0,Panthers,NORP,108,116
mdp.39015042004625,220,12,0,one,CARDINAL,57,60
mdp.39015042004625,220,13,0,George,PERSON,9,15
mdp.39015042004625,220,14,0,George Jackson,PERSON,26,40
mdp.39015042004625,220,15,0,First,ORDINAL,0,5
mdp.39015042004625,220,20,0,the United States,GPE,21,38
mdp.39015042004625,220,21,0,214,CARDINAL,10,13
mdp.39015042004625,221,0,0,AFTERWORD,ORG,0,9
mdp.39015042004625,221,9,0,George Jackson,PERSON,0,14
mdp.39015042004625,221,10,0,George Jackson,PERSON,22,36
mdp.39015042004625,221,12,0,George Jackson,PERSON,36,50
mdp.39015042004625,221,12,1,five,CARDINAL,58,62
mdp.39015042004625,221,12,2,five,CARDINAL,71,75
mdp.39015042004625,221,12,3,three,CARDINAL,100,105
mdp.39015042004625,221,12,4,the space of,TIME,109,121
mdp.39015042004625,221,12,5,thirty seconds,TIME,122,136
mdp.39015042004625,221,14,0,George Jackson,PERSON,14,28
mdp.39015042004625,221,15,0,George Jackson,PERSON,84,98
mdp.39015042004625,221,17,0,George Jackson,PERSON,42,56
mdp.39015042004625,221,17,1,George Jackson,PERSON,71,85
mdp.39015042004625,221,17,2,George Jackson,PERSON,114,128
mdp.39015042004625,221,18,0,George,PERSON,0,6
mdp.39015042004625,221,18,1,San Quentin,FAC,55,66
mdp.39015042004625,221,18,2,that terrible day,DATE,70,87
mdp.39015042004625,221,18,3,America,GPE,181,188
mdp.39015042004625,222,3,0,George,PERSON,0,6
mdp.39015042004625,222,4,0,George Jackson,PERSON,73,87
mdp.39015042004625,222,7,0,George Jackson,PERSON,86,100
mdp.39015042004625,222,11,0,George Jackson,PERSON,83,97
mdp.39015042004625,222,15,0,one,CARDINAL,104,107
mdp.39015042004625,222,15,1,five,CARDINAL,120,124
mdp.39015042004625,222,15,2,thirty seconds,TIME,135,149
mdp.39015042004625,222,19,0,George,PERSON,23,29
mdp.39015042004625,222,20,0,someday,DATE,32,39
mdp.39015042004625,222,21,0,two,CARDINAL,27,30
mdp.39015042004625,222,22,0,One,CARDINAL,0,3
mdp.39015042004625,222,23,0,George,PERSON,0,6
mdp.39015042004625,222,23,1,that day,DATE,117,125
mdp.39015042004625,222,23,2,San Quentin,FAC,129,140
mdp.39015042004625,222,23,3,216,CARDINAL,162,165
mdp.39015042004625,223,4,0,217,CARDINAL,0,3
