vol_id,page,sentence_id,ent_id,entity,entity_type,start_char,end_char
mdp.39015086544197,1,0,0,D. F. Bradley,PERSON,200,213
mdp.39015086544197,1,0,1,M. Calvin,PERSON,218,227
mdp.39015086544197,1,0,2,"May 19, 1954",DATE,228,240
mdp.39015086544197,1,0,3,Berkeley,GPE,241,249
mdp.39015086544197,1,0,4,California,GPE,251,261
mdp.39015086544197,3,0,0,D. F. Bradley,PERSON,128,141
mdp.39015086544197,3,0,1,M. Calvin Radiation Laboratory,PERSON,146,176
mdp.39015086544197,3,0,2,Department of Chemistry,ORG,181,204
mdp.39015086544197,3,0,3,University of California,ORG,205,229
mdp.39015086544197,3,0,4,Berkeley,GPE,231,239
mdp.39015086544197,3,0,5,California,GPE,241,251
mdp.39015086544197,3,1,0,"May 19, 1954",DATE,9,21
mdp.39015086544197,3,2,0,6,CARDINAL,41,42
mdp.39015086544197,3,2,1,Hill,LOC,102,106
mdp.39015086544197,3,5,0,2,CARDINAL,2,3
mdp.39015086544197,3,6,0,Hill,LOC,35,39
mdp.39015086544197,3,8,0,6,CARDINAL,33,34
mdp.39015086544197,3,8,1,two,CARDINAL,327,330
mdp.39015086544197,3,9,0,the U.S. Atomic Energy Commission,ORG,50,83
mdp.39015086544197,5,0,0,D. F. Bradley,ORG,93,106
mdp.39015086544197,5,0,1,M. Calvin Radiation,PERSON,111,130
mdp.39015086544197,5,0,2,Department of Chemistry,ORG,146,169
mdp.39015086544197,5,0,3,University of California,ORG,170,194
mdp.39015086544197,5,0,4,California,GPE,206,216
mdp.39015086544197,5,3,0,five,CARDINAL,138,142
mdp.39015086544197,5,5,0,6,PRODUCT,38,39
mdp.39015086544197,5,6,0,three,CARDINAL,7,12
mdp.39015086544197,5,8,0,Hill,LOC,43,47
mdp.39015086544197,5,8,1,"2,394",CARDINAL,58,63
mdp.39015086544197,6,0,0,Hill,PERSON,138,142
mdp.39015086544197,6,5,0,5,CARDINAL,143,144
mdp.39015086544197,6,6,0,900 cc,QUANTITY,0,6
mdp.39015086544197,6,6,1,7.1,CARDINAL,29,32
mdp.39015086544197,6,6,2,every 24 hours,TIME,48,62
mdp.39015086544197,6,6,3,100 cc,QUANTITY,71,77
mdp.39015086544197,6,6,4,900 cc,QUANTITY,110,116
mdp.39015086544197,6,6,5,"6,8",CARDINAL,146,149
mdp.39015086544197,6,7,0,18,CARDINAL,71,73
mdp.39015086544197,6,7,1,25°C,QUANTITY,77,81
mdp.39015086544197,6,7,2,Hill,LOC,156,160
mdp.39015086544197,6,8,0,4%,PERCENT,97,99
mdp.39015086544197,6,10,0,Sylvania,ORG,69,77
mdp.39015086544197,6,10,1,100,CARDINAL,84,87
mdp.39015086544197,6,10,2,1.8 x 104 ergs/cm/sec,QUANTITY,143,164
mdp.39015086544197,6,11,0,1900 x g,QUANTITY,51,59
mdp.39015086544197,6,11,1,2 to 4,CARDINAL,98,104
mdp.39015086544197,6,12,0,Hill,LOC,7,11
mdp.39015086544197,6,12,1,two,CARDINAL,139,142
mdp.39015086544197,7,0,0,20 mm,QUANTITY,66,71
mdp.39015086544197,7,0,1,3,CARDINAL,95,96
mdp.39015086544197,7,0,2,6.7,CARDINAL,110,113
mdp.39015086544197,7,0,3,1/30 mole,QUANTITY,134,143
mdp.39015086544197,7,0,4,1/30 mole,QUANTITY,152,161
mdp.39015086544197,7,0,5,1/100 mole kcl,QUANTITY,174,188
mdp.39015086544197,7,0,6,1 liter,QUANTITY,192,199
mdp.39015086544197,7,3,0,24 hours,TIME,79,87
mdp.39015086544197,7,3,1,3-5°,QUANTITY,111,115
mdp.39015086544197,7,5,0,3 ml,QUANTITY,38,42
mdp.39015086544197,7,5,1,80%,PERCENT,44,47
mdp.39015086544197,7,5,2,approximately 1 minute,TIME,82,104
mdp.39015086544197,7,6,0,two,CARDINAL,60,63
mdp.39015086544197,7,6,1,Cary,PERSON,112,116
mdp.39015086544197,7,7,0,660-670 A,QUANTITY,27,36
mdp.39015086544197,7,9,0,9,CARDINAL,53,54
mdp.39015086544197,7,9,1,104 liter,QUANTITY,57,66
mdp.39015086544197,7,9,2,6,CARDINAL,80,81
mdp.39015086544197,7,10,0,1-2 mg,QUANTITY,13,19
mdp.39015086544197,7,11,0,6.7,CARDINAL,135,138
mdp.39015086544197,7,11,1,0.25 1.0 mg./0.050 ml,QUANTITY,161,182
mdp.39015086544197,8,2,0,7.9 8.3 cm,QUANTITY,57,67
mdp.39015086544197,8,3,0,three,CARDINAL,38,43
mdp.39015086544197,8,3,1,Umbreit,PERSON,77,84
mdp.39015086544197,8,4,0,1,CARDINAL,130,131
mdp.39015086544197,8,4,1,seven,CARDINAL,133,138
mdp.39015086544197,8,4,2,General Electric,ORG,139,155
mdp.39015086544197,8,4,3,2,CARDINAL,174,175
mdp.39015086544197,8,4,4,three,CARDINAL,177,182
mdp.39015086544197,8,4,5,40 watt,QUANTITY,183,190
mdp.39015086544197,8,4,6,3,CARDINAL,206,207
mdp.39015086544197,8,4,7,seven,CARDINAL,209,214
mdp.39015086544197,8,4,8,General Electric,ORG,215,231
mdp.39015086544197,8,4,9,4,CARDINAL,251,252
mdp.39015086544197,8,4,10,five,CARDINAL,254,258
mdp.39015086544197,8,4,11,General Electric,ORG,259,275
mdp.39015086544197,8,5,0,2,CARDINAL,13,14
mdp.39015086544197,8,5,1,1.6 x 105 ergs/cm²/sec.,QUANTITY,88,111
mdp.39015086544197,8,6,0,6,CARDINAL,50,51
mdp.39015086544197,8,7,0,5%,PERCENT,64,66
mdp.39015086544197,8,8,0,Hill,LOC,34,38
mdp.39015086544197,8,8,1,0.20 ml,QUANTITY,60,67
mdp.39015086544197,8,8,2,20%,PERCENT,72,75
mdp.39015086544197,8,8,3,1 cm,QUANTITY,136,140
mdp.39015086544197,8,9,0,Two ml,QUANTITY,0,6
mdp.39015086544197,8,10,0,100 l,QUANTITY,21,26
mdp.39015086544197,8,10,1,6.7,CARDINAL,57,60
mdp.39015086544197,8,10,2,100,CARDINAL,90,93
mdp.39015086544197,8,10,3,6,CARDINAL,98,99
mdp.39015086544197,8,10,4,10 minutes,TIME,174,184
mdp.39015086544197,8,11,0,One ml,QUANTITY,0,6
mdp.39015086544197,8,12,0,6,CARDINAL,54,55
mdp.39015086544197,8,13,0,10 minutes,TIME,119,129
mdp.39015086544197,9,0,0,6,PRODUCT,67,68
mdp.39015086544197,9,1,0,about 150 rpm,QUANTITY,33,46
mdp.39015086544197,9,1,1,2 minute,TIME,74,82
mdp.39015086544197,9,2,0,minutes,TIME,127,134
mdp.39015086544197,9,3,0,three,CARDINAL,16,21
mdp.39015086544197,9,3,1,Hill,PERSON,184,188
mdp.39015086544197,9,4,0,the first two minutes,TIME,33,54
mdp.39015086544197,9,4,1,several jil,TIME,59,70
mdp.39015086544197,9,4,2,two-minute,TIME,99,109
mdp.39015086544197,9,4,3,se,NORP,137,139
mdp.39015086544197,9,5,0,"0.5 mil./min,",QUANTITY,82,95
mdp.39015086544197,9,5,1,1.5 ml/min,QUANTITY,193,203
mdp.39015086544197,9,7,0,Hill,LOC,63,67
mdp.39015086544197,9,8,0,20 kl. 02/min./40 mil,QUANTITY,86,107
mdp.39015086544197,9,8,1,30,CARDINAL,116,118
mdp.39015086544197,9,10,0,91.3%,PERCENT,36,41
mdp.39015086544197,9,10,1,Hill,LOC,163,167
mdp.39015086544197,9,10,2,"4,8,9,10",CARDINAL,178,186
mdp.39015086544197,9,11,0,0.1 1.0 mg,QUANTITY,21,31
mdp.39015086544197,9,11,1,1,CARDINAL,103,104
mdp.39015086544197,9,11,2,91,CARDINAL,169,171
mdp.39015086544197,10,1,0,3,CARDINAL,3,4
mdp.39015086544197,10,1,1,60 40,CARDINAL,29,34
mdp.39015086544197,10,2,0,1,CARDINAL,7,8
mdp.39015086544197,10,2,1,Hill,LOC,28,32
mdp.39015086544197,10,2,2,6,CARDINAL,45,46
mdp.39015086544197,10,3,0,1.5 mg,QUANTITY,0,6
mdp.39015086544197,10,3,1,0.25 mg,QUANTITY,17,24
mdp.39015086544197,10,4,0,6,CARDINAL,0,1
mdp.39015086544197,10,4,1,30 mm3,QUANTITY,17,23
mdp.39015086544197,10,5,0,15.70 C.,QUANTITY,0,8
mdp.39015086544197,11,0,0,1821,CARDINAL,57,61
mdp.39015086544197,11,0,1,6,CARDINAL,83,84
mdp.39015086544197,11,0,2,Hill,LOC,141,145
mdp.39015086544197,11,1,0,34,CARDINAL,9,11
mdp.39015086544197,11,2,0,Chlorella,PRODUCT,35,44
mdp.39015086544197,11,3,0,Scenedesmus,LOC,37,48
mdp.39015086544197,11,3,1,6,CARDINAL,92,93
mdp.39015086544197,12,2,0,0.5 mg,QUANTITY,5,11
mdp.39015086544197,12,2,1,six,CARDINAL,20,23
mdp.39015086544197,12,2,2,II,CARDINAL,110,112
mdp.39015086544197,12,2,3,as much as 2/3,CARDINAL,160,174
mdp.39015086544197,12,2,4,0.5 mg,QUANTITY,194,200
mdp.39015086544197,12,3,0,6,CARDINAL,39,40
mdp.39015086544197,12,3,1,5,CARDINAL,46,47
mdp.39015086544197,12,3,2,5,CARDINAL,110,111
mdp.39015086544197,12,3,3,6,CARDINAL,118,119
mdp.39015086544197,12,3,4,nearly five,CARDINAL,136,147
mdp.39015086544197,12,3,5,0.125 mg,QUANTITY,168,176
mdp.39015086544197,12,3,6,6,CARDINAL,178,179
mdp.39015086544197,12,3,7,0.125 mg,QUANTITY,189,197
mdp.39015086544197,12,3,8,only 1/5,CARDINAL,255,263
mdp.39015086544197,12,4,0,6,CARDINAL,124,125
mdp.39015086544197,12,5,0,5,CARDINAL,28,29
mdp.39015086544197,12,5,1,6,CARDINAL,57,58
mdp.39015086544197,12,5,2,60-70%,PERCENT,64,70
mdp.39015086544197,12,5,3,0.25 mg,QUANTITY,105,112
mdp.39015086544197,12,5,4,6 MO,QUANTITY,129,133
mdp.39015086544197,12,5,5,II,CARDINAL,195,197
mdp.39015086544197,12,6,0,III,CARDINAL,38,41
mdp.39015086544197,12,7,0,10-3 M,QUANTITY,0,6
mdp.39015086544197,12,7,1,6,CARDINAL,56,57
mdp.39015086544197,12,8,0,10-3 M,QUANTITY,0,6
mdp.39015086544197,12,8,1,6,CARDINAL,63,64
mdp.39015086544197,12,9,0,10-3 M,QUANTITY,0,6
mdp.39015086544197,12,9,1,6,CARDINAL,81,82
mdp.39015086544197,12,10,0,1-2 mg,QUANTITY,0,6
mdp.39015086544197,12,10,1,IV,CARDINAL,81,83
mdp.39015086544197,12,11,0,6,CARDINAL,10,11
mdp.39015086544197,12,12,0,6,CARDINAL,34,35
mdp.39015086544197,12,13,0,6,CARDINAL,57,58
mdp.39015086544197,12,13,1,about 0.1 mg./vessel,QUANTITY,66,86
mdp.39015086544197,12,13,2,6,CARDINAL,135,136
mdp.39015086544197,12,14,0,two,CARDINAL,4,7
mdp.39015086544197,12,14,1,one year apart,DATE,32,46
mdp.39015086544197,13,0,0,1,CARDINAL,86,87
mdp.39015086544197,13,0,1,0.58,CARDINAL,115,119
mdp.39015086544197,13,0,2,2.9,CARDINAL,126,129
mdp.39015086544197,13,0,3,0.5 mg,QUANTITY,132,138
mdp.39015086544197,13,1,0,6,CARDINAL,0,1
mdp.39015086544197,13,1,1,6,CARDINAL,23,24
mdp.39015086544197,13,3,0,3,CARDINAL,174,175
mdp.39015086544197,13,3,1,6 minutes,TIME,177,186
mdp.39015086544197,13,3,2,4,CARDINAL,201,202
mdp.39015086544197,13,3,3,6 minutes,TIME,204,213
mdp.39015086544197,13,3,4,6 minutes,TIME,239,248
mdp.39015086544197,14,0,0,3,CARDINAL,83,84
mdp.39015086544197,14,0,1,15.7° R (u 1/min,QUANTITY,115,131
mdp.39015086544197,14,3,0,2,CARDINAL,27,28
mdp.39015086544197,14,3,1,0.25 mg,QUANTITY,30,37
mdp.39015086544197,14,4,0,50 minutes,TIME,41,51
mdp.39015086544197,14,5,0,4,CARDINAL,1,2
mdp.39015086544197,14,5,1,50 minutes,TIME,29,39
mdp.39015086544197,15,0,0,15.7,CARDINAL,101,105
mdp.39015086544197,15,0,1,3,CARDINAL,117,118
mdp.39015086544197,16,0,0,3,CARDINAL,85,86
mdp.39015086544197,16,0,1,15.7°,QUANTITY,98,103
mdp.39015086544197,16,0,2,30 mm,QUANTITY,105,110
mdp.39015086544197,16,2,0,1.0 mg,QUANTITY,5,11
mdp.39015086544197,16,2,1,2.0 mg,QUANTITY,17,23
mdp.39015086544197,16,4,0,6,CARDINAL,18,19
mdp.39015086544197,16,4,1,0,CARDINAL,68,69
mdp.39015086544197,16,4,2,40 mm,QUANTITY,70,75
mdp.39015086544197,16,4,3,15.7° e,QUANTITY,102,109
mdp.39015086544197,17,1,0,3,CARDINAL,29,30
mdp.39015086544197,17,1,1,40 mm,QUANTITY,83,88
mdp.39015086544197,17,1,2,ten-thousand fold,CARDINAL,121,138
mdp.39015086544197,17,3,0,6,CARDINAL,21,22
mdp.39015086544197,17,4,0,3-11-53,CARDINAL,35,42
mdp.39015086544197,17,4,1,1.51 mg,QUANTITY,44,51
mdp.39015086544197,17,4,2,0.25 mg,QUANTITY,62,69
mdp.39015086544197,17,4,3,5.0 41./min,QUANTITY,107,118
mdp.39015086544197,17,4,4,6,CARDINAL,126,127
mdp.39015086544197,17,4,5,50 minutes,TIME,167,177
mdp.39015086544197,17,4,6,60 minutes,TIME,190,200
mdp.39015086544197,17,4,7,6.8 M1./min,QUANTITY,243,254
mdp.39015086544197,17,4,8,10 minutes,TIME,262,272
mdp.39015086544197,17,4,9,60 minutes,TIME,302,312
mdp.39015086544197,17,4,10,6.8,CARDINAL,343,346
mdp.39015086544197,17,4,11,2,CARDINAL,353,354
mdp.39015086544197,17,4,12,60 minutes,TIME,365,375
mdp.39015086544197,17,4,13,5.1,CARDINAL,414,417
mdp.39015086544197,17,4,14,2,CARDINAL,431,432
mdp.39015086544197,17,4,15,5.0,CARDINAL,492,495
mdp.39015086544197,17,4,16,6,CARDINAL,506,507
mdp.39015086544197,17,4,17,five minutes,TIME,537,549
mdp.39015086544197,17,4,18,10 2 minutes,TIME,581,593
mdp.39015086544197,17,4,19,4.5 Ml./min.,QUANTITY,628,640
mdp.39015086544197,17,5,0,6,CARDINAL,43,44
mdp.39015086544197,17,6,0,VI,CARDINAL,37,39
mdp.39015086544197,17,7,0,VII,CARDINAL,6,9
mdp.39015086544197,17,7,1,6,CARDINAL,33,34
mdp.39015086544197,17,7,2,one,CARDINAL,88,91
mdp.39015086544197,17,7,3,6 hours,TIME,134,141
mdp.39015086544197,17,7,4,3°,QUANTITY,193,195
mdp.39015086544197,17,8,0,Hill,LOC,55,59
mdp.39015086544197,17,9,0,II,CARDINAL,17,19
mdp.39015086544197,18,0,0,3 40 mm,QUANTITY,93,100
mdp.39015086544197,18,1,0,15.7°,QUANTITY,26,31
mdp.39015086544197,18,1,1,1.04 mg,QUANTITY,33,40
mdp.39015086544197,18,1,2,1/2 hour,TIME,51,59
mdp.39015086544197,18,2,0,6,CARDINAL,40,41
mdp.39015086544197,18,2,1,61,CARDINAL,63,65
mdp.39015086544197,18,2,2,3.4,CARDINAL,81,84
mdp.39015086544197,18,2,3,15.37,CARDINAL,85,90
mdp.39015086544197,18,2,4,18.1,CARDINAL,91,95
mdp.39015086544197,18,2,5,15.37,CARDINAL,96,101
mdp.39015086544197,18,2,6,14.97,CARDINAL,102,107
mdp.39015086544197,18,2,7,1,CARDINAL,109,110
mdp.39015086544197,18,3,0,40 mm,QUANTITY,72,77
mdp.39015086544197,18,3,1,1.54 mg,QUANTITY,91,98
mdp.39015086544197,18,3,2,15.7°,QUANTITY,122,127
mdp.39015086544197,18,3,3,6,CARDINAL,148,149
mdp.39015086544197,18,4,0,6 hours,TIME,7,14
mdp.39015086544197,18,4,1,30,CARDINAL,32,34
mdp.39015086544197,19,1,0,100 à 1 M KOH,QUANTITY,25,38
mdp.39015086544197,19,1,1,100 d 1 M HC1,QUANTITY,42,55
mdp.39015086544197,19,2,0,VIII,CARDINAL,66,70
mdp.39015086544197,19,3,0,0.02,CARDINAL,158,162
mdp.39015086544197,19,5,0,Hill,LOC,53,57
mdp.39015086544197,19,6,0,IX,CARDINAL,213,215
mdp.39015086544197,19,7,0,first,ORDINAL,37,42
mdp.39015086544197,19,7,1,between 1 and 2 mg,QUANTITY,74,92
mdp.39015086544197,19,7,2,zero,CARDINAL,112,116
mdp.39015086544197,19,7,3,between 2 and 4 mg,QUANTITY,144,162
mdp.39015086544197,19,8,0,4 mg,QUANTITY,7,11
mdp.39015086544197,19,9,0,Hill,LOC,109,113
mdp.39015086544197,19,9,1,"9,10",CARDINAL,124,128
mdp.39015086544197,19,9,2,12,CARDINAL,130,132
mdp.39015086544197,19,10,0,6,CARDINAL,4,5
mdp.39015086544197,19,11,0,IX,CARDINAL,50,52
mdp.39015086544197,19,12,0,6,CARDINAL,35,36
mdp.39015086544197,20,0,0,1-27-54,DATE,88,95
mdp.39015086544197,20,0,1,40 mm,QUANTITY,97,102
mdp.39015086544197,20,0,2,0.5 mg,QUANTITY,115,121
mdp.39015086544197,20,0,3,1.02 mg,QUANTITY,137,144
mdp.39015086544197,20,0,4,15.7°,QUANTITY,168,173
mdp.39015086544197,20,1,0,6.17,CARDINAL,25,29
mdp.39015086544197,20,1,1,2.6,CARDINAL,40,43
mdp.39015086544197,20,1,2,7.35,CARDINAL,64,68
mdp.39015086544197,20,1,3,12.5,CARDINAL,69,73
mdp.39015086544197,20,1,4,16.31,CARDINAL,74,79
mdp.39015086544197,21,0,0,40 mm,QUANTITY,118,123
mdp.39015086544197,21,0,1,0.50 mg,QUANTITY,137,144
mdp.39015086544197,21,1,0,6,CARDINAL,0,1
mdp.39015086544197,21,3,0,2 3,CARDINAL,17,20
mdp.39015086544197,21,3,1,6,CARDINAL,26,27
mdp.39015086544197,21,3,2,2 3,CARDINAL,35,38
mdp.39015086544197,22,1,0,15.7°,PERCENT,6,11
mdp.39015086544197,22,1,1,1,CARDINAL,68,69
mdp.39015086544197,22,2,0,1 mg.6T,QUANTITY,14,21
mdp.39015086544197,23,0,0,6,CARDINAL,44,45
mdp.39015086544197,23,3,0,Hill,LOC,16,20
mdp.39015086544197,23,3,1,Hill 1,FAC,142,148
mdp.39015086544197,23,6,0,XI,CARDINAL,6,8
mdp.39015086544197,23,8,0,XII,CARDINAL,6,9
mdp.39015086544197,23,8,1,"9,10",CARDINAL,70,74
mdp.39015086544197,23,9,0,61,CARDINAL,55,57
mdp.39015086544197,23,10,0,Scenedesmus,LOC,126,137
mdp.39015086544197,23,10,1,6,CARDINAL,174,175
mdp.39015086544197,23,11,0,one hour,TIME,3,11
mdp.39015086544197,23,11,1,60,CARDINAL,43,45
mdp.39015086544197,24,1,0,40 mm,QUANTITY,80,85
mdp.39015086544197,24,1,1,15.7° R,QUANTITY,112,119
mdp.39015086544197,24,2,0,22 minutes,TIME,49,59
mdp.39015086544197,24,2,1,6 minutes,TIME,64,73
mdp.39015086544197,24,2,2,6,CARDINAL,87,88
mdp.39015086544197,24,2,3,6,CARDINAL,103,104
mdp.39015086544197,24,3,0,13.0,CARDINAL,38,42
mdp.39015086544197,24,3,1,40 mm,QUANTITY,132,137
mdp.39015086544197,24,3,2,15.7°,QUANTITY,164,169
mdp.39015086544197,24,3,3,1.55 mg,QUANTITY,171,178
mdp.39015086544197,24,5,0,10 minutes,TIME,24,34
mdp.39015086544197,24,5,1,6,CARDINAL,75,76
mdp.39015086544197,24,5,2,1 hour,TIME,158,164
mdp.39015086544197,24,5,3,1,CARDINAL,166,167
mdp.39015086544197,24,5,4,142,CARDINAL,169,172
mdp.39015086544197,25,2,0,6,CARDINAL,52,53
mdp.39015086544197,25,3,0,XII,CARDINAL,93,96
mdp.39015086544197,25,3,1,10-5 M,QUANTITY,112,118
mdp.39015086544197,25,5,0,6,CARDINAL,37,38
mdp.39015086544197,25,7,0,XIII,CARDINAL,6,10
mdp.39015086544197,25,7,1,Warburg,PRODUCT,164,171
mdp.39015086544197,25,8,0,42%,PERCENT,103,106
mdp.39015086544197,25,9,0,1.6 x 10' ergs/ 2 2,QUANTITY,38,57
mdp.39015086544197,25,9,1,0.7 x ergs/cm,QUANTITY,89,102
mdp.39015086544197,25,9,2,205 cm 9 existence,QUANTITY,125,143
mdp.39015086544197,25,12,0,20 mm cells,QUANTITY,66,77
mdp.39015086544197,25,12,1,6,CARDINAL,138,139
mdp.39015086544197,25,13,0,XIV,CARDINAL,6,9
mdp.39015086544197,26,0,0,XIII,CARDINAL,6,10
mdp.39015086544197,26,0,1,40 mm,QUANTITY,70,75
mdp.39015086544197,26,0,2,109,CARDINAL,98,101
mdp.39015086544197,26,0,3,6,CARDINAL,123,124
mdp.39015086544197,26,0,4,6,CARDINAL,160,161
mdp.39015086544197,26,0,5,XIV,CARDINAL,492,495
mdp.39015086544197,26,0,6,15.7,CARDINAL,567,571
mdp.39015086544197,26,0,7,3 mm,QUANTITY,584,588
mdp.39015086544197,27,3,0,1,CARDINAL,16,17
mdp.39015086544197,27,3,1,6,CARDINAL,70,71
mdp.39015086544197,27,3,2,2,CARDINAL,130,131
mdp.39015086544197,27,3,3,6,CARDINAL,212,213
mdp.39015086544197,27,3,4,6,CARDINAL,314,315
mdp.39015086544197,27,4,0,Hill,LOC,49,53
mdp.39015086544197,27,4,1,10,CARDINAL,158,160
mdp.39015086544197,27,4,2,"13,4",CARDINAL,162,166
mdp.39015086544197,27,6,0,Hill,LOC,24,28
mdp.39015086544197,27,6,1,1 mg,QUANTITY,60,64
mdp.39015086544197,27,6,2,Warburg No. 9 buffer,FAC,169,189
mdp.39015086544197,27,6,3,9,CARDINAL,205,206
mdp.39015086544197,27,8,0,XVI,CARDINAL,7,10
mdp.39015086544197,27,8,1,6,CARDINAL,21,22
mdp.39015086544197,27,9,0,Hill,LOC,58,62
mdp.39015086544197,27,9,1,Hill,LOC,96,100
mdp.39015086544197,27,9,2,1 mg,QUANTITY,146,150
mdp.39015086544197,27,10,0,20%,PERCENT,4,7
mdp.39015086544197,28,1,0,40 mm,QUANTITY,52,57
mdp.39015086544197,28,1,1,15.7° C,QUANTITY,84,91
mdp.39015086544197,28,1,2,1,CARDINAL,137,138
mdp.39015086544197,28,1,3,1.6,CARDINAL,145,148
mdp.39015086544197,28,1,4,105,CARDINAL,170,173
mdp.39015086544197,28,2,0,3 mg,QUANTITY,2,6
mdp.39015086544197,28,5,0,0.5 mg,QUANTITY,87,93
mdp.39015086544197,28,5,1,XVI,CARDINAL,197,200
mdp.39015086544197,28,5,2,40 mm,QUANTITY,285,290
mdp.39015086544197,28,5,3,15.70,CARDINAL,317,322
mdp.39015086544197,28,5,4,Warburg,GPE,362,369
mdp.39015086544197,28,5,5,9,CARDINAL,377,378
mdp.39015086544197,28,5,6,6,CARDINAL,400,401
mdp.39015086544197,28,5,7,6,CARDINAL,416,417
mdp.39015086544197,29,1,0,Hill,LOC,54,58
mdp.39015086544197,29,5,0,two,CARDINAL,71,74
mdp.39015086544197,29,6,0,6,PRODUCT,52,53
mdp.39015086544197,29,6,1,1,CARDINAL,219,220
mdp.39015086544197,29,9,0,6 T,QUANTITY,30,33
mdp.39015086544197,29,9,1,IX,CARDINAL,192,194
mdp.39015086544197,29,10,0,"15,16",CARDINAL,225,230
mdp.39015086544197,30,2,0,IX,CARDINAL,133,135
mdp.39015086544197,30,4,0,XV,CARDINAL,158,160
mdp.39015086544197,30,4,1,6,CARDINAL,220,221
mdp.39015086544197,30,8,0,6,CARDINAL,73,74
mdp.39015086544197,30,8,1,2,CARDINAL,123,124
mdp.39015086544197,30,8,2,6,CARDINAL,147,148
mdp.39015086544197,30,10,0,0.1 mg,QUANTITY,6,12
mdp.39015086544197,30,10,1,1.0 mg,QUANTITY,79,85
mdp.39015086544197,30,10,2,IX,CARDINAL,102,104
mdp.39015086544197,30,10,3,6,CARDINAL,126,127
mdp.39015086544197,30,10,4,approximately 20,CARDINAL,205,221
mdp.39015086544197,31,1,0,6,PRODUCT,15,16
mdp.39015086544197,31,3,0,6,PRODUCT,41,42
mdp.39015086544197,31,3,1,XIII,CARDINAL,93,97
mdp.39015086544197,31,4,0,6,PRODUCT,50,51
mdp.39015086544197,31,5,0,6,PRODUCT,203,204
mdp.39015086544197,31,7,0,6,PRODUCT,43,44
mdp.39015086544197,31,7,1,IX,CARDINAL,91,93
mdp.39015086544197,31,9,0,6,PRODUCT,22,23
mdp.39015086544197,31,9,1,6,CARDINAL,182,183
mdp.39015086544197,32,2,0,6,CARDINAL,4,5
mdp.39015086544197,32,3,0,5,CARDINAL,25,26
mdp.39015086544197,32,3,1,19,CARDINAL,45,47
mdp.39015086544197,32,3,2,6,CARDINAL,95,96
mdp.39015086544197,32,3,3,Hill,LOC,156,160
mdp.39015086544197,32,3,4,61,CARDINAL,177,179
mdp.39015086544197,32,4,0,Hill,LOC,26,30
mdp.39015086544197,32,5,0,Calvin,PERSON,41,47
mdp.39015086544197,32,5,1,Barltrop,PERSON,52,60
mdp.39015086544197,32,5,2,6,PRODUCT,94,95
mdp.39015086544197,32,7,0,6,PRODUCT,24,25
mdp.39015086544197,32,7,1,Barltrop,PERSON,77,85
mdp.39015086544197,32,7,2,Calvin,PERSON,87,93
mdp.39015086544197,32,7,3,Hayes,PERSON,98,103
mdp.39015086544197,32,8,0,Hill,PERSON,90,94
mdp.39015086544197,32,8,1,19,CARDINAL,205,207
mdp.39015086544197,32,9,0,Hill,LOC,96,100
mdp.39015086544197,32,9,1,II,CARDINAL,117,119
mdp.39015086544197,32,10,0,Hill,LOC,122,126
mdp.39015086544197,32,10,1,two,CARDINAL,203,206
mdp.39015086544197,33,1,0,6,CARDINAL,42,43
mdp.39015086544197,33,2,0,One,CARDINAL,0,3
mdp.39015086544197,33,3,0,Hill,LOC,33,37
mdp.39015086544197,33,3,1,III,CARDINAL,201,204
mdp.39015086544197,33,3,2,20,CARDINAL,211,213
mdp.39015086544197,33,8,0,Hill,PERSON,75,79
mdp.39015086544197,33,8,1,VI,CARDINAL,182,184
mdp.39015086544197,33,9,0,Hill,LOC,305,309
mdp.39015086544197,34,0,0,IX,CARDINAL,48,50
mdp.39015086544197,34,0,1,XII,CARDINAL,103,106
mdp.39015086544197,34,0,2,1,CARDINAL,165,166
mdp.39015086544197,34,1,0,Hill,LOC,98,102
mdp.39015086544197,34,2,0,21,CARDINAL,108,110
mdp.39015086544197,34,2,1,Hill,LOC,213,217
mdp.39015086544197,34,3,0,61,CARDINAL,192,194
mdp.39015086544197,34,4,0,1,CARDINAL,8,9
mdp.39015086544197,34,5,0,Hill,LOC,102,106
mdp.39015086544197,34,5,1,Scenedesmus,LOC,119,130
mdp.39015086544197,34,7,0,6,CARDINAL,92,93
mdp.39015086544197,34,9,0,Hill,LOC,35,39
mdp.39015086544197,34,11,0,6,CARDINAL,33,34
mdp.39015086544197,34,11,1,two,CARDINAL,318,321
mdp.39015086544197,35,2,0,the U. S. Atomic Energy Commission,ORG,50,84
mdp.39015086544197,35,3,0,D. F. Bradley,PERSON,50,63
mdp.39015086544197,35,3,1,the Graduate Division,ORG,77,98
mdp.39015086544197,35,3,2,the University of California,ORG,102,130
mdp.39015086544197,35,4,0,"6,8",CARDINAL,73,76
mdp.39015086544197,35,4,1,"6,8",CARDINAL,103,106
mdp.39015086544197,35,4,2,"6,8",CARDINAL,134,137
mdp.39015086544197,35,4,3,4,CARDINAL,203,204
mdp.39015086544197,35,7,0,T. H. Jukes,PERSON,26,37
mdp.39015086544197,35,7,1,Lederle Laboratories,ORG,41,61
mdp.39015086544197,35,7,2,5,PRODUCT,111,112
mdp.39015086544197,36,0,0,"Calvin, M.",ORG,36,46
mdp.39015086544197,36,0,1,Barltrop,PERSON,51,59
mdp.39015086544197,36,0,2,J. Am. Chem. Soc.,ORG,68,85
mdp.39015086544197,36,0,3,74,CARDINAL,87,89
mdp.39015086544197,36,0,4,6153,CARDINAL,91,95
mdp.39015086544197,36,0,5,1952,DATE,97,101
mdp.39015086544197,36,1,0,2,CARDINAL,3,4
mdp.39015086544197,36,1,1,"Hill, R.",ORG,6,14
mdp.39015086544197,36,1,2,Nature,ORG,16,22
mdp.39015086544197,36,1,3,139,CARDINAL,24,27
mdp.39015086544197,36,1,4,881,CARDINAL,29,32
mdp.39015086544197,36,1,5,1937,DATE,34,38
mdp.39015086544197,36,2,0,Hill,PERSON,6,10
mdp.39015086544197,36,2,1,Scarisbrick,PERSON,19,30
mdp.39015086544197,36,2,2,Nature,ORG,36,42
mdp.39015086544197,36,2,3,146,CARDINAL,44,47
mdp.39015086544197,36,2,4,61,CARDINAL,49,51
mdp.39015086544197,36,2,5,1940,DATE,53,57
mdp.39015086544197,36,3,0,"Warburg, O.",ORG,0,11
mdp.39015086544197,36,3,1,"I&ttgens, W.",ORG,17,29
mdp.39015086544197,36,3,2,Biokhimiia,GPE,31,41
mdp.39015086544197,36,3,3,11,CARDINAL,43,45
mdp.39015086544197,36,3,4,303,CARDINAL,47,50
mdp.39015086544197,36,3,5,1946,DATE,52,56
mdp.39015086544197,36,4,0,"Benson, A. A.",ORG,8,21
mdp.39015086544197,36,4,1,"Calvin, M.",ORG,23,33
mdp.39015086544197,36,4,2,"Haas, V. A.",ORG,35,46
mdp.39015086544197,36,4,3,"Aronoff, S.",ORG,48,59
mdp.39015086544197,36,4,4,"Hall, A. G.",ORG,61,72
mdp.39015086544197,36,4,5,"Bassham, J. A.",ORG,74,88
mdp.39015086544197,36,4,6,"Weigl, J. W.",ORG,90,102
mdp.39015086544197,36,4,7,Photosynthesis in Plants,WORK_OF_ART,105,129
mdp.39015086544197,36,4,8,Iowa State Coll. Press.,ORG,152,175
mdp.39015086544197,36,4,9,Ames,GPE,177,181
mdp.39015086544197,36,4,10,Iowa,GPE,183,187
mdp.39015086544197,36,4,11,1949,DATE,189,193
mdp.39015086544197,36,5,0,Rabinowitch,PERSON,6,17
mdp.39015086544197,36,5,1,"Photosynthesis and Related Processes, II",WORK_OF_ART,27,67
mdp.39015086544197,36,5,2,1,CARDINAL,74,75
mdp.39015086544197,36,5,3,"New York, Interscience",ORG,77,99
mdp.39015086544197,36,5,4,1951,DATE,101,105
mdp.39015086544197,36,6,0,Umbreit,PERSON,4,11
mdp.39015086544197,36,6,1,W. W.,PERSON,13,18
mdp.39015086544197,36,6,2,Burris,PERSON,20,26
mdp.39015086544197,36,6,3,R. H.,PERSON,28,33
mdp.39015086544197,36,6,4,Stauffer,PERSON,38,46
mdp.39015086544197,36,6,5,Manometric Techniques and Related Methods for the Study of Tissue Metabolism,WORK_OF_ART,56,132
mdp.39015086544197,36,7,0,Minneapolis,GPE,0,11
mdp.39015086544197,36,7,1,Burgess Publ. Co.,ORG,13,30
mdp.39015086544197,36,7,2,1946,DATE,32,36
mdp.39015086544197,36,9,0,"Fan, C.S.",ORG,0,9
mdp.39015086544197,36,9,1,Stauffer,PERSON,11,19
mdp.39015086544197,36,9,2,Umbreit,PERSON,32,39
mdp.39015086544197,36,9,3,J. Gen. Physiol.,ORG,48,64
mdp.39015086544197,36,9,4,27,CARDINAL,66,68
mdp.39015086544197,36,9,5,15,CARDINAL,70,72
mdp.39015086544197,36,9,6,1943,DATE,74,78
mdp.39015086544197,36,10,0,Clendenning,PERSON,4,15
mdp.39015086544197,36,10,1,Ehrmantrant,PERSON,28,39
mdp.39015086544197,36,10,2,Arch. Biochem. Biophys,ORG,48,70
mdp.39015086544197,36,10,3,29,CARDINAL,73,75
mdp.39015086544197,36,10,4,387,CARDINAL,77,80
mdp.39015086544197,36,10,5,1950,DATE,82,86
mdp.39015086544197,36,11,0,Arnon,PERSON,7,12
mdp.39015086544197,36,11,1,D. I.,PERSON,14,19
mdp.39015086544197,36,11,2,Whatley,PERSON,24,31
mdp.39015086544197,36,11,3,Arch. Biochem.,ORG,40,54
mdp.39015086544197,36,11,4,23,CARDINAL,56,58
mdp.39015086544197,36,11,5,141,CARDINAL,60,63
mdp.39015086544197,36,11,6,1949,DATE,65,69
mdp.39015086544197,36,12,0,Fuller,PERSON,0,6
mdp.39015086544197,36,13,0,Ehrmantrant,PERSON,10,21
mdp.39015086544197,36,13,1,Rabinowitch,PERSON,33,44
mdp.39015086544197,36,13,2,Arch. Biochem.,ORG,50,64
mdp.39015086544197,36,13,3,38,CARDINAL,75,77
mdp.39015086544197,36,13,4,67,CARDINAL,79,81
mdp.39015086544197,36,13,5,1952,DATE,83,87
mdp.39015086544197,36,15,0,Gorham,PERSON,0,6
mdp.39015086544197,36,15,1,Clendenning,PERSON,18,29
mdp.39015086544197,36,15,2,Arch Biochem.,ORG,38,51
mdp.39015086544197,36,15,3,37,CARDINAL,62,64
mdp.39015086544197,36,15,4,199,CARDINAL,66,69
mdp.39015086544197,36,15,5,1952,DATE,71,75
mdp.39015086544197,36,16,0,Mehler,PERSON,10,16
mdp.39015086544197,36,16,1,Arch Biochem. Biophys,ORG,25,46
mdp.39015086544197,36,16,2,34,CARDINAL,49,51
mdp.39015086544197,36,16,3,339,CARDINAL,53,56
mdp.39015086544197,36,16,4,1951,DATE,58,62
mdp.39015086544197,36,17,0,Livingston,PERSON,0,10
mdp.39015086544197,36,17,1,Ke,PERSON,19,21
mdp.39015086544197,36,17,2,J. Am. Chem. Soc.,ORG,30,47
mdp.39015086544197,36,17,3,72,CARDINAL,49,51
mdp.39015086544197,36,17,4,909,CARDINAL,53,56
mdp.39015086544197,36,17,5,1950,DATE,58,62
mdp.39015086544197,36,18,0,Shiau,PERSON,0,5
mdp.39015086544197,36,18,1,Franck,PERSON,17,23
mdp.39015086544197,36,18,2,Arch. Biochem.,ORG,29,43
mdp.39015086544197,36,18,3,14,CARDINAL,45,47
mdp.39015086544197,36,18,4,253,CARDINAL,49,52
mdp.39015086544197,36,18,5,1947,DATE,54,58
mdp.39015086544197,36,19,0,16,CARDINAL,1,3
mdp.39015086544197,36,19,1,"Bullock, M. W.",ORG,10,24
mdp.39015086544197,36,19,2,"Brockman, J. A.",ORG,26,41
mdp.39015086544197,36,19,3,"Patterson, E. L.",ORG,43,59
mdp.39015086544197,36,19,4,"Peirce, J. V.",ORG,61,74
mdp.39015086544197,36,19,5,"Stokstad, L. R.",ORG,80,95
mdp.39015086544197,36,19,6,J. Am. Chem. Soc.,ORG,97,114
mdp.39015086544197,36,19,7,24,CARDINAL,116,118
mdp.39015086544197,36,19,8,3445,CARDINAL,120,124
mdp.39015086544197,36,19,9,1952,DATE,126,130
mdp.39015086544197,36,20,0,O'Kane,PERSON,0,6
mdp.39015086544197,36,20,1,D. J.,PERSON,8,13
mdp.39015086544197,36,20,2,Gunsalus,PERSON,18,26
mdp.39015086544197,36,20,3,Bact.,GPE,38,43
mdp.39015086544197,36,20,4,54,CARDINAL,45,47
mdp.39015086544197,36,20,5,20,CARDINAL,49,51
mdp.39015086544197,36,20,6,1947,DATE,53,57
mdp.39015086544197,37,0,0,"Barltrop, J. A.",ORG,24,39
mdp.39015086544197,37,0,1,"Calvin, M. and Hayes, P. M.",ORG,41,68
mdp.39015086544197,37,0,2,J. Am. Chem. Soc.,ORG,70,87
mdp.39015086544197,37,0,3,1954,DATE,99,103
mdp.39015086544197,37,1,0,20,CARDINAL,1,3
mdp.39015086544197,37,1,1,"Wessels, J. S. C.",ORG,5,22
mdp.39015086544197,37,1,2,Havinga,PERSON,27,34
mdp.39015086544197,37,1,3,72,CARDINAL,58,60
mdp.39015086544197,37,1,4,1076,CARDINAL,62,66
mdp.39015086544197,37,1,5,1953,DATE,68,72
mdp.39015086544197,37,2,0,"Aronoff, S.",ORG,5,16
mdp.39015086544197,37,2,1,21,CARDINAL,34,36
mdp.39015086544197,37,2,2,1946,DATE,43,47
