vol_id,page,sentence_id,ent_id,entity,entity_type,start_char,end_char
mdp.39015053121862,2,0,0,LIBRA,GPE,70,75
mdp.39015053121862,5,0,0,BUBBA,PERSON,25,30
mdp.39015053121862,5,0,1,Adam,PERSON,89,93
mdp.39015053121862,5,0,2,the first day,DATE,97,110
mdp.39015053121862,5,2,0,Felton Street,FAC,32,45
mdp.39015053121862,5,4,0,Bubba,PERSON,0,5
mdp.39015053121862,5,4,1,Wilmer,PERSON,40,46
mdp.39015053121862,5,4,2,Fireman,PERSON,111,118
mdp.39015053121862,5,4,3,Ferdy,PERSON,159,164
mdp.39015053121862,5,4,4,Bessie,PERSON,230,236
mdp.39015053121862,5,5,0,Bubba,PERSON,13,18
mdp.39015053121862,5,5,1,Bessie,PERSON,91,97
mdp.39015053121862,5,7,0,Ferdy,PERSON,6,11
mdp.39015053121862,5,7,1,Bubba,PERSON,48,53
mdp.39015053121862,5,7,2,Fenderson,PERSON,98,107
mdp.39015053121862,5,7,3,Bubba,PERSON,134,139
mdp.39015053121862,5,7,4,Bessie,PERSON,183,189
mdp.39015053121862,5,7,5,Bessie,PERSON,226,232
mdp.39015053121862,5,8,0,Bubba,PERSON,0,5
mdp.39015053121862,5,8,1,Jim Crow,PERSON,154,162
mdp.39015053121862,5,9,0,A Mirror For Magistrates,WORK_OF_ART,3,27
mdp.39015053121862,5,9,1,two,CARDINAL,37,40
mdp.39015053121862,7,0,0,A MIRROR FOR MAGISTRATES,WORK_OF_ART,0,24
mdp.39015053121862,7,0,1,RICHARD GIBSON,PERSON,36,50
mdp.39015053121862,8,0,0,1958,DATE,31,35
mdp.39015053121862,8,0,1,Richard Gibson,PERSON,49,63
mdp.39015053121862,8,0,2,1958,DATE,64,68
mdp.39015053121862,8,0,3,eleven,CARDINAL,76,82
mdp.39015053121862,8,0,4,Baskerville,GPE,89,100
mdp.39015053121862,8,0,5,one,CARDINAL,102,105
mdp.39015053121862,8,0,6,Great Britain,GPE,135,148
mdp.39015053121862,8,0,7,Cheltenham Press Ltd.,ORG,152,173
mdp.39015053121862,8,0,8,Cheltenham,GPE,175,185
mdp.39015053121862,8,0,9,London,GPE,190,196
mdp.39015053121862,9,0,0,40633305,CARDINAL,6,14
mdp.39015053121862,9,0,1,10116101,CARDINAL,20,28
mdp.39015053121862,9,0,2,CHARLES M. COFFIN,PERSON,33,50
mdp.39015053121862,9,0,3,BEAUFORD DELANEY,PERSON,55,71
mdp.39015053121862,11,0,0,the John Hay Whitney Foundation,ORG,50,81
mdp.39015053121862,11,0,1,the Corporation of Yaddo,ORG,212,236
mdp.39015053121862,11,0,2,Saratoga Springs,GPE,240,256
mdp.39015053121862,11,0,3,N.Y.,GPE,258,262
mdp.39015053121862,11,0,4,Elizabeth Ames,PERSON,297,311
mdp.39015053121862,13,3,0,PARADISE LOST,WORK_OF_ART,0,13
mdp.39015053121862,15,1,0,the half-light,TIME,3,17
mdp.39015053121862,15,3,0,two,CARDINAL,123,126
mdp.39015053121862,15,3,1,half,CARDINAL,152,156
mdp.39015053121862,15,5,0,Alleghenies,LOC,72,83
mdp.39015053121862,15,6,0,the very early morning,TIME,3,25
mdp.39015053121862,15,8,0,The night,TIME,0,9
mdp.39015053121862,16,0,0,Chambersburg,GPE,61,73
mdp.39015053121862,16,2,0,Felton Street,FAC,123,136
mdp.39015053121862,16,4,0,year,DATE,70,74
mdp.39015053121862,16,8,0,Louisa Mae,PERSON,0,10
mdp.39015053121862,16,8,1,Charley,PERSON,154,161
mdp.39015053121862,16,8,2,Louisa Mae,PERSON,171,181
mdp.39015053121862,16,8,3,nearly twelve years,DATE,206,225
mdp.39015053121862,16,10,0,Louisa Mae,PERSON,34,44
mdp.39015053121862,16,12,0,Louisa Mae,PERSON,0,10
mdp.39015053121862,16,14,0,Louisa Mae,PERSON,32,42
mdp.39015053121862,17,0,0,13,CARDINAL,25,27
mdp.39015053121862,17,1,0,Charley,PERSON,23,30
mdp.39015053121862,17,2,0,Louisa Mae's,PERSON,39,51
mdp.39015053121862,17,3,0,Bubba,PERSON,1,6
mdp.39015053121862,17,9,0,Felton Street,FAC,55,68
mdp.39015053121862,17,9,1,winter,DATE,123,129
mdp.39015053121862,17,10,0,Timmy,PERSON,0,5
mdp.39015053121862,17,11,0,Timmy,PERSON,8,13
mdp.39015053121862,17,11,1,day,DATE,142,145
mdp.39015053121862,17,12,0,Louisa Mae,PERSON,51,61
mdp.39015053121862,17,15,0,Louisa Mae,PERSON,16,26
mdp.39015053121862,18,3,0,Bubba,PERSON,33,38
mdp.39015053121862,18,5,0,Louisa Mae,PERSON,15,25
mdp.39015053121862,18,5,1,night,TIME,127,132
mdp.39015053121862,18,5,2,Charley,PERSON,162,169
mdp.39015053121862,18,6,0,Bubba,PERSON,0,5
mdp.39015053121862,18,9,0,Bubba,PERSON,0,5
mdp.39015053121862,18,11,0,morning,TIME,144,151
mdp.39015053121862,18,12,0,Bubba,PERSON,7,12
mdp.39015053121862,19,0,0,15,CARDINAL,25,27
mdp.39015053121862,19,1,0,Felton Street,FAC,30,43
mdp.39015053121862,19,2,0,Felton Street,FAC,33,46
mdp.39015053121862,19,2,1,one,CARDINAL,90,93
mdp.39015053121862,19,3,0,Felton Street,FAC,0,13
mdp.39015053121862,19,5,0,the Declaration of Independence,WORK_OF_ART,50,81
mdp.39015053121862,19,5,1,Booker T. Washington Junior High School,ORG,85,124
mdp.39015053121862,19,5,2,Felton Street,FAC,154,167
mdp.39015053121862,19,6,0,an extra dollar,MONEY,209,224
mdp.39015053121862,19,6,1,Felton Street,FAC,346,359
mdp.39015053121862,19,7,0,Timmy,PERSON,0,5
mdp.39015053121862,19,8,0,Detroit,GPE,59,66
mdp.39015053121862,19,8,1,one,CARDINAL,93,96
mdp.39015053121862,19,8,2,Ford,ORG,118,122
mdp.39015053121862,19,9,0,Timmy,PERSON,0,5
mdp.39015053121862,19,9,1,Detroit,GPE,38,45
mdp.39015053121862,19,9,2,Bubba,PERSON,51,56
mdp.39015053121862,19,9,3,Felton Street,FAC,137,150
mdp.39015053121862,20,1,0,Negroes,NORP,55,62
mdp.39015053121862,20,2,0,Bubba,PERSON,0,5
mdp.39015053121862,20,2,1,night,TIME,32,37
mdp.39015053121862,20,2,2,Liberty Ships,ORG,91,104
mdp.39015053121862,20,8,0,Louisa Mae,PERSON,39,49
mdp.39015053121862,20,8,1,Bubba,PERSON,76,81
mdp.39015053121862,20,9,0,months,DATE,12,18
mdp.39015053121862,20,9,1,Timmy,PERSON,55,60
mdp.39015053121862,20,9,2,five or ten dollars,MONEY,91,110
mdp.39015053121862,20,10,0,Bubba,PERSON,0,5
mdp.39015053121862,20,10,1,a half-day,DATE,11,21
mdp.39015053121862,20,10,2,a week,DATE,158,164
mdp.39015053121862,20,11,0,Bubba,PERSON,38,43
mdp.39015053121862,20,11,1,Army,ORG,65,69
mdp.39015053121862,20,12,0,Bubba,PERSON,9,14
mdp.39015053121862,20,12,1,Army,ORG,34,38
mdp.39015053121862,20,12,2,Charley,PERSON,63,70
mdp.39015053121862,20,12,3,Felton Street,FAC,88,101
mdp.39015053121862,20,12,4,Louisa Mae,PERSON,107,117
mdp.39015053121862,20,13,0,Army,ORG,34,38
mdp.39015053121862,20,13,1,Louisa Mae,PERSON,40,50
mdp.39015053121862,20,14,0,Louisa Mae,PERSON,0,10
mdp.39015053121862,20,14,1,Mount Lawn Cemetery,FAC,94,113
mdp.39015053121862,21,1,0,Bubba,PERSON,0,5
mdp.39015053121862,21,1,1,Charley,PERSON,19,26
mdp.39015053121862,21,2,0,Felton Street,FAC,36,49
mdp.39015053121862,21,2,1,Louisa Mae,PERSON,91,101
mdp.39015053121862,21,3,0,Charley,PERSON,10,17
mdp.39015053121862,21,3,1,Bubba,PERSON,70,75
mdp.39015053121862,21,3,2,Louisa Mae,PERSON,137,147
mdp.39015053121862,21,3,3,monthly,DATE,179,186
mdp.39015053121862,21,6,0,Bubba,PERSON,0,5
mdp.39015053121862,21,7,0,Felton Street,FAC,30,43
mdp.39015053121862,21,7,1,Army,ORG,53,57
mdp.39015053121862,21,10,0,Louisa Mae,PERSON,4,14
mdp.39015053121862,21,11,0,Bubba,PERSON,83,88
mdp.39015053121862,21,12,0,Felton Street,FAC,23,36
mdp.39015053121862,21,12,1,two,CARDINAL,48,51
mdp.39015053121862,21,12,2,Louisa Mae,PERSON,53,63
mdp.39015053121862,21,12,3,Charley,PERSON,68,75
mdp.39015053121862,21,13,0,Charley,PERSON,11,18
mdp.39015053121862,21,14,0,Bubba,PERSON,26,31
mdp.39015053121862,21,15,0,2,CARDINAL,40,41
mdp.39015053121862,22,0,0,Charley,PERSON,28,35
mdp.39015053121862,22,1,0,Charley,PERSON,0,7
mdp.39015053121862,22,2,0,Bubba,PERSON,0,5
mdp.39015053121862,22,3,0,Charley,PERSON,28,35
mdp.39015053121862,22,4,0,Louisa Mae,PERSON,0,10
mdp.39015053121862,22,4,1,every night,TIME,61,72
mdp.39015053121862,22,5,0,Bubba,PERSON,0,5
mdp.39015053121862,22,7,0,morning,TIME,95,102
mdp.39015053121862,22,9,0,September,DATE,83,92
mdp.39015053121862,22,10,0,Bubba,PERSON,0,5
mdp.39015053121862,22,13,0,Bubba,PERSON,0,5
mdp.39015053121862,22,14,0,Army,ORG,66,70
mdp.39015053121862,22,15,0,Felton Street,FAC,23,36
mdp.39015053121862,22,15,1,about five or six,CARDINAL,61,78
mdp.39015053121862,22,16,0,summer,DATE,3,9
mdp.39015053121862,23,0,0,19,CARDINAL,25,27
mdp.39015053121862,23,0,1,half,CARDINAL,52,56
mdp.39015053121862,23,3,0,Fort Dix,FAC,7,15
mdp.39015053121862,23,4,0,January,DATE,27,34
mdp.39015053121862,23,4,1,Bubba,PERSON,111,116
mdp.39015053121862,23,7,0,Basic Training,ORG,6,20
mdp.39015053121862,23,8,0,the U.S. Army,ORG,27,40
mdp.39015053121862,23,8,1,Europe,LOC,51,57
mdp.39015053121862,23,10,0,Bubba,PERSON,0,5
mdp.39015053121862,23,10,1,first,ORDINAL,33,38
mdp.39015053121862,23,10,2,Felton Street,FAC,187,200
mdp.39015053121862,24,2,0,Headquarters and Service Company,ORG,109,141
mdp.39015053121862,24,3,0,Bubba,PERSON,9,14
mdp.39015053121862,24,7,0,Bubba,PERSON,0,5
mdp.39015053121862,24,10,0,Bubba,PERSON,0,5
mdp.39015053121862,24,10,1,Army,ORG,75,79
mdp.39015053121862,24,11,0,Republican Club,ORG,60,75
mdp.39015053121862,24,11,1,the Police Athletic League,ORG,77,103
mdp.39015053121862,24,12,0,Army,ORG,4,8
mdp.39015053121862,24,12,1,Felton Street,FAC,64,77
mdp.39015053121862,24,17,0,Bubba,PERSON,0,5
mdp.39015053121862,25,0,0,21,CARDINAL,25,27
mdp.39015053121862,25,1,0,Nazi,NORP,39,43
mdp.39015053121862,25,1,1,German,NORP,44,50
mdp.39015053121862,25,4,0,Moss,PERSON,5,9
mdp.39015053121862,25,4,1,first,ORDINAL,86,91
mdp.39015053121862,25,6,0,Bubba,PERSON,0,5
mdp.39015053121862,25,10,0,eight in the morning,TIME,63,83
mdp.39015053121862,25,10,1,four in the afternoon,TIME,87,108
mdp.39015053121862,25,11,0,weekdays,DATE,3,11
mdp.39015053121862,25,13,0,Edgeworth,PERSON,32,41
mdp.39015053121862,25,14,0,South Mountain,LOC,49,63
mdp.39015053121862,26,2,0,one,CARDINAL,38,41
mdp.39015053121862,26,2,1,Waynesboro,GPE,175,185
mdp.39015053121862,26,3,0,nearly eight feet,QUANTITY,16,33
mdp.39015053121862,26,4,0,Bubba,PERSON,0,5
mdp.39015053121862,26,8,0,Bubba,PERSON,0,5
mdp.39015053121862,26,9,0,two,CARDINAL,35,38
mdp.39015053121862,26,10,0,one,CARDINAL,40,43
mdp.39015053121862,26,15,0,the entire summer,DATE,9,26
mdp.39015053121862,26,15,1,Bubba,PERSON,28,33
mdp.39015053121862,27,2,0,a moment,TIME,14,22
mdp.39015053121862,27,3,0,four,CARDINAL,32,36
mdp.39015053121862,27,8,0,Bubba,PERSON,0,5
mdp.39015053121862,27,8,1,one,CARDINAL,37,40
mdp.39015053121862,27,8,2,two,CARDINAL,55,58
mdp.39015053121862,27,9,0,Thirty-three years old,DATE,0,22
mdp.39015053121862,27,10,0,Bubba,PERSON,28,33
mdp.39015053121862,27,12,0,Army,ORG,65,69
mdp.39015053121862,27,12,1,the day,DATE,118,125
mdp.39015053121862,27,12,2,Bubba,PERSON,126,131
mdp.39015053121862,27,12,3,Army,ORG,197,201
mdp.39015053121862,27,13,0,Red Cross,ORG,77,86
mdp.39015053121862,27,14,0,Bubba,PERSON,0,5
mdp.39015053121862,27,15,0,Philadelphia,GPE,20,32
mdp.39015053121862,28,0,0,Army,ORG,48,52
mdp.39015053121862,28,1,0,Bubba,PERSON,0,5
mdp.39015053121862,28,2,0,Bubba,PERSON,38,43
mdp.39015053121862,28,3,0,Army,ORG,33,37
mdp.39015053121862,28,3,1,the Mason-Dixon Line,FAC,145,165
mdp.39015053121862,28,5,0,Bubba,PERSON,9,14
mdp.39015053121862,28,5,1,that winter day,DATE,26,41
mdp.39015053121862,28,5,2,the United States,GPE,116,133
mdp.39015053121862,28,6,0,Bubba,PERSON,70,75
mdp.39015053121862,28,6,1,Felton Street,FAC,146,159
mdp.39015053121862,28,6,2,Louisa Mae,PERSON,165,175
mdp.39015053121862,28,8,0,Bubba,PERSON,0,5
mdp.39015053121862,28,11,0,Bubba,PERSON,32,37
mdp.39015053121862,28,11,1,the War Department,ORG,128,146
mdp.39015053121862,28,12,0,Bubba,PERSON,0,5
mdp.39015053121862,28,15,0,Bubba,PERSON,0,5
mdp.39015053121862,28,16,0,a brief second,TIME,4,18
mdp.39015053121862,28,16,1,Charley,PERSON,61,68
mdp.39015053121862,29,1,0,Bubba,PERSON,0,5
mdp.39015053121862,29,4,0,Bubba,PERSON,0,5
mdp.39015053121862,29,5,0,A few paces,QUANTITY,0,11
mdp.39015053121862,29,6,0,Bubba,PERSON,98,103
mdp.39015053121862,29,7,0,Wilmer,PERSON,17,23
mdp.39015053121862,29,9,0,Bubba,PERSON,1,6
mdp.39015053121862,29,9,1,Bubba,PERSON,17,22
mdp.39015053121862,29,10,0,Wilmer,PERSON,12,18
mdp.39015053121862,29,10,1,Bubba,PERSON,89,94
mdp.39015053121862,29,10,2,one,CARDINAL,115,118
mdp.39015053121862,29,12,0,the bright morning,TIME,27,45
mdp.39015053121862,30,1,0,Army,ORG,25,29
mdp.39015053121862,30,4,0,Army,ORG,25,29
mdp.39015053121862,30,7,0,Louisa Mae,PERSON,10,20
mdp.39015053121862,30,7,1,Charley,PERSON,25,32
mdp.39015053121862,30,8,0,Pisa,GPE,38,42
mdp.39015053121862,30,10,0,American,NORP,20,28
mdp.39015053121862,30,10,1,numerous Army,TIME,72,85
mdp.39015053121862,30,10,2,Bubba,PERSON,140,145
mdp.39015053121862,30,15,0,this clear day,DATE,12,26
mdp.39015053121862,31,6,0,Methodist Episcopal Church,ORG,140,166
mdp.39015053121862,31,14,0,Bubba,PERSON,16,21
mdp.39015053121862,31,16,0,Bubba,PERSON,0,5
mdp.39015053121862,32,0,0,Louisa Mae,PERSON,38,48
mdp.39015053121862,32,0,1,Charley,PERSON,53,60
mdp.39015053121862,32,2,0,two,CARDINAL,54,57
mdp.39015053121862,32,4,0,Felton Street,FAC,45,58
mdp.39015053121862,32,6,0,Louisa Mae,PERSON,31,41
mdp.39015053121862,32,6,1,Charley,PERSON,46,53
mdp.39015053121862,32,8,0,Bubba,PERSON,24,29
mdp.39015053121862,32,9,0,Bubba,PERSON,36,41
mdp.39015053121862,32,10,0,Bubba,PERSON,25,30
mdp.39015053121862,32,12,0,Bubba,PERSON,9,14
mdp.39015053121862,32,12,1,Italy,GPE,45,50
mdp.39015053121862,32,12,2,H & S Company,ORG,144,157
mdp.39015053121862,32,14,0,morning,TIME,4,11
mdp.39015053121862,32,15,0,Bubba,PERSON,0,5
mdp.39015053121862,33,0,0,29,CARDINAL,25,27
mdp.39015053121862,33,1,0,the morning,TIME,47,58
mdp.39015053121862,33,3,0,morning,TIME,120,127
mdp.39015053121862,33,4,0,Nazi,NORP,35,39
mdp.39015053121862,33,4,1,more than twelve miles,QUANTITY,53,75
mdp.39015053121862,33,4,2,Bubba,PERSON,132,137
mdp.39015053121862,33,8,0,Bubba,PERSON,0,5
mdp.39015053121862,33,9,0,A few yards,QUANTITY,0,11
mdp.39015053121862,33,9,1,one,CARDINAL,95,98
mdp.39015053121862,33,9,2,Italian,NORP,137,144
mdp.39015053121862,33,12,0,Bubba,PERSON,7,12
mdp.39015053121862,34,3,0,Italian,NORP,30,37
mdp.39015053121862,34,4,0,Bubba,PERSON,8,13
mdp.39015053121862,34,5,0,Bubba,PERSON,77,82
mdp.39015053121862,34,6,0,Bubba,PERSON,75,80
mdp.39015053121862,34,7,0,Bubba,PERSON,0,5
mdp.39015053121862,34,8,0,H & S Company,ORG,8,21
mdp.39015053121862,34,11,0,Bubba,PERSON,52,57
mdp.39015053121862,34,14,0,Several days later,DATE,0,18
mdp.39015053121862,34,15,0,Bubba,PERSON,25,30
mdp.39015053121862,34,16,0,Bubba,PERSON,0,5
mdp.39015053121862,34,17,0,Bubba,PERSON,0,5
mdp.39015053121862,35,0,0,31,CARDINAL,25,27
mdp.39015053121862,35,1,0,Bubba,PERSON,26,31
mdp.39015053121862,35,3,0,one,CARDINAL,8,11
mdp.39015053121862,35,3,1,many years before,DATE,80,97
mdp.39015053121862,35,4,0,Our Boys,ORG,56,64
mdp.39015053121862,35,4,1,Japanese,NORP,73,81
mdp.39015053121862,35,4,2,Pacific,LOC,113,120
mdp.39015053121862,35,4,3,Our Boys,ORG,144,152
mdp.39015053121862,35,4,4,European,NORP,192,200
mdp.39015053121862,35,5,0,"the ""Home Front",ORG,31,46
mdp.39015053121862,35,5,1,Bubba,PERSON,58,63
mdp.39015053121862,35,5,2,three,CARDINAL,81,86
mdp.39015053121862,35,5,3,Philadelphia,GPE,91,103
mdp.39015053121862,35,6,0,Negro,NORP,41,46
mdp.39015053121862,35,6,1,Mississippi,GPE,90,101
mdp.39015053121862,35,7,0,Bubba,PERSON,10,15
mdp.39015053121862,35,7,1,second,ORDINAL,70,76
mdp.39015053121862,35,7,2,three,CARDINAL,84,89
mdp.39015053121862,35,8,0,third,ORDINAL,4,9
mdp.39015053121862,35,8,1,Eisenhower,PERSON,94,104
mdp.39015053121862,35,8,2,Crusade,EVENT,115,122
mdp.39015053121862,35,8,3,Europe,LOC,137,143
mdp.39015053121862,35,9,0,Bubba,PERSON,130,135
mdp.39015053121862,35,10,0,Bubba,PERSON,22,27
mdp.39015053121862,35,10,1,Rose LaRose,PERSON,116,127
mdp.39015053121862,35,10,2,Chicago,GPE,149,156
mdp.39015053121862,35,10,3,Illinois,GPE,158,166
mdp.39015053121862,35,11,0,Rose LaRose,PERSON,57,68
mdp.39015053121862,35,11,1,Chicago,GPE,104,111
mdp.39015053121862,36,0,0,State Street's,FAC,57,71
mdp.39015053121862,36,2,0,American,NORP,153,161
mdp.39015053121862,36,3,0,More than twenty,CARDINAL,0,16
mdp.39015053121862,36,3,1,Iowa,GPE,80,84
mdp.39015053121862,36,3,2,Rose LaRose,PERSON,110,121
mdp.39015053121862,36,3,3,Caroline Fields,PERSON,145,160
mdp.39015053121862,36,5,0,two,CARDINAL,46,49
mdp.39015053121862,36,5,1,"the ""Stars and Stripes Forever",WORK_OF_ART,186,216
mdp.39015053121862,36,6,0,Bubba,PERSON,0,5
mdp.39015053121862,36,7,0,Army,ORG,71,75
mdp.39015053121862,36,10,0,Flora Harrison,PERSON,114,128
mdp.39015053121862,36,11,0,Flo,PERSON,0,3
mdp.39015053121862,36,15,0,Felton Street,FAC,35,48
mdp.39015053121862,36,16,0,Flo,PERSON,8,11
mdp.39015053121862,37,0,0,33,CARDINAL,25,27
mdp.39015053121862,37,0,1,Felton Street,FAC,52,65
mdp.39015053121862,37,0,2,one,CARDINAL,69,72
mdp.39015053121862,37,0,3,Germantown,GPE,113,123
mdp.39015053121862,37,1,0,Flo,PERSON,15,18
mdp.39015053121862,37,1,1,a few hours,TIME,30,41
mdp.39015053121862,37,1,2,Felton Street,FAC,73,86
mdp.39015053121862,37,1,3,Cadillac,PRODUCT,113,121
mdp.39015053121862,37,2,0,Bubba,PERSON,19,24
mdp.39015053121862,37,3,0,Bubba,PERSON,48,53
mdp.39015053121862,37,5,0,Flo,PERSON,11,14
mdp.39015053121862,37,6,0,Bubba,PERSON,0,5
mdp.39015053121862,37,8,0,Flo,PERSON,0,3
mdp.39015053121862,37,9,0,Bubba,PERSON,9,14
mdp.39015053121862,37,10,0,Flo,PERSON,4,7
mdp.39015053121862,37,10,1,Bubba,PERSON,57,62
mdp.39015053121862,37,11,0,Flo,PERSON,52,55
mdp.39015053121862,37,11,1,Felton Street,FAC,100,113
mdp.39015053121862,37,12,0,the late summer nights,DATE,46,68
mdp.39015053121862,37,13,0,3,CARDINAL,132,133
mdp.39015053121862,38,0,0,two,CARDINAL,33,36
mdp.39015053121862,38,1,0,Felton Street,FAC,128,141
mdp.39015053121862,38,1,1,Promised Land,LOC,158,171
mdp.39015053121862,38,2,0,Bubba,PERSON,9,14
mdp.39015053121862,38,2,1,Army,ORG,29,33
mdp.39015053121862,38,5,0,those first weeks,DATE,11,28
mdp.39015053121862,38,5,1,Army,ORG,58,62
mdp.39015053121862,38,5,2,Flo,PERSON,114,117
mdp.39015053121862,38,5,3,Felton Street,FAC,127,140
mdp.39015053121862,38,8,0,three-dollar,MONEY,70,82
mdp.39015053121862,38,8,1,Lombard Street,FAC,99,113
mdp.39015053121862,38,10,0,South Street,FAC,113,125
mdp.39015053121862,39,1,0,one,CARDINAL,49,52
mdp.39015053121862,39,1,1,one night,TIME,88,97
mdp.39015053121862,39,2,0,Germantown,GPE,130,140
mdp.39015053121862,39,7,0,Flora Harrison,PERSON,0,14
mdp.39015053121862,39,11,0,Bubba,PERSON,0,5
mdp.39015053121862,39,15,0,Jackson,PERSON,5,12
mdp.39015053121862,39,15,1,Jackson,PERSON,18,25
mdp.39015053121862,39,16,0,Jackson,PERSON,5,12
mdp.39015053121862,40,1,0,Bubba,PERSON,0,5
mdp.39015053121862,40,3,0,Jackson,PERSON,20,27
mdp.39015053121862,40,3,1,eleven,DATE,74,80
mdp.39015053121862,40,3,2,twelve,DATE,84,90
mdp.39015053121862,40,4,0,Bubba,PERSON,22,27
mdp.39015053121862,40,5,0,Bubba,PERSON,61,66
mdp.39015053121862,40,6,0,Jackson,PERSON,9,16
mdp.39015053121862,40,7,0,Bubba,PERSON,25,30
mdp.39015053121862,40,9,0,Jackson,PERSON,13,20
mdp.39015053121862,40,10,0,Bubba,PERSON,0,5
mdp.39015053121862,40,10,1,Jackson,PERSON,112,119
mdp.39015053121862,40,11,0,Bubba,PERSON,21,26
mdp.39015053121862,40,11,1,one,CARDINAL,49,52
mdp.39015053121862,40,12,0,Bubba,PERSON,0,5
mdp.39015053121862,40,13,0,Ferdy,PERSON,11,16
mdp.39015053121862,40,17,0,Bubba,PERSON,0,5
mdp.39015053121862,40,20,0,Fenderson,PERSON,13,22
mdp.39015053121862,40,21,0,Bubba,PERSON,21,26
mdp.39015053121862,40,22,0,Bubba,PERSON,47,52
mdp.39015053121862,41,1,0,six years old,DATE,36,49
mdp.39015053121862,41,7,0,Bubba,PERSON,54,59
mdp.39015053121862,41,9,0,Bubba,PERSON,23,28
mdp.39015053121862,41,16,0,Ferdy,PERSON,14,19
mdp.39015053121862,41,18,0,Just a minute,TIME,0,13
mdp.39015053121862,42,1,0,September,DATE,179,188
mdp.39015053121862,42,2,0,Ferdy,PERSON,9,14
mdp.39015053121862,42,2,1,Bubba,PERSON,99,104
mdp.39015053121862,42,3,0,Jackson,PERSON,41,48
mdp.39015053121862,42,5,0,Bubba,PERSON,27,32
mdp.39015053121862,42,8,0,the Merchant Marine,ORG,87,106
mdp.39015053121862,42,8,1,China,GPE,107,112
mdp.39015053121862,42,8,2,India,GPE,114,119
mdp.39015053121862,42,8,3,Siam,GPE,121,125
mdp.39015053121862,42,8,4,Japan,GPE,127,132
mdp.39015053121862,42,8,5,Arabia,GPE,134,140
mdp.39015053121862,42,8,6,Egypt,GPE,142,147
mdp.39015053121862,42,9,0,Bubba,PERSON,0,5
mdp.39015053121862,43,0,0,39,CARDINAL,25,27
mdp.39015053121862,43,1,0,millions,CARDINAL,36,44
mdp.39015053121862,43,1,1,American,NORP,56,64
mdp.39015053121862,43,1,2,Felton Streets,FAC,89,103
mdp.39015053121862,43,1,3,daily,DATE,135,140
mdp.39015053121862,43,3,0,the Parent-Teachers' Association,ORG,259,291
mdp.39015053121862,43,3,1,the American Legion,ORG,293,312
mdp.39015053121862,43,3,2,the Republican Party,ORG,318,338
mdp.39015053121862,43,4,0,America,GPE,140,147
mdp.39015053121862,43,4,1,John Wilkes Booth,PERSON,162,179
mdp.39015053121862,43,4,2,Abraham Lincoln,PERSON,185,200
mdp.39015053121862,43,5,0,Bubba,PERSON,4,9
mdp.39015053121862,44,0,0,Fenderson,PERSON,144,153
mdp.39015053121862,44,1,0,Bubba,PERSON,0,5
mdp.39015053121862,44,4,0,Bubba,PERSON,3,8
mdp.39015053121862,44,4,1,Wilmer,PERSON,32,38
mdp.39015053121862,44,5,0,Wilmer,PERSON,38,44
mdp.39015053121862,44,5,1,one,CARDINAL,54,57
mdp.39015053121862,44,6,0,Bubba,PERSON,0,5
mdp.39015053121862,44,7,0,Bubba,PERSON,0,5
mdp.39015053121862,44,8,0,Wilmer,PERSON,10,16
mdp.39015053121862,44,9,0,Ferdy,PERSON,11,16
mdp.39015053121862,44,10,0,Bubba,PERSON,15,20
mdp.39015053121862,44,12,0,Bubba,PERSON,0,5
mdp.39015053121862,44,15,0,Ferdy,PERSON,1,6
mdp.39015053121862,44,15,1,Bubba,PERSON,9,14
mdp.39015053121862,44,17,0,Fenderson,PERSON,5,14
mdp.39015053121862,45,0,0,41,CARDINAL,25,27
mdp.39015053121862,45,0,1,morning,TIME,32,39
mdp.39015053121862,45,2,0,Bubba,PERSON,31,36
mdp.39015053121862,45,4,0,Bubba,PERSON,91,96
mdp.39015053121862,45,9,0,Bubba,PERSON,16,21
mdp.39015053121862,45,16,0,Bubba,PERSON,35,40
mdp.39015053121862,45,18,0,Fenderson,PERSON,60,69
mdp.39015053121862,45,21,0,Bubba,PERSON,21,26
mdp.39015053121862,45,22,0,Fenderson,PERSON,65,74
mdp.39015053121862,45,22,1,Ferdy,PERSON,76,81
mdp.39015053121862,45,24,0,these days,DATE,30,40
mdp.39015053121862,45,24,1,Bubba,PERSON,43,48
mdp.39015053121862,46,2,0,Bubba,PERSON,8,13
mdp.39015053121862,46,7,0,Bubba,PERSON,6,11
mdp.39015053121862,46,8,0,Buckeye Lake,LOC,81,93
mdp.39015053121862,46,10,0,Bubba,PERSON,18,23
mdp.39015053121862,46,15,0,Bubba,PERSON,0,5
mdp.39015053121862,46,16,0,noon,TIME,82,86
mdp.39015053121862,46,17,0,Wilmer,PERSON,15,21
mdp.39015053121862,46,19,0,Bubba,PERSON,0,5
mdp.39015053121862,46,19,1,earlier that morning,TIME,68,88
mdp.39015053121862,46,20,0,two,CARDINAL,116,119
mdp.39015053121862,46,22,0,Bubba,PERSON,0,5
mdp.39015053121862,47,1,0,Ferdy,PERSON,23,28
mdp.39015053121862,47,2,0,Bessie,PERSON,6,12
mdp.39015053121862,47,4,0,Bubba,PERSON,0,5
mdp.39015053121862,47,6,0,first,ORDINAL,3,8
mdp.39015053121862,47,6,1,Bubba,PERSON,35,40
mdp.39015053121862,47,8,0,her twenties,DATE,17,29
mdp.39015053121862,47,11,0,Ferdy,PERSON,23,28
mdp.39015053121862,47,14,0,Bubba,PERSON,0,5
mdp.39015053121862,47,17,0,Bubba,PERSON,41,46
mdp.39015053121862,47,18,0,Bubba,PERSON,0,5
mdp.39015053121862,47,20,0,Bubba,PERSON,0,5
mdp.39015053121862,47,20,1,Wilmer,PERSON,101,107
mdp.39015053121862,48,0,0,Wilmer,PERSON,74,80
mdp.39015053121862,48,3,0,Bubba,PERSON,75,80
mdp.39015053121862,48,6,0,all morning,TIME,53,64
mdp.39015053121862,48,11,0,Bubba,PERSON,0,5
mdp.39015053121862,48,16,0,Bubba,PERSON,25,30
mdp.39015053121862,48,17,0,Wilmer,PERSON,35,41
mdp.39015053121862,48,19,0,Bubba,PERSON,21,26
mdp.39015053121862,49,1,0,Wilmer,PERSON,52,58
mdp.39015053121862,49,2,0,Bessie,PERSON,1,7
mdp.39015053121862,49,2,1,Bubba,PERSON,35,40
mdp.39015053121862,49,5,0,Bubba,PERSON,0,5
mdp.39015053121862,49,6,0,Wilmer,PERSON,62,68
mdp.39015053121862,49,9,0,Bubba,PERSON,4,9
mdp.39015053121862,49,11,0,Wilmer,PERSON,0,6
mdp.39015053121862,49,11,1,Bubba,PERSON,11,16
mdp.39015053121862,49,13,0,Bubba,PERSON,0,5
mdp.39015053121862,49,14,0,Ferdy,PERSON,14,19
mdp.39015053121862,49,15,0,Wilmer,PERSON,0,6
mdp.39015053121862,49,16,0,Bubba,PERSON,21,26
mdp.39015053121862,49,17,0,two,CARDINAL,4,7
mdp.39015053121862,50,1,0,Jesus,PERSON,1,6
mdp.39015053121862,50,1,1,Wilmer,PERSON,28,34
mdp.39015053121862,50,2,0,Bubba,PERSON,8,13
mdp.39015053121862,50,3,0,Wilmer,PERSON,28,34
mdp.39015053121862,50,6,0,Wilmer,PERSON,27,33
mdp.39015053121862,50,9,0,Bubba,PERSON,0,5
mdp.39015053121862,50,10,0,Wilmer,PERSON,19,25
mdp.39015053121862,50,11,0,Wilmer,PERSON,22,28
mdp.39015053121862,50,12,0,Wilmer,PERSON,9,15
mdp.39015053121862,50,12,1,Bubba,PERSON,18,23
mdp.39015053121862,50,15,0,Bubba,PERSON,15,20
mdp.39015053121862,50,15,1,Wilmer,PERSON,66,72
mdp.39015053121862,51,0,0,47,CARDINAL,25,27
mdp.39015053121862,51,1,0,Wilmer,ORG,0,6
mdp.39015053121862,51,3,0,Jesus,PERSON,1,6
mdp.39015053121862,51,3,1,Wilmer,PERSON,9,15
mdp.39015053121862,51,7,0,Bubba,PERSON,0,5
mdp.39015053121862,51,8,0,Wilmer,PERSON,15,21
mdp.39015053121862,51,12,0,Bubba,PERSON,51,56
mdp.39015053121862,51,15,0,Wilmer,PERSON,0,6
mdp.39015053121862,51,15,1,Indian,NORP,44,50
mdp.39015053121862,51,15,2,three,CARDINAL,145,150
mdp.39015053121862,51,15,3,Bubba,PERSON,237,242
mdp.39015053121862,51,16,0,first,ORDINAL,49,54
mdp.39015053121862,51,17,0,Wilmer,PERSON,36,42
mdp.39015053121862,52,1,0,one,CARDINAL,28,31
mdp.39015053121862,52,1,1,Bubba,PERSON,85,90
mdp.39015053121862,52,2,0,Fireman,PERSON,21,28
mdp.39015053121862,52,2,1,Wilmer,PERSON,32,38
mdp.39015053121862,52,3,0,Fireman,PERSON,16,23
mdp.39015053121862,52,5,0,Bubba,PERSON,24,29
mdp.39015053121862,52,6,0,Wilmer,PERSON,14,20
mdp.39015053121862,52,9,0,Wilmer,PERSON,41,47
mdp.39015053121862,52,9,1,Bubba,PERSON,51,56
mdp.39015053121862,52,10,0,Wilmer,PERSON,18,24
mdp.39015053121862,52,10,1,Bubba,PERSON,41,46
mdp.39015053121862,52,13,0,half,CARDINAL,44,48
mdp.39015053121862,52,14,0,Bubba,PERSON,42,47
mdp.39015053121862,52,15,0,one,CARDINAL,46,49
mdp.39015053121862,52,16,0,Fireman,PERSON,20,27
mdp.39015053121862,52,16,1,Bubba,PERSON,60,65
mdp.39015053121862,52,17,0,1923,DATE,27,31
mdp.39015053121862,53,1,0,Bubba,PERSON,36,41
mdp.39015053121862,53,2,0,Bubba,PERSON,0,5
mdp.39015053121862,53,2,1,winter,DATE,251,257
mdp.39015053121862,53,3,0,three,CARDINAL,86,91
mdp.39015053121862,53,4,0,Fireman,PERSON,0,7
mdp.39015053121862,53,4,1,three,CARDINAL,44,49
mdp.39015053121862,53,5,0,one,CARDINAL,10,13
mdp.39015053121862,53,5,1,Bubba,PERSON,30,35
mdp.39015053121862,53,5,2,Wilmer,PERSON,69,75
mdp.39015053121862,53,6,0,Wilmer,PERSON,0,6
mdp.39015053121862,53,7,0,a fine day,DATE,9,19
mdp.39015053121862,53,7,1,today,DATE,20,25
mdp.39015053121862,53,7,2,Wilmer,PERSON,45,51
mdp.39015053121862,53,7,3,Fireman,PERSON,60,67
mdp.39015053121862,53,8,0,Fireman,PERSON,0,7
mdp.39015053121862,53,9,0,Wilmer,PERSON,73,79
mdp.39015053121862,53,9,1,Bubba,PERSON,93,98
mdp.39015053121862,53,10,0,Fireman,PERSON,0,7
mdp.39015053121862,53,11,0,Wilmer,PERSON,26,32
mdp.39015053121862,53,14,0,Bubba,PERSON,0,5
mdp.39015053121862,53,15,0,Wilmer,PERSON,1,7
mdp.39015053121862,53,15,1,Fireman,PERSON,10,17
mdp.39015053121862,53,15,2,4,CARDINAL,46,47
mdp.39015053121862,54,2,0,the other day,DATE,25,38
mdp.39015053121862,54,2,1,Wilmer,PERSON,40,46
mdp.39015053121862,54,6,0,Wilmer,PERSON,27,33
mdp.39015053121862,54,10,0,Wilmer,PERSON,11,17
mdp.39015053121862,54,12,0,Fireman,PERSON,1,8
mdp.39015053121862,54,12,1,Bubba,PERSON,21,26
mdp.39015053121862,54,12,2,Bessie,PERSON,83,89
mdp.39015053121862,54,13,0,his first day,DATE,9,22
mdp.39015053121862,54,17,0,Fireman,PERSON,0,7
mdp.39015053121862,54,17,1,Wilmer,PERSON,35,41
mdp.39015053121862,54,18,0,Bubba,PERSON,13,18
mdp.39015053121862,54,18,1,two,CARDINAL,79,82
mdp.39015053121862,55,0,0,51,CARDINAL,25,27
mdp.39015053121862,55,1,0,Wilmer,PERSON,140,146
mdp.39015053121862,55,2,0,Wilmer,PERSON,32,38
mdp.39015053121862,55,3,0,First,ORDINAL,1,6
mdp.39015053121862,55,3,1,Fireman,PERSON,15,22
mdp.39015053121862,55,6,0,Bubba,PERSON,47,52
mdp.39015053121862,55,7,0,Fireman,PERSON,60,67
mdp.39015053121862,55,8,0,Fireman,PERSON,24,31
mdp.39015053121862,55,10,0,Fireman,PERSON,21,28
mdp.39015053121862,55,11,0,Fireman,PERSON,47,54
mdp.39015053121862,55,11,1,Wilmer,PERSON,57,63
mdp.39015053121862,55,13,0,Fireman,PERSON,45,52
mdp.39015053121862,55,14,0,Fireman,PERSON,12,19
mdp.39015053121862,55,18,0,Bubba,PERSON,0,5
mdp.39015053121862,55,20,0,Wilmer,PERSON,0,6
mdp.39015053121862,55,20,1,Fireman,PERSON,57,64
mdp.39015053121862,56,3,0,Bubba,PERSON,27,32
mdp.39015053121862,56,3,1,Fenderson,PERSON,152,161
mdp.39015053121862,56,4,0,Bubba,PERSON,11,16
mdp.39015053121862,56,5,0,Jackson,PERSON,8,15
mdp.39015053121862,56,6,0,Jackson,PERSON,37,44
mdp.39015053121862,56,6,1,Fenderson,PERSON,70,79
mdp.39015053121862,56,7,0,Bubba,PERSON,35,40
mdp.39015053121862,56,8,0,Bubba,PERSON,20,25
mdp.39015053121862,56,9,0,today,DATE,5,10
mdp.39015053121862,56,9,1,Bubba,PERSON,80,85
mdp.39015053121862,56,11,0,Wilmer,PERSON,11,17
mdp.39015053121862,56,12,0,Jackson,PERSON,26,33
mdp.39015053121862,56,14,0,Fireman,PERSON,0,7
mdp.39015053121862,56,16,0,Bubba,PERSON,0,5
mdp.39015053121862,56,16,1,several minutes,TIME,61,76
mdp.39015053121862,57,1,0,Wilmer,PERSON,0,6
mdp.39015053121862,57,1,1,Bubba,PERSON,29,34
mdp.39015053121862,57,1,2,Fireman,ORG,83,90
mdp.39015053121862,57,4,0,Wilmer,PERSON,17,23
mdp.39015053121862,57,4,1,Wilmer,PERSON,164,170
mdp.39015053121862,57,4,2,Fireman,PERSON,198,205
mdp.39015053121862,57,6,0,Bubba,PERSON,0,5
mdp.39015053121862,57,7,0,Wilmer,PERSON,35,41
mdp.39015053121862,57,12,0,"twenty, thirty years ago",DATE,135,159
mdp.39015053121862,57,15,0,Fireman,PERSON,49,56
mdp.39015053121862,57,16,0,Bubba,PERSON,0,5
mdp.39015053121862,57,17,0,Wilmer,PERSON,7,13
mdp.39015053121862,58,0,0,Fireman,PERSON,40,47
mdp.39015053121862,58,2,0,Philadelphia,GPE,36,48
mdp.39015053121862,58,3,0,Wilmer,PERSON,47,53
mdp.39015053121862,58,4,0,Fireman,PERSON,21,28
mdp.39015053121862,58,4,1,Wilmer,PERSON,59,65
mdp.39015053121862,58,5,0,Fireman,PERSON,0,7
mdp.39015053121862,58,7,0,every day,DATE,60,69
mdp.39015053121862,58,7,1,Wilmer,PERSON,105,111
mdp.39015053121862,58,7,2,Fireman,PERSON,114,121
mdp.39015053121862,58,9,0,Fireman,PERSON,36,43
mdp.39015053121862,58,11,0,Wilmer,PERSON,37,43
mdp.39015053121862,58,14,0,Fireman,PERSON,89,96
mdp.39015053121862,58,15,0,Wilmer,PERSON,10,16
mdp.39015053121862,58,16,0,Wilmer,PERSON,3,9
mdp.39015053121862,59,0,0,55,DATE,25,27
mdp.39015053121862,59,0,1,Bubba,PERSON,55,60
mdp.39015053121862,59,1,0,Bubba,PERSON,24,29
mdp.39015053121862,59,2,0,Fireman,PERSON,45,52
mdp.39015053121862,59,5,0,Bubba,PERSON,11,16
mdp.39015053121862,59,5,1,Fireman,PERSON,18,25
mdp.39015053121862,59,6,0,two,CARDINAL,13,16
mdp.39015053121862,59,8,0,Bubba,PERSON,23,28
mdp.39015053121862,59,8,1,afternoon,TIME,118,127
mdp.39015053121862,60,0,0,late October,DATE,207,219
mdp.39015053121862,60,1,0,Indian,NORP,54,60
mdp.39015053121862,60,1,1,Ferdy,PERSON,82,87
mdp.39015053121862,60,2,0,"A warm, strange",DATE,0,15
mdp.39015053121862,60,2,1,October,DATE,16,23
mdp.39015053121862,60,2,2,Fenderson,PERSON,32,41
mdp.39015053121862,60,2,3,Ferdy,PERSON,80,85
mdp.39015053121862,60,3,0,six,CARDINAL,67,70
mdp.39015053121862,60,4,0,evening,TIME,189,196
mdp.39015053121862,60,7,0,one,CARDINAL,4,7
mdp.39015053121862,61,2,0,Ferdy,PERSON,177,182
mdp.39015053121862,62,8,0,Ferdy,PERSON,15,20
mdp.39015053121862,62,15,0,Ferdy,PERSON,0,5
mdp.39015053121862,63,0,0,59,CARDINAL,25,27
mdp.39015053121862,63,2,0,a few inches,QUANTITY,82,94
mdp.39015053121862,63,4,0,Bubba,PERSON,10,15
mdp.39015053121862,63,5,0,Bubba,PERSON,8,13
mdp.39015053121862,63,6,0,Bubba,PERSON,23,28
mdp.39015053121862,63,6,1,Bubba,PERSON,78,83
mdp.39015053121862,63,7,0,Bubba,PERSON,11,16
mdp.39015053121862,63,9,0,Bubba,PERSON,50,55
mdp.39015053121862,63,9,1,Sherry,PERSON,190,196
mdp.39015053121862,64,0,0,Hallowe'en,DATE,28,38
mdp.39015053121862,64,3,0,Bubba,PERSON,1,6
mdp.39015053121862,64,3,1,Bubba,PERSON,8,13
mdp.39015053121862,64,4,0,Bubba,PERSON,0,5
mdp.39015053121862,64,7,0,Bubba,PERSON,14,19
mdp.39015053121862,64,7,1,Bubba,PERSON,136,141
mdp.39015053121862,64,7,2,Bessie,PERSON,146,152
mdp.39015053121862,64,8,0,Bubba,PERSON,1,6
mdp.39015053121862,64,8,1,Bubba,PERSON,8,13
mdp.39015053121862,64,10,0,Hallowe'en,DATE,7,17
mdp.39015053121862,64,12,0,the very night,TIME,9,23
mdp.39015053121862,64,12,1,million,CARDINAL,41,48
mdp.39015053121862,64,14,0,Christ,PERSON,44,50
mdp.39015053121862,64,14,1,Fenderson,PERSON,103,112
mdp.39015053121862,64,16,0,Bubba,PERSON,0,5
mdp.39015053121862,64,16,1,Fenderson,PERSON,11,20
mdp.39015053121862,64,17,0,Fenderson,PERSON,13,22
mdp.39015053121862,64,17,1,Bubba,PERSON,34,39
mdp.39015053121862,65,0,0,61,CARDINAL,25,27
mdp.39015053121862,65,1,0,Indian,NORP,42,48
mdp.39015053121862,65,4,0,Hallowe'en,DATE,169,179
mdp.39015053121862,65,5,0,just that afternoon,TIME,20,39
mdp.39015053121862,65,6,0,about four-thirty,TIME,16,33
mdp.39015053121862,65,8,0,Fenderson,PERSON,22,31
mdp.39015053121862,65,8,1,Hallowe'en,DATE,124,134
mdp.39015053121862,65,11,0,Fenderson,PERSON,8,17
mdp.39015053121862,65,12,0,Ferdy,PERSON,0,5
mdp.39015053121862,65,12,1,Bubba,PERSON,40,45
mdp.39015053121862,65,12,2,Bubba,PERSON,95,100
mdp.39015053121862,66,1,0,Ferdy,PERSON,0,5
mdp.39015053121862,66,2,0,Bubba,PERSON,32,37
mdp.39015053121862,66,4,0,Bubba,PERSON,38,43
mdp.39015053121862,66,5,0,Bubba,PERSON,0,5
mdp.39015053121862,66,5,1,Bessie,PERSON,45,51
mdp.39015053121862,66,5,2,the day,DATE,69,76
mdp.39015053121862,66,7,0,Bessie,PERSON,9,15
mdp.39015053121862,66,8,0,Ferdy,PERSON,23,28
mdp.39015053121862,66,8,1,Bubba,PERSON,90,95
mdp.39015053121862,66,10,0,Bubba,PERSON,15,20
mdp.39015053121862,66,11,0,Ferdy,PERSON,0,5
mdp.39015053121862,66,12,0,Bubba,PERSON,60,65
mdp.39015053121862,66,13,0,Bubba,PERSON,12,17
mdp.39015053121862,66,15,0,Bubba,PERSON,35,40
mdp.39015053121862,66,15,1,Ferdy,PERSON,75,80
mdp.39015053121862,66,17,0,Bessie,PERSON,36,42
mdp.39015053121862,66,19,0,Ferdy,PERSON,33,38
mdp.39015053121862,67,3,0,Hallowe'en,DATE,10,20
mdp.39015053121862,67,14,0,Bubba,PERSON,4,9
mdp.39015053121862,67,15,0,Bubba,PERSON,9,14
mdp.39015053121862,68,0,0,Bubba,PERSON,158,163
mdp.39015053121862,68,7,0,Bubba,PERSON,4,9
mdp.39015053121862,68,8,0,Bubba,PERSON,54,59
mdp.39015053121862,68,10,0,Bubba,PERSON,6,11
mdp.39015053121862,68,10,1,Bessie,PERSON,30,36
mdp.39015053121862,68,10,2,Ferdy,PERSON,108,113
mdp.39015053121862,68,11,0,summer,DATE,56,62
mdp.39015053121862,68,12,0,Bubba,PERSON,124,129
mdp.39015053121862,69,0,0,65,CARDINAL,25,27
mdp.39015053121862,69,2,0,two,CARDINAL,9,12
mdp.39015053121862,69,2,1,Ferdy,PERSON,66,71
mdp.39015053121862,69,3,0,Bubba,PERSON,0,5
mdp.39015053121862,69,3,1,Bessie,PERSON,10,16
mdp.39015053121862,69,4,0,Afternoon,TIME,0,9
mdp.39015053121862,69,5,0,October,DATE,12,19
mdp.39015053121862,69,5,1,Fenderson,PERSON,26,35
mdp.39015053121862,69,5,2,autumn,DATE,104,110
mdp.39015053121862,69,5,3,Indian,NORP,224,230
mdp.39015053121862,69,5,4,Ferdy,PERSON,501,506
mdp.39015053121862,69,6,0,5,CARDINAL,49,50
mdp.39015053121862,70,4,0,Bubba,PERSON,0,5
mdp.39015053121862,70,4,1,Bessie,PERSON,10,16
mdp.39015053121862,70,6,0,Bessie,PERSON,13,19
mdp.39015053121862,70,6,1,autumn,DATE,48,54
mdp.39015053121862,70,7,0,Bubba,PERSON,0,5
mdp.39015053121862,70,9,0,Bessie,PERSON,32,38
mdp.39015053121862,70,11,0,Bubba,PERSON,0,5
mdp.39015053121862,70,11,1,Bessie,PERSON,10,16
mdp.39015053121862,70,14,0,Bessie,PERSON,8,14
mdp.39015053121862,70,15,0,Bubba,PERSON,20,25
mdp.39015053121862,71,0,0,67,CARDINAL,25,27
mdp.39015053121862,71,1,0,first,ORDINAL,46,51
mdp.39015053121862,71,2,0,Bubba,PERSON,26,31
mdp.39015053121862,71,5,0,Bubba,PERSON,5,10
mdp.39015053121862,71,9,0,two,CARDINAL,48,51
mdp.39015053121862,71,11,0,Bubba,PERSON,1,6
mdp.39015053121862,71,12,0,Bubba,PERSON,132,137
mdp.39015053121862,71,13,0,Ferdy,PERSON,46,51
mdp.39015053121862,71,14,0,Bubba,PERSON,55,60
mdp.39015053121862,72,2,0,Fenderson,PERSON,20,29
mdp.39015053121862,72,4,0,Bubba,PERSON,0,5
mdp.39015053121862,72,5,0,one,CARDINAL,29,32
mdp.39015053121862,72,9,0,Bubba,PERSON,5,10
mdp.39015053121862,72,9,1,Bubba,PERSON,111,116
mdp.39015053121862,72,12,0,Fireman,PERSON,117,124
mdp.39015053121862,72,12,1,Wilmer,PERSON,135,141
mdp.39015053121862,72,13,0,Ferdy,PERSON,37,42
mdp.39015053121862,73,13,0,Ferdy,PERSON,0,5
mdp.39015053121862,74,0,0,Indian,NORP,101,107
mdp.39015053121862,74,1,0,Bubba,PERSON,92,97
mdp.39015053121862,74,1,1,Bessie,PERSON,102,108
mdp.39015053121862,74,2,0,Bubba,PERSON,186,191
mdp.39015053121862,74,3,0,Bubba,PERSON,4,9
mdp.39015053121862,74,4,0,Bubba,PERSON,52,57
mdp.39015053121862,74,5,0,Bubba,PERSON,43,48
mdp.39015053121862,74,6,0,Bubba,PERSON,155,160
mdp.39015053121862,74,7,0,Bubba,PERSON,30,35
mdp.39015053121862,74,7,1,Bubba,PERSON,57,62
mdp.39015053121862,74,7,2,Bubba,PERSON,184,189
mdp.39015053121862,74,8,0,Wilmer,PERSON,11,17
mdp.39015053121862,75,11,0,evening,TIME,169,176
mdp.39015053121862,75,12,0,Wilmer,PERSON,68,74
mdp.39015053121862,75,14,0,two,CARDINAL,31,34
mdp.39015053121862,75,15,0,Wilmer,PERSON,4,10
mdp.39015053121862,76,0,0,four,CARDINAL,48,52
mdp.39015053121862,76,0,1,two,CARDINAL,94,97
mdp.39015053121862,76,4,0,Wilmer,PERSON,88,94
mdp.39015053121862,76,8,0,Wilmer,PERSON,32,38
mdp.39015053121862,76,8,1,Fireman,PERSON,234,241
mdp.39015053121862,76,10,0,Fireman,PERSON,21,28
mdp.39015053121862,77,0,0,73,CARDINAL,25,27
mdp.39015053121862,77,2,0,Wilmer,PERSON,0,6
mdp.39015053121862,77,2,1,Fireman,PERSON,60,67
mdp.39015053121862,77,3,0,Fireman,PERSON,108,115
mdp.39015053121862,77,4,0,Fireman,PERSON,51,58
mdp.39015053121862,77,7,0,Hallowe'en,DATE,124,134
mdp.39015053121862,77,9,0,Fenderson,PERSON,40,49
mdp.39015053121862,77,10,0,Edgeworth,PERSON,95,104
mdp.39015053121862,77,11,0,Fenderson,PERSON,88,97
mdp.39015053121862,78,1,0,Lois,PERSON,157,161
mdp.39015053121862,78,1,1,one,CARDINAL,163,166
mdp.39015053121862,78,2,0,Wilmer,PERSON,59,65
mdp.39015053121862,78,4,0,summer,DATE,58,64
mdp.39015053121862,78,5,0,Evening,TIME,1,8
mdp.39015053121862,78,6,0,Evening,TIME,1,8
mdp.39015053121862,78,7,0,Wilmer,PERSON,13,19
mdp.39015053121862,78,9,0,Wilmer,PERSON,57,63
mdp.39015053121862,78,9,1,two,CARDINAL,87,90
mdp.39015053121862,78,10,0,this time of year,DATE,18,35
mdp.39015053121862,78,11,0,three or four,CARDINAL,132,145
mdp.39015053121862,78,13,0,Wilmer,PERSON,0,6
mdp.39015053121862,78,13,1,Fireman,PERSON,42,49
mdp.39015053121862,79,0,0,75,CARDINAL,25,27
mdp.39015053121862,79,0,1,about a hundred feet,QUANTITY,28,48
mdp.39015053121862,79,4,0,Fireman,PERSON,16,23
mdp.39015053121862,79,6,0,Wilmer,PERSON,11,17
mdp.39015053121862,79,8,0,Wilmer,PERSON,16,22
mdp.39015053121862,79,9,0,Edgeworth,PERSON,28,37
mdp.39015053121862,79,9,1,Fenderson,PERSON,94,103
mdp.39015053121862,79,10,0,Fireman,PERSON,5,12
mdp.39015053121862,79,12,0,Wilmer,PERSON,14,20
mdp.39015053121862,79,15,0,Wilmer,PERSON,5,11
mdp.39015053121862,79,17,0,Wilmer,PERSON,24,30
mdp.39015053121862,80,1,0,Bubba,PERSON,122,127
mdp.39015053121862,80,1,1,Bessie,PERSON,132,138
mdp.39015053121862,80,2,0,this evening,TIME,72,84
mdp.39015053121862,80,2,1,Bubba,PERSON,198,203
mdp.39015053121862,80,3,0,Wilmer,PERSON,54,60
mdp.39015053121862,80,11,0,one,CARDINAL,37,40
mdp.39015053121862,81,10,0,one,CARDINAL,38,41
mdp.39015053121862,81,13,0,Wilmer,PERSON,0,6
mdp.39015053121862,81,17,0,Wilmer,PERSON,70,76
mdp.39015053121862,81,17,1,Wilmer,PERSON,159,165
mdp.39015053121862,81,18,0,Wilmer,PERSON,20,26
mdp.39015053121862,82,2,0,Fireman,PERSON,49,56
mdp.39015053121862,82,4,0,Wilmer,PERSON,18,24
mdp.39015053121862,82,4,1,two,CARDINAL,166,169
mdp.39015053121862,82,5,0,Wilmer,PERSON,11,17
mdp.39015053121862,82,5,1,Fireman,PERSON,75,82
mdp.39015053121862,82,7,0,Wilmer,PERSON,34,40
mdp.39015053121862,82,9,0,Wilmer,PERSON,52,58
mdp.39015053121862,82,9,1,Wilmer,PERSON,83,89
mdp.39015053121862,82,9,2,Wilmer,PERSON,214,220
mdp.39015053121862,82,12,0,Wilmer,PERSON,0,6
mdp.39015053121862,83,0,0,79,CARDINAL,25,27
mdp.39015053121862,83,4,0,Wilmer,PERSON,92,98
mdp.39015053121862,83,11,0,Wilmer,PERSON,0,6
mdp.39015053121862,84,4,0,Wilmer,PERSON,0,6
mdp.39015053121862,84,5,0,Wilmer,PERSON,0,6
mdp.39015053121862,84,8,0,Wilmer,PERSON,62,68
mdp.39015053121862,84,9,0,Wilmer,PERSON,25,31
mdp.39015053121862,84,11,0,Wilmer,PERSON,57,63
mdp.39015053121862,84,17,0,Wilmer,PERSON,0,6
mdp.39015053121862,85,0,0,81,CARDINAL,25,27
mdp.39015053121862,85,0,1,one,CARDINAL,91,94
mdp.39015053121862,85,1,0,Wilmer,PERSON,15,21
mdp.39015053121862,85,3,0,Ferdy,PERSON,8,13
mdp.39015053121862,85,7,0,one,CARDINAL,111,114
mdp.39015053121862,86,4,0,second,ORDINAL,50,56
mdp.39015053121862,86,5,0,Bessie,PERSON,52,58
mdp.39015053121862,86,5,1,more than a week ago,DATE,82,102
mdp.39015053121862,86,6,0,Bubba,PERSON,42,47
mdp.39015053121862,86,8,0,Bessie,PERSON,0,6
mdp.39015053121862,86,11,0,Bubba,PERSON,76,81
mdp.39015053121862,86,12,0,Bubba,PERSON,28,33
mdp.39015053121862,86,13,0,Bubba,PERSON,15,20
mdp.39015053121862,86,16,0,Bubba,PERSON,48,53
mdp.39015053121862,87,7,0,Bubba,PERSON,107,112
mdp.39015053121862,87,8,0,Bubba,PERSON,16,21
mdp.39015053121862,87,8,1,Bessie,PERSON,74,80
mdp.39015053121862,87,9,0,this morning,TIME,30,42
mdp.39015053121862,87,9,1,Bubba,PERSON,45,50
mdp.39015053121862,87,11,0,Bubba,PERSON,24,29
mdp.39015053121862,87,16,0,Ferdy,PERSON,70,75
mdp.39015053121862,88,1,0,Ferdy,PERSON,4,9
mdp.39015053121862,88,1,1,Ferdy,PERSON,72,77
mdp.39015053121862,88,1,2,Sherry,PERSON,157,163
mdp.39015053121862,88,1,3,Ferdy,PERSON,177,182
mdp.39015053121862,88,2,0,Sherry,PERSON,152,158
mdp.39015053121862,88,2,1,Ferdy,PERSON,163,168
mdp.39015053121862,88,2,2,Ferdy,PERSON,348,353
mdp.39015053121862,88,2,3,Fenderson,PERSON,419,428
mdp.39015053121862,88,5,0,a couple of dollars,MONEY,29,48
mdp.39015053121862,88,5,1,five dollars,MONEY,67,79
mdp.39015053121862,88,7,0,George Prendle,PERSON,42,56
mdp.39015053121862,88,7,1,George Prendle,PERSON,188,202
mdp.39015053121862,88,7,2,George Prendle,PERSON,211,225
mdp.39015053121862,89,0,0,85,CARDINAL,25,27
mdp.39015053121862,89,0,1,Ferdy,PERSON,65,70
mdp.39015053121862,89,0,2,Ferdy,PERSON,90,95
mdp.39015053121862,89,1,0,George Prendle,PERSON,4,18
mdp.39015053121862,89,2,0,Bubba,PERSON,9,14
mdp.39015053121862,89,2,1,Bubba,PERSON,40,45
mdp.39015053121862,89,3,0,Ferdy,PERSON,4,9
mdp.39015053121862,89,3,1,Bubba,PERSON,42,47
mdp.39015053121862,89,4,0,Bubba,PERSON,0,5
mdp.39015053121862,89,5,0,Bubba,PERSON,20,25
mdp.39015053121862,89,6,0,Bubba,PERSON,23,28
mdp.39015053121862,89,7,0,Bubba,PERSON,32,37
mdp.39015053121862,89,8,0,Bubba,PERSON,49,54
mdp.39015053121862,89,9,0,Bubba,PERSON,16,21
mdp.39015053121862,89,11,0,Bubba,PERSON,0,5
mdp.39015053121862,89,13,0,Fenderson,PERSON,19,28
mdp.39015053121862,89,13,1,Fenderson,PERSON,126,135
mdp.39015053121862,89,15,0,Ferdy,PERSON,43,48
mdp.39015053121862,89,15,1,Fenderson,PERSON,55,64
mdp.39015053121862,89,16,0,Ferdy,PERSON,4,9
mdp.39015053121862,89,17,0,Fenderson,PERSON,8,17
mdp.39015053121862,89,17,1,Ferdy,PERSON,33,38
mdp.39015053121862,90,1,0,Fenderson,PERSON,60,69
mdp.39015053121862,90,4,0,Ferdy,PERSON,41,46
mdp.39015053121862,90,5,0,Adam,PERSON,10,14
mdp.39015053121862,90,9,0,Fenderson,PERSON,4,13
mdp.39015053121862,90,9,1,Ferdy,PERSON,66,71
mdp.39015053121862,90,9,2,Fenderson,PERSON,99,108
mdp.39015053121862,90,9,3,Ferdy,PERSON,210,215
mdp.39015053121862,90,10,0,Bubba,PERSON,18,23
mdp.39015053121862,90,10,1,first,ORDINAL,44,49
mdp.39015053121862,90,11,0,Bubba,PERSON,14,19
mdp.39015053121862,90,11,1,Bubba,PERSON,59,64
mdp.39015053121862,90,12,0,Bubba,PERSON,91,96
mdp.39015053121862,90,13,0,Bubba,PERSON,25,30
mdp.39015053121862,91,0,0,87,DATE,25,27
mdp.39015053121862,91,0,1,George Prendle,PERSON,43,57
mdp.39015053121862,91,0,2,Bubba,PERSON,135,140
mdp.39015053121862,91,1,0,Ferdy,PERSON,0,5
mdp.39015053121862,91,4,0,Bubba,PERSON,0,5
mdp.39015053121862,91,5,0,Ferdy,PERSON,1,6
mdp.39015053121862,91,6,0,Ferdy,PERSON,4,9
mdp.39015053121862,91,6,1,Bubba,PERSON,36,41
mdp.39015053121862,91,8,0,Bubba,PERSON,70,75
mdp.39015053121862,91,8,1,Bubba,PERSON,145,150
mdp.39015053121862,91,9,0,Bubba,PERSON,12,17
mdp.39015053121862,91,9,1,several long days later,DATE,18,41
mdp.39015053121862,91,9,2,Bubba,PERSON,82,87
mdp.39015053121862,91,10,0,Ferdy,PERSON,10,15
mdp.39015053121862,91,11,0,Bubba,PERSON,9,14
mdp.39015053121862,91,12,0,Ferdy,PERSON,7,12
mdp.39015053121862,91,13,0,Bubba,PERSON,0,5
mdp.39015053121862,92,1,0,Bubba,PERSON,0,5
mdp.39015053121862,92,1,1,Bubba,PERSON,131,136
mdp.39015053121862,92,3,0,Bubba,PERSON,0,5
mdp.39015053121862,92,4,0,Ferdy,PERSON,51,56
mdp.39015053121862,92,4,1,Bubba,PERSON,125,130
mdp.39015053121862,92,4,2,Bubba,PERSON,144,149
mdp.39015053121862,92,5,0,Ferdy,PERSON,31,36
mdp.39015053121862,92,5,1,Fenderson,PERSON,58,67
mdp.39015053121862,92,6,0,first,ORDINAL,29,34
mdp.39015053121862,92,9,0,Bubba,PERSON,63,68
mdp.39015053121862,92,13,0,Bubba,PERSON,46,51
mdp.39015053121862,92,14,0,Bubba,PERSON,6,11
mdp.39015053121862,92,14,1,Bessie,PERSON,16,22
mdp.39015053121862,93,1,0,Bubba,PERSON,0,5
mdp.39015053121862,93,3,0,Fenderson,PERSON,36,45
mdp.39015053121862,93,3,1,Ferdy,PERSON,63,68
mdp.39015053121862,93,5,0,Ferdy,PERSON,138,143
mdp.39015053121862,93,6,0,Ferdy,PERSON,4,9
mdp.39015053121862,93,7,0,Bubba,PERSON,55,60
mdp.39015053121862,93,8,0,Bubba,PERSON,35,40
mdp.39015053121862,93,8,1,Bessie,PERSON,43,49
mdp.39015053121862,93,8,2,Bubba,PERSON,60,65
mdp.39015053121862,93,12,0,first,ORDINAL,9,14
mdp.39015053121862,93,12,1,hours,TIME,142,147
mdp.39015053121862,94,4,0,first,ORDINAL,14,19
mdp.39015053121862,94,5,0,Bubba,PERSON,0,5
mdp.39015053121862,94,7,0,half,CARDINAL,130,134
mdp.39015053121862,94,15,0,Bubba,PERSON,6,11
mdp.39015053121862,95,12,0,Bubba,PERSON,8,13
mdp.39015053121862,95,15,0,Bubba,PERSON,7,12
mdp.39015053121862,95,17,0,first,ORDINAL,10,15
mdp.39015053121862,95,18,0,Bubba,PERSON,0,5
mdp.39015053121862,95,18,1,Bessie,PERSON,11,17
mdp.39015053121862,95,21,0,a few minutes,TIME,25,38
mdp.39015053121862,95,23,0,Bubba,PERSON,33,38
mdp.39015053121862,95,24,0,Bubba,PERSON,0,5
mdp.39015053121862,96,4,0,Bubba,PERSON,0,5
mdp.39015053121862,96,6,0,Bessie,PERSON,12,18
mdp.39015053121862,96,6,1,Bubba,PERSON,39,44
mdp.39015053121862,96,8,0,Fireman,PERSON,201,208
mdp.39015053121862,96,11,0,Bubba,PERSON,0,5
mdp.39015053121862,96,11,1,one,CARDINAL,107,110
mdp.39015053121862,96,12,0,Bubba,PERSON,0,5
mdp.39015053121862,96,12,1,Bessie,PERSON,10,16
mdp.39015053121862,96,12,2,two,CARDINAL,48,51
mdp.39015053121862,96,16,0,Wilmer,PERSON,17,23
mdp.39015053121862,97,0,0,93,CARDINAL,25,27
mdp.39015053121862,97,0,1,Bubba,PERSON,111,116
mdp.39015053121862,97,0,2,Bessie,PERSON,121,127
mdp.39015053121862,97,0,3,Fireman,PERSON,154,161
mdp.39015053121862,97,1,0,Wilmer,PERSON,0,6
mdp.39015053121862,97,2,0,Fireman,PERSON,24,31
mdp.39015053121862,97,4,0,Fireman,PERSON,0,7
mdp.39015053121862,97,7,0,Bubba,PERSON,0,5
mdp.39015053121862,97,8,0,two,CARDINAL,4,7
mdp.39015053121862,97,10,0,Fireman,PERSON,4,11
mdp.39015053121862,97,10,1,only a month,DATE,54,66
mdp.39015053121862,97,10,2,Wilmer,PERSON,79,85
mdp.39015053121862,97,12,0,two,CARDINAL,102,105
mdp.39015053121862,97,13,0,Bubba,PERSON,0,5
mdp.39015053121862,97,14,0,first,ORDINAL,32,37
mdp.39015053121862,97,18,0,Fireman,PERSON,83,90
mdp.39015053121862,97,18,1,Wilmer,PERSON,95,101
mdp.39015053121862,97,18,2,Bessie,PERSON,173,179
mdp.39015053121862,98,4,0,Wilmer,PERSON,116,122
mdp.39015053121862,98,4,1,two,CARDINAL,144,147
mdp.39015053121862,98,9,0,two,CARDINAL,42,45
mdp.39015053121862,98,9,1,Bessie,PERSON,82,88
mdp.39015053121862,98,14,0,Flo Harris,PERSON,0,10
mdp.39015053121862,98,15,0,Flo,PERSON,44,47
mdp.39015053121862,98,17,0,Flo,PERSON,9,12
mdp.39015053121862,98,18,0,Bessie,PERSON,15,21
mdp.39015053121862,99,4,0,two,CARDINAL,18,21
mdp.39015053121862,99,5,0,Fireman,PERSON,0,7
mdp.39015053121862,99,5,1,Wilmer,PERSON,33,39
mdp.39015053121862,99,6,0,Wilmer,PERSON,64,70
mdp.39015053121862,99,7,0,Wilmer,PERSON,98,104
mdp.39015053121862,99,8,0,Wilmer,PERSON,0,6
mdp.39015053121862,99,8,1,Fireman,PERSON,17,24
mdp.39015053121862,99,14,0,Wilmer,PERSON,55,61
mdp.39015053121862,100,3,0,Wilmer,PERSON,10,16
mdp.39015053121862,100,5,0,Wilmer,PERSON,0,6
mdp.39015053121862,100,5,1,Fireman,PERSON,66,73
mdp.39015053121862,100,6,0,Bubba,PERSON,17,22
mdp.39015053121862,100,6,1,Bessie,PERSON,27,33
mdp.39015053121862,100,6,2,Fireman,PERSON,60,67
mdp.39015053121862,100,6,3,Wilmer,PERSON,98,104
mdp.39015053121862,100,6,4,one,CARDINAL,157,160
mdp.39015053121862,100,7,0,a few minutes later,TIME,29,48
mdp.39015053121862,100,7,1,Bubba,PERSON,50,55
mdp.39015053121862,100,7,2,Bessie,PERSON,60,66
mdp.39015053121862,100,9,0,Ferdy,PERSON,9,14
mdp.39015053121862,101,4,0,Fenderson,PERSON,26,35
mdp.39015053121862,101,6,0,Fenderson,PERSON,24,33
mdp.39015053121862,101,6,1,Bubba,PERSON,54,59
mdp.39015053121862,101,10,0,Fenderson,PERSON,46,55
mdp.39015053121862,101,11,0,Bubba,PERSON,16,21
mdp.39015053121862,101,12,0,Bubba,PERSON,23,28
mdp.39015053121862,101,13,0,Fenderson,PERSON,37,46
mdp.39015053121862,101,13,1,Bubba,PERSON,73,78
mdp.39015053121862,101,14,0,Bubba,PERSON,4,9
mdp.39015053121862,101,14,1,Bubba,PERSON,75,80
mdp.39015053121862,101,16,0,Ferdy,PERSON,13,18
mdp.39015053121862,102,1,0,Bubba,PERSON,34,39
mdp.39015053121862,102,2,0,one,CARDINAL,55,58
mdp.39015053121862,102,3,0,Bubba,PERSON,0,5
mdp.39015053121862,102,4,0,Fenderson,PERSON,4,13
mdp.39015053121862,102,5,0,Bubba,PERSON,41,46
mdp.39015053121862,102,6,0,Bessie,PERSON,18,24
mdp.39015053121862,102,17,0,Fenderson,PERSON,47,56
mdp.39015053121862,102,18,0,Sunday,DATE,84,90
mdp.39015053121862,102,18,1,Bible,WORK_OF_ART,127,132
mdp.39015053121862,103,1,0,Ferdy,PERSON,10,15
mdp.39015053121862,104,1,0,Fenderson,PERSON,11,20
mdp.39015053121862,104,6,0,November,DATE,89,97
mdp.39015053121862,104,9,0,Fenderson,PERSON,58,67
mdp.39015053121862,104,10,0,the last two weeks,DATE,3,21
mdp.39015053121862,104,10,1,an hour's,TIME,56,65
mdp.39015053121862,104,12,0,some four days before,DATE,5,26
mdp.39015053121862,104,13,0,more 100,CARDINAL,53,61
mdp.39015053121862,105,0,0,some unknown hour,TIME,71,88
mdp.39015053121862,105,1,0,the night,TIME,92,101
mdp.39015053121862,105,1,1,an hour,TIME,105,112
mdp.39015053121862,105,2,0,Fenderson,PERSON,51,60
mdp.39015053121862,105,9,0,Ferdy,PERSON,9,14
mdp.39015053121862,105,10,0,two,CARDINAL,10,13
mdp.39015053121862,105,10,1,Bubba,PERSON,15,20
mdp.39015053121862,105,10,2,Bessie,PERSON,25,31
mdp.39015053121862,105,16,0,Ferdy,PERSON,16,21
mdp.39015053121862,106,0,0,the few days,DATE,71,83
mdp.39015053121862,106,0,1,Thanksgiving,DATE,122,134
mdp.39015053121862,106,4,0,Ferdy,PERSON,0,5
mdp.39015053121862,106,5,0,nearly forty,CARDINAL,44,56
mdp.39015053121862,106,5,1,his sixty-two years,DATE,60,79
mdp.39015053121862,106,11,0,Harrisburg,GPE,24,34
mdp.39015053121862,106,11,1,Christian,NORP,119,128
mdp.39015053121862,106,11,2,Saturday,DATE,237,245
mdp.39015053121862,106,13,0,Christian,NORP,130,139
mdp.39015053121862,107,0,0,103,CARDINAL,25,28
mdp.39015053121862,107,4,0,Christian,NORP,97,106
mdp.39015053121862,107,6,0,Fenderson,PERSON,9,18
mdp.39015053121862,107,8,0,Pottsville,GPE,118,128
mdp.39015053121862,107,9,0,South Mountain,LOC,107,121
mdp.39015053121862,107,11,0,Edgeworth,PERSON,4,13
mdp.39015053121862,107,11,1,Harrisburg,GPE,215,225
mdp.39015053121862,107,12,0,Edgeworth,PERSON,58,67
mdp.39015053121862,107,14,0,Edgeworth,PERSON,0,9
mdp.39015053121862,107,14,1,Christian,NORP,39,48
mdp.39015053121862,107,14,2,Christian,NORP,80,89
mdp.39015053121862,108,0,0,Fenderson,PERSON,70,79
mdp.39015053121862,108,1,0,Edgeworth,PERSON,4,13
mdp.39015053121862,108,2,0,Edgeworth,PERSON,55,64
mdp.39015053121862,108,5,0,today,DATE,10,15
mdp.39015053121862,108,5,1,Fenderson,PERSON,22,31
mdp.39015053121862,108,7,0,Fenderson,PERSON,49,58
mdp.39015053121862,108,8,0,Thanksgiving,DATE,61,73
mdp.39015053121862,108,9,0,Ferdy,PERSON,31,36
mdp.39015053121862,108,10,0,Ferdy,PERSON,1,6
mdp.39015053121862,108,13,0,Fenderson,PERSON,26,35
mdp.39015053121862,108,14,0,Fenderson,PERSON,14,23
mdp.39015053121862,108,17,0,Fenderson,PERSON,0,9
mdp.39015053121862,108,17,1,more than a few feet,QUANTITY,36,56
mdp.39015053121862,108,18,0,Ferdy,PERSON,27,32
mdp.39015053121862,108,18,1,Fenderson,PERSON,35,44
mdp.39015053121862,108,19,0,Ferdy,PERSON,0,5
mdp.39015053121862,108,21,0,Ferdy,PERSON,36,41
mdp.39015053121862,108,22,0,Fenderson,PERSON,31,40
mdp.39015053121862,109,0,0,105,CARDINAL,25,28
mdp.39015053121862,109,2,0,Fenderson,PERSON,0,9
mdp.39015053121862,109,11,0,Ferdy,PERSON,28,33
mdp.39015053121862,109,13,0,Fenderson,PERSON,13,22
mdp.39015053121862,109,13,1,Ferdy,PERSON,25,30
mdp.39015053121862,109,17,0,Fenderson,PERSON,17,26
mdp.39015053121862,109,19,0,Ferdy,PERSON,31,36
mdp.39015053121862,110,2,0,Ferdy,PERSON,19,24
mdp.39015053121862,110,10,0,Ferdy,PERSON,115,120
mdp.39015053121862,110,18,0,Bubba,PERSON,0,5
mdp.39015053121862,110,19,0,all day,DATE,107,114
mdp.39015053121862,110,20,0,winter,DATE,9,15
mdp.39015053121862,110,20,1,his days,DATE,97,105
mdp.39015053121862,110,21,0,Chambersburg,GPE,16,28
mdp.39015053121862,111,0,0,107,CARDINAL,25,28
mdp.39015053121862,111,0,1,the week,DATE,44,52
mdp.39015053121862,111,5,0,only a week before,DATE,145,163
mdp.39015053121862,111,5,1,"nearly four, almost time",DATE,184,208
mdp.39015053121862,111,8,0,four o'clock,TIME,23,35
mdp.39015053121862,111,10,0,Fireman,PERSON,100,107
mdp.39015053121862,111,11,0,Fireman,PERSON,58,65
mdp.39015053121862,111,13,0,Fireman,PERSON,27,34
mdp.39015053121862,111,14,0,Fireman,PERSON,10,17
mdp.39015053121862,111,21,0,Fireman,PERSON,83,90
mdp.39015053121862,112,0,0,Jinks,PERSON,34,39
mdp.39015053121862,112,0,1,Fireman,PERSON,158,165
mdp.39015053121862,112,0,2,Wilmer,PERSON,178,184
mdp.39015053121862,112,1,0,one,CARDINAL,12,15
mdp.39015053121862,112,1,1,Bubba,PERSON,60,65
mdp.39015053121862,112,2,0,Bubba,PERSON,0,5
mdp.39015053121862,112,2,1,Jinks,PERSON,19,24
mdp.39015053121862,112,3,0,Bubba,PERSON,78,83
mdp.39015053121862,112,5,0,Fireman,PERSON,27,34
mdp.39015053121862,112,6,0,Fireman,PERSON,0,7
mdp.39015053121862,112,7,0,A minute later,TIME,0,14
mdp.39015053121862,112,7,1,Fireman,PERSON,27,34
mdp.39015053121862,112,7,2,first,ORDINAL,98,103
mdp.39015053121862,112,8,0,Bubba,PERSON,0,5
mdp.39015053121862,112,11,0,Fireman,PERSON,28,35
mdp.39015053121862,112,13,0,a pretty penny,MONEY,12,26
mdp.39015053121862,112,14,0,Bubba,PERSON,0,5
mdp.39015053121862,112,14,1,Fireman,PERSON,49,56
mdp.39015053121862,112,15,0,Fireman,PERSON,32,39
mdp.39015053121862,113,3,0,Fireman,PERSON,39,46
mdp.39015053121862,113,4,0,Bubba,PERSON,10,15
mdp.39015053121862,113,5,0,Bubba,PERSON,39,44
mdp.39015053121862,113,7,0,Bubba,PERSON,46,51
mdp.39015053121862,113,14,0,Christmas,DATE,4,13
mdp.39015053121862,113,27,0,Bubba,PERSON,26,31
mdp.39015053121862,114,6,0,Bubba,PERSON,11,16
mdp.39015053121862,114,9,0,Bubba,PERSON,8,13
mdp.39015053121862,114,11,0,Minutes later,TIME,0,13
mdp.39015053121862,114,20,0,Bessie,PERSON,0,6
mdp.39015053121862,114,22,0,Fireman,PERSON,7,14
mdp.39015053121862,114,22,1,Bubba,PERSON,44,49
mdp.39015053121862,114,23,0,Bubba,PERSON,47,52
mdp.39015053121862,114,23,1,hundredth,ORDINAL,108,117
mdp.39015053121862,114,26,0,Fireman,PERSON,43,50
mdp.39015053121862,115,2,0,Bubba,PERSON,0,5
mdp.39015053121862,115,6,0,Fireman,PERSON,14,21
mdp.39015053121862,115,7,0,Bubba,PERSON,0,5
mdp.39015053121862,115,8,0,Fireman,PERSON,59,66
mdp.39015053121862,115,9,0,Bubba,PERSON,1,6
mdp.39015053121862,115,9,1,Fireman,PERSON,9,16
mdp.39015053121862,115,12,0,Bubba,PERSON,0,5
mdp.39015053121862,115,13,0,Bubba,PERSON,15,20
mdp.39015053121862,115,13,1,Fireman,PERSON,23,30
mdp.39015053121862,115,13,2,Bubba,PERSON,64,69
mdp.39015053121862,115,18,0,Bubba,PERSON,15,20
mdp.39015053121862,115,21,0,Fireman,PERSON,14,21
mdp.39015053121862,115,25,0,Bubba,PERSON,13,18
mdp.39015053121862,115,26,0,Wilmer,PERSON,95,101
mdp.39015053121862,115,27,0,Fireman,PERSON,18,25
mdp.39015053121862,116,3,0,today,DATE,40,45
mdp.39015053121862,116,6,0,Bubba,PERSON,42,47
mdp.39015053121862,116,11,0,Bubba,PERSON,8,13
mdp.39015053121862,116,13,0,Bubba,PERSON,80,85
mdp.39015053121862,116,14,0,Bubba,PERSON,21,26
mdp.39015053121862,116,17,0,Fireman,PERSON,0,7
mdp.39015053121862,116,19,0,Bubba,PERSON,6,11
mdp.39015053121862,116,20,0,Bubba,PERSON,10,15
mdp.39015053121862,116,20,1,Fireman,PERSON,25,32
mdp.39015053121862,116,21,0,Bubba,PERSON,44,49
mdp.39015053121862,116,23,0,Bubba,PERSON,48,53
mdp.39015053121862,117,0,0,113,CARDINAL,25,28
mdp.39015053121862,117,7,0,Bubba,PERSON,67,72
mdp.39015053121862,117,10,0,Bubba,PERSON,0,5
mdp.39015053121862,117,16,0,Bubba,PERSON,16,21
mdp.39015053121862,117,20,0,Bubba,PERSON,25,30
mdp.39015053121862,117,29,0,just 8,TIME,11,17
mdp.39015053121862,118,1,0,Bubba,PERSON,26,31
mdp.39015053121862,118,2,0,Fireman,PERSON,46,53
mdp.39015053121862,118,5,0,Fireman,PERSON,31,38
mdp.39015053121862,118,6,0,the happy day,DATE,13,26
mdp.39015053121862,118,7,0,Next month,DATE,1,11
mdp.39015053121862,118,7,1,Bubba,PERSON,14,19
mdp.39015053121862,118,8,0,the 22nd or 23rd of next month,DATE,8,38
mdp.39015053121862,118,10,0,New York,GPE,27,35
mdp.39015053121862,118,10,1,the week,DATE,40,48
mdp.39015053121862,118,13,0,Moss,PERSON,26,30
mdp.39015053121862,118,15,0,Adam,PERSON,43,47
mdp.39015053121862,118,15,1,Eve,PERSON,52,55
mdp.39015053121862,118,17,0,Fireman,PERSON,0,7
mdp.39015053121862,118,18,0,Fenderson,PERSON,37,46
mdp.39015053121862,118,21,0,Fenderson,PERSON,101,110
mdp.39015053121862,118,22,0,Ferdy,PERSON,0,5
mdp.39015053121862,118,24,0,Ferdy,PERSON,21,26
mdp.39015053121862,119,0,0,115,CARDINAL,25,28
mdp.39015053121862,119,4,0,Satan,PERSON,31,36
mdp.39015053121862,119,4,1,two,CARDINAL,145,148
mdp.39015053121862,119,9,0,Adam,PERSON,250,254
mdp.39015053121862,119,11,0,Bubba,PERSON,10,15
mdp.39015053121862,119,11,1,Bessie,PERSON,20,26
mdp.39015053121862,120,9,0,Bessie,PERSON,12,18
mdp.39015053121862,120,9,1,Bubba,PERSON,23,28
mdp.39015053121862,121,5,0,Ferdy,PERSON,12,17
mdp.39015053121862,121,8,0,Ferdy,PERSON,17,22
mdp.39015053121862,121,15,0,Fenderson,PERSON,13,22
mdp.39015053121862,121,16,0,Ferdy,PERSON,23,28
mdp.39015053121862,121,20,0,Bubba,PERSON,21,26
mdp.39015053121862,121,20,1,Fenderson,PERSON,30,39
mdp.39015053121862,122,5,0,Fenderson,PERSON,65,74
mdp.39015053121862,122,6,0,Fenderson,PERSON,23,32
mdp.39015053121862,123,1,0,Ferdy,PERSON,0,5
mdp.39015053121862,123,10,0,Ferdy,PERSON,71,76
mdp.39015053121862,123,13,0,Christ,PERSON,49,55
mdp.39015053121862,123,15,0,one,CARDINAL,212,215
mdp.39015053121862,123,16,0,Ferdy,PERSON,26,31
mdp.39015053121862,123,19,0,Augustine,PERSON,132,141
mdp.39015053121862,124,4,0,Paul,PERSON,0,4
mdp.39015053121862,124,4,1,Paul,PERSON,134,138
mdp.39015053121862,124,4,2,Paul,PERSON,231,235
mdp.39015053121862,124,4,3,Augustine,PERSON,240,249
mdp.39015053121862,124,7,0,Christian,NORP,27,36
mdp.39015053121862,124,9,0,Ferdy,PERSON,9,14
mdp.39015053121862,124,10,0,Fenderson,PERSON,12,21
mdp.39015053121862,124,11,0,Bubba,PERSON,7,12
mdp.39015053121862,124,11,1,Bessie,PERSON,17,23
mdp.39015053121862,124,16,0,Fenderson,PERSON,12,21
mdp.39015053121862,124,18,0,Ferdy,PERSON,25,30
mdp.39015053121862,125,1,0,Fenderson,PERSON,0,9
mdp.39015053121862,125,1,1,Ferdy,PERSON,99,104
mdp.39015053121862,125,2,0,two,CARDINAL,4,7
mdp.39015053121862,125,2,1,one,CARDINAL,15,18
mdp.39015053121862,125,3,0,Bessie,PERSON,0,6
mdp.39015053121862,125,4,0,one,CARDINAL,53,56
mdp.39015053121862,125,7,0,Bubba,PERSON,15,20
mdp.39015053121862,126,6,0,Bubba,PERSON,5,10
mdp.39015053121862,126,8,0,Army,ORG,64,68
mdp.39015053121862,126,12,0,one,CARDINAL,73,76
mdp.39015053121862,126,16,0,Bubba,PERSON,10,15
mdp.39015053121862,126,17,0,New York,GPE,26,34
mdp.39015053121862,126,18,0,Bubba,PERSON,26,31
mdp.39015053121862,126,18,1,Chambersburg,GPE,152,164
mdp.39015053121862,126,18,2,Sears & Roebuck,ORG,183,198
mdp.39015053121862,126,20,0,Lois,PERSON,28,32
mdp.39015053121862,127,1,0,Bubba,PERSON,56,61
mdp.39015053121862,127,7,0,Bubba,PERSON,13,18
mdp.39015053121862,127,11,0,Christmas,DATE,12,21
mdp.39015053121862,127,15,0,Fenderson,PERSON,1,10
mdp.39015053121862,128,1,0,Bubba,PERSON,87,92
mdp.39015053121862,128,7,0,Fenderson,PERSON,0,9
mdp.39015053121862,128,8,0,Three years now,DATE,0,15
mdp.39015053121862,128,9,0,three years,DATE,23,34
mdp.39015053121862,128,10,0,Bubba,PERSON,53,58
mdp.39015053121862,128,12,0,Fenderson,PERSON,17,26
mdp.39015053121862,128,15,0,Fenderson,PERSON,20,29
mdp.39015053121862,128,17,0,Christian,NORP,3,12
mdp.39015053121862,128,18,0,Christian,NORP,138,147
mdp.39015053121862,128,20,0,Christian,NORP,28,37
mdp.39015053121862,129,4,0,Bubba,PERSON,27,32
mdp.39015053121862,129,7,0,Bessie,PERSON,28,34
mdp.39015053121862,129,8,0,Fenderson,PERSON,13,22
mdp.39015053121862,129,10,0,Bubba,PERSON,39,44
mdp.39015053121862,129,14,0,Fenderson,PERSON,32,41
mdp.39015053121862,129,16,0,Christian,NORP,113,122
mdp.39015053121862,129,16,1,Christian,NORP,148,157
mdp.39015053121862,129,21,0,Christian,NORP,25,34
mdp.39015053121862,129,22,0,Paul,PERSON,1,5
mdp.39015053121862,130,2,0,Christian,NORP,0,9
mdp.39015053121862,130,2,1,Bessie,PERSON,20,26
mdp.39015053121862,130,3,0,Paul,PERSON,11,15
mdp.39015053121862,130,4,0,Fenderson,PERSON,13,22
mdp.39015053121862,130,9,0,Christian,NORP,50,59
mdp.39015053121862,130,11,0,Fenderson,PERSON,13,22
mdp.39015053121862,130,16,0,Christian,NORP,47,56
mdp.39015053121862,131,4,0,Fenderson,PERSON,13,22
mdp.39015053121862,131,8,0,two,CARDINAL,40,43
mdp.39015053121862,131,15,0,Bessie,PERSON,26,32
mdp.39015053121862,131,16,0,Fenderson,PERSON,6,15
mdp.39015053121862,131,18,0,Christian,NORP,61,70
mdp.39015053121862,131,19,0,Bubba,PERSON,43,48
mdp.39015053121862,132,1,0,Bessie,PERSON,0,6
mdp.39015053121862,132,2,0,Fenderson,PERSON,14,23
mdp.39015053121862,132,10,0,Fireman,PERSON,0,7
mdp.39015053121862,132,12,0,Three,CARDINAL,0,5
mdp.39015053121862,132,13,0,Christ,PERSON,19,25
mdp.39015053121862,132,14,0,Fireman,PERSON,0,7
mdp.39015053121862,132,15,0,Fireman,PERSON,9,16
mdp.39015053121862,132,16,0,Fireman,PERSON,58,65
mdp.39015053121862,132,18,0,Fireman,PERSON,0,7
mdp.39015053121862,133,0,0,129,CARDINAL,25,28
mdp.39015053121862,133,1,0,one,CARDINAL,11,14
mdp.39015053121862,133,2,0,three,CARDINAL,61,66
mdp.39015053121862,133,3,0,Two,CARDINAL,0,3
mdp.39015053121862,133,4,0,Jinks,PERSON,16,21
mdp.39015053121862,133,4,1,Fireman,PERSON,24,31
mdp.39015053121862,133,6,0,Fireman,PERSON,10,17
mdp.39015053121862,133,7,0,Jinks,PERSON,0,5
mdp.39015053121862,133,7,1,Wilmer,PERSON,55,61
mdp.39015053121862,133,9,0,Fireman,PERSON,0,7
mdp.39015053121862,133,10,0,three,CARDINAL,26,31
mdp.39015053121862,133,10,1,Jinks,PERSON,87,92
mdp.39015053121862,133,10,2,Fireman,PERSON,97,104
mdp.39015053121862,133,10,3,Wilmer,PERSON,116,122
mdp.39015053121862,133,11,0,Jinks,PERSON,27,32
mdp.39015053121862,133,11,1,Fireman,PERSON,35,42
mdp.39015053121862,133,12,0,Fireman,PERSON,10,17
mdp.39015053121862,133,14,0,one,CARDINAL,14,17
mdp.39015053121862,133,14,1,Fireman,PERSON,71,78
mdp.39015053121862,133,17,0,Pops,PERSON,36,40
mdp.39015053121862,133,17,1,Fireman,PERSON,85,92
mdp.39015053121862,133,17,2,Wilmer,PERSON,103,109
mdp.39015053121862,133,18,0,Wilmer,PERSON,33,39
mdp.39015053121862,133,18,1,one,CARDINAL,64,67
mdp.39015053121862,134,0,0,Negro,PERSON,96,101
mdp.39015053121862,134,1,0,Fireman,PERSON,0,7
mdp.39015053121862,134,3,0,Jinks,PERSON,9,14
mdp.39015053121862,134,3,1,three-quarters of an hour,TIME,59,84
mdp.39015053121862,134,5,0,Bubba,PERSON,0,5
mdp.39015053121862,134,6,0,Fireman,PERSON,0,7
mdp.39015053121862,134,6,1,Wilmer,PERSON,122,128
mdp.39015053121862,134,7,0,Jinks,PERSON,0,5
mdp.39015053121862,134,8,0,Jinks,PERSON,36,41
mdp.39015053121862,134,8,1,Wilmer,PERSON,65,71
mdp.39015053121862,134,10,0,the Franklin County Rescue Squad,ORG,71,103
mdp.39015053121862,134,11,0,Fireman,PERSON,32,39
mdp.39015053121862,134,12,0,Wilmer,PERSON,9,15
mdp.39015053121862,134,13,0,one,CARDINAL,25,28
mdp.39015053121862,134,15,0,Jinks,PERSON,5,10
mdp.39015053121862,135,6,0,Fireman,PERSON,0,7
mdp.39015053121862,135,7,0,Fireman,PERSON,25,32
mdp.39015053121862,135,7,1,Jinks,PERSON,35,40
mdp.39015053121862,135,10,0,Wilmer,PERSON,60,66
mdp.39015053121862,135,12,0,Fireman,PERSON,12,19
mdp.39015053121862,135,12,1,Wilmer,PERSON,100,106
mdp.39015053121862,135,13,0,Fireman,PERSON,50,57
mdp.39015053121862,135,16,0,three,CARDINAL,4,9
mdp.39015053121862,135,16,1,Wilmer,PERSON,51,57
mdp.39015053121862,135,17,0,Jinks,PERSON,0,5
mdp.39015053121862,136,1,0,one,CARDINAL,14,17
mdp.39015053121862,136,2,0,three,CARDINAL,4,9
mdp.39015053121862,136,3,0,One,CARDINAL,0,3
mdp.39015053121862,136,3,1,two,CARDINAL,33,36
mdp.39015053121862,136,5,0,Jinks,PERSON,27,32
mdp.39015053121862,136,7,0,Fireman,PERSON,28,35
mdp.39015053121862,136,8,0,Fireman,PERSON,0,7
mdp.39015053121862,136,10,0,two,CARDINAL,38,41
mdp.39015053121862,136,10,1,Wilmer,PERSON,59,65
mdp.39015053121862,136,11,0,Fireman,PERSON,0,7
mdp.39015053121862,136,12,0,one,CARDINAL,13,16
mdp.39015053121862,136,12,1,Wilmer,PERSON,45,51
mdp.39015053121862,136,13,0,Fireman,PERSON,0,7
mdp.39015053121862,136,14,0,one,CARDINAL,33,36
mdp.39015053121862,136,16,0,Two,CARDINAL,0,3
mdp.39015053121862,136,16,1,Wilmer,PERSON,27,33
mdp.39015053121862,136,17,0,George,PERSON,28,34
mdp.39015053121862,136,17,1,one,CARDINAL,37,40
mdp.39015053121862,136,19,0,one,CARDINAL,13,16
mdp.39015053121862,137,0,0,Wilmer,PERSON,43,49
mdp.39015053121862,137,3,0,Wilmer,PERSON,113,119
mdp.39015053121862,137,4,0,A few minutes later,TIME,0,19
mdp.39015053121862,137,5,0,Fireman,PERSON,93,100
mdp.39015053121862,137,5,1,Wilmer,PERSON,161,167
mdp.39015053121862,137,6,0,One,CARDINAL,0,3
mdp.39015053121862,137,6,1,Wilmer,PERSON,23,29
mdp.39015053121862,137,8,0,one,CARDINAL,38,41
mdp.39015053121862,137,10,0,George,PERSON,36,42
mdp.39015053121862,137,11,0,Jinks,PERSON,0,5
mdp.39015053121862,137,11,1,one,CARDINAL,23,26
mdp.39015053121862,137,11,2,Wilmer,PERSON,101,107
mdp.39015053121862,137,13,0,Wilmer,PERSON,0,6
mdp.39015053121862,137,13,1,one,CARDINAL,56,59
mdp.39015053121862,137,14,0,Christ,PERSON,5,11
mdp.39015053121862,137,15,0,One,CARDINAL,0,3
mdp.39015053121862,137,16,0,Wilmer,PERSON,0,6
mdp.39015053121862,137,18,0,George,PERSON,23,29
mdp.39015053121862,138,2,0,four,CARDINAL,4,8
mdp.39015053121862,138,3,0,Wilmer,PERSON,43,49
mdp.39015053121862,138,3,1,Fireman,PERSON,65,72
mdp.39015053121862,138,4,0,Wilmer,PERSON,5,11
mdp.39015053121862,138,6,0,Fireman,PERSON,45,52
mdp.39015053121862,138,7,0,Wilmer,PERSON,0,6
mdp.39015053121862,138,7,1,Fireman,PERSON,62,69
mdp.39015053121862,138,8,0,Fireman,PERSON,79,86
mdp.39015053121862,138,10,0,Fireman,PERSON,0,7
mdp.39015053121862,138,12,0,Wilmer,PERSON,8,14
mdp.39015053121862,138,15,0,one,CARDINAL,14,17
mdp.39015053121862,138,15,1,Jinks,PERSON,37,42
mdp.39015053121862,138,16,0,Fireman,PERSON,21,28
mdp.39015053121862,138,16,1,one,CARDINAL,37,40
mdp.39015053121862,138,17,0,Pops,PERSON,8,12
mdp.39015053121862,138,20,0,tomorrow,DATE,21,29
mdp.39015053121862,138,20,1,morning,TIME,30,37
mdp.39015053121862,138,22,0,Fireman,PERSON,12,19
mdp.39015053121862,138,23,0,One,CARDINAL,0,3
mdp.39015053121862,138,24,0,Fireman,PERSON,32,39
mdp.39015053121862,138,24,1,Wilmer,PERSON,86,92
mdp.39015053121862,138,24,2,two,CARDINAL,101,104
mdp.39015053121862,138,25,0,Fireman,PERSON,0,7
mdp.39015053121862,139,1,0,Fireman,ORG,102,109
mdp.39015053121862,139,5,0,Fireman,PERSON,8,15
mdp.39015053121862,139,6,0,a few seconds,TIME,4,17
mdp.39015053121862,139,6,1,Fireman,PERSON,24,31
mdp.39015053121862,139,8,0,Fireman,PERSON,14,21
mdp.39015053121862,139,8,1,Jinks,PERSON,24,29
mdp.39015053121862,139,10,0,Fireman,PERSON,0,7
mdp.39015053121862,139,13,0,Fireman,PERSON,0,7
mdp.39015053121862,139,15,0,Jinks,PERSON,0,5
mdp.39015053121862,139,16,0,Fireman,PERSON,16,23
mdp.39015053121862,139,17,0,tomorrow,DATE,49,57
mdp.39015053121862,139,17,1,morning,TIME,58,65
mdp.39015053121862,139,19,0,Jinks,PERSON,7,12
mdp.39015053121862,139,20,0,Wilmer,PERSON,1,7
mdp.39015053121862,139,20,1,Fireman,PERSON,48,55
mdp.39015053121862,139,21,0,Jesus,PERSON,1,6
mdp.39015053121862,139,21,1,Jinks,PERSON,9,14
mdp.39015053121862,140,2,0,Fireman,PERSON,31,38
mdp.39015053121862,140,4,0,Fireman,PERSON,39,46
mdp.39015053121862,140,6,0,Fireman,PERSON,18,25
mdp.39015053121862,140,13,0,Fireman,PERSON,27,34
mdp.39015053121862,140,13,1,Fireman,PERSON,49,56
mdp.39015053121862,140,14,0,Fireman,PERSON,54,61
mdp.39015053121862,140,15,0,Wilmer,PERSON,68,74
mdp.39015053121862,141,0,0,137,CARDINAL,25,28
mdp.39015053121862,141,0,1,two,CARDINAL,46,49
mdp.39015053121862,141,5,0,Fireman,PERSON,31,38
mdp.39015053121862,141,6,0,Fireman,PERSON,10,17
mdp.39015053121862,141,8,0,Fireman,PERSON,59,66
mdp.39015053121862,141,9,0,one,CARDINAL,21,24
mdp.39015053121862,141,13,0,Fireman,PERSON,84,91
mdp.39015053121862,141,14,0,morning,TIME,70,77
mdp.39015053121862,142,3,0,Fireman,PERSON,0,7
mdp.39015053121862,142,3,1,Fireman,PERSON,146,153
mdp.39015053121862,142,4,0,Fireman,PERSON,47,54
mdp.39015053121862,143,1,0,Venetian,NORP,69,77
mdp.39015053121862,143,1,1,winter,DATE,112,118
mdp.39015053121862,143,2,0,Edgeworth,PERSON,16,25
mdp.39015053121862,143,3,0,Edgeworth,PERSON,108,117
mdp.39015053121862,143,4,0,Harrisburg,PERSON,31,41
mdp.39015053121862,143,6,0,Moss,PERSON,52,56
mdp.39015053121862,143,10,0,the years,DATE,58,67
mdp.39015053121862,144,0,0,140,CARDINAL,0,3
mdp.39015053121862,144,0,1,Hamlin A. Garnett,PERSON,32,49
mdp.39015053121862,144,0,2,first,ORDINAL,51,56
mdp.39015053121862,144,1,0,some forty years ago,DATE,78,98
mdp.39015053121862,144,2,0,Hamlin Garnett,PERSON,0,14
mdp.39015053121862,144,3,0,Garnett,PERSON,32,39
mdp.39015053121862,144,3,1,Garnett,PERSON,154,161
mdp.39015053121862,144,4,0,Hamlin A. Garnett,PERSON,55,72
mdp.39015053121862,144,4,1,American,NORP,74,82
mdp.39015053121862,144,5,0,Garnett,PERSON,0,7
mdp.39015053121862,144,5,1,Edgeworth,PERSON,13,22
mdp.39015053121862,144,5,2,those days,DATE,51,61
mdp.39015053121862,144,5,3,Garnett,PERSON,108,115
mdp.39015053121862,144,5,4,Christian,NORP,156,165
mdp.39015053121862,144,6,0,Edgeworth,PERSON,0,9
mdp.39015053121862,144,6,1,Garnett,PERSON,25,32
mdp.39015053121862,144,6,2,first,ORDINAL,73,78
mdp.39015053121862,144,6,3,Paytonville,GPE,92,103
mdp.39015053121862,144,7,0,Garnett,PERSON,0,7
mdp.39015053121862,144,9,0,Garnett,PERSON,8,15
mdp.39015053121862,144,10,0,Garnett,PERSON,4,11
mdp.39015053121862,144,10,1,Edgeworth,PERSON,107,116
mdp.39015053121862,145,0,0,141,CARDINAL,25,28
mdp.39015053121862,145,2,0,Garnett,PERSON,0,7
mdp.39015053121862,145,4,0,Garnett,PERSON,87,94
mdp.39015053121862,145,4,1,the last century,DATE,163,179
mdp.39015053121862,145,4,2,Garnett,PERSON,294,301
mdp.39015053121862,145,5,0,Academy,ORG,17,24
mdp.39015053121862,145,5,1,Hamlin Garnett,PERSON,30,44
mdp.39015053121862,145,6,0,Garnett,PERSON,196,203
mdp.39015053121862,145,6,1,the age of twelve,DATE,227,244
mdp.39015053121862,145,7,0,Hamlin Garnett,PERSON,76,90
mdp.39015053121862,145,7,1,Harrisburg,GPE,123,133
mdp.39015053121862,145,9,0,Hamlin,PERSON,1,7
mdp.39015053121862,145,9,1,Garnett,PERSON,22,29
mdp.39015053121862,145,10,0,a few days,DATE,6,16
mdp.39015053121862,145,10,1,Garnett,PERSON,50,57
mdp.39015053121862,146,1,0,first,ORDINAL,29,34
mdp.39015053121862,146,2,0,Edgeworth,PERSON,4,13
mdp.39015053121862,146,2,1,Hamlin A. Garnett,PERSON,75,92
mdp.39015053121862,146,4,0,Garnett,PERSON,0,7
mdp.39015053121862,146,5,0,Garnett,PERSON,0,7
mdp.39015053121862,146,5,1,Garnett,PERSON,172,179
mdp.39015053121862,146,5,2,New York,GPE,201,209
mdp.39015053121862,146,5,3,the last days,DATE,217,230
mdp.39015053121862,146,6,0,Paytonville,GPE,42,53
mdp.39015053121862,146,6,1,Garnett,PERSON,99,106
mdp.39015053121862,146,6,2,Sunday,DATE,150,156
mdp.39015053121862,146,7,0,six days,DATE,33,41
mdp.39015053121862,146,8,0,Edgeworth,PERSON,75,84
mdp.39015053121862,146,10,0,Hamlin Garnett's,PERSON,37,53
mdp.39015053121862,147,0,0,143,CARDINAL,25,28
mdp.39015053121862,147,2,0,more than twentyfour hours,TIME,30,56
mdp.39015053121862,147,3,0,Edgeworth,PERSON,44,53
mdp.39015053121862,147,3,1,that morning,TIME,70,82
mdp.39015053121862,147,3,2,fifteen years,DATE,163,176
mdp.39015053121862,147,4,0,Edgeworth,PERSON,25,34
mdp.39015053121862,147,4,1,winters,DATE,110,117
mdp.39015053121862,147,4,2,winters,DATE,138,145
mdp.39015053121862,147,16,0,winter,DATE,46,52
mdp.39015053121862,148,0,0,Harrisburg,GPE,73,83
mdp.39015053121862,148,1,0,Chambersburg,GPE,26,38
mdp.39015053121862,148,1,1,overnight,TIME,135,144
mdp.39015053121862,148,4,0,December,DATE,25,33
mdp.39015053121862,148,5,0,one,CARDINAL,9,12
mdp.39015053121862,148,9,0,Harrisburg,GPE,62,72
mdp.39015053121862,148,12,0,Harrisburg,GPE,45,55
mdp.39015053121862,149,4,0,Harrisburg,GPE,27,37
mdp.39015053121862,149,7,0,Communists,NORP,45,55
mdp.39015053121862,149,8,0,Garnett,PERSON,0,7
mdp.39015053121862,149,8,1,Hamlin A. Garnett,PERSON,84,101
mdp.39015053121862,149,9,0,Communists,NORP,34,44
mdp.39015053121862,149,9,1,Paytonville,GPE,73,84
mdp.39015053121862,149,9,2,Garnett,PERSON,90,97
mdp.39015053121862,149,11,0,Edgeworth,PERSON,95,104
mdp.39015053121862,150,10,0,Hamlin Garnett,PERSON,57,71
mdp.39015053121862,150,11,0,the past centuries,DATE,77,95
mdp.39015053121862,150,13,0,One mighty last second,TIME,0,22
mdp.39015053121862,150,15,0,that day,DATE,86,94
mdp.39015053121862,151,0,0,147,CARDINAL,25,28
mdp.39015053121862,151,0,1,Washington,ORG,46,56
mdp.39015053121862,151,0,2,Mongolian,NORP,152,161
mdp.39015053121862,151,1,0,Washington,ORG,42,52
mdp.39015053121862,151,2,0,Fenderson,PERSON,94,103
mdp.39015053121862,151,2,1,Voice,PERSON,114,119
mdp.39015053121862,151,4,0,Edgeworth,PERSON,64,73
mdp.39015053121862,151,4,1,Fenderson,PERSON,108,117
mdp.39015053121862,151,4,2,South Mountain,LOC,173,187
mdp.39015053121862,151,7,0,Ear,PERSON,8,11
mdp.39015053121862,151,8,0,Ear,PERSON,5,8
mdp.39015053121862,151,8,1,Ear,PERSON,17,20
mdp.39015053121862,151,8,2,Ear,PERSON,27,30
mdp.39015053121862,152,1,0,Edgeworth,PERSON,0,9
mdp.39015053121862,152,2,0,Ear,PERSON,0,3
mdp.39015053121862,152,3,0,two,CARDINAL,89,92
mdp.39015053121862,152,3,1,Voice,PERSON,107,112
mdp.39015053121862,152,4,0,Ear,PERSON,5,8
mdp.39015053121862,152,7,0,Harrisburg,GPE,69,79
mdp.39015053121862,152,8,0,three,CARDINAL,38,43
mdp.39015053121862,152,8,1,half,CARDINAL,70,74
mdp.39015053121862,152,9,0,Hamlin Garnett,PERSON,0,14
mdp.39015053121862,152,10,0,Paytonville,GPE,150,161
mdp.39015053121862,152,12,0,Garnett,PERSON,0,7
mdp.39015053121862,152,12,1,Paytonville Jail,FAC,86,102
mdp.39015053121862,153,3,0,Voice,PERSON,39,44
mdp.39015053121862,153,4,0,Hamlin Garnett's,PERSON,31,47
mdp.39015053121862,153,4,1,Academy,ORG,49,56
mdp.39015053121862,153,9,0,Tomorrow,DATE,0,8
mdp.39015053121862,153,10,0,Harrisburg,GPE,18,28
mdp.39015053121862,153,12,0,tomorrow,DATE,66,74
mdp.39015053121862,153,13,0,Florida,GPE,92,99
mdp.39015053121862,153,13,1,Christmas,DATE,108,117
mdp.39015053121862,154,0,0,second,ORDINAL,64,70
mdp.39015053121862,154,1,0,Edgeworth,PERSON,28,37
mdp.39015053121862,154,2,0,one,CARDINAL,24,27
mdp.39015053121862,154,2,1,two,CARDINAL,31,34
mdp.39015053121862,154,3,0,Fenderson,PERSON,10,19
mdp.39015053121862,154,7,0,Moss,PERSON,14,18
mdp.39015053121862,154,14,0,first,ORDINAL,46,51
mdp.39015053121862,154,14,1,that morning,TIME,91,103
mdp.39015053121862,154,14,2,winter,DATE,175,181
mdp.39015053121862,155,0,0,Harrisburg,GPE,75,85
mdp.39015053121862,155,5,0,Edgeworth,PERSON,111,120
mdp.39015053121862,155,6,0,Ear,PERSON,5,8
mdp.39015053121862,155,11,0,nearly thirty years ago,DATE,129,152
mdp.39015053121862,155,12,0,those years,DATE,29,40
mdp.39015053121862,155,16,0,Christian,NORP,9,18
mdp.39015053121862,156,5,0,Agnes Moss,PERSON,22,32
mdp.39015053121862,156,7,0,one,CARDINAL,102,105
mdp.39015053121862,156,9,0,Voice,PERSON,9,14
mdp.39015053121862,156,9,1,Fenderson,PERSON,55,64
mdp.39015053121862,156,14,0,his seventieth year,DATE,55,74
mdp.39015053121862,157,0,0,153,CARDINAL,25,28
mdp.39015053121862,157,0,1,half a century,DATE,47,61
mdp.39015053121862,157,3,0,Hamlin Garnett,PERSON,39,53
mdp.39015053121862,157,4,0,Hamlin Garnett,PERSON,4,18
mdp.39015053121862,157,4,1,Christian,NORP,76,85
mdp.39015053121862,157,5,0,Edgeworth,PERSON,19,28
mdp.39015053121862,157,7,0,Hamlin Garnett,PERSON,9,23
mdp.39015053121862,157,8,0,Edgeworth,PERSON,15,24
mdp.39015053121862,157,14,0,a few moments,TIME,6,19
mdp.39015053121862,158,2,0,first,ORDINAL,29,34
mdp.39015053121862,158,6,0,Edgeworth,PERSON,4,13
mdp.39015053121862,158,9,0,Edgeworth,PERSON,0,9
mdp.39015053121862,158,9,1,Lancaster,GPE,61,70
mdp.39015053121862,158,9,2,that morning,TIME,71,83
mdp.39015053121862,158,10,0,Lancaster,GPE,33,42
mdp.39015053121862,158,10,1,Greyhound,ORG,59,68
mdp.39015053121862,158,10,2,Philadelphia,GPE,83,95
mdp.39015053121862,158,11,0,Edgeworth,PERSON,14,23
mdp.39015053121862,159,1,0,Edgeworth,PERSON,4,13
mdp.39015053121862,159,2,0,Moss,PERSON,26,30
mdp.39015053121862,159,3,0,Fenderson,PERSON,4,13
mdp.39015053121862,159,3,1,Bubba,PERSON,70,75
mdp.39015053121862,159,4,0,Fenderson,PERSON,47,56
mdp.39015053121862,159,4,1,Moss,PERSON,78,82
mdp.39015053121862,159,9,0,Bubba,PERSON,18,23
mdp.39015053121862,159,10,0,Moss,PERSON,5,9
mdp.39015053121862,159,12,0,Edgeworth,PERSON,15,24
mdp.39015053121862,159,13,0,Lancaster,GPE,26,35
mdp.39015053121862,159,14,0,Edgeworth,PERSON,47,56
mdp.39015053121862,159,14,1,Bubba,PERSON,128,133
mdp.39015053121862,159,14,2,Bessie,PERSON,149,155
mdp.39015053121862,159,14,3,Ferdy,PERSON,161,166
mdp.39015053121862,159,14,4,Fenderson,PERSON,181,190
mdp.39015053121862,159,15,0,Hamlin Garnett,PERSON,15,29
mdp.39015053121862,159,16,0,Edgeworth,PERSON,17,26
mdp.39015053121862,160,1,0,Garnett,PERSON,0,7
mdp.39015053121862,160,1,1,the Paytonville Jail,FAC,79,99
mdp.39015053121862,160,2,0,Garnett,PERSON,36,43
mdp.39015053121862,160,4,0,Garnett,PERSON,29,36
mdp.39015053121862,160,5,0,Garnett,PERSON,3,10
mdp.39015053121862,160,6,0,Hamlin Garnett,PERSON,30,44
mdp.39015053121862,160,7,0,Garnett,PERSON,46,53
mdp.39015053121862,160,8,0,Garnett,PERSON,40,47
mdp.39015053121862,160,9,0,Christian,NORP,133,142
mdp.39015053121862,160,10,0,one,CARDINAL,49,52
mdp.39015053121862,160,10,1,Christian,NORP,150,159
mdp.39015053121862,160,11,0,Garnett,PERSON,4,11
mdp.39015053121862,160,11,1,Ferdy,PERSON,32,37
mdp.39015053121862,160,12,0,Edgeworth,PERSON,12,21
mdp.39015053121862,160,12,1,Garnett,PERSON,93,100
mdp.39015053121862,160,13,0,Edgeworth,PERSON,57,66
mdp.39015053121862,160,13,1,two,CARDINAL,76,79
mdp.39015053121862,161,1,0,Fenderson,PERSON,18,27
mdp.39015053121862,161,2,0,Edgeworth,PERSON,19,28
mdp.39015053121862,161,3,0,Fenderson,PERSON,4,13
mdp.39015053121862,161,4,0,Fenderson,PERSON,19,28
mdp.39015053121862,161,6,0,Edgeworth,PERSON,4,13
mdp.39015053121862,161,7,0,Fenderson,PERSON,35,44
mdp.39015053121862,161,9,0,Christian,NORP,22,31
mdp.39015053121862,161,10,0,Edgeworth,PERSON,24,33
mdp.39015053121862,161,18,0,Bubba,PERSON,14,19
mdp.39015053121862,161,18,1,Fenderson,PERSON,22,31
mdp.39015053121862,161,19,0,Edgeworth,PERSON,15,24
mdp.39015053121862,161,21,0,Bubba,PERSON,31,36
mdp.39015053121862,161,21,1,Fenderson,PERSON,43,52
mdp.39015053121862,161,21,2,one,CARDINAL,132,135
mdp.39015053121862,161,22,0,Bubba,PERSON,57,62
mdp.39015053121862,162,1,0,Bubba,PERSON,10,15
mdp.39015053121862,162,2,0,Bubba,PERSON,7,12
mdp.39015053121862,162,3,0,Fenderson,PERSON,4,13
mdp.39015053121862,162,5,0,Fenderson,PERSON,30,39
mdp.39015053121862,162,7,0,Bubba,PERSON,40,45
mdp.39015053121862,162,9,0,Bubba,PERSON,21,26
mdp.39015053121862,162,12,0,Fenderson,PERSON,4,13
mdp.39015053121862,162,14,0,Bubba,PERSON,26,31
mdp.39015053121862,162,16,0,Fenderson,PERSON,14,23
mdp.39015053121862,162,16,1,Bubba,PERSON,66,71
mdp.39015053121862,162,18,0,Bubba,PERSON,10,15
mdp.39015053121862,162,18,1,Ferdy,PERSON,51,56
mdp.39015053121862,162,19,0,Fenderson,PERSON,0,9
mdp.39015053121862,162,21,0,the last month,DATE,61,75
mdp.39015053121862,162,24,0,Fenderson,PERSON,24,33
mdp.39015053121862,162,24,1,Bubba,PERSON,36,41
mdp.39015053121862,162,25,0,Bubba,PERSON,6,11
mdp.39015053121862,162,25,1,Fenderson,PERSON,14,23
mdp.39015053121862,163,0,0,159,CARDINAL,25,28
mdp.39015053121862,163,3,0,Ferdy,PERSON,36,41
mdp.39015053121862,163,8,0,Bubba,PERSON,10,15
mdp.39015053121862,163,9,0,Fenderson,PERSON,32,41
mdp.39015053121862,163,9,1,Bubba,PERSON,82,87
mdp.39015053121862,163,10,0,Moss,PERSON,19,23
mdp.39015053121862,163,11,0,Bessie,PERSON,34,40
mdp.39015053121862,163,12,0,Bessie,PERSON,74,80
mdp.39015053121862,163,14,0,Bubba,PERSON,0,5
mdp.39015053121862,163,14,1,two,CARDINAL,22,25
mdp.39015053121862,163,15,0,Bessie,PERSON,13,19
mdp.39015053121862,163,19,0,Bubba,PERSON,1,6
mdp.39015053121862,163,22,0,Bubba,PERSON,33,38
mdp.39015053121862,163,24,0,Bubba,PERSON,35,40
mdp.39015053121862,163,28,0,Fenderson,PERSON,4,13
mdp.39015053121862,164,0,0,Bubba,PERSON,34,39
mdp.39015053121862,164,1,0,Fenderson,PERSON,5,14
mdp.39015053121862,164,1,1,Bubba,PERSON,68,73
mdp.39015053121862,164,1,2,Bubba,PERSON,83,88
mdp.39015053121862,164,2,0,Bessie,PERSON,27,33
mdp.39015053121862,164,5,0,Bubba,PERSON,30,35
mdp.39015053121862,164,6,0,Bubba,PERSON,48,53
mdp.39015053121862,164,6,1,Fenderson,PERSON,90,99
mdp.39015053121862,164,8,0,Bubba,PERSON,53,58
mdp.39015053121862,164,10,0,Fenderson,PERSON,0,9
mdp.39015053121862,164,11,0,Bubba,PERSON,0,5
mdp.39015053121862,164,12,0,Bessie,PERSON,10,16
mdp.39015053121862,164,12,1,Fenderson,PERSON,61,70
mdp.39015053121862,164,13,0,Jesus,PERSON,5,10
mdp.39015053121862,164,13,1,Bubba,PERSON,13,18
mdp.39015053121862,164,13,2,Fenderson,PERSON,81,90
mdp.39015053121862,164,17,0,Fenderson,PERSON,15,24
mdp.39015053121862,164,19,0,Edgeworth,PERSON,57,66
mdp.39015053121862,164,20,0,Bubba,PERSON,42,47
mdp.39015053121862,164,21,0,Bubba,PERSON,27,32
mdp.39015053121862,165,0,0,161,CARDINAL,25,28
mdp.39015053121862,165,3,0,Bubba,PERSON,13,18
mdp.39015053121862,165,5,0,Bubba,PERSON,0,5
mdp.39015053121862,165,5,1,Bessie,PERSON,55,61
mdp.39015053121862,165,6,0,Fenderson,PERSON,126,135
mdp.39015053121862,165,7,0,Bubba,PERSON,31,36
mdp.39015053121862,165,8,0,Fenderson,PERSON,4,13
mdp.39015053121862,165,8,1,Edgeworth,PERSON,41,50
mdp.39015053121862,165,9,0,Edgeworth,PERSON,0,9
mdp.39015053121862,165,10,0,Hamlin Garnett,PERSON,5,19
mdp.39015053121862,165,10,1,Edgeworth,PERSON,70,79
mdp.39015053121862,165,11,0,one,CARDINAL,29,32
mdp.39015053121862,165,13,0,Edgeworth,PERSON,9,18
mdp.39015053121862,165,14,0,Fenderson,PERSON,31,40
mdp.39015053121862,165,14,1,Edgeworth,PERSON,98,107
mdp.39015053121862,165,15,0,December,DATE,42,50
mdp.39015053121862,166,1,0,Fenderson,PERSON,17,26
mdp.39015053121862,166,1,1,Negro,NORP,67,72
mdp.39015053121862,166,2,0,Bubba,PERSON,39,44
mdp.39015053121862,166,3,0,Fenderson,PERSON,22,31
mdp.39015053121862,166,4,0,Fenderson,PERSON,0,9
mdp.39015053121862,166,4,1,Edgeworth,PERSON,55,64
mdp.39015053121862,166,7,0,Bubba,PERSON,53,58
mdp.39015053121862,166,7,1,Fenderson,PERSON,89,98
mdp.39015053121862,166,8,0,God,PERSON,46,49
mdp.39015053121862,166,8,1,Bubba,PERSON,69,74
mdp.39015053121862,166,9,0,Bubba,PERSON,0,5
mdp.39015053121862,166,11,0,Ferdy,PERSON,0,5
mdp.39015053121862,166,12,0,Bubba,PERSON,70,75
mdp.39015053121862,166,13,0,Fenderson,PERSON,49,58
mdp.39015053121862,166,14,0,Fenderson,PERSON,48,57
mdp.39015053121862,167,1,0,Ferdy,PERSON,0,5
mdp.39015053121862,167,2,0,Bubba,PERSON,76,81
mdp.39015053121862,167,3,0,Bubba,PERSON,20,25
mdp.39015053121862,167,5,0,Fenderson,PERSON,42,51
mdp.39015053121862,167,7,0,Fenderson,PERSON,0,9
mdp.39015053121862,167,12,0,Bubba,PERSON,19,24
mdp.39015053121862,167,13,0,Bubba,PERSON,13,18
mdp.39015053121862,167,13,1,Fenderson,PERSON,101,110
mdp.39015053121862,167,14,0,Fenderson,PERSON,50,59
mdp.39015053121862,167,16,0,Ferdy,PERSON,1,6
mdp.39015053121862,167,16,1,Fenderson,PERSON,9,18
mdp.39015053121862,167,18,0,Fenderson,PERSON,45,54
mdp.39015053121862,167,18,1,Edgeworth,PERSON,61,70
mdp.39015053121862,167,20,0,Fenderson,PERSON,4,13
mdp.39015053121862,167,23,0,Bubba,PERSON,5,10
mdp.39015053121862,168,1,0,Fenderson,PERSON,68,77
mdp.39015053121862,168,2,0,Bubba,PERSON,25,30
mdp.39015053121862,168,4,0,Fenderson,PERSON,36,45
mdp.39015053121862,168,5,0,Bessie,PERSON,0,6
mdp.39015053121862,168,8,0,Fenderson,PERSON,29,38
mdp.39015053121862,168,12,0,Bubba,PERSON,6,11
mdp.39015053121862,168,15,0,Bubba,PERSON,47,52
mdp.39015053121862,168,18,0,Bubba,PERSON,35,40
mdp.39015053121862,168,18,1,Fenderson,PERSON,47,56
mdp.39015053121862,168,23,0,one day,DATE,34,41
mdp.39015053121862,168,23,1,a day,DATE,56,61
mdp.39015053121862,169,0,0,165,CARDINAL,25,28
mdp.39015053121862,169,0,1,Bubba,PERSON,29,34
mdp.39015053121862,169,1,0,Bubba,PERSON,58,63
mdp.39015053121862,169,4,0,Bubba,PERSON,0,5
mdp.39015053121862,169,5,0,Bessie,PERSON,0,6
mdp.39015053121862,169,6,0,Bubba,PERSON,21,26
mdp.39015053121862,169,6,1,Fenderson,PERSON,29,38
mdp.39015053121862,169,6,2,Bubba,PERSON,166,171
mdp.39015053121862,169,9,0,Fenderson,PERSON,18,27
mdp.39015053121862,169,11,0,Bubba,PERSON,7,12
mdp.39015053121862,169,15,0,Fenderson,PERSON,0,9
mdp.39015053121862,169,16,0,Ferdy,PERSON,0,5
mdp.39015053121862,169,17,0,Bessie,PERSON,22,28
mdp.39015053121862,169,20,0,Fenderson,PERSON,45,54
mdp.39015053121862,169,20,1,Edgeworth,PERSON,72,81
mdp.39015053121862,169,21,0,Fenderson,PERSON,57,66
mdp.39015053121862,169,21,1,Bessie,PERSON,71,77
mdp.39015053121862,169,22,0,Edgeworth,PERSON,8,17
mdp.39015053121862,170,5,0,one day,DATE,37,44
mdp.39015053121862,170,6,0,Bubba,PERSON,36,41
mdp.39015053121862,170,6,1,Edgeworth,PERSON,49,58
mdp.39015053121862,170,7,0,this morning,TIME,30,42
mdp.39015053121862,170,7,1,Fenderson,PERSON,45,54
mdp.39015053121862,170,8,0,Bubba,PERSON,13,18
mdp.39015053121862,170,9,0,Bubba,PERSON,13,18
mdp.39015053121862,170,9,1,Edgeworth,PERSON,25,34
mdp.39015053121862,170,10,0,Bubba,PERSON,13,18
mdp.39015053121862,170,15,0,Bubba,PERSON,5,10
mdp.39015053121862,170,15,1,Edgeworth,PERSON,17,26
mdp.39015053121862,170,20,0,Bubba,PERSON,0,5
mdp.39015053121862,171,0,0,167,CARDINAL,25,28
mdp.39015053121862,171,0,1,Jim Crow,NORP,34,42
mdp.39015053121862,171,1,0,Fenderson,PERSON,38,47
mdp.39015053121862,171,2,0,Bubba,PERSON,37,42
mdp.39015053121862,171,11,0,Ferdy,PERSON,0,5
mdp.39015053121862,171,11,1,Fenderson,PERSON,26,35
mdp.39015053121862,171,11,2,Bubba,PERSON,55,60
mdp.39015053121862,171,13,0,Bubba,PERSON,54,59
mdp.39015053121862,171,15,0,Bubba,PERSON,25,30
mdp.39015053121862,171,15,1,Fenderson,PERSON,37,46
mdp.39015053121862,171,17,0,Fenderson,PERSON,21,30
mdp.39015053121862,171,17,1,Edgeworth,PERSON,37,46
mdp.39015053121862,171,18,0,Chambersburg,GPE,21,33
mdp.39015053121862,171,18,1,about an hour,TIME,37,50
mdp.39015053121862,171,19,0,Bubba,PERSON,6,11
mdp.39015053121862,172,0,0,a little less than an hour,TIME,33,59
mdp.39015053121862,172,2,0,Bubba,PERSON,17,22
mdp.39015053121862,172,5,0,Bessie,PERSON,0,6
mdp.39015053121862,172,9,0,Bubba,PERSON,18,23
mdp.39015053121862,172,12,0,Bubba,PERSON,0,5
mdp.39015053121862,172,13,0,Agnes Moss,PERSON,10,20
mdp.39015053121862,172,15,0,first,ORDINAL,82,87
mdp.39015053121862,172,15,1,Bessie,PERSON,114,120
mdp.39015053121862,172,16,0,Fenderson,PERSON,58,67
mdp.39015053121862,172,19,0,Ferdy,PERSON,38,43
mdp.39015053121862,172,20,0,Fenderson,PERSON,110,119
mdp.39015053121862,172,21,0,Agnes Moss,PERSON,0,10
mdp.39015053121862,172,22,0,this day,DATE,37,45
mdp.39015053121862,172,22,1,Fenderson,PERSON,48,57
mdp.39015053121862,173,0,0,Ferdy,PERSON,29,34
mdp.39015053121862,173,2,0,Ferdy,PERSON,12,17
mdp.39015053121862,173,3,0,Fenderson,PERSON,29,38
mdp.39015053121862,173,3,1,Fenderson,PERSON,75,84
mdp.39015053121862,173,4,0,Fenderson,PERSON,36,45
mdp.39015053121862,173,5,0,Ferdy,PERSON,12,17
mdp.39015053121862,173,5,1,Agnes Moss,PERSON,45,55
mdp.39015053121862,173,6,0,Fenderson,PERSON,4,13
mdp.39015053121862,173,7,0,Edgeworth,PERSON,75,84
mdp.39015053121862,173,8,0,Edgeworth,PERSON,105,114
mdp.39015053121862,173,9,0,Hamlin A. Garnett,PERSON,6,23
mdp.39015053121862,173,10,0,Edgeworth,PERSON,4,13
mdp.39015053121862,173,18,0,Fenderson,PERSON,93,102
mdp.39015053121862,174,3,0,Ferdy,PERSON,40,45
mdp.39015053121862,174,7,0,Edgeworth,PERSON,5,14
mdp.39015053121862,174,15,0,Fenderson,PERSON,23,32
mdp.39015053121862,174,15,1,Moss,PERSON,42,46
mdp.39015053121862,174,15,2,Ferdy,PERSON,51,56
mdp.39015053121862,174,21,0,Fenderson,PERSON,0,9
mdp.39015053121862,174,21,1,Moss,PERSON,19,23
mdp.39015053121862,174,21,2,so many years,DATE,54,67
mdp.39015053121862,175,0,0,171,CARDINAL,25,28
mdp.39015053121862,175,1,0,Hamlin Garnett,PERSON,119,133
mdp.39015053121862,175,6,0,Genesis,WORK_OF_ART,52,59
mdp.39015053121862,175,7,0,Edgeworth,PERSON,75,84
mdp.39015053121862,175,8,0,Edgeworth,PERSON,57,66
mdp.39015053121862,175,9,0,winter,DATE,94,100
mdp.39015053121862,176,0,0,Bubba,PERSON,135,140
mdp.39015053121862,176,0,1,Bessie,PERSON,145,151
mdp.39015053121862,176,0,2,late afternoon,TIME,365,379
mdp.39015053121862,178,0,0,1,CARDINAL,0,1
