vol_id,page,sentence_id,ent_id,entity,entity_type,start_char,end_char
mdp.39015049500856,2,0,0,MICHIGAN MICHIGAN,PERSON,1,18
mdp.39015049500856,2,0,1,MICH VER UNIVERS UNIVERS,GPE,26,50
mdp.39015049500856,7,0,0,ALICE WALKER,PERSON,0,12
mdp.39015049500856,7,0,1,JOY HARCOURT,PERSON,38,50
mdp.39015049500856,7,0,2,New York,GPE,80,88
mdp.39015049500856,7,0,3,San Diego,GPE,89,98
mdp.39015049500856,7,0,4,London,GPE,99,105
mdp.39015049500856,8,0,0,1992,DATE,29,33
mdp.39015049500856,8,0,1,Alice Walker,PERSON,37,49
mdp.39015049500856,8,3,0,Permissions Department,ORG,84,106
mdp.39015049500856,8,3,1,Harcourt Brace Jovanovich,ORG,108,133
mdp.39015049500856,8,3,2,Orlando,GPE,158,165
mdp.39015049500856,8,3,3,Florida,GPE,167,174
mdp.39015049500856,8,3,4,32887,CARDINAL,175,180
mdp.39015049500856,8,4,0,African Saga,WORK_OF_ART,35,47
mdp.39015049500856,8,4,1,Mirella Ricciardi,PERSON,51,68
mdp.39015049500856,8,4,2,Lorenzo Ricciardi,PERSON,84,101
mdp.39015049500856,8,5,0,Library of Congress,ORG,0,19
mdp.39015049500856,8,5,1,Alice,PERSON,59,64
mdp.39015049500856,8,5,2,1944Possessing the secret of joy,WORK_OF_ART,66,98
mdp.39015049500856,8,5,3,Alice Walker,PERSON,102,114
mdp.39015049500856,8,8,0,Trina Stahl,PERSON,60,71
mdp.39015049500856,8,8,1,the United States of America,GPE,83,111
mdp.39015049500856,8,8,2,First,ORDINAL,112,117
mdp.39015049500856,9,0,0,NTLA,ORG,13,17
mdp.39015049500856,9,0,1,This Book Is Dedicated,WORK_OF_ART,30,52
mdp.39015049500856,11,0,0,Africans,NORP,34,42
mdp.39015049500856,11,5,0,MIRELLA RICCIARDI,PERSON,0,17
mdp.39015049500856,11,5,1,African Saga,ORG,19,31
mdp.39015049500856,11,5,2,1982,DATE,33,37
mdp.39015049500856,13,0,0,London,GPE,61,67
mdp.39015049500856,13,1,0,that night,TIME,11,21
mdp.39015049500856,13,1,1,Olivia,PERSON,94,100
mdp.39015049500856,13,2,0,Tashi,PERSON,14,19
mdp.39015049500856,13,6,0,Olinka,NORP,16,22
mdp.39015049500856,13,6,1,Olivia,PERSON,69,75
mdp.39015049500856,13,7,0,Tashi,PERSON,0,5
mdp.39015049500856,13,12,0,Olivia,PERSON,13,19
mdp.39015049500856,13,13,0,America,GPE,21,28
mdp.39015049500856,13,13,1,Europe,LOC,32,38
mdp.39015049500856,13,14,0,eleven,DATE,48,54
mdp.39015049500856,14,1,0,Tashi,PERSON,0,5
mdp.39015049500856,14,1,1,Europe,LOC,59,65
mdp.39015049500856,14,1,2,America,GPE,69,76
mdp.39015049500856,14,1,3,Olivia,PERSON,83,89
mdp.39015049500856,14,4,0,The Color Purple,WORK_OF_ART,0,16
mdp.39015049500856,14,4,1,1982,DATE,18,22
mdp.39015049500856,15,1,0,one,CARDINAL,14,17
mdp.39015049500856,17,0,0,ONE,CARDINAL,5,8
mdp.39015049500856,19,0,0,TASHI,PERSON,0,5
mdp.39015049500856,19,2,0,Lara,PERSON,13,17
mdp.39015049500856,19,7,0,Lala,PERSON,56,60
mdp.39015049500856,19,8,0,Baba,PERSON,21,25
mdp.39015049500856,19,10,0,Baba,PERSON,35,39
mdp.39015049500856,19,10,1,Lala,PERSON,53,57
mdp.39015049500856,19,14,0,Lala,PERSON,25,29
mdp.39015049500856,19,15,0,3,CARDINAL,0,1
mdp.39015049500856,20,2,0,two,CARDINAL,6,9
mdp.39015049500856,20,3,0,Lara,PERSON,4,8
mdp.39015049500856,20,5,0,Days,DATE,0,4
mdp.39015049500856,20,7,0,Lara,PERSON,0,4
mdp.39015049500856,20,9,0,Lara,PERSON,0,4
mdp.39015049500856,20,11,0,Lara,PERSON,0,4
mdp.39015049500856,20,11,1,one bright morning,TIME,15,33
mdp.39015049500856,20,12,0,Lara,PERSON,51,55
mdp.39015049500856,20,16,0,Lara,PERSON,19,23
mdp.39015049500856,20,17,0,Lara,PERSON,58,62
mdp.39015049500856,20,18,0,Baba,PERSON,59,63
mdp.39015049500856,20,18,1,Lara,PERSON,97,101
mdp.39015049500856,20,19,0,Baba,PERSON,5,9
mdp.39015049500856,20,19,1,Lara,PERSON,58,62
mdp.39015049500856,20,19,2,4,CARDINAL,106,107
mdp.39015049500856,21,3,0,Lala,PERSON,6,10
mdp.39015049500856,21,3,1,Baba,PERSON,17,21
mdp.39015049500856,21,3,2,Lara,PERSON,32,36
mdp.39015049500856,21,4,0,Lara,PERSON,22,26
mdp.39015049500856,21,4,1,Lara,PERSON,36,40
mdp.39015049500856,21,4,2,Lara,PERSON,68,72
mdp.39015049500856,21,6,0,Baba,PERSON,70,74
mdp.39015049500856,21,6,1,Lala,PERSON,79,83
mdp.39015049500856,21,6,2,Lara,PERSON,144,148
mdp.39015049500856,22,0,0,OLIVIA,PERSON,0,6
mdp.39015049500856,22,1,0,Tashi,PERSON,16,21
mdp.39015049500856,22,3,0,Catherine,PERSON,12,21
mdp.39015049500856,22,3,1,Nafa,PERSON,45,49
mdp.39015049500856,22,3,2,a penny,MONEY,112,119
mdp.39015049500856,22,4,0,Tashi,PERSON,0,5
mdp.39015049500856,22,4,1,three pennies,MONEY,21,34
mdp.39015049500856,22,5,0,at least one,CARDINAL,15,27
mdp.39015049500856,22,9,0,about the same age,DATE,8,26
mdp.39015049500856,22,9,1,Tashi,PERSON,28,33
mdp.39015049500856,22,9,2,six,DATE,41,44
mdp.39015049500856,22,9,3,seven,DATE,48,53
mdp.39015049500856,22,10,0,yesterday,DATE,26,35
mdp.39015049500856,22,12,0,6,CARDINAL,19,20
mdp.39015049500856,23,1,0,Tashi,PERSON,0,5
mdp.39015049500856,23,1,1,Catherine,PERSON,26,35
mdp.39015049500856,23,1,2,first,ORDINAL,135,140
mdp.39015049500856,23,1,3,Tashi,PERSON,156,161
mdp.39015049500856,23,2,0,Adam,PERSON,50,54
mdp.39015049500856,23,4,0,weeks,DATE,12,17
mdp.39015049500856,23,4,1,Tashi,PERSON,50,55
mdp.39015049500856,23,5,0,Olinka,NORP,190,196
mdp.39015049500856,23,6,0,Tashi,PERSON,31,36
mdp.39015049500856,23,7,0,one,CARDINAL,113,116
mdp.39015049500856,23,8,0,one,CARDINAL,4,7
mdp.39015049500856,23,10,0,One,CARDINAL,0,3
mdp.39015049500856,23,11,0,Tashi,PERSON,39,44
mdp.39015049500856,23,14,0,7,CARDINAL,135,136
mdp.39015049500856,24,2,0,Tashi,PERSON,38,43
mdp.39015049500856,24,5,0,Olinka,LANGUAGE,38,44
mdp.39015049500856,24,7,0,Pastor,PERSON,161,167
mdp.39015049500856,24,9,0,Tashi,PERSON,4,9
mdp.39015049500856,24,10,0,several weeks,DATE,55,68
mdp.39015049500856,24,10,1,Catherine,PERSON,72,81
mdp.39015049500856,24,10,2,day,DATE,92,95
mdp.39015049500856,24,11,0,one evening,TIME,26,37
mdp.39015049500856,24,11,1,Tashi,PERSON,44,49
mdp.39015049500856,24,11,2,Catherine,PERSON,247,256
mdp.39015049500856,24,11,3,Pastor,PERSON,294,300
mdp.39015049500856,24,11,4,Pastor,PERSON,342,348
mdp.39015049500856,24,12,0,the morning,TIME,24,35
mdp.39015049500856,24,12,1,one,CARDINAL,62,65
mdp.39015049500856,24,12,2,Tashi,PERSON,69,74
mdp.39015049500856,24,13,0,Dura,PERSON,13,17
mdp.39015049500856,24,14,0,Tashi,PERSON,13,18
mdp.39015049500856,25,2,0,two,CARDINAL,59,62
mdp.39015049500856,25,6,0,Years later,DATE,0,11
mdp.39015049500856,25,6,1,the United States,GPE,16,33
mdp.39015049500856,25,6,2,the years,DATE,101,110
mdp.39015049500856,25,7,0,Dura,PERSON,5,9
mdp.39015049500856,25,8,0,Tashi,PERSON,120,125
mdp.39015049500856,25,10,0,every day,DATE,60,69
mdp.39015049500856,26,0,0,TASHI,PERSON,0,5
mdp.39015049500856,26,6,0,Dura,PERSON,104,108
mdp.39015049500856,26,9,0,African,NORP,118,125
mdp.39015049500856,26,9,1,Egypt,GPE,158,163
mdp.39015049500856,26,12,0,10,CARDINAL,42,44
mdp.39015049500856,27,0,0,Dura,PERSON,53,57
mdp.39015049500856,27,5,0,African,NORP,80,87
mdp.39015049500856,27,6,0,Olivia,PERSON,0,6
mdp.39015049500856,27,8,0,one,CARDINAL,7,10
mdp.39015049500856,27,8,1,Egyptian,NORP,78,86
mdp.39015049500856,28,0,0,OLIVIA,PERSON,0,6
mdp.39015049500856,28,0,1,Tashi,PERSON,40,45
mdp.39015049500856,28,1,0,Africa,LOC,53,59
mdp.39015049500856,28,1,1,America,GPE,63,70
mdp.39015049500856,28,2,0,two,CARDINAL,60,63
mdp.39015049500856,28,3,0,12,CARDINAL,0,2
mdp.39015049500856,29,0,0,ADAM,PERSON,0,4
mdp.39015049500856,29,0,1,Tashi,PERSON,75,80
mdp.39015049500856,29,2,0,Olinka,GPE,70,76
mdp.39015049500856,29,13,0,Nettie,PERSON,40,46
mdp.39015049500856,29,14,0,Olivia,PERSON,13,19
mdp.39015049500856,29,14,1,Adam,PERSON,50,54
mdp.39015049500856,29,14,2,Tashi,PERSON,56,61
mdp.39015049500856,29,17,0,13,CARDINAL,0,2
mdp.39015049500856,30,0,0,Tashi,PERSON,4,9
mdp.39015049500856,30,1,0,Olivia,PERSON,18,24
mdp.39015049500856,30,1,1,two,CARDINAL,40,43
mdp.39015049500856,30,1,2,Tashi,PERSON,88,93
mdp.39015049500856,31,0,0,TASHI,PERSON,0,5
mdp.39015049500856,31,8,0,Dura,PERSON,27,31
mdp.39015049500856,31,9,0,Dura,PERSON,9,13
mdp.39015049500856,31,15,0,Mama,PERSON,19,23
mdp.39015049500856,31,17,0,seven weeks,DATE,16,27
mdp.39015049500856,32,3,0,Dura,PERSON,35,39
mdp.39015049500856,32,7,0,Tashi,PERSON,0,5
mdp.39015049500856,32,11,0,Dura,PERSON,87,91
mdp.39015049500856,34,0,0,TASHI Negro,NORP,0,11
mdp.39015049500856,34,2,0,Negro,NORP,18,23
mdp.39015049500856,34,3,0,African,NORP,80,87
mdp.39015049500856,34,4,0,Negroes,NORP,34,41
mdp.39015049500856,34,5,0,several months,DATE,37,51
mdp.39015049500856,34,6,0,Some days,DATE,0,9
mdp.39015049500856,34,6,1,some days,DATE,20,29
mdp.39015049500856,34,9,0,only one,CARDINAL,45,53
mdp.39015049500856,35,9,0,Sundays,DATE,3,10
mdp.39015049500856,35,10,0,African,NORP,0,7
mdp.39015049500856,35,14,0,one day,DATE,54,61
mdp.39015049500856,35,18,0,M'Lissa,PERSON,0,7
mdp.39015049500856,35,23,0,19,CARDINAL,0,2
mdp.39015049500856,36,13,0,Tashi,PERSON,13,18
mdp.39015049500856,36,15,0,20,CARDINAL,0,2
mdp.39015049500856,37,0,0,TASHI Olivia livia,PERSON,0,18
mdp.39015049500856,37,4,0,Olivia,PERSON,14,20
mdp.39015049500856,37,5,0,Mbeles,NORP,24,30
mdp.39015049500856,37,6,0,Olivia,PERSON,14,20
mdp.39015049500856,37,11,0,Tashi,PERSON,41,46
mdp.39015049500856,37,12,0,Africans,NORP,51,59
mdp.39015049500856,37,17,0,Adam,PERSON,15,19
mdp.39015049500856,37,18,0,21,CARDINAL,49,51
mdp.39015049500856,38,8,0,Tashi,PERSON,0,5
mdp.39015049500856,38,12,0,two,CARDINAL,30,33
mdp.39015049500856,38,13,0,Olinka,NORP,76,82
mdp.39015049500856,38,14,0,Hubbard,PERSON,34,41
mdp.39015049500856,38,21,0,Jesus,PERSON,4,9
mdp.39015049500856,38,25,0,22,CARDINAL,0,2
mdp.39015049500856,39,4,0,Olinkans,NORP,47,55
mdp.39015049500856,39,5,0,Olivia,PERSON,0,6
mdp.39015049500856,39,20,0,two,CARDINAL,24,27
mdp.39015049500856,39,25,0,23,CARDINAL,0,2
mdp.39015049500856,40,11,0,24,CARDINAL,0,2
mdp.39015049500856,41,0,0,TASHI,PERSON,0,5
mdp.39015049500856,41,0,1,one day,DATE,45,52
mdp.39015049500856,41,2,0,every night,TIME,46,57
mdp.39015049500856,42,0,0,ADAM,PERSON,0,4
mdp.39015049500856,42,1,0,Evelyn,PERSON,36,42
mdp.39015049500856,42,1,1,Nut,PERSON,89,92
mdp.39015049500856,42,14,0,first,ORDINAL,14,19
mdp.39015049500856,42,17,0,millions,CARDINAL,14,22
mdp.39015049500856,42,21,0,26,CARDINAL,24,26
mdp.39015049500856,43,0,0,one,CARDINAL,13,16
mdp.39015049500856,43,7,0,Tashi,PERSON,37,42
mdp.39015049500856,43,8,0,many years,DATE,4,14
mdp.39015049500856,43,8,1,Olivia,PERSON,102,108
mdp.39015049500856,43,8,2,two,CARDINAL,114,117
mdp.39015049500856,43,10,0,Olivia,PERSON,5,11
mdp.39015049500856,43,15,0,Olinka,NORP,3,9
mdp.39015049500856,43,19,0,Evelyn,PERSON,82,88
mdp.39015049500856,43,24,0,27,CARDINAL,0,2
mdp.39015049500856,45,0,0,ADAM,PERSON,0,4
mdp.39015049500856,45,0,1,London,GPE,117,123
mdp.39015049500856,45,1,0,Olivia,PERSON,36,42
mdp.39015049500856,45,1,1,Tashi,PERSON,96,101
mdp.39015049500856,45,2,0,London,GPE,25,31
mdp.39015049500856,45,3,0,the days,DATE,22,30
mdp.39015049500856,45,4,0,spring,DATE,7,13
mdp.39015049500856,45,6,0,The Missionary Society,ORG,0,22
mdp.39015049500856,45,6,1,St. James's Park,FAC,60,76
mdp.39015049500856,45,6,2,Olivia,PERSON,82,88
mdp.39015049500856,45,6,3,hours,TIME,101,106
mdp.39015049500856,45,7,0,quarter to four,TIME,78,93
mdp.39015049500856,45,8,0,Africa,LOC,109,115
mdp.39015049500856,45,9,0,Paris,GPE,44,49
mdp.39015049500856,45,10,0,Lisette,PERSON,60,67
mdp.39015049500856,45,11,0,29,CARDINAL,0,2
mdp.39015049500856,46,0,0,Lisette,PERSON,0,7
mdp.39015049500856,46,0,1,Olinka,GPE,26,32
mdp.39015049500856,46,1,0,Algeria,GPE,226,233
mdp.39015049500856,46,1,1,several hours,TIME,322,335
mdp.39015049500856,46,3,0,the last weeks,DATE,52,66
mdp.39015049500856,46,5,0,Torabe,PERSON,21,27
mdp.39015049500856,46,5,1,Lisette,PERSON,40,47
mdp.39015049500856,46,6,0,Paris,GPE,287,292
mdp.39015049500856,46,7,0,English,LANGUAGE,10,17
mdp.39015049500856,46,9,0,about 30,CARDINAL,162,170
mdp.39015049500856,47,3,0,French,NORP,48,54
mdp.39015049500856,47,14,0,Frenchwomen,NORP,38,49
mdp.39015049500856,47,15,0,one,CARDINAL,44,47
mdp.39015049500856,47,26,0,Africa,LOC,38,44
mdp.39015049500856,47,29,0,31,CARDINAL,86,88
mdp.39015049500856,48,8,0,Nettie,PERSON,35,41
mdp.39015049500856,48,10,0,Nettie,PERSON,15,21
mdp.39015049500856,48,15,0,Tashi,PERSON,13,18
mdp.39015049500856,49,0,0,TWO,CARDINAL,5,8
mdp.39015049500856,51,0,0,TASHI,PERSON,0,5
mdp.39015049500856,51,3,0,African,NORP,28,35
mdp.39015049500856,51,3,1,London,GPE,75,81
mdp.39015049500856,51,3,2,Paris,GPE,83,88
mdp.39015049500856,51,3,3,New York,GPE,92,100
mdp.39015049500856,51,5,0,Adam,PERSON,43,47
mdp.39015049500856,51,5,1,Olivia,PERSON,49,55
mdp.39015049500856,51,5,2,Benny,PERSON,57,62
mdp.39015049500856,51,9,0,the morning of the twelfth of,TIME,7,36
mdp.39015049500856,51,9,1,Ombere,FAC,121,127
mdp.39015049500856,51,13,0,Olivia,PERSON,5,11
mdp.39015049500856,51,14,0,Tashi,PERSON,4,9
mdp.39015049500856,52,3,0,Tashi,PERSON,10,15
mdp.39015049500856,52,3,1,America,GPE,28,35
mdp.39015049500856,52,3,2,Evelyn,PERSON,37,43
mdp.39015049500856,52,3,3,Johnson,PERSON,46,53
mdp.39015049500856,52,5,0,America,GPE,16,23
mdp.39015049500856,52,6,0,three,CARDINAL,37,42
mdp.39015049500856,52,7,0,three,CARDINAL,4,9
mdp.39015049500856,52,15,0,That night,TIME,0,10
mdp.39015049500856,52,15,1,Bollingen,GPE,92,101
mdp.39015049500856,52,15,2,Adam,PERSON,108,112
mdp.39015049500856,52,19,0,Chinese,NORP,31,38
mdp.39015049500856,52,24,0,36,CARDINAL,0,2
mdp.39015049500856,53,0,0,Lake Zurich,LOC,37,48
mdp.39015049500856,53,1,0,Adam,PERSON,36,40
mdp.39015049500856,53,2,0,first,ORDINAL,13,18
mdp.39015049500856,53,2,1,London,GPE,22,28
mdp.39015049500856,53,2,2,Olivia,PERSON,36,42
mdp.39015049500856,53,2,3,the Theosophy Society,ORG,63,84
mdp.39015049500856,53,2,4,Paris,GPE,98,103
mdp.39015049500856,53,2,5,Zurich,GPE,120,126
mdp.39015049500856,53,3,0,Switzerland,GPE,47,58
mdp.39015049500856,53,8,0,Adam,PERSON,14,18
mdp.39015049500856,53,12,0,Alps,LOC,49,53
mdp.39015049500856,53,16,0,Bollingen,GPE,21,30
mdp.39015049500856,53,20,0,37,CARDINAL,0,2
mdp.39015049500856,54,0,0,Switzerland,GPE,28,39
mdp.39015049500856,54,5,0,summer,DATE,54,60
mdp.39015049500856,54,6,0,Africa,LOC,128,134
mdp.39015049500856,54,7,0,Adam,PERSON,0,4
mdp.39015049500856,54,9,0,first,ORDINAL,21,26
mdp.39015049500856,54,9,1,America,GPE,38,45
mdp.39015049500856,54,15,0,America,GPE,19,26
mdp.39015049500856,54,16,0,Americans,NORP,15,24
mdp.39015049500856,54,17,0,Adam,PERSON,52,56
mdp.39015049500856,54,17,1,Olivia,PERSON,86,92
mdp.39015049500856,54,19,0,America,GPE,58,65
mdp.39015049500856,54,23,0,38,DATE,50,52
mdp.39015049500856,55,0,0,Schmerikon,GPE,81,91
mdp.39015049500856,55,3,0,Adam,PERSON,0,4
mdp.39015049500856,55,3,1,all day,DATE,45,52
mdp.39015049500856,55,4,0,two,CARDINAL,45,48
mdp.39015049500856,55,5,0,Horace Pippin,PERSON,44,57
mdp.39015049500856,55,6,0,39,CARDINAL,0,2
mdp.39015049500856,56,0,0,ADAM,PERSON,0,4
mdp.39015049500856,56,3,0,England,GPE,28,35
mdp.39015049500856,56,3,1,Tashi,PERSON,117,122
mdp.39015049500856,56,4,0,several months,DATE,32,46
mdp.39015049500856,56,5,0,the final month,DATE,7,22
mdp.39015049500856,56,6,0,Mbele,NORP,63,68
mdp.39015049500856,56,7,0,Africa,LOC,55,61
mdp.39015049500856,56,8,0,Mbeles,NORP,30,36
mdp.39015049500856,56,8,1,Olinka,LANGUAGE,78,84
mdp.39015049500856,56,8,2,KiSwahili,LANGUAGE,98,107
mdp.39015049500856,56,9,0,Africa,LOC,70,76
mdp.39015049500856,56,10,0,European,NORP,40,48
mdp.39015049500856,56,10,1,European,NORP,58,66
mdp.39015049500856,56,10,2,American,NORP,83,91
mdp.39015049500856,56,11,0,my 40,DATE,6,11
mdp.39015049500856,57,0,0,Olinka,LANGUAGE,28,34
mdp.39015049500856,57,0,1,English,LANGUAGE,39,46
mdp.39015049500856,57,0,2,a week,DATE,76,82
mdp.39015049500856,57,1,0,a week,DATE,11,17
mdp.39015049500856,57,2,0,one,CARDINAL,4,7
mdp.39015049500856,57,3,0,English,NORP,16,23
mdp.39015049500856,57,3,1,London,GPE,49,55
mdp.39015049500856,57,4,0,Spandex,ORG,43,50
mdp.39015049500856,57,12,0,one,CARDINAL,34,37
mdp.39015049500856,57,12,1,Olinka,LANGUAGE,83,89
mdp.39015049500856,57,14,0,Olinka,LANGUAGE,3,9
mdp.39015049500856,57,15,0,all day long,DATE,104,116
mdp.39015049500856,57,18,0,41,CARDINAL,92,94
mdp.39015049500856,58,3,0,Olinka,GPE,81,87
mdp.39015049500856,58,4,0,Banse,PERSON,21,26
mdp.39015049500856,58,5,0,Christians,NORP,62,72
mdp.39015049500856,58,6,0,Banse,PERSON,19,24
mdp.39015049500856,58,7,0,fifteen,DATE,26,33
mdp.39015049500856,58,8,0,Olinkans,NORP,24,32
mdp.39015049500856,58,10,0,Tashi,PERSON,18,23
mdp.39015049500856,58,14,0,Tashi,PERSON,108,113
mdp.39015049500856,58,15,0,Banse,PERSON,31,36
mdp.39015049500856,58,16,0,Hitler,PERSON,62,68
mdp.39015049500856,58,16,1,African,NORP,151,158
mdp.39015049500856,58,19,0,Europeans,NORP,35,44
mdp.39015049500856,58,19,1,42,CARDINAL,48,50
mdp.39015049500856,59,0,0,one,CARDINAL,10,13
mdp.39015049500856,59,0,1,thousand,CARDINAL,104,112
mdp.39015049500856,59,0,2,Africans,NORP,121,129
mdp.39015049500856,59,2,0,Bob,PERSON,0,3
mdp.39015049500856,59,2,1,ten,DATE,59,62
mdp.39015049500856,59,2,2,England,GPE,86,93
mdp.39015049500856,59,4,0,Bob,PERSON,26,29
mdp.39015049500856,59,9,0,Mbele,GPE,4,9
mdp.39015049500856,59,9,1,African,NORP,35,42
mdp.39015049500856,59,12,0,Dogonese,NORP,71,79
mdp.39015049500856,59,14,0,Tashi,PERSON,0,5
mdp.39015049500856,59,18,0,43,CARDINAL,12,14
mdp.39015049500856,60,2,0,five,CARDINAL,11,15
mdp.39015049500856,60,10,0,44,CARDINAL,0,2
mdp.39015049500856,61,0,0,TASHI H le,PERSON,0,10
mdp.39015049500856,62,0,0,1,CARDINAL,0,1
mdp.39015049500856,63,0,0,THREE,CARDINAL,5,10
mdp.39015049500856,65,0,0,EVELYN,PERSON,0,6
mdp.39015049500856,65,0,1,The Old Man,PERSON,105,116
mdp.39015049500856,65,2,0,African,NORP,37,44
mdp.39015049500856,65,2,1,Frenchwoman,NORP,135,146
mdp.39015049500856,65,2,2,Lisette,PERSON,148,155
mdp.39015049500856,65,3,0,Adam,PERSON,51,55
mdp.39015049500856,65,3,1,Lisette,PERSON,60,67
mdp.39015049500856,65,3,2,the years,DATE,96,105
mdp.39015049500856,65,3,3,Paris,GPE,137,142
mdp.39015049500856,65,3,4,annual,DATE,151,157
mdp.39015049500856,65,3,5,California,GPE,167,177
mdp.39015049500856,65,5,0,the Waverly Psychiatric Hospital,ORG,51,83
mdp.39015049500856,65,5,1,Adam,PERSON,138,142
mdp.39015049500856,65,6,0,The Old Man,WORK_OF_ART,15,26
mdp.39015049500856,65,9,0,49,CARDINAL,72,74
mdp.39015049500856,66,3,0,50,CARDINAL,0,2
mdp.39015049500856,67,0,0,ADAM,PERSON,0,4
mdp.39015049500856,67,1,0,first,ORDINAL,3,8
mdp.39015049500856,67,2,0,one morning,TIME,5,16
mdp.39015049500856,68,0,0,EVELYN,PERSON,0,6
mdp.39015049500856,68,1,0,European,NORP,16,24
mdp.39015049500856,68,2,0,evening,TIME,65,72
mdp.39015049500856,68,2,1,African,NORP,136,143
mdp.39015049500856,68,4,0,Swiss,NORP,161,166
mdp.39015049500856,68,5,0,Adam,PERSON,124,128
mdp.39015049500856,69,0,0,Adam,PERSON,21,25
mdp.39015049500856,69,0,1,Mzee,PERSON,33,37
mdp.39015049500856,69,1,0,English,LANGUAGE,92,99
mdp.39015049500856,70,0,0,EVELYN,PERSON,0,6
mdp.39015049500856,70,4,0,two,CARDINAL,41,44
mdp.39015049500856,70,5,0,four,CARDINAL,25,29
mdp.39015049500856,70,7,0,The Old Man,PERSON,6,17
mdp.39015049500856,70,9,0,54,CARDINAL,0,2
mdp.39015049500856,71,0,0,EVELYN Benny,PERSON,0,12
mdp.39015049500856,71,0,1,American,NORP,125,133
mdp.39015049500856,71,0,2,years,DATE,146,151
mdp.39015049500856,71,0,3,Olinka,NORP,157,163
mdp.39015049500856,71,1,0,the United States,GPE,60,77
mdp.39015049500856,71,3,0,the United States,GPE,21,38
mdp.39015049500856,71,5,0,the night,TIME,136,145
mdp.39015049500856,71,8,0,Olivia,PERSON,64,70
mdp.39015049500856,71,9,0,America,GPE,26,33
mdp.39015049500856,71,9,1,second,ORDINAL,56,62
mdp.39015049500856,71,10,0,55,CARDINAL,0,2
mdp.39015049500856,72,0,0,Benny,PERSON,0,5
mdp.39015049500856,72,3,0,America,GPE,35,42
mdp.39015049500856,72,4,0,America,GPE,54,61
mdp.39015049500856,72,6,0,56,CARDINAL,0,2
mdp.39015049500856,73,0,0,EVELYN-TASHI,PERSON,0,12
mdp.39015049500856,73,1,0,two,CARDINAL,23,26
mdp.39015049500856,73,1,1,Benny,PERSON,82,87
mdp.39015049500856,73,6,0,Benny,PERSON,23,28
mdp.39015049500856,73,6,1,nine pounds,QUANTITY,33,44
mdp.39015049500856,73,6,2,Johnson,PERSON,73,80
mdp.39015049500856,73,9,0,first,ORDINAL,48,53
mdp.39015049500856,73,13,0,Adam,PERSON,0,4
mdp.39015049500856,73,18,0,57,CARDINAL,0,2
mdp.39015049500856,74,0,0,TASHI-EVELYN,PERSON,0,12
mdp.39015049500856,74,0,1,Adam,PERSON,113,117
mdp.39015049500856,74,3,0,58,CARDINAL,0,2
mdp.39015049500856,75,0,0,TASHI-EVELYN,PERSON,0,12
mdp.39015049500856,75,1,0,Bible,WORK_OF_ART,144,149
mdp.39015049500856,75,2,0,three months,DATE,6,18
mdp.39015049500856,75,6,0,Benny,PERSON,39,44
mdp.39015049500856,75,7,0,Benny,PERSON,39,44
mdp.39015049500856,75,8,0,nancy,PERSON,0,5
mdp.39015049500856,75,9,0,American,NORP,51,59
mdp.39015049500856,75,12,0,days,DATE,4,8
mdp.39015049500856,76,0,0,Adam,PERSON,8,12
mdp.39015049500856,76,0,1,the last three days,DATE,67,86
mdp.39015049500856,76,0,2,Benny,PERSON,110,115
mdp.39015049500856,76,5,0,Benny,PERSON,0,5
mdp.39015049500856,76,5,1,Adam,PERSON,43,47
mdp.39015049500856,76,7,0,years,DATE,68,73
mdp.39015049500856,76,8,0,60,CARDINAL,0,2
mdp.39015049500856,77,0,0,ADAM,PERSON,0,4
mdp.39015049500856,77,1,0,only one,CARDINAL,47,55
mdp.39015049500856,77,1,1,M'Lissa,PERSON,67,74
mdp.39015049500856,77,1,2,Olinka,GPE,81,87
mdp.39015049500856,77,2,0,M'Lissa,PERSON,0,7
mdp.39015049500856,77,3,0,the old days,DATE,3,15
mdp.39015049500856,77,3,1,Tashi,PERSON,27,32
mdp.39015049500856,77,4,0,Tashi,PERSON,351,356
mdp.39015049500856,77,5,0,M'Lissa,PERSON,22,29
mdp.39015049500856,77,6,0,Tashi,PERSON,12,17
mdp.39015049500856,77,6,1,M'Lissa,PERSON,23,30
mdp.39015049500856,77,7,0,Olinka,NORP,23,29
mdp.39015049500856,77,7,1,Christianized,NORP,84,97
mdp.39015049500856,77,8,0,Mbele,PERSON,34,39
mdp.39015049500856,77,10,0,61,DATE,13,15
mdp.39015049500856,78,1,0,the late afternoons,TIME,15,34
mdp.39015049500856,78,1,1,Tashi,PERSON,134,139
mdp.39015049500856,78,2,0,Olinka,NORP,73,79
mdp.39015049500856,78,2,1,Olinkans,NORP,127,135
mdp.39015049500856,78,2,2,Mbele,NORP,170,175
mdp.39015049500856,78,2,3,Olinkans,NORP,297,305
mdp.39015049500856,78,4,0,two,CARDINAL,72,75
mdp.39015049500856,78,10,0,M'Lissa,PERSON,42,49
mdp.39015049500856,78,11,0,the age of,DATE,34,44
mdp.39015049500856,78,11,1,five or,DATE,45,52
mdp.39015049500856,78,11,2,ten,DATE,97,100
mdp.39015049500856,78,11,3,eleven,DATE,104,110
mdp.39015049500856,78,12,0,62,DATE,4,6
mdp.39015049500856,79,0,0,Catherine,PERSON,16,25
mdp.39015049500856,79,0,1,Tashi,PERSON,27,32
mdp.39015049500856,79,0,2,Tashi,PERSON,74,79
mdp.39015049500856,79,1,0,Catherine,PERSON,13,22
mdp.39015049500856,79,1,1,Christian,NORP,32,41
mdp.39015049500856,79,2,0,M'Lissa,PERSON,5,12
mdp.39015049500856,79,2,1,Olinka,NORP,191,197
mdp.39015049500856,79,3,0,Tashi,PERSON,31,36
mdp.39015049500856,79,6,0,Tashi,PERSON,42,47
mdp.39015049500856,79,7,0,M'Lissa,PERSON,0,7
mdp.39015049500856,79,10,0,M'Lissa,PERSON,0,7
mdp.39015049500856,79,11,0,Tashi,PERSON,0,5
mdp.39015049500856,79,11,1,African,NORP,156,163
mdp.39015049500856,79,12,0,Mbele,NORP,83,88
mdp.39015049500856,79,15,0,African,NORP,11,18
mdp.39015049500856,79,16,0,Olinka,NORP,11,17
mdp.39015049500856,79,19,0,M'Lissa,PERSON,41,48
mdp.39015049500856,79,19,1,one day,DATE,54,61
mdp.39015049500856,79,19,2,63,CARDINAL,85,87
mdp.39015049500856,80,1,0,a quarter of an hour,TIME,12,32
mdp.39015049500856,80,2,0,ten days,DATE,29,37
mdp.39015049500856,80,3,0,nearly half the month,DATE,32,53
mdp.39015049500856,80,4,0,M'Lissa,PERSON,119,126
mdp.39015049500856,80,4,1,Tashi,PERSON,179,184
mdp.39015049500856,80,5,0,America,GPE,88,95
mdp.39015049500856,81,0,0,OLIVIA It,PERSON,0,9
mdp.39015049500856,81,1,0,Tashi,PERSON,55,60
mdp.39015049500856,81,6,0,first,ORDINAL,92,97
mdp.39015049500856,81,8,0,Adam,PERSON,0,4
mdp.39015049500856,81,8,1,America,GPE,63,70
mdp.39015049500856,81,9,0,America,GPE,69,76
mdp.39015049500856,81,10,0,The evening,TIME,0,11
mdp.39015049500856,81,10,1,Adam,PERSON,32,36
mdp.39015049500856,81,10,2,Olinka,NORP,52,58
mdp.39015049500856,81,12,0,Tashi,PERSON,52,57
mdp.39015049500856,81,13,0,Olinka,NORP,35,41
mdp.39015049500856,81,16,0,65,CARDINAL,0,2
mdp.39015049500856,82,0,0,America,GPE,3,10
mdp.39015049500856,82,0,1,Tashi,PERSON,147,152
mdp.39015049500856,82,0,2,half the month,DATE,211,225
mdp.39015049500856,83,0,0,FOUR,CARDINAL,5,9
mdp.39015049500856,85,0,0,TASHI,PERSON,0,5
mdp.39015049500856,85,1,0,n very warm,DATE,3,14
mdp.39015049500856,85,1,1,The Old Man,PERSON,20,31
mdp.39015049500856,85,1,2,Lake Zurich,LOC,88,99
mdp.39015049500856,85,5,0,The Old Man,PERSON,0,11
mdp.39015049500856,85,5,1,Adam,PERSON,21,25
mdp.39015049500856,85,7,0,The Old Man,PERSON,4,15
mdp.39015049500856,85,7,1,Adam,PERSON,29,33
mdp.39015049500856,85,11,0,69,CARDINAL,0,2
mdp.39015049500856,86,0,0,TASHI-EVELYN A₁ night The Old Man,PERSON,0,33
mdp.39015049500856,86,1,0,Africa,LOC,11,17
mdp.39015049500856,86,1,1,India,GPE,19,24
mdp.39015049500856,86,1,2,Bali,GPE,26,30
mdp.39015049500856,86,2,0,one,CARDINAL,50,53
mdp.39015049500856,86,4,0,one,CARDINAL,29,32
mdp.39015049500856,86,6,0,first,ORDINAL,12,17
mdp.39015049500856,87,7,0,Adam,PERSON,0,4
mdp.39015049500856,87,9,0,twentyfive years ago,DATE,38,58
mdp.39015049500856,87,11,0,The Old Man,WORK_OF_ART,9,20
mdp.39015049500856,87,11,1,the next afternoon,TIME,71,89
mdp.39015049500856,87,16,0,71,DATE,50,52
mdp.39015049500856,88,3,0,half,CARDINAL,25,29
mdp.39015049500856,88,3,1,half,CARDINAL,75,79
mdp.39015049500856,88,6,0,The Old Man,PERSON,5,16
mdp.39015049500856,88,6,1,Evelyn,PERSON,45,51
mdp.39015049500856,88,12,0,72,DATE,99,101
mdp.39015049500856,89,0,0,one,CARDINAL,28,31
mdp.39015049500856,89,0,1,M'Lissa,PERSON,35,42
mdp.39015049500856,89,1,0,the day,DATE,60,67
mdp.39015049500856,89,3,0,a few years older,DATE,14,31
mdp.39015049500856,89,4,0,Dura,PERSON,0,4
mdp.39015049500856,89,5,0,Dura,PERSON,0,4
mdp.39015049500856,89,5,1,Dura,PERSON,72,76
mdp.39015049500856,89,6,0,Dura,PERSON,0,4
mdp.39015049500856,89,8,0,M'Lissa,PERSON,15,22
mdp.39015049500856,89,10,0,M'Lissa,PERSON,0,7
mdp.39015049500856,89,10,1,M'Lissa,PERSON,135,142
mdp.39015049500856,89,10,2,one,CARDINAL,227,230
mdp.39015049500856,90,0,0,Lisette,PERSON,13,20
mdp.39015049500856,90,3,0,Evelyn,PERSON,10,16
mdp.39015049500856,90,4,0,two,CARDINAL,13,16
mdp.39015049500856,90,5,0,Evelyn,PERSON,42,48
mdp.39015049500856,90,5,1,the years,DATE,108,117
mdp.39015049500856,90,8,0,Santa Claus,PERSON,92,103
mdp.39015049500856,90,9,0,Western,NORP,52,59
mdp.39015049500856,90,9,1,European,NORP,64,72
mdp.39015049500856,90,10,0,this hour,TIME,46,55
mdp.39015049500856,90,10,1,all night,TIME,74,83
mdp.39015049500856,90,12,0,A few nights ago,DATE,0,16
mdp.39015049500856,90,12,1,East Africa,LOC,84,95
mdp.39015049500856,91,0,0,Africa,LOC,71,77
mdp.39015049500856,91,2,0,Schmerikon,GPE,95,105
mdp.39015049500856,91,2,1,Kusnacht,GPE,126,134
mdp.39015049500856,91,3,0,Evelyn,PERSON,286,292
mdp.39015049500856,91,4,0,one,CARDINAL,29,32
mdp.39015049500856,91,7,0,Schmerikon,GPE,36,46
mdp.39015049500856,91,7,1,the night,TIME,67,76
mdp.39015049500856,91,7,2,Evelyn,PERSON,117,123
mdp.39015049500856,91,7,3,the night,TIME,181,190
mdp.39015049500856,91,7,4,the night,TIME,212,221
mdp.39015049500856,91,8,0,Evelyn,PERSON,0,6
mdp.39015049500856,91,9,0,the morning,TIME,3,14
mdp.39015049500856,91,14,0,75,CARDINAL,55,57
mdp.39015049500856,92,8,0,a third,CARDINAL,51,58
mdp.39015049500856,92,9,0,The Old Man's,PERSON,0,13
mdp.39015049500856,92,11,0,Evelyn,PERSON,80,86
mdp.39015049500856,92,11,1,days,DATE,184,188
mdp.39015049500856,92,13,0,Evelyn,PERSON,40,46
mdp.39015049500856,92,13,1,twelve hours,TIME,77,89
mdp.39015049500856,93,9,0,Lisette,PERSON,4,11
mdp.39015049500856,93,9,1,night,TIME,60,65
mdp.39015049500856,93,11,0,all these years,DATE,50,65
mdp.39015049500856,93,13,0,Adam,PERSON,7,11
mdp.39015049500856,94,0,0,TASHI,PERSON,0,5
mdp.39015049500856,94,1,0,The Beast,WORK_OF_ART,45,54
mdp.39015049500856,94,1,1,three,CARDINAL,64,69
mdp.39015049500856,94,3,0,late evening,TIME,7,19
mdp.39015049500856,94,11,0,M'Lissa,PERSON,0,7
mdp.39015049500856,94,14,0,Adam,PERSON,69,73
mdp.39015049500856,94,14,1,Mzee,PERSON,124,128
mdp.39015049500856,94,15,0,78,CARDINAL,0,2
mdp.39015049500856,95,3,0,Adam,PERSON,76,80
mdp.39015049500856,95,5,0,Mzee,PERSON,0,4
mdp.39015049500856,95,8,0,Adam,PERSON,28,32
mdp.39015049500856,95,9,0,two,CARDINAL,52,55
mdp.39015049500856,95,10,0,Mzee,PERSON,29,33
mdp.39015049500856,95,13,0,nearly an hour,TIME,27,41
mdp.39015049500856,95,19,0,79,CARDINAL,34,36
mdp.39015049500856,96,4,0,Mzee,PERSON,59,63
mdp.39015049500856,96,4,1,Adam,PERSON,89,93
mdp.39015049500856,96,11,0,Swiss,NORP,19,24
mdp.39015049500856,96,12,0,The Old Man,WORK_OF_ART,11,22
mdp.39015049500856,96,12,1,Swiss,NORP,38,43
mdp.39015049500856,96,15,0,Mzee,PERSON,43,47
mdp.39015049500856,96,21,0,Mzee,PERSON,33,37
mdp.39015049500856,96,21,1,Adam,PERSON,44,48
mdp.39015049500856,96,22,0,Dura,PERSON,126,130
mdp.39015049500856,96,22,1,Dura,PERSON,146,150
mdp.39015049500856,96,25,0,80,DATE,3,5
mdp.39015049500856,97,3,0,Dura,PERSON,126,130
mdp.39015049500856,97,8,0,Dura,PERSON,108,112
mdp.39015049500856,97,11,0,Mzee,PERSON,26,30
mdp.39015049500856,97,16,0,Mzee,PERSON,9,13
mdp.39015049500856,97,18,0,The Old Man,PERSON,0,11
mdp.39015049500856,97,20,0,81,CARDINAL,0,2
mdp.39015049500856,98,0,0,The Old Man,PERSON,22,33
mdp.39015049500856,99,0,0,MZEE,PERSON,0,4
mdp.39015049500856,99,1,0,Lisette,PERSON,5,12
mdp.39015049500856,99,1,1,Mzee,PERSON,35,39
mdp.39015049500856,99,1,2,Kenya,GPE,61,66
mdp.39015049500856,99,1,3,over a quarter of a century ago,DATE,88,119
mdp.39015049500856,99,4,0,The Old Man,PERSON,103,114
mdp.39015049500856,99,7,0,one,CARDINAL,74,77
mdp.39015049500856,99,7,1,Europe,LOC,165,171
mdp.39015049500856,99,7,2,European,NORP,222,230
mdp.39015049500856,99,8,0,Africans,NORP,4,12
mdp.39015049500856,99,10,0,83,CARDINAL,26,28
mdp.39015049500856,100,2,0,Night Moon,WORK_OF_ART,1,11
mdp.39015049500856,100,7,0,Adam,PERSON,13,17
mdp.39015049500856,100,7,1,Evelyn,PERSON,22,28
mdp.39015049500856,100,8,0,Evelyn,PERSON,118,124
mdp.39015049500856,100,9,0,Adam,PERSON,9,13
mdp.39015049500856,100,12,0,European,NORP,57,65
mdp.39015049500856,100,13,0,European,NORP,6,14
mdp.39015049500856,100,16,0,Evelyn,PERSON,45,51
mdp.39015049500856,100,18,0,European,NORP,42,50
mdp.39015049500856,100,19,0,Evelyn,PERSON,25,31
mdp.39015049500856,101,1,0,Carl,PERSON,28,32
mdp.39015049500856,103,0,0,FIVE,CARDINAL,5,9
mdp.39015049500856,105,0,0,OLIVIA,GPE,0,6
mdp.39015049500856,105,1,0,Tashi,PERSON,20,25
mdp.39015049500856,105,1,1,some thirty years,DATE,74,91
mdp.39015049500856,105,2,0,African-American,NORP,39,55
mdp.39015049500856,105,2,1,Southerners,NORP,56,67
mdp.39015049500856,105,6,0,White Ladies Lane,FAC,139,156
mdp.39015049500856,105,8,0,the early days,DATE,3,17
mdp.39015049500856,105,8,1,Independence,EVENT,30,42
mdp.39015049500856,105,8,2,African,NORP,247,254
mdp.39015049500856,106,0,0,Lane,FAC,0,4
mdp.39015049500856,106,0,1,African,NORP,61,68
mdp.39015049500856,106,2,0,One,CARDINAL,0,3
mdp.39015049500856,106,2,1,the earliest postcolonial days,DATE,82,112
mdp.39015049500856,106,2,2,Africans,NORP,313,321
mdp.39015049500856,106,4,0,Adam,PERSON,52,56
mdp.39015049500856,106,4,1,Tashi,PERSON,66,71
mdp.39015049500856,106,12,0,second,ORDINAL,4,10
mdp.39015049500856,106,12,1,90,CARDINAL,17,19
mdp.39015049500856,107,1,0,almost a year,DATE,4,17
mdp.39015049500856,107,4,0,third,ORDINAL,32,37
mdp.39015049500856,107,4,1,Adam,PERSON,57,61
mdp.39015049500856,107,6,0,91,CARDINAL,0,2
mdp.39015049500856,108,0,0,BENTU MORAGA,PERSON,0,12
mdp.39015049500856,108,0,1,BENNY,PERSON,14,19
mdp.39015049500856,108,3,0,New African,NORP,8,19
mdp.39015049500856,108,16,0,All day long,DATE,0,12
mdp.39015049500856,108,17,0,92,DATE,20,22
mdp.39015049500856,109,10,0,MacMillan,PERSON,36,45
mdp.39015049500856,109,11,0,American,NORP,43,51
mdp.39015049500856,109,17,0,93,CARDINAL,10,12
mdp.39015049500856,110,0,0,afternoon,TIME,43,52
mdp.39015049500856,110,7,0,One,CARDINAL,0,3
mdp.39015049500856,110,13,0,Palmolive,PRODUCT,112,121
mdp.39015049500856,110,13,1,Pond,ORG,128,132
mdp.39015049500856,110,13,2,Nivea,PRODUCT,149,154
mdp.39015049500856,111,0,0,ADAM,PERSON,0,4
mdp.39015049500856,111,1,0,summer,DATE,7,13
mdp.39015049500856,111,1,1,Lisette,PERSON,89,96
mdp.39015049500856,111,2,0,Lisette,PERSON,0,7
mdp.39015049500856,111,4,0,this winter,DATE,74,85
mdp.39015049500856,111,7,0,Lisette,PERSON,31,38
mdp.39015049500856,111,9,0,first,ORDINAL,77,82
mdp.39015049500856,111,9,1,many nights,DATE,103,114
mdp.39015049500856,111,9,2,Evelyn,PERSON,205,211
mdp.39015049500856,111,12,0,Lisette,PERSON,0,7
mdp.39015049500856,111,12,1,French,NORP,67,73
mdp.39015049500856,111,13,0,95,DATE,56,58
mdp.39015049500856,112,2,0,Joan,PERSON,33,37
mdp.39015049500856,112,2,1,summer,DATE,200,206
mdp.39015049500856,112,4,0,Defarge,PERSON,52,59
mdp.39015049500856,112,9,0,the months,DATE,43,53
mdp.39015049500856,112,9,1,America,GPE,103,110
mdp.39015049500856,112,10,0,Evelyn,PERSON,43,49
mdp.39015049500856,113,6,0,April,DATE,3,8
mdp.39015049500856,113,7,0,Tashi,PERSON,25,30
mdp.39015049500856,114,0,0,LISETTE,PERSON,0,7
mdp.39015049500856,114,0,1,Pierre,PERSON,20,26
mdp.39015049500856,114,1,0,Béatrice,PERSON,16,24
mdp.39015049500856,114,1,1,French,NORP,71,77
mdp.39015049500856,114,2,0,the century before the last,DATE,51,78
mdp.39015049500856,114,4,0,Paris,GPE,68,73
mdp.39015049500856,114,4,1,nearly every day,DATE,74,90
mdp.39015049500856,114,6,0,Gypsies,NORP,232,239
mdp.39015049500856,114,6,1,Turks,NORP,244,249
mdp.39015049500856,114,6,2,Palestinian,NORP,269,280
mdp.39015049500856,114,6,3,Jew,NORP,281,284
mdp.39015049500856,114,7,0,Marie-Thérèse,PERSON,73,86
mdp.39015049500856,114,7,1,98,DATE,152,154
mdp.39015049500856,115,2,0,France,GPE,92,98
mdp.39015049500856,115,2,1,It's a High Way to Heaven,WORK_OF_ART,105,130
mdp.39015049500856,115,4,0,Petit Pierre,PERSON,0,12
mdp.39015049500856,115,6,0,Adam,PERSON,55,59
mdp.39015049500856,115,13,0,Evelyn,PERSON,7,13
mdp.39015049500856,115,14,0,99,CARDINAL,0,2
mdp.39015049500856,116,0,0,1,CARDINAL,0,1
mdp.39015049500856,117,0,0,SIX,CARDINAL,5,8
mdp.39015049500856,119,0,0,TASHI-EVELYN,PERSON,0,12
mdp.39015049500856,119,4,0,Olivia,ORG,53,59
mdp.39015049500856,119,6,0,morning,TIME,14,21
mdp.39015049500856,119,8,0,Olinka,LANGUAGE,17,23
mdp.39015049500856,119,8,1,American,NORP,44,52
mdp.39015049500856,119,9,0,Ombere,GPE,70,76
mdp.39015049500856,119,14,0,English,LANGUAGE,18,25
mdp.39015049500856,119,14,1,two,CARDINAL,42,45
mdp.39015049500856,119,14,2,Olinka,LANGUAGE,49,55
mdp.39015049500856,120,12,0,Crayolas,PERSON,54,62
mdp.39015049500856,120,17,0,Adam,PERSON,6,10
mdp.39015049500856,120,17,1,Olivia,PERSON,15,21
mdp.39015049500856,120,18,0,1 104,CARDINAL,44,49
mdp.39015049500856,121,0,0,America,GPE,0,7
mdp.39015049500856,121,7,0,two,CARDINAL,34,37
mdp.39015049500856,121,9,0,a beautiful day,DATE,152,167
mdp.39015049500856,121,11,0,Olivia,PERSON,141,147
mdp.39015049500856,121,12,0,Magic Marker,PRODUCT,40,52
mdp.39015049500856,121,15,0,Only one,CARDINAL,0,8
mdp.39015049500856,121,19,0,105,CARDINAL,0,3
mdp.39015049500856,122,25,0,106,CARDINAL,0,3
mdp.39015049500856,123,6,0,America,GPE,45,52
mdp.39015049500856,123,14,0,Half,CARDINAL,0,4
mdp.39015049500856,123,14,1,Olinka,GPE,29,35
mdp.39015049500856,123,17,0,Chinese,NORP,35,42
mdp.39015049500856,123,20,0,Fanta,ORG,108,113
mdp.39015049500856,123,20,1,CocaCola,ORG,118,126
mdp.39015049500856,123,20,2,Datsuns,ORG,131,138
mdp.39015049500856,123,20,3,Fords,PRODUCT,143,148
mdp.39015049500856,124,1,0,only one,CARDINAL,5,13
mdp.39015049500856,124,3,0,the next day,DATE,4,16
mdp.39015049500856,124,12,0,Germany,GPE,69,76
mdp.39015049500856,124,17,0,108,DATE,55,58
mdp.39015049500856,125,1,0,Olivia,PERSON,0,6
mdp.39015049500856,125,4,0,years,DATE,12,17
mdp.39015049500856,125,4,1,one morning,TIME,65,76
mdp.39015049500856,125,4,2,M'Lissa,PERSON,80,87
mdp.39015049500856,125,7,0,Olivia,PERSON,12,18
mdp.39015049500856,125,11,0,109,CARDINAL,0,3
mdp.39015049500856,127,0,0,SEVEN,CARDINAL,5,10
mdp.39015049500856,129,0,0,EVELYN,PERSON,0,6
mdp.39015049500856,129,1,0,The Old Man,PERSON,11,22
mdp.39015049500856,129,1,1,African-American,NORP,68,84
mdp.39015049500856,129,1,2,Raye,PERSON,97,101
mdp.39015049500856,129,2,0,London,GPE,52,58
mdp.39015049500856,129,5,0,Mzee,PERSON,19,23
mdp.39015049500856,129,10,0,one day,DATE,54,61
mdp.39015049500856,129,11,0,Nelson Mandela,PERSON,17,31
mdp.39015049500856,129,11,1,Jomo Kenyatta,PERSON,36,49
mdp.39015049500856,129,12,0,Messages to the People,WORK_OF_ART,138,160
mdp.39015049500856,129,13,0,Nelson Mandela,PERSON,7,21
mdp.39015049500856,129,13,1,Jomo Kenyatta,PERSON,25,38
mdp.39015049500856,129,15,0,113,CARDINAL,22,25
mdp.39015049500856,130,1,0,Olinkans,NORP,69,77
mdp.39015049500856,130,2,0,Africa,LOC,25,31
mdp.39015049500856,130,2,1,Raye,PERSON,46,50
mdp.39015049500856,130,17,0,Dura,PERSON,69,73
mdp.39015049500856,130,20,0,Mzee,PERSON,18,22
mdp.39015049500856,130,24,0,Jesus Christ,PERSON,7,19
mdp.39015049500856,130,26,0,114,CARDINAL,0,3
mdp.39015049500856,131,0,0,Raye,PERSON,0,4
mdp.39015049500856,131,1,0,Jesus Christ,PERSON,3,15
mdp.39015049500856,131,2,0,Raye,PERSON,79,83
mdp.39015049500856,131,7,0,Raye,PERSON,17,21
mdp.39015049500856,131,19,0,African,NORP,169,176
mdp.39015049500856,132,3,0,years,DATE,19,24
mdp.39015049500856,132,14,0,Olinka,NORP,101,107
mdp.39015049500856,132,17,0,Raye,PERSON,0,4
mdp.39015049500856,132,22,0,116,CARDINAL,0,3
mdp.39015049500856,133,2,0,Raye,PERSON,8,12
mdp.39015049500856,133,16,0,African-American,NORP,31,47
mdp.39015049500856,133,19,0,America,GPE,26,33
mdp.39015049500856,133,19,1,African,NORP,71,78
mdp.39015049500856,133,21,0,Raye,PERSON,27,31
mdp.39015049500856,133,21,1,the nineteenth century,DATE,97,119
mdp.39015049500856,133,21,2,the eighteenth,DATE,121,135
mdp.39015049500856,133,21,3,the seventeenth,DATE,137,152
mdp.39015049500856,133,21,4,the sixteenth,DATE,154,167
mdp.39015049500856,133,21,5,the fifteenth,DATE,169,182
mdp.39015049500856,133,25,0,Louella,PERSON,35,42
mdp.39015049500856,133,26,0,117,CARDINAL,43,46
mdp.39015049500856,134,4,0,The Old Man,PERSON,11,22
mdp.39015049500856,134,8,0,Raye,PERSON,23,27
mdp.39015049500856,134,14,0,Dura,PERSON,0,4
mdp.39015049500856,134,22,0,at least three,CARDINAL,42,56
mdp.39015049500856,135,4,0,Raye,PERSON,28,32
mdp.39015049500856,135,7,0,America,GPE,28,35
mdp.39015049500856,135,19,0,119,CARDINAL,0,3
mdp.39015049500856,136,12,0,Adam,PERSON,51,55
mdp.39015049500856,136,19,0,Raye,PERSON,0,4
mdp.39015049500856,136,20,0,Olinka,NORP,72,78
mdp.39015049500856,136,22,0,Adam,PERSON,37,41
mdp.39015049500856,136,23,0,Jesus Christ,PERSON,25,37
mdp.39015049500856,136,23,1,Olinka,NORP,86,92
mdp.39015049500856,137,0,0,Kenyatta,PERSON,0,8
mdp.39015049500856,137,1,0,Adam,PERSON,4,8
mdp.39015049500856,137,1,1,Olinkan,NORP,17,24
mdp.39015049500856,137,1,2,Raye,PERSON,31,35
mdp.39015049500856,137,4,0,Adam,PERSON,28,32
mdp.39015049500856,137,10,0,Raye,PERSON,0,4
mdp.39015049500856,137,14,0,Olinka,NORP,11,17
mdp.39015049500856,137,14,1,three,CARDINAL,87,92
mdp.39015049500856,137,16,0,Adam,PERSON,5,9
mdp.39015049500856,137,17,0,Jesus Christ,PERSON,56,68
mdp.39015049500856,138,0,0,ADAM,PERSON,0,4
mdp.39015049500856,138,1,0,Olinkans,NORP,4,12
mdp.39015049500856,138,3,0,Christ,PERSON,15,21
mdp.39015049500856,138,3,1,one,CARDINAL,50,53
mdp.39015049500856,138,3,2,African,NORP,113,120
mdp.39015049500856,138,5,0,Olinka,NORP,38,44
mdp.39015049500856,138,7,0,Christ,PERSON,73,79
mdp.39015049500856,138,8,0,Christ,PERSON,4,10
mdp.39015049500856,138,10,0,122,CARDINAL,0,3
mdp.39015049500856,139,0,0,EIGHT,CARDINAL,5,10
mdp.39015049500856,141,0,0,LISETTE,PERSON,0,7
mdp.39015049500856,141,1,0,Pierre,PERSON,5,11
mdp.39015049500856,141,1,1,seventeen,DATE,19,28
mdp.39015049500856,141,1,2,America,GPE,113,120
mdp.39015049500856,141,3,0,France,GPE,3,9
mdp.39015049500856,141,3,1,Algerian,NORP,31,39
mdp.39015049500856,141,4,0,Harvard,ORG,14,21
mdp.39015049500856,141,6,0,Pierre,PERSON,28,34
mdp.39015049500856,141,9,0,Evelyn,PERSON,5,11
mdp.39015049500856,141,9,1,Pierre,PERSON,48,54
mdp.39015049500856,141,9,2,Adam,PERSON,59,63
mdp.39015049500856,141,9,3,years,DATE,145,150
mdp.39015049500856,141,12,0,Adam,PERSON,17,21
mdp.39015049500856,141,16,0,France,GPE,96,102
mdp.39015049500856,141,16,1,Simone de Beauvoir,PERSON,168,186
mdp.39015049500856,141,16,2,The Second Sex,WORK_OF_ART,199,213
mdp.39015049500856,141,17,0,125,CARDINAL,33,36
mdp.39015049500856,142,1,0,Béatrice,PERSON,104,112
mdp.39015049500856,142,1,1,French,NORP,147,153
mdp.39015049500856,142,3,0,Algeria,GPE,48,55
mdp.39015049500856,142,4,0,French,NORP,8,14
mdp.39015049500856,142,4,1,Algerians,NORP,32,41
mdp.39015049500856,142,4,2,Algerians,NORP,66,75
mdp.39015049500856,142,7,0,Algerians,NORP,46,55
mdp.39015049500856,142,8,0,French,NORP,0,6
mdp.39015049500856,142,8,1,Algerians,NORP,7,16
mdp.39015049500856,142,14,0,Parisian,NORP,53,61
mdp.39015049500856,142,14,1,summer,DATE,62,68
mdp.39015049500856,142,14,2,Parisians,NORP,85,94
mdp.39015049500856,142,17,0,Algerian,NORP,70,78
mdp.39015049500856,142,19,0,Africans,NORP,52,60
mdp.39015049500856,142,20,0,126,CARDINAL,20,23
mdp.39015049500856,143,3,0,Arabic,LANGUAGE,33,39
mdp.39015049500856,143,5,0,French,NORP,48,54
mdp.39015049500856,143,5,1,the night,TIME,74,83
mdp.39015049500856,143,6,0,France,GPE,66,72
mdp.39015049500856,143,8,0,France,GPE,31,37
mdp.39015049500856,143,11,0,France,GPE,12,18
mdp.39015049500856,143,11,1,first,ORDINAL,26,31
mdp.39015049500856,143,11,2,French,NORP,46,52
mdp.39015049500856,143,11,3,Algeria,GPE,158,165
mdp.39015049500856,143,11,4,Christian,NORP,190,199
mdp.39015049500856,143,11,5,Moslems,NORP,234,241
mdp.39015049500856,143,12,0,Algeria,GPE,21,28
mdp.39015049500856,143,12,1,France,GPE,102,108
mdp.39015049500856,143,13,0,Pierre,PERSON,38,44
mdp.39015049500856,143,14,0,Parisians,NORP,133,142
mdp.39015049500856,143,15,0,Pierre,PERSON,37,43
mdp.39015049500856,143,15,1,Algerian,NORP,93,101
mdp.39015049500856,143,15,2,French,NORP,203,209
mdp.39015049500856,143,15,3,127,CARDINAL,210,213
mdp.39015049500856,144,0,0,Arabs,NORP,29,34
mdp.39015049500856,144,0,1,Maquis,PERSON,57,63
mdp.39015049500856,144,0,2,NLA,ORG,69,72
mdp.39015049500856,144,0,3,Moslem,NORP,95,101
mdp.39015049500856,144,0,4,Christian Arabs,NORP,120,135
mdp.39015049500856,144,0,5,Arabs,NORP,198,203
mdp.39015049500856,144,2,0,the Jesus Christ,PERSON,76,92
mdp.39015049500856,144,3,0,Jesus,PERSON,4,9
mdp.39015049500856,144,3,1,Algerian,NORP,48,56
mdp.39015049500856,144,3,2,the Jesus Christ,PERSON,75,91
mdp.39015049500856,144,3,3,Christian,NORP,99,108
mdp.39015049500856,144,3,4,Algerian,NORP,131,139
mdp.39015049500856,144,3,5,Arab,NORP,186,190
mdp.39015049500856,144,3,6,Algeria,GPE,204,211
mdp.39015049500856,144,3,7,Arab,NORP,254,258
mdp.39015049500856,144,3,8,Arab,NORP,283,287
mdp.39015049500856,144,3,9,French,NORP,444,450
mdp.39015049500856,144,4,0,Petit Pierre,PERSON,0,12
mdp.39015049500856,144,4,1,years later,DATE,24,35
mdp.39015049500856,144,4,2,French,NORP,84,90
mdp.39015049500856,144,4,3,first,ORDINAL,123,128
mdp.39015049500856,144,4,4,Algerian,NORP,170,178
mdp.39015049500856,144,4,5,Paris,GPE,200,205
mdp.39015049500856,144,6,0,Algeria,GPE,146,153
mdp.39015049500856,144,7,0,French,NORP,14,20
mdp.39015049500856,144,7,1,Arabs,NORP,33,38
mdp.39015049500856,145,2,0,Pierre,PERSON,11,17
mdp.39015049500856,145,3,0,America,GPE,17,24
mdp.39015049500856,145,5,0,Paris,GPE,74,79
mdp.39015049500856,145,6,0,first,ORDINAL,21,26
mdp.39015049500856,145,6,1,Pierre,PERSON,100,106
mdp.39015049500856,146,0,0,EVELYN,PERSON,0,6
mdp.39015049500856,146,0,1,Raye,PERSON,14,18
mdp.39015049500856,146,5,0,a minute,TIME,5,13
mdp.39015049500856,146,5,1,first,ORDINAL,46,51
mdp.39015049500856,146,8,0,Raye,PERSON,16,20
mdp.39015049500856,147,3,0,a few days,DATE,17,27
mdp.39015049500856,147,14,0,America,GPE,3,10
mdp.39015049500856,147,18,0,Raye,PERSON,23,27
mdp.39015049500856,147,18,1,Africa,LOC,37,43
mdp.39015049500856,147,18,2,hundreds of years,DATE,44,61
mdp.39015049500856,147,20,0,131,CARDINAL,33,36
mdp.39015049500856,148,0,0,American,NORP,15,23
mdp.39015049500856,148,0,1,Halloween,DATE,44,53
mdp.39015049500856,148,2,0,Raye,PERSON,25,29
mdp.39015049500856,148,3,0,Mzee,PERSON,22,26
mdp.39015049500856,148,5,0,132,CARDINAL,0,3
mdp.39015049500856,149,0,0,PIERRE,PERSON,0,6
mdp.39015049500856,149,1,0,December,DATE,15,23
mdp.39015049500856,149,3,0,Earlier that morning,TIME,0,20
mdp.39015049500856,149,4,0,Each year,DATE,0,9
mdp.39015049500856,149,5,0,Each year,DATE,0,9
mdp.39015049500856,149,5,1,each year,DATE,77,86
mdp.39015049500856,149,6,0,This year,DATE,0,9
mdp.39015049500856,149,6,1,every year,DATE,14,24
mdp.39015049500856,149,8,0,Langston Hughes,PERSON,24,39
mdp.39015049500856,149,9,0,James Baldwin,PERSON,41,54
mdp.39015049500856,149,9,1,two,CARDINAL,149,152
mdp.39015049500856,149,9,2,Richard Wright,PERSON,174,188
mdp.39015049500856,149,9,3,France,GPE,238,244
mdp.39015049500856,149,10,0,American,NORP,68,76
mdp.39015049500856,150,3,0,sixteen years,DATE,12,25
mdp.39015049500856,150,13,0,One more year,DATE,0,13
mdp.39015049500856,150,13,1,Paris,GPE,28,33
mdp.39015049500856,150,14,0,America,GPE,13,20
mdp.39015049500856,150,24,0,Baldwin,PERSON,32,39
mdp.39015049500856,150,24,1,Hughes,PERSON,41,47
mdp.39015049500856,150,24,2,Wright,PERSON,52,58
mdp.39015049500856,151,2,0,spring,DATE,97,103
mdp.39015049500856,151,2,1,two weeks,DATE,109,118
mdp.39015049500856,151,4,0,Benny,PERSON,61,66
mdp.39015049500856,151,4,1,at least one,CARDINAL,72,84
mdp.39015049500856,151,4,2,Evelyn,PERSON,109,115
mdp.39015049500856,151,4,3,Tashi,PERSON,149,154
mdp.39015049500856,151,5,0,Benny,PERSON,0,5
mdp.39015049500856,151,5,1,nearly three years older,DATE,10,34
mdp.39015049500856,151,8,0,Benny,PERSON,29,34
mdp.39015049500856,151,10,0,years ago,DATE,63,72
mdp.39015049500856,151,10,1,Africa,LOC,76,82
mdp.39015049500856,151,12,0,the hours,TIME,42,51
mdp.39015049500856,151,12,1,Torabe,PERSON,84,90
mdp.39015049500856,151,14,0,Torabe,PERSON,61,67
mdp.39015049500856,151,15,0,Samuel,PERSON,76,82
mdp.39015049500856,151,15,1,Torabe,PERSON,92,98
mdp.39015049500856,151,16,0,135,CARDINAL,48,51
mdp.39015049500856,152,2,0,Torabe,PERSON,13,19
mdp.39015049500856,152,6,0,One,CARDINAL,0,3
mdp.39015049500856,152,7,0,Adam,PERSON,37,41
mdp.39015049500856,152,7,1,Torabe,PERSON,127,133
mdp.39015049500856,152,10,0,their wedding night,DATE,130,149
mdp.39015049500856,152,14,0,Torabe,PERSON,16,22
mdp.39015049500856,152,16,0,a year,DATE,83,89
mdp.39015049500856,153,2,0,Torabe,PERSON,0,6
mdp.39015049500856,153,6,0,Torabe,PERSON,142,148
mdp.39015049500856,153,7,0,Algeria,GPE,47,54
mdp.39015049500856,153,7,1,Torabe,PERSON,115,121
mdp.39015049500856,153,9,0,Ayisha,PERSON,13,19
mdp.39015049500856,153,9,1,one night,TIME,39,48
mdp.39015049500856,153,16,0,137,CARDINAL,31,34
mdp.39015049500856,154,3,0,Ayisha,PERSON,47,53
mdp.39015049500856,154,3,1,France,GPE,217,223
mdp.39015049500856,154,4,0,the Marquis de Sade,PERSON,4,23
mdp.39015049500856,154,6,0,only one,CARDINAL,11,19
mdp.39015049500856,154,6,1,this century,DATE,57,69
mdp.39015049500856,154,10,0,French,NORP,81,87
mdp.39015049500856,154,11,0,Rabelais,PERSON,17,25
mdp.39015049500856,154,11,1,Molière,PERSON,38,45
mdp.39015049500856,154,13,0,138,CARDINAL,0,3
mdp.39015049500856,155,0,0,NINE,CARDINAL,5,9
mdp.39015049500856,157,0,0,EVELYN,PERSON,0,6
mdp.39015049500856,157,0,1,Lisette,PERSON,66,73
mdp.39015049500856,157,0,2,Adam,PERSON,77,81
mdp.39015049500856,157,0,3,Mzee,PERSON,165,169
mdp.39015049500856,157,0,4,Adam,PERSON,234,238
mdp.39015049500856,157,5,0,Adam,PERSON,54,58
mdp.39015049500856,157,6,0,one,CARDINAL,12,15
mdp.39015049500856,157,6,1,Pierre,PERSON,57,63
mdp.39015049500856,157,6,2,America,GPE,79,86
mdp.39015049500856,157,7,0,Adam,PERSON,67,71
mdp.39015049500856,157,7,1,Boston,GPE,80,86
mdp.39015049500856,157,7,2,a week,DATE,112,118
mdp.39015049500856,157,7,3,Pierre,PERSON,128,134
mdp.39015049500856,157,7,4,Cambridge,GPE,159,168
mdp.39015049500856,157,7,5,Harvard,ORG,173,180
mdp.39015049500856,157,9,0,Cambridge,GPE,15,24
mdp.39015049500856,157,9,1,three years,DATE,29,40
mdp.39015049500856,157,10,0,141,CARDINAL,0,3
mdp.39015049500856,158,0,0,Lisette,PERSON,42,49
mdp.39015049500856,158,1,0,first,ORDINAL,10,15
mdp.39015049500856,158,1,1,French,NORP,103,109
mdp.39015049500856,158,4,0,Adam,PERSON,15,19
mdp.39015049500856,158,4,1,Pierre,PERSON,30,36
mdp.39015049500856,158,4,2,Berkeley,ORG,68,76
mdp.39015049500856,158,5,0,Adam,PERSON,5,9
mdp.39015049500856,158,7,0,The week before,DATE,0,15
mdp.39015049500856,158,7,1,Adam,PERSON,45,49
mdp.39015049500856,158,7,2,Adam,PERSON,77,81
mdp.39015049500856,158,7,3,Evelyn,PERSON,86,92
mdp.39015049500856,158,11,0,Benny,PERSON,67,72
mdp.39015049500856,158,15,0,American,NORP,39,47
mdp.39015049500856,158,16,0,Pierre,PERSON,11,17
mdp.39015049500856,158,18,0,two,CARDINAL,14,17
mdp.39015049500856,158,19,0,142,CARDINAL,0,3
mdp.39015049500856,159,0,0,first,ORDINAL,73,78
mdp.39015049500856,159,0,1,the very day,DATE,202,214
mdp.39015049500856,159,0,2,Pierre,PERSON,228,234
mdp.39015049500856,159,2,0,Pierre,PERSON,3,9
mdp.39015049500856,159,5,0,Kali,PERSON,40,44
mdp.39015049500856,159,5,1,a dozen,CARDINAL,52,59
mdp.39015049500856,159,6,0,Pierre,PERSON,118,124
mdp.39015049500856,159,6,1,one,CARDINAL,157,160
mdp.39015049500856,159,8,0,Pierre,PERSON,0,6
mdp.39015049500856,159,8,1,French,LANGUAGE,40,46
mdp.39015049500856,159,10,0,Pierre,PERSON,44,50
mdp.39015049500856,159,12,0,Pierre,PERSON,41,47
mdp.39015049500856,159,16,0,143,CARDINAL,0,3
mdp.39015049500856,161,0,0,TEN,CARDINAL,5,8
mdp.39015049500856,163,0,0,EVELYN,PERSON,0,6
mdp.39015049500856,163,1,0,Ombere,GPE,18,24
mdp.39015049500856,163,4,0,Each twenty-five kilometers,QUANTITY,0,27
mdp.39015049500856,163,5,0,America,GPE,36,43
mdp.39015049500856,163,8,0,A week ago,DATE,0,10
mdp.39015049500856,163,8,1,M'Lissa,PERSON,37,44
mdp.39015049500856,163,9,0,year-old,DATE,24,32
mdp.39015049500856,163,9,1,Newsweek,ORG,33,41
mdp.39015049500856,163,9,2,Waverly,PRODUCT,79,86
mdp.39015049500856,163,10,0,Olinka,NORP,28,34
mdp.39015049500856,163,10,1,Florence Nightingale,PERSON,147,167
mdp.39015049500856,163,10,2,Olinka,NORP,246,252
mdp.39015049500856,164,2,0,M'Lissa,PERSON,146,153
mdp.39015049500856,164,3,0,M'Lissa,PERSON,0,7
mdp.39015049500856,164,6,0,M'Lissa,PERSON,0,7
mdp.39015049500856,164,6,1,over a year,DATE,31,42
mdp.39015049500856,164,9,0,M'Lissa,PERSON,18,25
mdp.39015049500856,164,14,0,148,CARDINAL,0,3
mdp.39015049500856,165,0,0,TASHI-EVELYN,PERSON,0,12
mdp.39015049500856,165,1,0,noonday,DATE,77,84
mdp.39015049500856,165,6,0,Newsweek,ORG,74,82
mdp.39015049500856,165,7,0,M'Lissa,PERSON,22,29
mdp.39015049500856,166,3,0,America,GPE,28,35
mdp.39015049500856,166,3,1,Olinka,NORP,68,74
mdp.39015049500856,166,3,2,M'Lissa,PERSON,121,128
mdp.39015049500856,166,6,0,Tashi,PERSON,15,20
mdp.39015049500856,166,6,1,Catherine,PERSON,22,31
mdp.39015049500856,166,6,2,Nafa,PERSON,39,43
mdp.39015049500856,166,6,3,America,GPE,68,75
mdp.39015049500856,166,9,0,Olinka,NORP,66,72
mdp.39015049500856,166,10,0,minutes,TIME,7,14
mdp.39015049500856,166,10,1,M'Lissa,PERSON,22,29
mdp.39015049500856,166,17,0,Martha,PERSON,0,6
mdp.39015049500856,166,19,0,Mbati,PERSON,0,5
mdp.39015049500856,166,20,0,Mbati,PERSON,0,5
mdp.39015049500856,166,22,0,Lissa,PERSON,7,12
mdp.39015049500856,166,23,0,the National Liberation Front,ORG,70,99
mdp.39015049500856,166,26,0,Newsweek,ORG,7,15
mdp.39015049500856,166,27,0,Newsweek,ORG,4,12
mdp.39015049500856,166,28,0,150,CARDINAL,0,3
mdp.39015049500856,167,15,0,Lissa,PERSON,23,28
mdp.39015049500856,167,16,0,only one,CARDINAL,62,70
mdp.39015049500856,167,18,0,Mbati,PERSON,29,34
mdp.39015049500856,167,21,0,a hundred,CARDINAL,16,25
mdp.39015049500856,167,24,0,Mbati,PERSON,0,5
mdp.39015049500856,167,27,0,Mbati,PERSON,32,37
mdp.39015049500856,167,27,1,M'Lissa,PERSON,52,59
mdp.39015049500856,167,27,2,M'Lissa,PERSON,99,106
mdp.39015049500856,167,27,3,Mzee,PERSON,178,182
mdp.39015049500856,167,27,4,Frenchwoman,NORP,207,218
mdp.39015049500856,167,27,5,Lisette,PERSON,219,226
mdp.39015049500856,168,0,0,Waverly,LOC,38,45
mdp.39015049500856,168,2,0,M'Lissa,PERSON,20,27
mdp.39015049500856,169,0,0,ELEVEN,CARDINAL,5,11
mdp.39015049500856,171,0,0,EVELYN Mbati bati,PERSON,0,17
mdp.39015049500856,171,10,0,two,CARDINAL,164,167
mdp.39015049500856,172,2,0,Lissa,PERSON,7,12
mdp.39015049500856,172,7,0,Lissa,PERSON,7,12
mdp.39015049500856,172,9,0,Lissa,PERSON,12,17
mdp.39015049500856,172,20,0,America,GPE,195,202
mdp.39015049500856,172,27,0,Mbati,PERSON,20,25
mdp.39015049500856,172,27,1,M'Lissa,PERSON,52,59
mdp.39015049500856,172,27,2,Lissa,PERSON,66,71
mdp.39015049500856,172,28,0,America,GPE,34,41
mdp.39015049500856,173,1,0,M'Lissa,PERSON,4,11
mdp.39015049500856,173,3,0,Nafa,PERSON,23,27
mdp.39015049500856,173,9,0,Mbati,PERSON,10,15
mdp.39015049500856,173,12,0,Mbati,PERSON,5,10
mdp.39015049500856,173,14,0,Johnson,PERSON,10,17
mdp.39015049500856,173,18,0,Olinka,LANGUAGE,27,33
mdp.39015049500856,173,20,0,Mbati,PERSON,0,5
mdp.39015049500856,173,22,0,157,CARDINAL,0,3
mdp.39015049500856,174,0,0,EVELYN,PERSON,0,6
mdp.39015049500856,174,1,0,Adam,PERSON,27,31
mdp.39015049500856,174,2,0,over fifty years,DATE,112,128
mdp.39015049500856,174,10,0,Adam,PERSON,44,48
mdp.39015049500856,174,11,0,American,NORP,34,42
mdp.39015049500856,174,15,0,158,CARDINAL,0,3
mdp.39015049500856,175,0,0,Adam,PERSON,0,4
mdp.39015049500856,175,2,0,Lissa,PERSON,7,12
mdp.39015049500856,175,12,0,Lisette,PERSON,33,40
mdp.39015049500856,175,16,0,French,NORP,24,30
mdp.39015049500856,175,23,0,Pierre,PERSON,8,14
mdp.39015049500856,175,23,1,Harvard,ORG,167,174
mdp.39015049500856,175,25,0,Johnson,PERSON,13,20
mdp.39015049500856,175,27,0,half,CARDINAL,38,42
mdp.39015049500856,175,28,0,159,CARDINAL,25,28
mdp.39015049500856,176,7,0,Berkeley,GPE,25,33
mdp.39015049500856,176,10,0,Pierre Johnson,PERSON,0,14
mdp.39015049500856,177,0,0,ADAM,PERSON,0,4
mdp.39015049500856,177,9,0,Adam,PERSON,0,4
mdp.39015049500856,177,11,0,Old Torabe,LOC,38,48
mdp.39015049500856,177,14,0,161,CARDINAL,10,13
mdp.39015049500856,178,10,0,Evelyn,PERSON,9,15
mdp.39015049500856,178,14,0,Mbati,PERSON,33,38
mdp.39015049500856,178,17,0,Johnson,PERSON,45,52
mdp.39015049500856,178,17,1,Olinkan,PERSON,61,68
mdp.39015049500856,178,17,2,America,GPE,83,90
mdp.39015049500856,178,17,3,"many, many years",DATE,95,111
mdp.39015049500856,178,17,4,American,NORP,122,130
mdp.39015049500856,178,18,0,162,CARDINAL,0,3
mdp.39015049500856,179,1,0,Johnson,PERSON,20,27
mdp.39015049500856,179,1,1,the United States,GPE,37,54
mdp.39015049500856,179,6,0,Evelyn,PERSON,0,6
mdp.39015049500856,179,14,0,163,CARDINAL,0,3
mdp.39015049500856,180,0,0,EVELYN-TASHI,PERSON,0,12
mdp.39015049500856,180,0,1,America,GPE,37,44
mdp.39015049500856,180,3,0,Amy,PERSON,18,21
mdp.39015049500856,180,6,0,164,CARDINAL,0,3
mdp.39015049500856,181,0,0,ADAM,PERSON,0,4
mdp.39015049500856,181,0,1,Tashi,PERSON,111,116
mdp.39015049500856,181,0,2,Raye,PERSON,131,135
mdp.39015049500856,181,1,0,nine,CARDINAL,12,16
mdp.39015049500856,181,1,1,ten,CARDINAL,30,33
mdp.39015049500856,181,5,0,Tashi,PERSON,40,45
mdp.39015049500856,181,7,0,165,CARDINAL,0,3
mdp.39015049500856,183,0,0,TWELVE,CARDINAL,5,11
mdp.39015049500856,185,0,0,TASHI-EVELYN,PERSON,0,12
mdp.39015049500856,185,13,0,169,CARDINAL,89,92
mdp.39015049500856,186,0,0,Pierre,PERSON,3,9
mdp.39015049500856,186,0,1,Adam,PERSON,50,54
mdp.39015049500856,186,0,2,Lisette,PERSON,65,72
mdp.39015049500856,186,4,0,two,CARDINAL,119,122
mdp.39015049500856,186,4,1,two,CARDINAL,143,146
mdp.39015049500856,186,8,0,many hours,TIME,17,27
mdp.39015049500856,186,8,1,Berkeley,ORG,56,64
mdp.39015049500856,186,10,0,French,NORP,25,31
mdp.39015049500856,186,10,1,Marcel Griaule,PERSON,48,62
mdp.39015049500856,186,10,2,Conversations with Ogotemmêli,WORK_OF_ART,134,163
mdp.39015049500856,186,13,0,Pierre,PERSON,53,59
mdp.39015049500856,186,15,0,Benny,PERSON,10,15
mdp.39015049500856,186,17,0,Pierre,PERSON,0,6
mdp.39015049500856,187,6,0,India,GPE,113,118
mdp.39015049500856,187,7,0,Benny,PERSON,43,48
mdp.39015049500856,187,11,0,two,CARDINAL,17,20
mdp.39015049500856,187,11,1,one,CARDINAL,45,48
mdp.39015049500856,187,11,2,one,CARDINAL,70,73
mdp.39015049500856,187,12,0,two,CARDINAL,39,42
mdp.39015049500856,187,14,0,first,ORDINAL,50,55
mdp.39015049500856,187,14,1,two,CARDINAL,73,76
mdp.39015049500856,187,14,2,two,CARDINAL,116,119
mdp.39015049500856,187,14,3,two,CARDINAL,148,151
mdp.39015049500856,187,17,0,Pierre,PERSON,0,6
mdp.39015049500856,187,18,0,Pierre,PERSON,9,15
mdp.39015049500856,188,3,0,Pierre,PERSON,0,6
mdp.39015049500856,188,4,0,Cleopatra,PERSON,5,14
mdp.39015049500856,188,5,0,Nefertiti,PERSON,0,9
mdp.39015049500856,188,6,0,Dogon,WORK_OF_ART,51,56
mdp.39015049500856,188,6,1,Africa,LOC,164,170
mdp.39015049500856,188,6,2,Egypt,GPE,189,194
mdp.39015049500856,188,6,3,Mediterranean,LOC,203,216
mdp.39015049500856,188,9,0,Benny,PERSON,39,44
mdp.39015049500856,188,10,0,Lisette,PERSON,15,22
mdp.39015049500856,188,13,0,Chinese,NORP,46,53
mdp.39015049500856,188,16,0,172,CARDINAL,0,3
mdp.39015049500856,189,0,0,unAmerican,NORP,41,51
mdp.39015049500856,189,0,1,Pierre,PERSON,64,70
mdp.39015049500856,189,2,0,Pierre,PERSON,46,52
mdp.39015049500856,189,2,1,first,ORDINAL,132,137
mdp.39015049500856,189,2,2,two,CARDINAL,138,141
mdp.39015049500856,189,2,3,eight,CARDINAL,166,171
mdp.39015049500856,189,2,4,Dogon,NORP,213,218
mdp.39015049500856,189,13,0,HeeHaw,WORK_OF_ART,119,125
mdp.39015049500856,189,14,0,173,CARDINAL,0,3
mdp.39015049500856,190,0,0,ADAM,PERSON,0,4
mdp.39015049500856,190,1,0,Pierre,PERSON,19,25
mdp.39015049500856,190,1,1,Benny,PERSON,167,172
mdp.39015049500856,190,3,0,two,DATE,68,71
mdp.39015049500856,190,6,0,Lisette,PERSON,0,7
mdp.39015049500856,190,6,1,French,NORP,120,126
mdp.39015049500856,190,8,0,Pierre,PERSON,14,20
mdp.39015049500856,190,8,1,our earlier days,DATE,111,127
mdp.39015049500856,190,9,0,Pierre,PERSON,0,6
mdp.39015049500856,191,4,0,Pierre,PERSON,34,40
mdp.39015049500856,191,4,1,Tashi,PERSON,50,55
mdp.39015049500856,191,6,0,Tashi,PERSON,124,129
mdp.39015049500856,191,8,0,Berkeley,ORG,2,10
mdp.39015049500856,191,9,0,afternoon,TIME,95,104
mdp.39015049500856,191,17,0,Pierre,PERSON,35,41
mdp.39015049500856,191,23,0,Pierre,PERSON,0,6
mdp.39015049500856,191,24,0,175,CARDINAL,41,44
mdp.39015049500856,192,6,0,Hawaii,GPE,91,97
mdp.39015049500856,192,10,0,Pierre,PERSON,14,20
mdp.39015049500856,192,18,0,India,GPE,16,21
mdp.39015049500856,192,19,0,Hawaiian,NORP,165,173
mdp.39015049500856,192,20,0,176,CARDINAL,0,3
mdp.39015049500856,193,1,0,Pierre,PERSON,40,46
mdp.39015049500856,193,3,0,Anne,PERSON,6,10
mdp.39015049500856,193,4,0,Anne Nzingha,PERSON,34,46
mdp.39015049500856,193,4,1,African,NORP,52,59
mdp.39015049500856,193,7,0,Pierre,PERSON,52,58
mdp.39015049500856,193,12,0,Queen Anne,PERSON,9,19
mdp.39015049500856,193,18,0,Queen Anne,PERSON,12,22
mdp.39015049500856,193,25,0,177,CARDINAL,13,16
mdp.39015049500856,194,1,0,Pan,PERSON,9,12
mdp.39015049500856,194,3,0,Queen Anne,PERSON,6,16
mdp.39015049500856,194,3,1,Pan,PERSON,21,24
mdp.39015049500856,194,4,0,Pan,PERSON,12,15
mdp.39015049500856,194,4,1,Greek,NORP,21,26
mdp.39015049500856,194,7,0,Queen Anne's,PERSON,15,27
mdp.39015049500856,194,10,0,Pierre,PERSON,12,18
mdp.39015049500856,194,15,0,Coke,PRODUCT,18,22
mdp.39015049500856,194,17,0,Pierre,PERSON,36,42
mdp.39015049500856,194,23,0,178,CARDINAL,0,3
mdp.39015049500856,195,3,0,179,CARDINAL,0,3
mdp.39015049500856,197,0,0,THIRTEEN,CARDINAL,5,13
mdp.39015049500856,198,0,0,1,CARDINAL,0,1
mdp.39015049500856,198,0,1,1,CARDINAL,2,3
mdp.39015049500856,198,0,2,4,CARDINAL,4,5
mdp.39015049500856,199,0,0,EVELYN,PERSON,0,6
mdp.39015049500856,199,1,0,years,DATE,7,12
mdp.39015049500856,199,1,1,Riverside,WORK_OF_ART,52,61
mdp.39015049500856,199,2,0,Waverly,PERSON,74,81
mdp.39015049500856,199,3,0,Amy Maxwell,PERSON,5,16
mdp.39015049500856,199,3,1,Raye,PERSON,41,45
mdp.39015049500856,199,6,0,Raye,PERSON,0,4
mdp.39015049500856,199,7,0,Amy,PERSON,23,26
mdp.39015049500856,199,8,0,Mzee,PERSON,52,56
mdp.39015049500856,199,9,0,Amy,PERSON,25,28
mdp.39015049500856,199,9,1,Raye,PERSON,78,82
mdp.39015049500856,199,10,0,Amy,PERSON,90,93
mdp.39015049500856,199,12,0,Josh,PERSON,22,26
mdp.39015049500856,199,12,1,Olinka,LANGUAGE,43,49
mdp.39015049500856,199,12,2,183,CARDINAL,90,93
mdp.39015049500856,200,0,0,many years,DATE,0,10
mdp.39015049500856,200,0,1,Raye,PERSON,24,28
mdp.39015049500856,200,2,0,his twenties,DATE,53,65
mdp.39015049500856,200,3,0,his thirties,DATE,66,78
mdp.39015049500856,200,4,0,Amy,PERSON,52,55
mdp.39015049500856,200,5,0,Raye,PERSON,72,76
mdp.39015049500856,200,7,0,Amy,PERSON,53,56
mdp.39015049500856,200,8,0,Southern,NORP,10,18
mdp.39015049500856,200,8,1,Scarlett O'Hara,PERSON,32,47
mdp.39015049500856,200,9,0,New Orleans,GPE,122,133
mdp.39015049500856,200,11,0,February,DATE,7,15
mdp.39015049500856,200,12,0,three,CARDINAL,4,9
mdp.39015049500856,200,14,0,Raye,PERSON,22,26
mdp.39015049500856,200,14,1,Amy,PERSON,111,114
mdp.39015049500856,200,15,0,first,ORDINAL,28,33
mdp.39015049500856,200,16,0,Amy,PERSON,0,3
mdp.39015049500856,200,16,1,184,CARDINAL,48,51
mdp.39015049500856,201,4,0,Seventyfive,DATE,0,11
mdp.39015049500856,201,5,0,Eighty,CARDINAL,0,6
mdp.39015049500856,201,8,0,Raye,PERSON,40,44
mdp.39015049500856,201,13,0,Amy,PERSON,13,16
mdp.39015049500856,201,15,0,three years old,DATE,11,26
mdp.39015049500856,201,15,1,each night,TIME,46,56
mdp.39015049500856,201,16,0,four,TIME,3,7
mdp.39015049500856,201,17,0,six years of age,DATE,3,19
mdp.39015049500856,201,18,0,New Orleans,GPE,3,14
mdp.39015049500856,201,18,1,America,GPE,15,22
mdp.39015049500856,201,21,0,Amy,PERSON,10,13
mdp.39015049500856,201,22,0,America,GPE,39,46
mdp.39015049500856,201,23,0,today,DATE,16,21
mdp.39015049500856,201,27,0,America,GPE,41,48
mdp.39015049500856,201,29,0,Raye,PERSON,0,4
mdp.39015049500856,201,34,0,Amy,PERSON,0,3
mdp.39015049500856,201,34,1,185,CARDINAL,51,54
mdp.39015049500856,202,2,0,African,NORP,27,34
mdp.39015049500856,202,2,1,America,GPE,52,59
mdp.39015049500856,202,4,0,American,NORP,6,14
mdp.39015049500856,202,4,1,Olinka,NORP,52,58
mdp.39015049500856,202,4,2,African,NORP,92,99
mdp.39015049500856,202,5,0,African,NORP,5,12
mdp.39015049500856,202,5,1,Amy,PERSON,40,43
mdp.39015049500856,202,8,0,American,NORP,47,55
mdp.39015049500856,202,11,0,Amy,PERSON,0,3
mdp.39015049500856,202,13,0,Raye,PERSON,28,32
mdp.39015049500856,202,14,0,two,CARDINAL,8,11
mdp.39015049500856,202,16,0,Amy,PERSON,12,15
mdp.39015049500856,202,19,0,Gladys,PERSON,53,59
mdp.39015049500856,202,20,0,Gladys,PERSON,0,6
mdp.39015049500856,202,23,0,186,CARDINAL,5,8
mdp.39015049500856,203,1,0,Raye,PERSON,3,7
mdp.39015049500856,203,2,0,My first year,DATE,0,13
mdp.39015049500856,203,2,1,America,GPE,14,21
mdp.39015049500856,203,2,2,Adam,PERSON,23,27
mdp.39015049500856,203,2,3,Olivia,PERSON,32,38
mdp.39015049500856,203,3,0,Amy,PERSON,14,17
mdp.39015049500856,203,7,0,Raye,PERSON,23,27
mdp.39015049500856,203,12,0,Amy,PERSON,0,3
mdp.39015049500856,203,19,0,187,CARDINAL,42,45
mdp.39015049500856,204,8,0,years later,DATE,18,29
mdp.39015049500856,204,8,1,Mother,PERSON,38,44
mdp.39015049500856,204,9,0,Josh,PERSON,38,42
mdp.39015049500856,204,10,0,Josh,PERSON,28,32
mdp.39015049500856,204,12,0,Raye,PERSON,100,104
mdp.39015049500856,204,13,0,Riverside,WORK_OF_ART,21,30
mdp.39015049500856,204,14,0,Louisiana,GPE,33,42
mdp.39015049500856,204,14,1,New Orleans,GPE,47,58
mdp.39015049500856,204,15,0,Louisiana,GPE,10,19
mdp.39015049500856,204,15,1,France,GPE,41,47
mdp.39015049500856,204,16,0,French,NORP,50,56
mdp.39015049500856,204,16,1,Amy,PERSON,80,83
mdp.39015049500856,204,17,0,Amy,PERSON,8,11
mdp.39015049500856,204,18,0,1,CARDINAL,0,1
mdp.39015049500856,204,18,1,188,CARDINAL,4,7
mdp.39015049500856,205,0,0,FOURTEEN,CARDINAL,5,13
mdp.39015049500856,207,0,0,EVELYN-TASHI,PERSON,0,12
mdp.39015049500856,207,3,0,Olivia,PERSON,31,37
mdp.39015049500856,207,3,1,Muslim,NORP,75,81
mdp.39015049500856,207,12,0,the day,DATE,3,10
mdp.39015049500856,207,12,1,Olivia,PERSON,88,94
mdp.39015049500856,207,12,2,191,CARDINAL,96,99
mdp.39015049500856,208,6,0,the next day,DATE,10,22
mdp.39015049500856,208,7,0,192,CARDINAL,0,3
mdp.39015049500856,209,0,0,BENNY,PERSON,0,5
mdp.39015049500856,209,2,0,Pierre,PERSON,41,47
mdp.39015049500856,209,14,0,the year nine hundred and twelve,DATE,3,35
mdp.39015049500856,209,14,1,Olinka,GPE,50,56
mdp.39015049500856,209,16,0,Mercedes,PRODUCT,33,41
mdp.39015049500856,209,17,0,nine hundred and twelve,DATE,3,26
mdp.39015049500856,209,17,1,four,CARDINAL,62,66
mdp.39015049500856,209,20,0,193,CARDINAL,0,3
mdp.39015049500856,210,0,0,ADAM,PERSON,0,4
mdp.39015049500856,210,2,0,Olivia,PERSON,0,6
mdp.39015049500856,210,7,0,two,CARDINAL,24,27
mdp.39015049500856,210,10,0,daily,DATE,19,24
mdp.39015049500856,210,12,0,Olinka,GPE,45,51
mdp.39015049500856,210,12,1,African,NORP,72,79
mdp.39015049500856,210,12,2,194,CARDINAL,105,108
mdp.39015049500856,211,0,0,Tashi,PERSON,61,66
mdp.39015049500856,211,1,0,Romania,GPE,53,60
mdp.39015049500856,211,1,1,M'Lissa,PERSON,82,89
mdp.39015049500856,211,2,0,Tashi,PERSON,68,73
mdp.39015049500856,211,6,0,night,TIME,3,8
mdp.39015049500856,211,6,1,Tashi,PERSON,20,25
mdp.39015049500856,211,7,0,one,CARDINAL,3,6
mdp.39015049500856,211,8,0,America,GPE,109,116
mdp.39015049500856,211,16,0,195,CARDINAL,0,3
mdp.39015049500856,212,0,0,TASHI-EVELYN,PERSON,0,12
mdp.39015049500856,212,2,0,One morning,TIME,0,11
mdp.39015049500856,212,2,1,Olivia,PERSON,12,18
mdp.39015049500856,212,4,0,One,CARDINAL,0,3
mdp.39015049500856,212,8,0,British,NORP,201,208
mdp.39015049500856,212,9,0,year,DATE,112,116
mdp.39015049500856,212,9,1,year,DATE,123,127
mdp.39015049500856,212,12,0,196,CARDINAL,38,41
mdp.39015049500856,213,2,0,one,CARDINAL,30,33
mdp.39015049500856,213,2,1,M'Lissa,PERSON,120,127
mdp.39015049500856,213,23,0,197,CARDINAL,27,30
mdp.39015049500856,214,2,0,Olivia,PERSON,60,66
mdp.39015049500856,214,5,0,three,CARDINAL,116,121
mdp.39015049500856,214,5,1,three,CARDINAL,156,161
mdp.39015049500856,214,5,2,See No Evil,WORK_OF_ART,179,190
mdp.39015049500856,214,5,3,Adam,PERSON,225,229
mdp.39015049500856,214,5,4,America,GPE,253,260
mdp.39015049500856,214,6,0,two,CARDINAL,21,24
mdp.39015049500856,214,7,0,three,CARDINAL,107,112
mdp.39015049500856,214,14,0,198,CARDINAL,0,3
mdp.39015049500856,215,0,0,OLIVIA Tashi s,PERSON,0,14
mdp.39015049500856,215,2,0,the United States,GPE,24,41
mdp.39015049500856,215,2,1,North American,NORP,57,71
mdp.39015049500856,215,8,0,199,CARDINAL,0,3
mdp.39015049500856,217,0,0,FIFTEEN,CARDINAL,5,12
mdp.39015049500856,219,0,0,TASHI-EVELYN,PERSON,0,12
mdp.39015049500856,219,1,0,M’Lissa,PERSON,35,42
mdp.39015049500856,219,5,0,M'Lissa,PERSON,5,12
mdp.39015049500856,219,6,0,Olinka,NORP,37,43
mdp.39015049500856,219,11,0,M'Lissa,PERSON,49,56
mdp.39015049500856,219,13,0,Each night,TIME,0,10
mdp.39015049500856,219,14,0,203,CARDINAL,38,41
mdp.39015049500856,220,3,0,Scheherazade,PERSON,39,51
mdp.39015049500856,220,3,1,M'Lissa,PERSON,53,60
mdp.39015049500856,220,4,0,one,CARDINAL,150,153
mdp.39015049500856,220,7,0,204,CARDINAL,58,61
mdp.39015049500856,221,0,0,M'LISSA,PERSON,0,7
mdp.39015049500856,221,2,0,Tashi,PERSON,52,57
mdp.39015049500856,221,14,0,205,CARDINAL,69,72
mdp.39015049500856,222,1,0,Tashi,PERSON,3,8
mdp.39015049500856,222,2,0,Tashi,PERSON,0,5
mdp.39015049500856,222,2,1,American,NORP,114,122
mdp.39015049500856,222,3,0,1,CARDINAL,0,1
mdp.39015049500856,223,0,0,EVELYN-TASHI,PERSON,0,12
mdp.39015049500856,223,0,1,American,NORP,26,34
mdp.39015049500856,223,2,0,Raye,PERSON,30,34
mdp.39015049500856,223,3,0,Africa,LOC,30,36
mdp.39015049500856,223,6,0,Africa,LOC,19,25
mdp.39015049500856,223,8,0,Africa,LOC,17,23
mdp.39015049500856,223,9,0,M'Lissa,PERSON,0,7
mdp.39015049500856,223,12,0,America,GPE,11,18
mdp.39015049500856,223,13,0,Amy Maxwell,PERSON,21,32
mdp.39015049500856,223,18,0,M'Lissa,PERSON,4,11
mdp.39015049500856,223,20,0,Eskimos,NORP,27,34
mdp.39015049500856,223,22,0,American,NORP,32,40
mdp.39015049500856,223,24,0,Indians,NORP,11,18
mdp.39015049500856,223,24,1,India,GPE,24,29
mdp.39015049500856,223,24,2,Native Americans,NORP,34,50
mdp.39015049500856,223,24,3,Minnesota,GPE,56,65
mdp.39015049500856,223,27,0,207,CARDINAL,0,3
mdp.39015049500856,224,1,0,M'Lissa,PERSON,0,7
mdp.39015049500856,224,3,0,Americans,NORP,0,9
mdp.39015049500856,224,4,0,M'Lissa,PERSON,53,60
mdp.39015049500856,224,5,0,Africa,LOC,25,31
mdp.39015049500856,224,5,1,Olinkan,NORP,46,53
mdp.39015049500856,224,5,2,Maasai,NORP,59,65
mdp.39015049500856,224,7,0,Olinkans,NORP,24,32
mdp.39015049500856,224,7,1,Maasai,NORP,43,49
mdp.39015049500856,224,8,0,American,NORP,74,82
mdp.39015049500856,224,10,0,American,NORP,13,21
mdp.39015049500856,224,11,0,several weeks,DATE,33,46
mdp.39015049500856,224,11,1,hundreds,CARDINAL,78,86
mdp.39015049500856,224,11,2,Americans,NORP,106,115
mdp.39015049500856,224,12,0,American,NORP,13,21
mdp.39015049500856,224,13,0,M'Lissa,PERSON,50,57
mdp.39015049500856,224,15,0,American,NORP,3,11
mdp.39015049500856,224,15,1,first,ORDINAL,94,99
mdp.39015049500856,224,15,2,American,NORP,109,117
mdp.39015049500856,224,16,0,American,NORP,3,11
mdp.39015049500856,224,17,0,208,CARDINAL,0,3
mdp.39015049500856,225,0,0,SIXTEEN,CARDINAL,5,12
mdp.39015049500856,227,0,0,TASHI-EVELYN,PERSON,0,12
mdp.39015049500856,227,1,0,The very first day,DATE,0,18
mdp.39015049500856,227,1,1,Mbati,PERSON,25,30
mdp.39015049500856,227,1,2,M'Lissa,PERSON,64,71
mdp.39015049500856,227,5,0,many years,DATE,119,129
mdp.39015049500856,227,8,0,the day,DATE,15,22
mdp.39015049500856,227,8,1,M'Lissa,PERSON,63,70
mdp.39015049500856,227,9,0,Dura,PERSON,38,42
mdp.39015049500856,227,11,0,211,CARDINAL,21,24
mdp.39015049500856,228,0,0,M'LISSA,PERSON,0,7
mdp.39015049500856,228,0,1,Olinka,NORP,28,34
mdp.39015049500856,229,9,0,one,CARDINAL,35,38
mdp.39015049500856,229,17,0,213,CARDINAL,30,33
mdp.39015049500856,230,6,0,I Am a Belly,WORK_OF_ART,76,88
mdp.39015049500856,230,10,0,weeks,DATE,23,28
mdp.39015049500856,230,12,0,four,CARDINAL,43,47
mdp.39015049500856,231,1,0,three months later,DATE,77,95
mdp.39015049500856,232,0,0,TASHI,PERSON,0,5
mdp.39015049500856,232,0,1,M'Lissa,PERSON,61,68
mdp.39015049500856,232,0,2,"hundreds, thousands",CARDINAL,136,155
mdp.39015049500856,232,2,0,M'Lissa,PERSON,0,7
mdp.39015049500856,232,14,0,today,DATE,20,25
mdp.39015049500856,232,19,0,216,CARDINAL,27,30
mdp.39015049500856,233,4,0,"months, even years",DATE,112,130
mdp.39015049500856,233,7,0,M'Lissa,PERSON,54,61
mdp.39015049500856,233,12,0,Adam,PERSON,4,8
mdp.39015049500856,233,17,0,months,DATE,96,102
mdp.39015049500856,233,18,0,Adam,PERSON,35,39
mdp.39015049500856,233,18,1,Paris,GPE,78,83
mdp.39015049500856,233,18,2,Lisette,PERSON,96,103
mdp.39015049500856,233,18,3,Benny,PERSON,133,138
mdp.39015049500856,233,20,0,M'Lissa,PERSON,13,20
mdp.39015049500856,233,25,0,an hour,TIME,8,15
mdp.39015049500856,233,26,0,M'Lissa,PERSON,8,15
mdp.39015049500856,234,18,0,M'Lissa,PERSON,0,7
mdp.39015049500856,234,22,0,M'Lissa,PERSON,0,7
mdp.39015049500856,234,28,0,218,CARDINAL,0,3
mdp.39015049500856,235,0,0,M'LISSA,PERSON,0,7
mdp.39015049500856,235,4,0,half,CARDINAL,12,16
mdp.39015049500856,235,4,1,half,CARDINAL,31,35
mdp.39015049500856,235,8,0,219,CARDINAL,0,3
mdp.39015049500856,237,0,0,SEVENTEEN,CARDINAL,5,14
mdp.39015049500856,239,0,0,TASHI,PERSON,0,5
mdp.39015049500856,239,0,1,Adam,PERSON,86,90
mdp.39015049500856,239,0,2,Olivia,PERSON,92,98
mdp.39015049500856,239,0,3,Benny,PERSON,100,105
mdp.39015049500856,239,0,4,Pierre,PERSON,107,113
mdp.39015049500856,239,0,5,Raye,PERSON,115,119
mdp.39015049500856,239,0,6,Mbati,PERSON,124,129
mdp.39015049500856,239,1,0,Raye,PERSON,0,4
mdp.39015049500856,239,7,0,Mbati,PERSON,62,67
mdp.39015049500856,239,8,0,Adam,PERSON,36,40
mdp.39015049500856,239,8,1,Bible,WORK_OF_ART,71,76
mdp.39015049500856,239,11,0,Olivia,PERSON,17,23
mdp.39015049500856,239,11,1,mornings,TIME,48,56
mdp.39015049500856,239,12,0,Adam,PERSON,0,4
mdp.39015049500856,239,12,1,Benny,PERSON,6,11
mdp.39015049500856,239,12,2,Pierre,PERSON,16,22
mdp.39015049500856,239,13,0,Benny,PERSON,30,35
mdp.39015049500856,239,14,0,223,CARDINAL,0,3
mdp.39015049500856,240,0,0,Adam,PERSON,0,4
mdp.39015049500856,240,0,1,first,ORDINAL,30,35
mdp.39015049500856,240,3,0,Olivia,PERSON,52,58
mdp.39015049500856,240,3,1,Adam,PERSON,103,107
mdp.39015049500856,240,4,0,Pierre,PERSON,0,6
mdp.39015049500856,240,4,1,first,ORDINAL,40,45
mdp.39015049500856,240,5,0,first,ORDINAL,3,8
mdp.39015049500856,240,10,0,Adam,PERSON,12,16
mdp.39015049500856,240,11,0,only three to six inches,QUANTITY,97,121
mdp.39015049500856,240,12,0,Adam,PERSON,10,14
mdp.39015049500856,240,14,0,Olivia,PERSON,46,52
mdp.39015049500856,240,14,1,Mbati,PERSON,57,62
mdp.39015049500856,240,16,0,Mbati,PERSON,0,5
mdp.39015049500856,240,17,0,Olivia,PERSON,0,6
mdp.39015049500856,240,20,0,Adam,PERSON,14,18
mdp.39015049500856,240,24,0,Raye,PERSON,36,40
mdp.39015049500856,240,25,0,224,CARDINAL,41,44
mdp.39015049500856,241,6,0,Benny,PERSON,107,112
mdp.39015049500856,241,9,0,Pierre,PERSON,0,6
mdp.39015049500856,241,10,0,Africa,LOC,100,106
mdp.39015049500856,241,11,0,African,NORP,29,36
mdp.39015049500856,241,11,1,today,DATE,50,55
mdp.39015049500856,241,15,0,Pierre,PERSON,37,43
mdp.39015049500856,241,19,0,Pierre,PERSON,10,16
mdp.39015049500856,241,21,0,225,CARDINAL,45,48
mdp.39015049500856,242,0,0,Berkeley,GPE,24,32
mdp.39015049500856,242,0,1,Harvard,ORG,37,44
mdp.39015049500856,242,2,0,Africans,NORP,98,106
mdp.39015049500856,242,7,0,Olivia,PERSON,50,56
mdp.39015049500856,242,8,0,Mbati,PERSON,23,28
mdp.39015049500856,242,10,0,Adam,PERSON,0,4
mdp.39015049500856,242,11,0,Mbati,PERSON,0,5
mdp.39015049500856,242,11,1,Fry-O,PRODUCT,24,29
mdp.39015049500856,242,12,0,Pierre,PERSON,86,92
mdp.39015049500856,242,14,0,Raye,PERSON,49,53
mdp.39015049500856,242,15,0,Pierre,PERSON,24,30
mdp.39015049500856,242,17,0,Pierre,PERSON,10,16
mdp.39015049500856,242,18,0,Johnson,PERSON,13,20
mdp.39015049500856,243,3,0,millions,CARDINAL,33,41
mdp.39015049500856,243,4,0,one,CARDINAL,31,34
mdp.39015049500856,243,4,1,millions,CARDINAL,88,96
mdp.39015049500856,243,7,0,Olivia,PERSON,9,15
mdp.39015049500856,243,8,0,Christ,PERSON,15,21
mdp.39015049500856,243,12,0,Raye,PERSON,47,51
mdp.39015049500856,243,15,0,today,DATE,5,10
mdp.39015049500856,243,20,0,227,CARDINAL,0,3
mdp.39015049500856,244,1,0,M'Lissa,PERSON,65,72
mdp.39015049500856,244,2,0,Raye,PERSON,14,18
mdp.39015049500856,244,2,1,Peter,PERSON,82,87
mdp.39015049500856,244,2,2,Peter,PERSON,89,94
mdp.39015049500856,244,4,0,Benny,PERSON,5,10
mdp.39015049500856,244,6,0,Pierre,PERSON,43,49
mdp.39015049500856,244,8,0,Benny,PERSON,9,14
mdp.39015049500856,244,10,0,Griaule,PERSON,14,21
mdp.39015049500856,244,10,1,Dogon,NORP,45,50
mdp.39015049500856,244,12,0,Griaule,PERSON,49,56
mdp.39015049500856,244,12,1,Madame Johnson,WORK_OF_ART,65,79
mdp.39015049500856,244,12,2,Pierre,PERSON,81,87
mdp.39015049500856,244,17,0,Pierre,PERSON,11,17
mdp.39015049500856,244,18,0,Raye,PERSON,16,20
mdp.39015049500856,244,20,0,228,CARDINAL,0,3
mdp.39015049500856,245,0,0,Pierre,PERSON,11,17
mdp.39015049500856,245,0,1,Benny,PERSON,72,77
mdp.39015049500856,245,0,2,one,CARDINAL,91,94
mdp.39015049500856,245,5,0,Pierre,PERSON,31,37
mdp.39015049500856,245,5,1,Griaule,PERSON,44,51
mdp.39015049500856,245,7,0,Olivia,PERSON,83,89
mdp.39015049500856,245,8,0,Raye,PERSON,86,90
mdp.39015049500856,245,10,0,Pierre,PERSON,0,6
mdp.39015049500856,245,13,0,Mbati,PERSON,10,15
mdp.39015049500856,246,2,0,Olivia,PERSON,0,6
mdp.39015049500856,246,4,0,Mbati,PERSON,13,18
mdp.39015049500856,246,4,1,two,CARDINAL,43,46
mdp.39015049500856,246,12,0,one,CARDINAL,7,10
mdp.39015049500856,246,14,0,two,CARDINAL,7,10
mdp.39015049500856,246,16,0,three,CARDINAL,7,12
mdp.39015049500856,246,19,0,four,CARDINAL,7,11
mdp.39015049500856,246,24,0,four,CARDINAL,7,11
mdp.39015049500856,246,26,0,one,CARDINAL,7,10
mdp.39015049500856,246,27,0,two,CARDINAL,7,10
mdp.39015049500856,246,28,0,three,CARDINAL,7,12
mdp.39015049500856,246,30,0,four,CARDINAL,7,11
mdp.39015049500856,246,31,0,230,CARDINAL,0,3
mdp.39015049500856,247,0,0,one,CARDINAL,7,10
mdp.39015049500856,247,1,0,two,CARDINAL,7,10
mdp.39015049500856,247,3,0,three,CARDINAL,7,12
mdp.39015049500856,247,4,0,four,CARDINAL,7,11
mdp.39015049500856,247,6,0,one,CARDINAL,9,12
mdp.39015049500856,247,11,0,one,CARDINAL,7,10
mdp.39015049500856,247,12,0,two,CARDINAL,7,10
mdp.39015049500856,247,13,0,three,CARDINAL,7,12
mdp.39015049500856,247,15,0,four,CARDINAL,7,11
mdp.39015049500856,247,17,0,one,CARDINAL,7,10
mdp.39015049500856,247,19,0,two,CARDINAL,7,10
mdp.39015049500856,247,22,0,three,CARDINAL,7,12
mdp.39015049500856,247,24,0,three,CARDINAL,7,12
mdp.39015049500856,247,25,0,four,CARDINAL,7,11
mdp.39015049500856,247,27,0,231,CARDINAL,0,3
mdp.39015049500856,248,1,0,two,CARDINAL,7,10
mdp.39015049500856,248,3,0,three,CARDINAL,7,12
mdp.39015049500856,248,5,0,four,CARDINAL,7,11
mdp.39015049500856,248,6,0,one,CARDINAL,7,10
mdp.39015049500856,248,8,0,two,CARDINAL,7,10
mdp.39015049500856,248,9,0,three,CARDINAL,44,49
mdp.39015049500856,248,10,0,four,CARDINAL,7,11
mdp.39015049500856,248,12,0,two,CARDINAL,7,10
mdp.39015049500856,248,13,0,three,CARDINAL,7,12
mdp.39015049500856,248,15,0,four,CARDINAL,7,11
mdp.39015049500856,248,16,0,three,CARDINAL,7,12
mdp.39015049500856,248,17,0,four,CARDINAL,7,11
mdp.39015049500856,248,18,0,one,CARDINAL,7,10
mdp.39015049500856,248,20,0,two,CARDINAL,7,10
mdp.39015049500856,248,22,0,three,CARDINAL,7,12
mdp.39015049500856,248,23,0,four,CARDINAL,7,11
mdp.39015049500856,248,24,0,one,CARDINAL,7,10
mdp.39015049500856,248,26,0,two,CARDINAL,7,10
mdp.39015049500856,248,27,0,three,CARDINAL,7,12
mdp.39015049500856,248,28,0,four,CARDINAL,7,11
mdp.39015049500856,248,30,0,232,CARDINAL,0,3
mdp.39015049500856,249,1,0,one,CARDINAL,7,10
mdp.39015049500856,249,2,0,two,CARDINAL,7,10
mdp.39015049500856,249,3,0,three,CARDINAL,7,12
mdp.39015049500856,249,4,0,four,CARDINAL,7,11
mdp.39015049500856,249,6,0,one,CARDINAL,7,10
mdp.39015049500856,249,20,0,233,CARDINAL,108,111
mdp.39015049500856,250,0,0,the Queen of,PERSON,20,32
mdp.39015049500856,250,1,0,Adam,PERSON,28,32
mdp.39015049500856,251,0,0,EIGHTEEN,CARDINAL,5,13
mdp.39015049500856,253,0,0,EVELYN-TASHI,PERSON,0,12
mdp.39015049500856,253,1,0,M'Lissa,PERSON,30,37
mdp.39015049500856,253,2,0,Mbele,NORP,21,26
mdp.39015049500856,253,20,0,M'Lissa,PERSON,24,31
mdp.39015049500856,253,24,0,237,CARDINAL,10,13
mdp.39015049500856,254,0,0,Olinkan,NORP,27,34
mdp.39015049500856,254,6,0,M'Lissa,PERSON,18,25
mdp.39015049500856,254,15,0,M'Lissa,PERSON,4,11
mdp.39015049500856,254,17,0,one,CARDINAL,28,31
mdp.39015049500856,254,18,0,eleven,CARDINAL,12,18
mdp.39015049500856,254,18,1,three,CARDINAL,31,36
mdp.39015049500856,254,21,0,M'Lissa,PERSON,0,7
mdp.39015049500856,254,25,0,238,CARDINAL,0,3
mdp.39015049500856,255,12,0,Adam,PERSON,20,24
mdp.39015049500856,255,13,0,M'Lissa,PERSON,0,7
mdp.39015049500856,255,15,0,Adam,PERSON,26,30
mdp.39015049500856,255,17,0,M'Lissa,PERSON,4,11
mdp.39015049500856,255,18,0,today,DATE,31,36
mdp.39015049500856,255,20,0,more than twice,CARDINAL,16,31
mdp.39015049500856,255,20,1,more than three,CARDINAL,33,48
mdp.39015049500856,255,20,2,239,CARDINAL,56,59
mdp.39015049500856,256,6,0,M'Lissa,PERSON,59,66
mdp.39015049500856,256,16,0,M'Lissa,PERSON,6,13
mdp.39015049500856,256,21,0,M'Lissa,PERSON,9,16
mdp.39015049500856,256,29,0,240,CARDINAL,0,3
