vol_id,page,sentence_id,ent_id,entity,entity_type,start_char,end_char
mdp.39015014862257,1,0,0,"733,551",CARDINAL,3,10
mdp.39015014862257,2,0,0,The University of Michigan Libraries,ORG,13,49
mdp.39015014862257,2,0,1,1817,CARDINAL,52,56
mdp.39015014862257,5,0,0,FBI,ORG,15,18
mdp.39015014862257,6,0,0,1,CARDINAL,2,3
mdp.39015014862257,6,0,1,1,CARDINAL,4,5
mdp.39015014862257,7,0,0,FBI,ORG,15,18
mdp.39015014862257,7,0,1,MELVIN VAN PEEBLES,PERSON,22,40
mdp.39015014862257,7,0,2,NEW YORK,GPE,55,63
mdp.39015014862257,8,0,0,1968,DATE,25,29
mdp.39015014862257,8,0,1,MELVIN VAN,PERSON,34,44
mdp.39015014862257,8,2,0,THE UNITED STATES,GPE,78,95
mdp.39015014862257,8,2,1,CANADA,GPE,100,106
mdp.39015014862257,8,2,2,"SIMON & SCHUSTER, INC.",ORG,139,161
mdp.39015014862257,8,2,3,NEW YORK,GPE,181,189
mdp.39015014862257,8,2,4,N.Y.,GPE,191,195
mdp.39015014862257,8,2,5,THE UNITED STATES OF AMERICA,GPE,213,241
mdp.39015014862257,9,0,0,740959-013,DATE,0,10
mdp.39015014862257,10,0,0,1,CARDINAL,0,1
mdp.39015014862257,11,1,0,A Bear,WORK_OF_ART,74,80
mdp.39015014862257,11,2,0,I Screwed a Bear,WORK_OF_ART,67,83
mdp.39015014862257,11,5,0,I Screwed a Bear,WORK_OF_ART,35,51
mdp.39015014862257,11,5,1,FBI,ORG,60,63
mdp.39015014862257,11,7,0,I Screwed a Bear,WORK_OF_ART,54,70
mdp.39015014862257,11,7,1,FBI,ORG,79,82
mdp.39015014862257,12,0,0,1,CARDINAL,0,1
mdp.39015014862257,13,0,0,FBI,ORG,15,18
mdp.39015014862257,15,0,0,ONE,CARDINAL,8,11
mdp.39015014862257,15,1,0,J. esus Christ,PERSON,0,14
mdp.39015014862257,15,1,1,England,GPE,107,114
mdp.39015014862257,15,1,2,Pacific,LOC,209,216
mdp.39015014862257,15,1,3,Tarawa,GPE,220,226
mdp.39015014862257,15,1,4,Bougainville,GPE,231,243
mdp.39015014862257,15,1,5,Japs,NORP,257,261
mdp.39015014862257,15,1,6,The Autobiography of Lincoln Steffens,WORK_OF_ART,273,310
mdp.39015014862257,15,1,7,Kafka,PERSON,326,331
mdp.39015014862257,15,1,8,Raymond Radiguet,PERSON,367,383
mdp.39015014862257,15,1,9,CONCLUSIONS,WORK_OF_ART,425,436
mdp.39015014862257,15,1,10,Chicago,GPE,463,470
mdp.39015014862257,15,1,11,the South Side,LOC,474,488
mdp.39015014862257,15,1,12,fifth,ORDINAL,508,513
mdp.39015014862257,15,2,0,a few hours,TIME,131,142
mdp.39015014862257,15,3,0,Webster High,ORG,36,48
mdp.39015014862257,15,3,1,Dachau,PERSON,118,124
mdp.39015014862257,15,4,0,Europeans,NORP,0,9
mdp.39015014862257,15,4,1,Americans,NORP,72,81
mdp.39015014862257,16,4,0,one,CARDINAL,213,216
mdp.39015014862257,16,4,1,first,ORDINAL,226,231
mdp.39015014862257,16,4,2,two,CARDINAL,238,241
mdp.39015014862257,16,4,3,second,ORDINAL,253,259
mdp.39015014862257,16,4,4,two,CARDINAL,265,268
mdp.39015014862257,16,4,5,third,ORDINAL,301,306
mdp.39015014862257,16,4,6,third,ORDINAL,356,361
mdp.39015014862257,16,6,0,eighth,ORDINAL,3,9
mdp.39015014862257,16,9,0,two weeks,DATE,131,140
mdp.39015014862257,16,12,0,Negroes,NORP,84,91
mdp.39015014862257,16,13,0,South,LOC,22,27
mdp.39015014862257,16,14,0,> 12,CARDINAL,41,45
mdp.39015014862257,17,2,0,Mahatma Gandhi,PERSON,46,60
mdp.39015014862257,17,3,0,African,NORP,139,146
mdp.39015014862257,17,4,0,Negro,NORP,131,136
mdp.39015014862257,17,4,1,one,CARDINAL,234,237
mdp.39015014862257,17,5,0,Indians,NORP,41,48
mdp.39015014862257,17,8,0,Hollywood,GPE,84,93
mdp.39015014862257,19,0,0,TWO,CARDINAL,8,11
mdp.39015014862257,19,1,0,Vhen,PERSON,0,4
mdp.39015014862257,19,1,1,three,CARDINAL,56,61
mdp.39015014862257,19,9,0,night,TIME,3,8
mdp.39015014862257,20,2,0,twelve,DATE,299,305
mdp.39015014862257,20,3,0,Sunday,DATE,15,21
mdp.39015014862257,20,3,1,Sunday,DATE,84,90
mdp.39015014862257,20,6,0,Sundays,DATE,130,137
mdp.39015014862257,20,8,0,Ethel,PERSON,128,133
mdp.39015014862257,21,7,0,Auntie,PERSON,0,6
mdp.39015014862257,21,8,0,Carol,PERSON,141,146
mdp.39015014862257,21,8,1,Edward,PERSON,168,174
mdp.39015014862257,21,10,0,Auntie,PERSON,0,6
mdp.39015014862257,21,10,1,Bible,WORK_OF_ART,109,114
mdp.39015014862257,21,11,0,Everyday,DATE,0,8
mdp.39015014862257,21,11,1,three,CARDINAL,55,60
mdp.39015014862257,21,11,2,two,CARDINAL,71,74
mdp.39015014862257,21,11,3,Ralph,PERSON,91,96
mdp.39015014862257,21,11,4,eleven months older,DATE,105,124
mdp.39015014862257,21,11,5,Ethel,PERSON,144,149
mdp.39015014862257,21,11,6,ten,DATE,178,181
mdp.39015014862257,21,12,0,Bible,WORK_OF_ART,41,46
mdp.39015014862257,21,13,0,Bible,WORK_OF_ART,62,67
mdp.39015014862257,21,15,0,17,CARDINAL,33,35
mdp.39015014862257,22,3,0,everyday,DATE,22,30
mdp.39015014862257,22,3,1,South Sea,LOC,178,187
mdp.39015014862257,22,6,0,a million,CARDINAL,119,128
mdp.39015014862257,22,6,1,Jesus,PERSON,236,241
mdp.39015014862257,22,6,2,Mary,PERSON,246,250
mdp.39015014862257,22,6,3,Buddha,PERSON,275,281
mdp.39015014862257,22,6,4,two,CARDINAL,370,373
mdp.39015014862257,22,6,5,Jesus,PERSON,439,444
mdp.39015014862257,22,6,6,three,CARDINAL,473,478
mdp.39015014862257,22,6,7,four,CARDINAL,482,486
mdp.39015014862257,22,6,8,Christmases,EVENT,526,537
mdp.39015014862257,22,9,0,one,CARDINAL,42,45
mdp.39015014862257,22,9,1,two,CARDINAL,49,52
mdp.39015014862257,22,9,2,Christian,NORP,86,95
mdp.39015014862257,23,4,0,Christmas,DATE,53,62
mdp.39015014862257,23,8,0,Depression,EVENT,25,35
mdp.39015014862257,23,9,0,Ethel,PERSON,125,130
mdp.39015014862257,23,9,1,Ethel,PERSON,202,207
mdp.39015014862257,23,9,2,Ethel,PERSON,284,289
mdp.39015014862257,23,9,3,Ethel,PERSON,376,381
mdp.39015014862257,23,9,4,three months,DATE,485,497
mdp.39015014862257,23,10,0,Auntie,PERSON,9,15
mdp.39015014862257,23,11,0,Ralph,PERSON,25,30
mdp.39015014862257,23,11,1,first,ORDINAL,31,36
mdp.39015014862257,23,11,2,Ethel,PERSON,51,56
mdp.39015014862257,23,12,0,the 19,DATE,28,34
mdp.39015014862257,24,2,0,Edward,PERSON,20,26
mdp.39015014862257,24,4,0,Ed,PERSON,76,78
mdp.39015014862257,24,9,0,six,DATE,45,48
mdp.39015014862257,24,9,1,two,CARDINAL,85,88
mdp.39015014862257,24,9,2,only one,CARDINAL,99,107
mdp.39015014862257,24,9,3,seven-thirty,TIME,144,156
mdp.39015014862257,24,9,4,eight,TIME,160,165
mdp.39015014862257,24,10,0,eight,TIME,62,67
mdp.39015014862257,24,10,1,midnight,TIME,104,112
mdp.39015014862257,24,14,0,Auntie,PERSON,4,10
mdp.39015014862257,24,15,0,midnight,TIME,47,55
mdp.39015014862257,24,16,0,midnight,TIME,32,40
mdp.39015014862257,24,18,0,Auntie,PERSON,0,6
mdp.39015014862257,24,18,1,the next day,DATE,91,103
mdp.39015014862257,25,1,0,Grandma,PERSON,0,7
mdp.39015014862257,25,2,0,Auntie,PERSON,0,6
mdp.39015014862257,25,3,0,Grandma,PERSON,0,7
mdp.39015014862257,25,5,0,almost midnight,TIME,34,49
mdp.39015014862257,25,6,0,Auntie,PERSON,0,6
mdp.39015014862257,25,6,1,Auntie,PERSON,99,105
mdp.39015014862257,25,8,0,the night,TIME,5,14
mdp.39015014862257,25,9,0,Auntie,PERSON,0,6
mdp.39015014862257,25,9,1,Grandmother,PERSON,38,49
mdp.39015014862257,25,10,0,Grandmother,PERSON,0,11
mdp.39015014862257,25,10,1,Auntie,PERSON,17,23
mdp.39015014862257,25,11,0,Auntie,PERSON,0,6
mdp.39015014862257,25,11,1,Grandmother,PERSON,61,72
mdp.39015014862257,25,12,0,Grandmother,PERSON,0,11
mdp.39015014862257,25,13,0,Auntie,PERSON,0,6
mdp.39015014862257,25,17,0,the day,DATE,154,161
mdp.39015014862257,25,17,1,more than one,CARDINAL,179,192
mdp.39015014862257,25,17,2,more than one,CARDINAL,223,236
mdp.39015014862257,25,18,0,the day,DATE,7,14
mdp.39015014862257,25,18,1,Montgomery Ward,ORG,138,153
mdp.39015014862257,25,20,0,day,DATE,30,33
mdp.39015014862257,26,5,0,summer,DATE,3,9
mdp.39015014862257,26,6,0,only half,CARDINAL,23,32
mdp.39015014862257,26,6,1,three,CARDINAL,57,62
mdp.39015014862257,26,6,2,four,CARDINAL,66,70
mdp.39015014862257,26,6,3,three quarters of an hour,TIME,179,204
mdp.39015014862257,26,6,4,half,CARDINAL,217,221
mdp.39015014862257,26,9,0,an hour,TIME,52,59
mdp.39015014862257,26,9,1,an hour and a half,TIME,64,82
mdp.39015014862257,27,1,0,Night,PERSON,15,20
mdp.39015014862257,27,2,0,night,TIME,3,8
mdp.39015014862257,27,3,0,Night,PERSON,4,9
mdp.39015014862257,27,3,1,two,CARDINAL,73,76
mdp.39015014862257,27,4,0,Night,PERSON,20,25
mdp.39015014862257,27,7,0,Sundays,DATE,47,54
mdp.39015014862257,27,8,0,only a third,CARDINAL,7,19
mdp.39015014862257,27,14,0,Only four,DATE,0,9
mdp.39015014862257,27,20,0,the House of the Lord,FAC,44,65
mdp.39015014862257,27,22,0,King,PERSON,146,150
mdp.39015014862257,27,23,0,King,PERSON,5,9
mdp.39015014862257,27,23,1,23,CARDINAL,134,136
mdp.39015014862257,28,0,0,King,PERSON,5,9
mdp.39015014862257,28,5,0,Sunday,DATE,30,36
mdp.39015014862257,28,8,0,King,PERSON,243,247
mdp.39015014862257,28,9,0,first,ORDINAL,146,151
mdp.39015014862257,28,9,1,two,CARDINAL,261,264
mdp.39015014862257,28,11,0,first,ORDINAL,23,28
mdp.39015014862257,28,14,0,24,CARDINAL,28,30
mdp.39015014862257,29,2,0,King,PERSON,30,34
mdp.39015014862257,29,2,1,two,CARDINAL,56,59
mdp.39015014862257,29,9,0,Jesus,PERSON,45,50
mdp.39015014862257,29,12,0,Ethel,PERSON,80,85
mdp.39015014862257,29,13,0,King,PERSON,5,9
mdp.39015014862257,29,19,0,two rows,QUANTITY,24,32
mdp.39015014862257,29,22,0,Night,PERSON,78,83
mdp.39015014862257,29,23,0,seven blocks,QUANTITY,7,19
mdp.39015014862257,29,23,1,a half block,QUANTITY,54,66
mdp.39015014862257,29,23,2,55th Boulevard,FAC,73,87
mdp.39015014862257,29,23,3,three blocks,QUANTITY,89,101
mdp.39015014862257,29,23,4,South Park Ave,FAC,110,124
mdp.39015014862257,30,1,0,three and a half,CARDINAL,5,21
mdp.39015014862257,30,1,1,South Park,LOC,34,44
mdp.39015014862257,30,2,0,55th Boulevard,FAC,3,17
mdp.39015014862257,30,2,1,half,CARDINAL,20,24
mdp.39015014862257,30,2,2,South Park,LOC,38,48
mdp.39015014862257,30,5,0,night,TIME,26,31
mdp.39015014862257,30,12,0,Ed,PERSON,7,9
mdp.39015014862257,30,14,0,South Park,LOC,56,66
mdp.39015014862257,30,18,0,26,CARDINAL,0,2
mdp.39015014862257,31,0,0,THREE,CARDINAL,8,13
mdp.39015014862257,31,2,0,SS,ORG,17,19
mdp.39015014862257,31,2,1,Jew,NORP,299,302
mdp.39015014862257,31,4,0,second,ORDINAL,31,37
mdp.39015014862257,31,4,1,the morning,TIME,97,108
mdp.39015014862257,31,5,0,half-day,DATE,38,46
mdp.39015014862257,31,5,1,two,CARDINAL,73,76
mdp.39015014862257,32,20,0,one-two,CARDINAL,28,35
mdp.39015014862257,32,20,1,one-two,CARDINAL,37,44
mdp.39015014862257,32,23,0,Ruffians,NORP,1,9
mdp.39015014862257,32,23,1,two,CARDINAL,23,26
mdp.39015014862257,32,24,0,28,CARDINAL,0,2
mdp.39015014862257,33,0,0,one,CARDINAL,8,11
mdp.39015014862257,33,2,0,two,CARDINAL,5,8
mdp.39015014862257,33,3,0,second,ORDINAL,132,138
mdp.39015014862257,33,5,0,tomorrow,DATE,69,77
mdp.39015014862257,33,9,0,morning,TIME,24,31
mdp.39015014862257,33,9,1,noon,TIME,50,54
mdp.39015014862257,34,4,0,three,CARDINAL,140,145
mdp.39015014862257,34,4,1,one,CARDINAL,161,164
mdp.39015014862257,34,4,2,Edward,PERSON,282,288
mdp.39015014862257,34,5,0,the year,DATE,18,26
mdp.39015014862257,34,5,1,second,ORDINAL,36,42
mdp.39015014862257,34,5,2,first,ORDINAL,126,131
mdp.39015014862257,34,5,3,three,CARDINAL,198,203
mdp.39015014862257,34,5,4,second,ORDINAL,220,226
mdp.39015014862257,34,6,0,weeks,DATE,12,17
mdp.39015014862257,34,6,1,second,ORDINAL,52,58
mdp.39015014862257,34,6,2,Jo-Jo,PERSON,116,121
mdp.39015014862257,34,7,0,Jo-Jo,PERSON,46,51
mdp.39015014862257,34,8,0,the week,DATE,30,38
mdp.39015014862257,34,9,0,Jo-Jo,PERSON,7,12
mdp.39015014862257,34,9,1,seventeen,DATE,52,61
mdp.39015014862257,34,9,2,Joe Louis,PERSON,274,283
mdp.39015014862257,34,9,3,Gibraltar,GPE,447,456
mdp.39015014862257,34,10,0,30,CARDINAL,72,74
mdp.39015014862257,35,0,0,Jo-Jo's,PERSON,111,118
mdp.39015014862257,35,2,0,two,CARDINAL,29,32
mdp.39015014862257,35,4,0,first,ORDINAL,69,74
mdp.39015014862257,35,4,1,two,CARDINAL,75,78
mdp.39015014862257,35,4,2,Roman,NORP,90,95
mdp.39015014862257,35,4,3,PHILOSOPHY OF LIFE,WORK_OF_ART,145,163
mdp.39015014862257,35,5,0,First,ORDINAL,0,5
mdp.39015014862257,35,6,0,two,CARDINAL,137,140
mdp.39015014862257,35,8,0,second,ORDINAL,4,10
mdp.39015014862257,35,11,0,seventh,ORDINAL,55,62
mdp.39015014862257,35,11,1,eighth,ORDINAL,67,73
mdp.39015014862257,36,3,0,John Smith,PERSON,211,221
mdp.39015014862257,36,6,0,Jo-Jo,PERSON,8,13
mdp.39015014862257,36,6,1,The Queen in the Tower,WORK_OF_ART,288,310
mdp.39015014862257,36,6,2,Hansel and Gretel,WORK_OF_ART,312,329
mdp.39015014862257,36,6,3,The Good Blind Prince,WORK_OF_ART,331,352
mdp.39015014862257,36,9,0,32,CARDINAL,179,181
mdp.39015014862257,37,1,0,Cousin Jo-Jo's,PERSON,139,153
mdp.39015014862257,37,1,1,second,ORDINAL,232,238
mdp.39015014862257,37,1,2,two,CARDINAL,313,316
mdp.39015014862257,37,1,3,Jo-Jo,PERSON,381,386
mdp.39015014862257,37,1,4,Baby Brother,PERSON,501,513
mdp.39015014862257,37,1,5,third,ORDINAL,538,543
mdp.39015014862257,37,2,0,That morning,TIME,0,12
mdp.39015014862257,37,3,0,Baby Brother,PERSON,87,99
mdp.39015014862257,37,8,0,Knees,PERSON,25,30
mdp.39015014862257,38,2,0,Ed,PERSON,1,3
mdp.39015014862257,38,5,0,second,ORDINAL,4,10
mdp.39015014862257,38,6,0,Mam,PERSON,6,9
mdp.39015014862257,38,8,0,Mam,PERSON,6,9
mdp.39015014862257,38,11,0,Mam,PERSON,6,9
mdp.39015014862257,38,12,0,all day,DATE,65,72
mdp.39015014862257,38,15,0,Ed,PERSON,20,22
mdp.39015014862257,38,16,0,Gainsborough,PERSON,43,55
mdp.39015014862257,38,16,1,Reynolds,PERSON,60,68
mdp.39015014862257,38,17,0,Mam,PERSON,6,9
mdp.39015014862257,38,19,0,almost half,CARDINAL,17,28
mdp.39015014862257,38,20,0,Mam,PERSON,6,9
mdp.39015014862257,38,28,0,34,CARDINAL,0,2
mdp.39015014862257,39,1,0,almost noon,TIME,16,27
mdp.39015014862257,39,1,1,last minute,TIME,58,69
mdp.39015014862257,39,2,0,everyday,DATE,54,62
mdp.39015014862257,39,6,0,two,CARDINAL,43,46
mdp.39015014862257,39,6,1,one,CARDINAL,82,85
mdp.39015014862257,39,8,0,one,CARDINAL,44,47
mdp.39015014862257,39,18,0,Knees,PERSON,61,66
mdp.39015014862257,39,18,1,yesterday,DATE,80,89
mdp.39015014862257,40,2,0,second,ORDINAL,46,52
mdp.39015014862257,40,3,0,Knees,PERSON,23,28
mdp.39015014862257,40,5,0,Knees,PERSON,35,40
mdp.39015014862257,40,8,0,Knees,PERSON,28,33
mdp.39015014862257,40,10,0,Fifth,ORDINAL,1,6
mdp.39015014862257,40,18,0,Knees,PERSON,10,15
mdp.39015014862257,40,20,0,Americanish,NORP,108,119
mdp.39015014862257,40,21,0,Jo-Jo,PERSON,26,31
mdp.39015014862257,40,22,0,first,ORDINAL,40,45
mdp.39015014862257,41,1,0,Knees,PERSON,49,54
mdp.39015014862257,41,4,0,Baby Brother,PERSON,21,33
mdp.39015014862257,41,9,0,Jo-Jo's,ORG,53,60
mdp.39015014862257,41,9,1,Corbett,PERSON,131,138
mdp.39015014862257,41,9,2,Sullivan,PERSON,143,151
mdp.39015014862257,41,12,0,Baby Brother,PERSON,15,27
mdp.39015014862257,41,16,0,Knees,PERSON,13,18
mdp.39015014862257,41,18,0,Knees,PERSON,10,15
mdp.39015014862257,41,26,0,Knees,PERSON,11,16
mdp.39015014862257,41,29,0,Knees,PERSON,1,6
mdp.39015014862257,41,33,0,37,DATE,14,16
mdp.39015014862257,42,5,0,one,CARDINAL,98,101
mdp.39015014862257,42,13,0,France,GPE,43,49
mdp.39015014862257,42,13,1,second,ORDINAL,79,85
mdp.39015014862257,42,13,2,France,GPE,108,114
mdp.39015014862257,42,14,0,second,ORDINAL,26,32
mdp.39015014862257,42,14,1,Baby Brother,PERSON,51,63
mdp.39015014862257,42,14,2,third,ORDINAL,76,81
mdp.39015014862257,42,14,3,Shelley,PERSON,122,129
mdp.39015014862257,42,14,4,fourth,ORDINAL,142,148
mdp.39015014862257,42,14,5,Topper,PERSON,166,172
mdp.39015014862257,42,14,6,fifth,ORDINAL,185,190
mdp.39015014862257,42,15,0,Baby,PERSON,0,4
mdp.39015014862257,42,17,0,38,CARDINAL,105,107
mdp.39015014862257,43,6,0,Baby Brother,PERSON,0,12
mdp.39015014862257,43,9,0,Baby Brother,PERSON,33,45
mdp.39015014862257,43,12,0,Carol,PERSON,28,33
mdp.39015014862257,43,15,0,two,CARDINAL,20,23
mdp.39015014862257,43,16,0,two,CARDINAL,204,207
mdp.39015014862257,43,18,0,one-two,CARDINAL,13,20
mdp.39015014862257,44,0,0,eightfifteen,TIME,270,282
mdp.39015014862257,45,4,0,months,DATE,25,31
mdp.39015014862257,45,5,0,Sammy,PERSON,136,141
mdp.39015014862257,45,6,0,the day,DATE,12,19
mdp.39015014862257,45,6,1,Sammy,PERSON,25,30
mdp.39015014862257,45,7,0,almost Easter,DATE,7,20
mdp.39015014862257,45,8,0,Sammy,PERSON,0,5
mdp.39015014862257,45,8,1,> 41,CARDINAL,121,125
mdp.39015014862257,46,0,0,a hundred and thirty-five,CARDINAL,209,234
mdp.39015014862257,46,1,0,Sammy,PERSON,0,5
mdp.39015014862257,46,2,0,Sammy,PERSON,34,39
mdp.39015014862257,46,3,0,the first day,DATE,45,58
mdp.39015014862257,46,3,1,that year,DATE,262,271
mdp.39015014862257,46,4,0,Sammy,PERSON,14,19
mdp.39015014862257,46,6,0,those days,DATE,42,52
mdp.39015014862257,46,12,0,42,CARDINAL,10,12
mdp.39015014862257,47,8,0,Baby Brother,PERSON,57,69
mdp.39015014862257,47,8,1,Jo-Jo,PERSON,71,76
mdp.39015014862257,47,8,2,Sammy,PERSON,154,159
mdp.39015014862257,47,9,0,Sammy,PERSON,0,5
mdp.39015014862257,47,9,1,four,CARDINAL,181,185
mdp.39015014862257,47,12,0,years,DATE,81,86
mdp.39015014862257,47,12,1,seven,DATE,140,145
mdp.39015014862257,47,12,2,eight,DATE,149,154
mdp.39015014862257,47,14,0,43,CARDINAL,20,22
mdp.39015014862257,48,4,0,two,CARDINAL,31,34
mdp.39015014862257,48,5,0,ruffians,NORP,55,63
mdp.39015014862257,48,6,0,one evening,TIME,27,38
mdp.39015014862257,48,12,0,Sonny,PERSON,11,16
mdp.39015014862257,48,16,0,> um 44,CARDINAL,56,63
mdp.39015014862257,49,1,0,just a Goddamn minute,TIME,6,27
mdp.39015014862257,49,7,0,Prof,PERSON,23,27
mdp.39015014862257,49,10,0,Prof,PERSON,53,57
mdp.39015014862257,49,14,0,Chris,PERSON,0,5
mdp.39015014862257,49,17,0,Prof,PERSON,0,4
mdp.39015014862257,49,18,0,Sammy,PERSON,36,41
mdp.39015014862257,50,8,0,twenty-dollar,MONEY,112,125
mdp.39015014862257,50,9,0,ten years,DATE,20,29
mdp.39015014862257,50,9,1,a dime,MONEY,122,128
mdp.39015014862257,50,11,0,Stoker,PERSON,34,40
mdp.39015014862257,50,12,0,one,CARDINAL,14,17
mdp.39015014862257,50,16,0,Stoker,PERSON,8,14
mdp.39015014862257,50,17,0,Stoker,PERSON,0,6
mdp.39015014862257,50,20,0,Easter,DATE,36,42
mdp.39015014862257,51,2,0,weekly,DATE,21,27
mdp.39015014862257,51,2,1,half,CARDINAL,45,49
mdp.39015014862257,51,2,2,half,CARDINAL,123,127
mdp.39015014862257,51,3,0,Sunday,DATE,35,41
mdp.39015014862257,51,3,1,Hershey,PRODUCT,74,81
mdp.39015014862257,51,5,0,the end of the week,DATE,5,24
mdp.39015014862257,51,6,0,second,ORDINAL,47,53
mdp.39015014862257,51,10,0,Sammy,PERSON,0,5
mdp.39015014862257,51,11,0,Professor,PERSON,11,20
mdp.39015014862257,51,12,0,Sammy,PERSON,0,5
mdp.39015014862257,51,17,0,Jew,NORP,31,34
mdp.39015014862257,51,18,0,Sammy,PERSON,8,13
mdp.39015014862257,51,18,1,47,CARDINAL,52,54
mdp.39015014862257,52,6,0,two,CARDINAL,63,66
mdp.39015014862257,52,6,1,four,CARDINAL,70,74
mdp.39015014862257,52,8,0,the night,TIME,119,128
mdp.39015014862257,52,9,0,a day,DATE,91,96
mdp.39015014862257,52,10,0,Sammy,PERSON,0,5
mdp.39015014862257,52,17,0,the Greasy-Spoon,ORG,65,81
mdp.39015014862257,52,17,1,the Bar-B-Q Pit,ORG,83,98
mdp.39015014862257,52,17,2,Walgreen's,ORG,106,116
mdp.39015014862257,52,18,0,Thelma,PERSON,69,75
mdp.39015014862257,52,18,1,Sammy,PERSON,112,117
mdp.39015014862257,52,18,2,Sammy,PERSON,182,187
mdp.39015014862257,52,19,0,Sammy,PERSON,0,5
mdp.39015014862257,52,20,0,Thelma,PERSON,71,77
mdp.39015014862257,53,1,0,Ed,PERSON,6,8
mdp.39015014862257,53,1,1,Sammy,PERSON,22,27
mdp.39015014862257,53,4,0,two,CARDINAL,81,84
mdp.39015014862257,53,4,1,three,CARDINAL,127,132
mdp.39015014862257,53,7,0,Sammy,PERSON,17,22
mdp.39015014862257,53,7,1,Thelma,PERSON,101,107
mdp.39015014862257,53,9,0,Sammy,PERSON,5,10
mdp.39015014862257,53,13,0,Ed,PERSON,11,13
mdp.39015014862257,53,16,0,Sammy,PERSON,8,13
mdp.39015014862257,53,17,0,Sammy,PERSON,21,26
mdp.39015014862257,53,19,0,Ed,PERSON,6,8
mdp.39015014862257,53,20,0,Sammy,PERSON,5,10
mdp.39015014862257,53,21,0,Sammy,PERSON,4,9
mdp.39015014862257,53,23,0,Ed,PERSON,6,8
mdp.39015014862257,53,24,0,Sammy,PERSON,7,12
mdp.39015014862257,53,28,0,Sammy,PERSON,42,47
mdp.39015014862257,53,30,0,49,CARDINAL,38,40
mdp.39015014862257,54,2,0,Sammy,PERSON,0,5
mdp.39015014862257,54,7,0,Thelma,PERSON,0,6
mdp.39015014862257,54,7,1,Sammy,PERSON,19,24
mdp.39015014862257,54,13,0,Sammy,PERSON,0,5
mdp.39015014862257,54,15,0,Sammy,PERSON,18,23
mdp.39015014862257,54,15,1,Sammy,PERSON,64,69
mdp.39015014862257,54,16,0,50,CARDINAL,0,2
mdp.39015014862257,55,0,0,FIVE,CARDINAL,8,12
mdp.39015014862257,56,6,0,half,CARDINAL,51,55
mdp.39015014862257,56,6,1,half,CARDINAL,68,72
mdp.39015014862257,56,20,0,twelve,DATE,24,30
mdp.39015014862257,57,16,0,Junior,PERSON,23,29
mdp.39015014862257,57,17,0,Junior,PERSON,64,70
mdp.39015014862257,57,17,1,two,CARDINAL,103,106
mdp.39015014862257,57,18,0,two,CARDINAL,72,75
mdp.39015014862257,57,18,1,one,CARDINAL,100,103
mdp.39015014862257,57,18,2,Junior,PERSON,167,173
mdp.39015014862257,57,22,0,years ago,DATE,22,31
mdp.39015014862257,57,23,0,two,CARDINAL,9,12
mdp.39015014862257,58,0,0,today,DATE,32,37
mdp.39015014862257,58,1,0,Sunday,DATE,12,18
mdp.39015014862257,58,1,1,morning,TIME,19,26
mdp.39015014862257,58,2,0,One,CARDINAL,0,3
mdp.39015014862257,58,2,1,six years,DATE,40,49
mdp.39015014862257,58,2,2,Mount Olympus,LOC,90,103
mdp.39015014862257,58,3,0,second,ORDINAL,4,10
mdp.39015014862257,58,3,1,two,CARDINAL,47,50
mdp.39015014862257,58,3,2,Olympus,LOC,85,92
mdp.39015014862257,58,4,0,Prof,PERSON,77,81
mdp.39015014862257,58,4,1,Sammy,PERSON,86,91
mdp.39015014862257,58,5,0,English,NORP,129,136
mdp.39015014862257,58,7,0,four miles,QUANTITY,25,35
mdp.39015014862257,59,5,0,Ralph,PERSON,49,54
mdp.39015014862257,59,6,0,Chicago,GPE,61,68
mdp.39015014862257,59,7,0,summer,DATE,28,34
mdp.39015014862257,59,16,0,55,CARDINAL,0,2
mdp.39015014862257,60,14,0,third,ORDINAL,4,9
mdp.39015014862257,60,17,0,a nickel,MONEY,39,47
mdp.39015014862257,60,19,0,year,DATE,155,159
mdp.39015014862257,60,19,1,year,DATE,166,170
mdp.39015014862257,60,22,0,a month,DATE,64,71
mdp.39015014862257,61,1,0,the end of the month,DATE,7,27
mdp.39015014862257,61,3,0,any day,DATE,38,45
mdp.39015014862257,61,4,0,One,CARDINAL,0,3
mdp.39015014862257,61,5,0,those days,DATE,31,41
mdp.39015014862257,61,6,0,Ed,PERSON,5,7
mdp.39015014862257,61,7,0,the night,TIME,13,22
mdp.39015014862257,61,9,0,one dollar,MONEY,22,32
mdp.39015014862257,61,9,1,half,CARDINAL,41,45
mdp.39015014862257,61,9,2,50 cents,MONEY,55,63
mdp.39015014862257,61,9,3,Thursday,DATE,96,104
mdp.39015014862257,61,10,0,a nickel,MONEY,53,61
mdp.39015014862257,61,10,1,the whole half dollar,MONEY,68,89
mdp.39015014862257,61,13,0,the next day,DATE,49,61
mdp.39015014862257,61,14,0,the next day,DATE,18,30
mdp.39015014862257,61,19,0,three,CARDINAL,11,16
mdp.39015014862257,63,0,0,seventh,ORDINAL,31,38
mdp.39015014862257,63,0,1,the dozens,ORG,111,121
mdp.39015014862257,63,1,0,the summer between sixth and seventh grade,DATE,26,68
mdp.39015014862257,63,3,0,dozens,CARDINAL,24,30
mdp.39015014862257,63,5,0,59,CARDINAL,48,50
mdp.39015014862257,64,1,0,Saturdays,DATE,5,14
mdp.39015014862257,64,1,1,dozens,CARDINAL,63,69
mdp.39015014862257,64,3,0,the dozens,CARDINAL,27,37
mdp.39015014862257,64,4,0,Two,CARDINAL,0,3
mdp.39015014862257,64,5,0,the dozens,CARDINAL,78,88
mdp.39015014862257,64,10,0,two,CARDINAL,4,7
mdp.39015014862257,64,13,0,60,CARDINAL,47,49
mdp.39015014862257,65,6,0,seven,CARDINAL,209,214
mdp.39015014862257,65,6,1,eleven,CARDINAL,233,239
mdp.39015014862257,65,8,0,61,CARDINAL,0,2
mdp.39015014862257,66,0,0,the next day,DATE,3,15
mdp.39015014862257,66,1,0,dozens,CARDINAL,17,23
mdp.39015014862257,66,2,0,those days,DATE,37,47
mdp.39015014862257,66,4,0,eight,CARDINAL,19,24
mdp.39015014862257,66,4,1,nine,DATE,29,33
mdp.39015014862257,66,5,0,dozens,CARDINAL,32,38
mdp.39015014862257,66,5,1,Joe,PERSON,148,151
mdp.39015014862257,66,5,2,L.D.,PERSON,156,160
mdp.39015014862257,66,8,0,first,ORDINAL,48,53
mdp.39015014862257,66,8,1,dozens,ORG,61,67
mdp.39015014862257,67,2,0,seventh,ORDINAL,21,28
mdp.39015014862257,67,2,1,Paul,PERSON,62,66
mdp.39015014862257,67,6,0,Paul,PERSON,13,17
mdp.39015014862257,67,8,0,the first day,DATE,23,36
mdp.39015014862257,67,8,1,dozens,CARDINAL,60,66
mdp.39015014862257,67,8,2,Joe,PERSON,86,89
mdp.39015014862257,67,8,3,L.D.,PERSON,98,102
mdp.39015014862257,67,9,0,Joe,PERSON,0,3
mdp.39015014862257,67,9,1,L.D.,PERSON,16,20
mdp.39015014862257,67,10,0,Joe,PERSON,14,17
mdp.39015014862257,67,11,0,Joe,PERSON,0,3
mdp.39015014862257,67,11,1,L.L.,PERSON,8,12
mdp.39015014862257,67,13,0,L.D.,PERSON,37,41
mdp.39015014862257,67,13,1,Joe,PERSON,67,70
mdp.39015014862257,67,13,2,Jesuses,NORP,91,98
mdp.39015014862257,67,13,3,seventh,ORDINAL,117,124
mdp.39015014862257,67,14,0,3-6-9,CARDINAL,30,35
mdp.39015014862257,67,14,1,L.D.,PERSON,38,42
mdp.39015014862257,67,15,0,Joe,PERSON,14,17
mdp.39015014862257,67,15,1,L.D.,PERSON,49,53
mdp.39015014862257,67,15,2,dozens,CARDINAL,63,69
mdp.39015014862257,68,3,0,dozens,CARDINAL,152,158
mdp.39015014862257,68,7,0,two,CARDINAL,286,289
mdp.39015014862257,68,10,0,dozens,CARDINAL,95,101
mdp.39015014862257,69,1,0,seventh,ORDINAL,204,211
mdp.39015014862257,69,2,0,the dozens,CARDINAL,15,25
mdp.39015014862257,69,4,0,Joe,PERSON,0,3
mdp.39015014862257,69,4,1,L.D.,PERSON,41,45
mdp.39015014862257,69,5,0,dozens,CARDINAL,7,13
mdp.39015014862257,69,5,1,quarter,CARDINAL,17,24
mdp.39015014862257,69,6,0,the dozens,CARDINAL,117,127
mdp.39015014862257,69,7,0,Paul,PERSON,0,4
mdp.39015014862257,69,7,1,Joe,PERSON,48,51
mdp.39015014862257,69,7,2,one,CARDINAL,116,119
mdp.39015014862257,69,9,0,Paul,PERSON,22,26
mdp.39015014862257,69,9,1,dozens,CARDINAL,56,62
mdp.39015014862257,69,10,0,dozens,CARDINAL,29,35
mdp.39015014862257,69,12,0,Paul,PERSON,0,4
mdp.39015014862257,69,13,0,Joe 65,PERSON,0,6
mdp.39015014862257,70,1,0,Paul,PERSON,15,19
mdp.39015014862257,70,2,0,Joe,PERSON,37,40
mdp.39015014862257,70,3,0,a second,TIME,4,12
mdp.39015014862257,70,3,1,Paul,PERSON,30,34
mdp.39015014862257,70,4,0,Paul,PERSON,0,4
mdp.39015014862257,70,6,0,Joe,PERSON,32,35
mdp.39015014862257,70,7,0,Paul,PERSON,6,10
mdp.39015014862257,70,8,0,Joe,PERSON,12,15
mdp.39015014862257,70,9,0,Paul,PERSON,7,11
mdp.39015014862257,70,11,0,Paul,PERSON,0,4
mdp.39015014862257,70,14,0,the dozens,CARDINAL,99,109
mdp.39015014862257,70,15,0,a National Geographic,ORG,287,308
mdp.39015014862257,70,16,0,Paul,PERSON,0,4
mdp.39015014862257,70,16,1,South,LOC,114,119
mdp.39015014862257,70,17,0,one day,DATE,70,77
mdp.39015014862257,71,0,0,Saturday,DATE,12,20
mdp.39015014862257,71,3,0,Paul,PERSON,21,25
mdp.39015014862257,71,5,0,Joe,PERSON,0,3
mdp.39015014862257,71,6,0,The dozens,CARDINAL,1,11
mdp.39015014862257,71,6,1,Paul,PERSON,14,18
mdp.39015014862257,71,7,0,dozens,CARDINAL,18,24
mdp.39015014862257,71,9,0,Joe,PERSON,0,3
mdp.39015014862257,71,11,0,Joe,PERSON,21,24
mdp.39015014862257,71,11,1,Paul,PERSON,33,37
mdp.39015014862257,71,12,0,Joe,PERSON,0,3
mdp.39015014862257,71,12,1,L.D.,PERSON,20,24
mdp.39015014862257,71,13,0,Paul,PERSON,16,20
mdp.39015014862257,71,14,0,Joe,PERSON,11,14
mdp.39015014862257,71,15,0,Paul,PERSON,0,4
mdp.39015014862257,71,16,0,Son,PERSON,10,13
mdp.39015014862257,71,16,1,Joe,PERSON,16,19
mdp.39015014862257,71,17,0,Joe,PERSON,0,3
mdp.39015014862257,71,19,0,dozens,CARDINAL,24,30
mdp.39015014862257,71,20,0,Son,PERSON,19,22
mdp.39015014862257,71,20,1,Joe,PERSON,25,28
mdp.39015014862257,71,21,0,Paul,PERSON,0,4
mdp.39015014862257,71,21,1,Joe,PERSON,43,46
mdp.39015014862257,71,22,0,dozens,CARDINAL,17,23
mdp.39015014862257,71,22,1,dozens,CARDINAL,35,41
mdp.39015014862257,71,23,0,Paul,PERSON,9,13
mdp.39015014862257,71,23,1,dozens,CARDINAL,23,29
mdp.39015014862257,71,25,0,Joe,PERSON,8,11
mdp.39015014862257,71,26,0,Joe,PERSON,0,3
mdp.39015014862257,71,26,1,Paul,PERSON,19,23
mdp.39015014862257,71,28,0,L.D.,PERSON,0,4
mdp.39015014862257,71,28,1,Joe,PERSON,30,33
mdp.39015014862257,71,28,2,Paul,PERSON,39,43
mdp.39015014862257,71,29,0,Paul,PERSON,0,4
mdp.39015014862257,71,29,1,67,CARDINAL,15,17
mdp.39015014862257,72,1,0,Paul,PERSON,14,18
mdp.39015014862257,72,1,1,seventh,ORDINAL,59,66
mdp.39015014862257,72,3,0,Paul,PERSON,23,27
mdp.39015014862257,72,3,1,dozens,CARDINAL,44,50
mdp.39015014862257,72,5,0,a week,DATE,46,52
mdp.39015014862257,72,6,0,more than three days,DATE,36,56
mdp.39015014862257,72,6,1,one,CARDINAL,73,76
mdp.39015014862257,72,7,0,Paul,PERSON,5,9
mdp.39015014862257,72,8,0,The morning,TIME,0,11
mdp.39015014862257,72,8,1,Paul,PERSON,17,21
mdp.39015014862257,72,9,0,first,ORDINAL,24,29
mdp.39015014862257,72,10,0,Paul,PERSON,0,4
mdp.39015014862257,72,12,0,Paul,PERSON,33,37
mdp.39015014862257,72,14,0,two,CARDINAL,114,117
mdp.39015014862257,72,15,0,Paul,PERSON,58,62
mdp.39015014862257,72,16,0,68,CARDINAL,31,33
mdp.39015014862257,73,0,0,Joe,PERSON,32,35
mdp.39015014862257,73,0,1,Paul,PERSON,40,44
mdp.39015014862257,73,1,0,Joe,PERSON,12,15
mdp.39015014862257,73,1,1,Paul,PERSON,30,34
mdp.39015014862257,73,2,0,Paul,PERSON,33,37
mdp.39015014862257,73,3,0,Joe,PERSON,40,43
mdp.39015014862257,73,4,0,Mac,PERSON,8,11
mdp.39015014862257,73,6,0,Joe,PERSON,0,3
mdp.39015014862257,73,8,0,Joe,PERSON,0,3
mdp.39015014862257,73,11,0,Paul,PERSON,0,4
mdp.39015014862257,73,12,0,Joe,PERSON,59,62
mdp.39015014862257,73,13,0,Paul,PERSON,45,49
mdp.39015014862257,73,15,0,Paul,PERSON,18,22
mdp.39015014862257,73,17,0,Joe,PERSON,0,3
mdp.39015014862257,73,19,0,Paul,PERSON,0,4
mdp.39015014862257,73,21,0,Paul,PERSON,20,24
mdp.39015014862257,73,23,0,69,CARDINAL,0,2
mdp.39015014862257,74,0,0,1,CARDINAL,2,3
mdp.39015014862257,75,0,0,between twelve and fifteen,DATE,25,51
mdp.39015014862257,75,0,1,one,CARDINAL,234,237
mdp.39015014862257,75,0,2,the Boy Scouts,ORG,351,365
mdp.39015014862257,75,1,0,the Fourth of July,EVENT,92,110
mdp.39015014862257,75,1,1,four/four,CARDINAL,119,128
mdp.39015014862257,75,3,0,a zillion,CARDINAL,17,26
mdp.39015014862257,75,4,0,71,CARDINAL,0,2
mdp.39015014862257,76,1,0,seven miles,QUANTITY,66,77
mdp.39015014862257,76,4,0,fifteen,CARDINAL,148,155
mdp.39015014862257,76,4,1,one,CARDINAL,198,201
mdp.39015014862257,76,4,2,two,CARDINAL,206,209
mdp.39015014862257,76,5,0,one,CARDINAL,72,75
mdp.39015014862257,76,5,1,two,CARDINAL,80,83
mdp.39015014862257,76,11,0,two,CARDINAL,10,13
mdp.39015014862257,76,11,1,first,ORDINAL,63,68
mdp.39015014862257,77,0,0,first,ORDINAL,4,9
mdp.39015014862257,77,0,1,secondly,ORDINAL,15,23
mdp.39015014862257,77,2,0,the Boy Scouts,ORG,14,28
mdp.39015014862257,77,2,1,one week,DATE,251,259
mdp.39015014862257,77,2,2,Tenderfoot,ORG,273,283
mdp.39015014862257,77,2,3,Thursday,DATE,301,309
mdp.39015014862257,77,2,4,the next Thursday,DATE,314,331
mdp.39015014862257,77,2,5,Tenderfoot,NORP,379,389
mdp.39015014862257,77,3,0,Eagle,ORG,133,138
mdp.39015014862257,77,5,0,Tenderfoot,FAC,35,45
mdp.39015014862257,77,5,1,Eagle,LOC,272,277
mdp.39015014862257,77,6,0,the I’M SMALLER 73,PRODUCT,175,193
mdp.39015014862257,78,2,0,fifty yard,QUANTITY,44,54
mdp.39015014862257,78,2,1,fifty yards,QUANTITY,92,103
mdp.39015014862257,78,5,0,twenty-one,CARDINAL,42,52
mdp.39015014862257,78,5,1,eleven,CARDINAL,67,73
mdp.39015014862257,78,5,2,ten,CARDINAL,136,139
mdp.39015014862257,78,6,0,One,CARDINAL,0,3
mdp.39015014862257,78,6,1,fifty yards,QUANTITY,136,147
mdp.39015014862257,78,6,2,First,ORDINAL,166,171
mdp.39015014862257,78,9,0,about twenty,CARDINAL,53,65
mdp.39015014862257,79,15,0,a million yards,QUANTITY,177,192
mdp.39015014862257,79,17,0,one,CARDINAL,6,9
mdp.39015014862257,79,21,0,75,CARDINAL,174,176
mdp.39015014862257,80,2,0,Jesus,PERSON,220,225
mdp.39015014862257,80,4,0,overnight,TIME,74,83
mdp.39015014862257,80,5,0,A few miles,QUANTITY,0,11
mdp.39015014862257,80,5,1,seven miles,QUANTITY,29,40
mdp.39015014862257,80,5,2,fourteen mile,QUANTITY,83,96
mdp.39015014862257,80,6,0,Saturday,DATE,0,8
mdp.39015014862257,80,6,1,morning,TIME,9,16
mdp.39015014862257,80,6,2,two,CARDINAL,113,116
mdp.39015014862257,80,6,3,three,CARDINAL,121,126
mdp.39015014862257,80,6,4,Indian,NORP,168,174
mdp.39015014862257,80,7,0,two,CARDINAL,28,31
mdp.39015014862257,80,7,1,one-minute,TIME,35,45
mdp.39015014862257,80,7,2,nine-thirty,TIME,63,74
mdp.39015014862257,80,8,0,About three quarters of a mile,QUANTITY,0,30
mdp.39015014862257,80,8,1,Cokes,WORK_OF_ART,47,52
mdp.39015014862257,80,8,2,Nehis,PRODUCT,54,59
mdp.39015014862257,80,8,3,Pepsi,ORG,75,80
mdp.39015014862257,80,8,4,Colas,PRODUCT,81,86
mdp.39015014862257,80,10,0,one,CARDINAL,30,33
mdp.39015014862257,80,10,1,one,CARDINAL,126,129
mdp.39015014862257,80,13,0,1,CARDINAL,0,1
mdp.39015014862257,81,5,0,"the “Marine Hymn""",WORK_OF_ART,8,25
mdp.39015014862257,81,5,1,the “Army Air Force Song,WORK_OF_ART,30,54
mdp.39015014862257,81,5,2,Anchors Aweigh,WORK_OF_ART,58,72
mdp.39015014862257,81,5,3,“Six Pence”,WORK_OF_ART,128,139
mdp.39015014862257,81,5,4,The Long and the Short and the Tall”—we,WORK_OF_ART,145,184
mdp.39015014862257,81,6,0,the next day,DATE,123,135
mdp.39015014862257,81,10,0,About eleven o'clock,TIME,0,20
mdp.39015014862257,81,10,1,eleven,TIME,131,137
mdp.39015014862257,82,4,0,English,NORP,135,142
mdp.39015014862257,82,7,0,first,ORDINAL,4,9
mdp.39015014862257,83,0,0,Tom Sawyer's,PERSON,227,239
mdp.39015014862257,83,0,1,Polly,PERSON,245,250
mdp.39015014862257,83,1,0,the Saturday,DATE,8,20
mdp.39015014862257,83,1,1,only three,CARDINAL,33,43
mdp.39015014862257,83,2,0,only four,CARDINAL,47,56
mdp.39015014862257,83,4,0,Sammy,PERSON,75,80
mdp.39015014862257,83,8,0,three,CARDINAL,4,9
mdp.39015014862257,83,8,1,Smitty,PERSON,50,56
mdp.39015014862257,83,8,2,Henry,PERSON,58,63
mdp.39015014862257,83,8,3,Earle,PERSON,68,73
mdp.39015014862257,83,9,0,Smitty,PERSON,0,6
mdp.39015014862257,83,10,0,the next day,DATE,159,171
mdp.39015014862257,83,10,1,Smitty,PERSON,182,188
mdp.39015014862257,84,1,0,Henry,PERSON,0,5
mdp.39015014862257,84,2,0,Earle,PERSON,0,5
mdp.39015014862257,84,3,0,seven months younger,DATE,7,27
mdp.39015014862257,84,3,1,seven months,DATE,86,98
mdp.39015014862257,84,3,2,seven years,DATE,111,122
mdp.39015014862257,84,4,0,Smitty,PERSON,0,6
mdp.39015014862257,84,4,1,Earle,PERSON,11,16
mdp.39015014862257,84,4,2,Earle,PERSON,81,86
mdp.39015014862257,84,4,3,Smitty,PERSON,102,108
mdp.39015014862257,84,5,0,Smitty,PERSON,96,102
mdp.39015014862257,84,6,0,Earle,PERSON,7,12
mdp.39015014862257,84,6,1,Henry,PERSON,66,71
mdp.39015014862257,84,7,0,first,ORDINAL,17,22
mdp.39015014862257,84,10,0,Smitty,PERSON,0,6
mdp.39015014862257,84,12,0,Smitty,PERSON,261,267
mdp.39015014862257,84,12,1,Earle,PERSON,272,277
mdp.39015014862257,84,12,2,Henry,PERSON,301,306
mdp.39015014862257,84,13,0,80,CARDINAL,0,2
mdp.39015014862257,85,0,0,Japs,NORP,4,8
mdp.39015014862257,85,0,1,Earle,PERSON,28,33
mdp.39015014862257,85,1,0,Smitty,PERSON,34,40
mdp.39015014862257,85,2,0,Henry,PERSON,23,28
mdp.39015014862257,85,3,0,Germans,NORP,4,11
mdp.39015014862257,85,3,1,Smitty,PERSON,31,37
mdp.39015014862257,85,4,0,Earle,PERSON,0,5
mdp.39015014862257,85,6,0,Henry,PERSON,0,5
mdp.39015014862257,85,7,0,Earle,PERSON,17,22
mdp.39015014862257,85,8,0,Smitty,PERSON,46,52
mdp.39015014862257,85,9,0,Earle,PERSON,27,32
mdp.39015014862257,85,10,0,Henry,PERSON,11,16
mdp.39015014862257,85,11,0,Smitty,PERSON,17,23
mdp.39015014862257,85,11,1,Earle,PERSON,32,37
mdp.39015014862257,85,12,0,Earle,PERSON,0,5
mdp.39015014862257,85,12,1,Smitty,PERSON,12,18
mdp.39015014862257,85,13,0,Smitty,PERSON,0,6
mdp.39015014862257,85,15,0,Earle,PERSON,38,43
mdp.39015014862257,85,16,0,Smitty,PERSON,10,16
mdp.39015014862257,85,16,1,Earle,PERSON,52,57
mdp.39015014862257,85,17,0,Earle,PERSON,4,9
mdp.39015014862257,85,17,1,Henry,PERSON,36,41
mdp.39015014862257,85,18,0,Earle,PERSON,0,5
mdp.39015014862257,85,19,0,Smitty,PERSON,0,6
mdp.39015014862257,85,24,0,Missouri,GPE,9,17
mdp.39015014862257,85,24,1,Smitty,PERSON,19,25
mdp.39015014862257,85,25,0,Earle,PERSON,23,28
mdp.39015014862257,85,26,0,Henry,PERSON,15,20
mdp.39015014862257,85,27,0,Smitty,PERSON,0,6
mdp.39015014862257,85,27,1,Earle,PERSON,13,18
mdp.39015014862257,85,28,0,Earle,PERSON,6,11
mdp.39015014862257,85,29,0,Earle,PERSON,0,5
mdp.39015014862257,85,30,0,Henry,PERSON,0,5
mdp.39015014862257,85,30,1,Earle,PERSON,113,118
mdp.39015014862257,85,31,0,Earle,PERSON,10,15
mdp.39015014862257,85,31,1,Smitty,PERSON,33,39
mdp.39015014862257,85,32,0,Earle,PERSON,0,5
mdp.39015014862257,85,33,0,Smitty,PERSON,0,6
mdp.39015014862257,85,34,0,Earle,PERSON,15,20
mdp.39015014862257,85,35,0,Smitty,PERSON,0,6
mdp.39015014862257,85,36,0,Ed,PERSON,5,7
mdp.39015014862257,85,36,1,Smitty,PERSON,9,15
mdp.39015014862257,85,37,0,Henry,PERSON,0,5
mdp.39015014862257,85,40,0,Smitty,PERSON,17,23
mdp.39015014862257,85,40,1,Earle,PERSON,25,30
mdp.39015014862257,85,42,0,Earle,PERSON,16,21
mdp.39015014862257,85,43,0,Henry,PERSON,5,10
mdp.39015014862257,85,44,0,Smitty,PERSON,0,6
mdp.39015014862257,85,44,1,Henry,PERSON,28,33
mdp.39015014862257,85,45,0,Smitty,PERSON,0,6
mdp.39015014862257,85,46,0,Smitty,PERSON,0,6
mdp.39015014862257,85,46,1,Earle,PERSON,13,18
mdp.39015014862257,85,47,0,Earle,PERSON,0,5
mdp.39015014862257,85,47,1,Henry,PERSON,18,23
mdp.39015014862257,85,48,0,Henry,PERSON,0,5
mdp.39015014862257,85,49,0,Henry,PERSON,0,5
mdp.39015014862257,85,50,0,Earle,PERSON,18,23
mdp.39015014862257,85,51,0,Henry,PERSON,0,5
mdp.39015014862257,85,51,1,Earle,PERSON,26,31
mdp.39015014862257,85,51,2,Henry,PERSON,53,58
mdp.39015014862257,85,52,0,81,CARDINAL,0,2
mdp.39015014862257,86,2,0,first,ORDINAL,18,23
mdp.39015014862257,86,2,1,the next day,DATE,95,107
mdp.39015014862257,86,3,0,A few weeks,DATE,0,11
mdp.39015014862257,86,5,0,one,CARDINAL,6,9
mdp.39015014862257,86,6,0,first,ORDINAL,23,28
mdp.39015014862257,86,7,0,Silas Marner,PERSON,90,102
mdp.39015014862257,86,13,0,one,CARDINAL,46,49
mdp.39015014862257,86,14,0,One,CARDINAL,0,3
mdp.39015014862257,86,18,0,82,CARDINAL,39,41
mdp.39015014862257,88,0,0,1,CARDINAL,0,1
mdp.39015014862257,88,0,1,1,CARDINAL,2,3
mdp.39015014862257,89,0,0,summer,DATE,128,134
mdp.39015014862257,89,1,0,Summer,DATE,0,6
mdp.39015014862257,89,1,1,the entire year,DATE,29,44
mdp.39015014862257,89,2,0,the late fall,DATE,23,36
mdp.39015014862257,89,2,1,the following year,DATE,79,97
mdp.39015014862257,89,2,2,two weeks,DATE,131,140
mdp.39015014862257,89,2,3,Camp Falksmith,FAC,144,158
mdp.39015014862257,89,3,0,another year,DATE,37,49
mdp.39015014862257,89,6,0,the big day,DATE,8,19
mdp.39015014862257,89,6,1,85,CARDINAL,37,39
mdp.39015014862257,90,2,0,early morning,TIME,93,106
mdp.39015014862257,90,3,0,three,CARDINAL,95,100
mdp.39015014862257,90,4,0,Summer,DATE,0,6
mdp.39015014862257,90,4,1,overnight,TIME,19,28
mdp.39015014862257,90,5,0,the two weeks,DATE,11,24
mdp.39015014862257,90,5,1,Camp Falksmith,FAC,28,42
mdp.39015014862257,90,6,0,Camp Falksmith,FAC,0,14
mdp.39015014862257,90,9,0,two,CARDINAL,17,20
mdp.39015014862257,90,9,1,each day,DATE,245,253
mdp.39015014862257,90,9,2,the two weeks,DATE,286,299
mdp.39015014862257,90,10,0,The closing days,DATE,0,16
mdp.39015014862257,90,10,1,Camp Falksmith,FAC,66,80
mdp.39015014862257,90,11,0,summer,DATE,3,9
mdp.39015014862257,90,12,0,the day,DATE,197,204
mdp.39015014862257,90,13,0,86,CARDINAL,17,19
mdp.39015014862257,91,2,0,Here We Sit Like Birds in the Wilderness,WORK_OF_ART,87,127
mdp.39015014862257,91,3,0,the chow hall,FAC,5,18
mdp.39015014862257,91,5,0,the day,DATE,49,56
mdp.39015014862257,91,6,0,two,CARDINAL,307,310
mdp.39015014862257,91,7,0,Sundays,DATE,3,10
mdp.39015014862257,91,7,1,night,TIME,54,59
mdp.39015014862257,91,9,0,first,ORDINAL,3,8
mdp.39015014862257,91,10,0,“Sentimental Journey”,WORK_OF_ART,66,87
mdp.39015014862257,91,11,0,the one night,TIME,21,34
mdp.39015014862257,91,11,1,the days,DATE,67,75
mdp.39015014862257,91,13,0,87,CARDINAL,12,14
mdp.39015014862257,92,1,0,hours,TIME,77,82
mdp.39015014862257,92,2,0,first,ORDINAL,492,497
mdp.39015014862257,92,3,0,the two weeks,DATE,335,348
mdp.39015014862257,92,3,1,Camp Falksmith,FAC,352,366
mdp.39015014862257,92,3,2,summer,DATE,392,398
mdp.39015014862257,92,4,0,two,CARDINAL,30,33
mdp.39015014862257,92,4,1,Negro,NORP,65,70
mdp.39015014862257,93,2,0,day,DATE,14,17
mdp.39015014862257,93,9,0,some days,DATE,49,58
mdp.39015014862257,94,1,0,Boy,PERSON,59,62
mdp.39015014862257,94,3,0,Mac,PERSON,31,34
mdp.39015014862257,94,6,0,Negroes,NORP,83,90
mdp.39015014862257,94,6,1,White,NORP,95,100
mdp.39015014862257,94,6,2,U.S.A.,GPE,193,199
mdp.39015014862257,94,8,0,summer,DATE,198,204
mdp.39015014862257,94,8,1,Peterson,PERSON,230,238
mdp.39015014862257,94,9,0,Arthur,PERSON,93,99
mdp.39015014862257,94,10,0,The Star-Spangled Banner,WORK_OF_ART,140,164
mdp.39015014862257,95,2,0,first,ORDINAL,66,71
mdp.39015014862257,95,3,0,Seconds,TIME,0,7
mdp.39015014862257,95,4,0,at least seconds,TIME,25,41
mdp.39015014862257,95,5,0,seconds,TIME,18,25
mdp.39015014862257,95,6,0,seconds,TIME,59,66
mdp.39015014862257,95,6,1,thirds,TIME,71,77
mdp.39015014862257,95,8,0,Cookie,PERSON,10,16
mdp.39015014862257,95,10,0,Cookie,PERSON,6,12
mdp.39015014862257,95,20,0,9,CARDINAL,0,1
mdp.39015014862257,96,0,0,first,ORDINAL,49,54
mdp.39015014862257,96,7,0,seconds,TIME,36,43
mdp.39015014862257,96,8,0,The White Cliffs of Dover,WORK_OF_ART,23,48
mdp.39015014862257,96,8,1,Yankee Doodle,WORK_OF_ART,116,129
mdp.39015014862257,96,10,0,Camp Falksmith,FAC,24,38
mdp.39015014862257,96,10,1,three,CARDINAL,50,55
mdp.39015014862257,96,10,2,Negroes,NORP,157,164
mdp.39015014862257,96,11,0,Negro,NORP,15,20
mdp.39015014862257,97,0,0,six,CARDINAL,0,3
mdp.39015014862257,97,0,1,half,CARDINAL,163,167
mdp.39015014862257,97,0,2,Thanatopsissounding,NORP,384,403
mdp.39015014862257,97,2,0,one,CARDINAL,36,39
mdp.39015014862257,97,11,0,Tom,PERSON,16,19
mdp.39015014862257,97,13,0,Tom,PERSON,6,9
mdp.39015014862257,97,13,1,Sambo,PERSON,11,16
mdp.39015014862257,97,16,0,summer,DATE,3,9
mdp.39015014862257,97,16,1,an hour,TIME,127,134
mdp.39015014862257,97,17,0,Army,ORG,97,101
mdp.39015014862257,97,17,1,Coca-Cola,ORG,116,125
mdp.39015014862257,97,18,0,one,CARDINAL,26,29
mdp.39015014862257,97,18,1,one,CARDINAL,33,36
mdp.39015014862257,97,19,0,the free hour,TIME,23,36
mdp.39015014862257,97,19,1,the same day,DATE,37,49
mdp.39015014862257,97,19,2,93,DATE,129,131
mdp.39015014862257,98,0,0,Peterson,PERSON,25,33
mdp.39015014862257,98,1,0,Peterson,PERSON,47,55
mdp.39015014862257,98,1,1,Negro,NORP,104,109
mdp.39015014862257,98,6,0,one,CARDINAL,83,86
mdp.39015014862257,98,6,1,three,CARDINAL,156,161
mdp.39015014862257,98,15,0,Peterson,PERSON,0,8
mdp.39015014862257,98,17,0,Peterson,PERSON,24,32
mdp.39015014862257,98,18,0,one,CARDINAL,15,18
mdp.39015014862257,99,5,0,Peterson,PERSON,0,8
mdp.39015014862257,99,21,0,Japanese,NORP,45,53
mdp.39015014862257,99,22,0,Japanese,NORP,97,105
mdp.39015014862257,99,23,0,American,NORP,36,44
mdp.39015014862257,99,24,0,Peterson,PERSON,5,13
mdp.39015014862257,99,25,0,Peterson,PERSON,0,8
mdp.39015014862257,99,28,0,The next day,DATE,0,12
mdp.39015014862257,99,28,1,one,CARDINAL,37,40
mdp.39015014862257,99,28,2,95,DATE,47,49
mdp.39015014862257,100,0,0,Peterson,PERSON,33,41
mdp.39015014862257,100,3,0,Peterson,PERSON,42,50
mdp.39015014862257,101,3,0,The last morning,TIME,0,16
mdp.39015014862257,101,4,0,Peterson,PERSON,30,38
mdp.39015014862257,101,6,0,Pinky,PERSON,18,23
mdp.39015014862257,101,7,0,Pinky,PERSON,0,5
mdp.39015014862257,101,7,1,YMCAish,ORG,59,66
mdp.39015014862257,101,9,0,one,CARDINAL,119,122
mdp.39015014862257,101,11,0,Last night,TIME,0,10
mdp.39015014862257,101,14,0,Pinky,PERSON,10,15
mdp.39015014862257,101,16,0,Pinky,PERSON,16,21
mdp.39015014862257,102,0,0,Pinky,PERSON,0,5
mdp.39015014862257,102,0,1,Camp Falksmith,FAC,135,149
mdp.39015014862257,102,1,0,Pinky,PERSON,0,5
mdp.39015014862257,102,2,0,Pinky,PERSON,0,5
mdp.39015014862257,102,2,1,Peterson,PERSON,64,72
mdp.39015014862257,102,2,2,one,CARDINAL,77,80
mdp.39015014862257,102,3,0,Pinky,PERSON,5,10
mdp.39015014862257,102,3,1,second,ORDINAL,63,69
mdp.39015014862257,102,4,0,Camp Falksmith,FAC,30,44
mdp.39015014862257,102,6,0,Camp Falksmith,FAC,127,141
mdp.39015014862257,102,8,0,Cookie,PERSON,0,6
mdp.39015014862257,102,8,1,Camp-,FAC,51,56
mdp.39015014862257,102,13,0,A Hundred Bottles of Beer on the Wall,WORK_OF_ART,74,111
mdp.39015014862257,102,13,1,98,CARDINAL,265,267
mdp.39015014862257,103,0,0,the Big Freeze,EVENT,115,129
mdp.39015014862257,103,1,0,the Big Freeze,EVENT,24,38
mdp.39015014862257,103,4,0,one,CARDINAL,68,71
mdp.39015014862257,103,6,0,almost a month,DATE,62,76
mdp.39015014862257,103,7,0,99,CARDINAL,43,45
mdp.39015014862257,104,2,0,Mom,PERSON,13,16
mdp.39015014862257,104,8,0,Riverview,GPE,92,101
mdp.39015014862257,104,9,0,Riverview,GPE,36,45
mdp.39015014862257,104,9,1,the Amusement Park,FAC,47,65
mdp.39015014862257,104,10,0,Mam,PERSON,5,8
mdp.39015014862257,104,11,0,Riverview,FAC,39,48
mdp.39015014862257,104,11,1,Chicago,GPE,72,79
mdp.39015014862257,104,12,0,Mam,PERSON,5,8
mdp.39015014862257,104,16,0,Chicago,GPE,53,60
mdp.39015014862257,104,16,1,Chicago,GPE,133,140
mdp.39015014862257,104,16,2,one,CARDINAL,168,171
mdp.39015014862257,104,17,0,Chicago,GPE,15,22
mdp.39015014862257,104,17,1,four,CARDINAL,107,111
mdp.39015014862257,104,17,2,first,ORDINAL,180,185
mdp.39015014862257,104,17,3,100,CARDINAL,201,204
mdp.39015014862257,105,1,0,Negro Group,ORG,0,11
mdp.39015014862257,105,1,1,one,CARDINAL,19,22
mdp.39015014862257,105,1,2,the Black Trash Group,ORG,103,124
mdp.39015014862257,105,1,3,the White Group,ORG,126,141
mdp.39015014862257,105,1,4,the White Trash Group,ORG,146,167
mdp.39015014862257,105,2,0,Riverview,GPE,23,32
mdp.39015014862257,105,3,0,Riverview,GPE,148,157
mdp.39015014862257,105,7,0,two,CARDINAL,16,19
mdp.39015014862257,105,8,0,first,ORDINAL,4,9
mdp.39015014862257,105,8,1,second,ORDINAL,72,78
mdp.39015014862257,105,9,0,second,ORDINAL,4,10
mdp.39015014862257,105,9,1,first,ORDINAL,46,51
mdp.39015014862257,105,11,0,summer,DATE,83,89
mdp.39015014862257,105,11,1,the Big Freeze,EVENT,170,184
mdp.39015014862257,105,12,0,the Big Freeze,EVENT,10,24
mdp.39015014862257,105,13,0,Riverview,FAC,134,143
mdp.39015014862257,105,13,1,the fall 101,DATE,237,249
mdp.39015014862257,106,2,0,My freshman year,DATE,0,16
mdp.39015014862257,106,2,1,the Big Freeze,EVENT,18,32
mdp.39015014862257,106,2,2,my second year,DATE,88,102
mdp.39015014862257,106,2,3,two,CARDINAL,126,129
mdp.39015014862257,106,2,4,the Big Freeze,EVENT,194,208
mdp.39015014862257,106,3,0,One,CARDINAL,0,3
mdp.39015014862257,106,5,0,the next two years,DATE,24,42
mdp.39015014862257,106,5,1,the Big Freeze,EVENT,44,58
mdp.39015014862257,106,5,2,my senior year,DATE,85,99
mdp.39015014862257,106,6,0,summer,DATE,17,23
mdp.39015014862257,106,6,1,one,CARDINAL,68,71
mdp.39015014862257,106,6,2,two weeks,DATE,148,157
mdp.39015014862257,106,8,0,the Big Freeze,EVENT,191,205
mdp.39015014862257,106,9,0,The first year,DATE,0,14
mdp.39015014862257,106,9,1,the Big Freeze,EVENT,27,41
mdp.39015014862257,107,2,0,the second year,DATE,7,22
mdp.39015014862257,107,2,1,the Big Freeze,EVENT,26,40
mdp.39015014862257,107,3,0,one,CARDINAL,117,120
mdp.39015014862257,107,6,0,the day,DATE,157,164
mdp.39015014862257,107,11,0,the Big Freeze,EVENT,6,20
mdp.39015014862257,107,11,1,Chicago,GPE,46,53
mdp.39015014862257,107,12,0,Chicago,GPE,11,18
mdp.39015014862257,107,12,1,103,CARDINAL,39,42
mdp.39015014862257,108,0,0,the Big Freeze,EVENT,25,39
mdp.39015014862257,108,0,1,Chicago,GPE,76,83
mdp.39015014862257,108,2,0,the Big Freeze,EVENT,54,68
mdp.39015014862257,108,2,1,Sarah,PERSON,105,110
mdp.39015014862257,108,3,0,Sarah,PERSON,23,28
mdp.39015014862257,108,4,0,the Big Freeze,EVENT,39,53
mdp.39015014862257,108,5,0,Sarah,PERSON,36,41
mdp.39015014862257,108,5,1,the Big Freeze,EVENT,57,71
mdp.39015014862257,108,6,0,Riverview,FAC,15,24
mdp.39015014862257,108,6,1,the Big Freeze,EVENT,52,66
mdp.39015014862257,108,6,2,evening,TIME,92,99
mdp.39015014862257,108,6,3,Sarah,PERSON,103,108
mdp.39015014862257,108,6,4,Riverview,FAC,179,188
mdp.39015014862257,108,6,5,Yvonne,PERSON,211,217
mdp.39015014862257,108,6,6,Yvonne,PERSON,230,236
mdp.39015014862257,108,6,7,Sarah,PERSON,258,263
mdp.39015014862257,108,7,0,Sarah,PERSON,0,5
mdp.39015014862257,108,8,0,the Friday,DATE,35,45
mdp.39015014862257,108,8,1,eighth,ORDINAL,74,80
mdp.39015014862257,108,8,2,PTA,ORG,96,99
mdp.39015014862257,108,8,3,that night,TIME,125,135
mdp.39015014862257,108,8,4,two weeks,DATE,211,220
mdp.39015014862257,108,9,0,Sarah,PERSON,0,5
mdp.39015014862257,108,11,0,Sarah,PERSON,0,5
mdp.39015014862257,108,14,0,1 104,CARDINAL,175,180
mdp.39015014862257,109,1,0,Sarah,PERSON,48,53
mdp.39015014862257,109,2,0,All day,DATE,0,7
mdp.39015014862257,109,3,0,the day,DATE,70,77
mdp.39015014862257,109,6,0,only one,CARDINAL,7,15
mdp.39015014862257,109,11,0,three,CARDINAL,40,45
mdp.39015014862257,109,11,1,Chinese,NORP,53,60
mdp.39015014862257,109,12,0,Sarah,PERSON,89,94
mdp.39015014862257,110,0,0,Yvonne,PERSON,6,12
mdp.39015014862257,110,0,1,that night,TIME,13,23
mdp.39015014862257,110,1,0,the summer,DATE,54,64
mdp.39015014862257,110,2,0,that night,TIME,15,25
mdp.39015014862257,110,3,0,two,CARDINAL,22,25
mdp.39015014862257,110,3,1,Ramona,WORK_OF_ART,86,92
mdp.39015014862257,110,4,0,George Evers,PERSON,91,103
mdp.39015014862257,110,5,0,four,CARDINAL,16,20
mdp.39015014862257,110,5,1,first,ORDINAL,53,58
mdp.39015014862257,110,6,0,second,ORDINAL,54,60
mdp.39015014862257,110,7,0,second,ORDINAL,4,10
mdp.39015014862257,110,9,0,two,CARDINAL,77,80
mdp.39015014862257,110,9,1,three,CARDINAL,85,90
mdp.39015014862257,110,9,2,one,CARDINAL,107,110
mdp.39015014862257,110,12,0,three,CARDINAL,52,57
mdp.39015014862257,110,12,1,four,CARDINAL,61,65
mdp.39015014862257,110,12,2,third,ORDINAL,78,83
mdp.39015014862257,110,13,0,106,CARDINAL,87,90
mdp.39015014862257,111,1,0,George Evers,PERSON,26,38
mdp.39015014862257,111,1,1,Yvonne,PERSON,59,65
mdp.39015014862257,111,4,0,the Big Freeze,EVENT,7,21
mdp.39015014862257,111,7,0,An ny mor,PERSON,0,9
mdp.39015014862257,112,1,0,Sarah,PERSON,36,41
mdp.39015014862257,112,2,0,Yvonne,PERSON,19,25
mdp.39015014862257,112,3,0,Yvonne,PERSON,12,18
mdp.39015014862257,112,5,0,Edward,PERSON,77,83
mdp.39015014862257,112,6,0,Yvonne,PERSON,5,11
mdp.39015014862257,112,8,0,Yvonne,PERSON,0,6
mdp.39015014862257,112,11,0,the last minute,TIME,129,144
mdp.39015014862257,112,12,0,Yvonne,PERSON,125,131
mdp.39015014862257,112,13,0,fourth,ORDINAL,59,65
mdp.39015014862257,112,13,1,Yvonne,PERSON,102,108
mdp.39015014862257,112,14,0,first,ORDINAL,9,14
mdp.39015014862257,112,14,1,Yvonne,PERSON,38,44
mdp.39015014862257,112,16,0,108,CARDINAL,155,158
mdp.39015014862257,113,0,0,Chinese,NORP,47,54
mdp.39015014862257,113,2,0,Yvonne,PERSON,45,51
mdp.39015014862257,113,2,1,Yvonne,PERSON,67,73
mdp.39015014862257,113,3,0,Yvonne,PERSON,36,42
mdp.39015014862257,113,4,0,one,CARDINAL,127,130
mdp.39015014862257,113,4,1,Sammy,PERSON,134,139
mdp.39015014862257,113,5,0,Sarah,PERSON,90,95
mdp.39015014862257,113,5,1,Riverview,FAC,108,117
mdp.39015014862257,113,6,0,Riverview,GPE,196,205
mdp.39015014862257,113,8,0,Riverview,GPE,31,40
mdp.39015014862257,113,9,0,just the two weeks,DATE,3,21
mdp.39015014862257,113,10,0,All summer long,DATE,0,15
mdp.39015014862257,113,10,1,Riverview,FAC,124,133
mdp.39015014862257,114,0,0,Riverview,FAC,26,35
mdp.39015014862257,114,1,0,Yvonne,PERSON,43,49
mdp.39015014862257,114,2,0,Riverview,GPE,94,103
mdp.39015014862257,114,2,1,a grueling two hours,TIME,108,128
mdp.39015014862257,114,2,2,Riverview,GPE,165,174
mdp.39015014862257,114,2,3,one Sunday,TIME,175,185
mdp.39015014862257,114,3,0,Riverview,GPE,10,19
mdp.39015014862257,114,3,1,three,CARDINAL,35,40
mdp.39015014862257,114,4,0,Chicago,GPE,34,41
mdp.39015014862257,114,4,1,Northside,LOC,74,83
mdp.39015014862257,114,4,2,Riverview,GPE,161,170
mdp.39015014862257,114,5,0,Riverview,GPE,33,42
mdp.39015014862257,114,7,0,the big Saturday,DATE,8,24
mdp.39015014862257,114,7,1,two,CARDINAL,62,65
mdp.39015014862257,114,8,0,Riverview,GPE,82,91
mdp.39015014862257,114,8,1,one,CARDINAL,155,158
mdp.39015014862257,114,9,0,first,ORDINAL,3,8
mdp.39015014862257,114,9,1,half,CARDINAL,21,25
mdp.39015014862257,114,12,0,Yvonne,PERSON,35,41
mdp.39015014862257,114,14,0,two,CARDINAL,7,10
mdp.39015014862257,114,14,1,110,CARDINAL,33,36
mdp.39015014862257,115,0,0,two,CARDINAL,42,45
mdp.39015014862257,115,1,0,Yvonne,PERSON,0,6
mdp.39015014862257,115,13,0,Yvonne,PERSON,10,16
mdp.39015014862257,115,15,0,Riverview,FAC,17,26
mdp.39015014862257,115,16,0,Riverview,FAC,11,20
mdp.39015014862257,115,17,0,Yvonne,PERSON,249,255
mdp.39015014862257,115,18,0,first,ORDINAL,52,57
mdp.39015014862257,115,18,1,the Dive Bomber,PRODUCT,78,93
mdp.39015014862257,115,19,0,111,CARDINAL,0,3
mdp.39015014862257,116,0,0,Riverview,FAC,0,9
mdp.39015014862257,116,0,1,second,ORDINAL,225,231
mdp.39015014862257,116,1,0,three fourths,CARDINAL,80,93
mdp.39015014862257,116,2,0,the Dive Bomber,PRODUCT,114,129
mdp.39015014862257,116,3,0,the Dive Bomber,PRODUCT,16,31
mdp.39015014862257,116,4,0,One,CARDINAL,0,3
mdp.39015014862257,116,5,0,Yvonne,PERSON,0,6
mdp.39015014862257,116,10,0,one,CARDINAL,35,38
mdp.39015014862257,116,15,0,Edward,PERSON,0,6
mdp.39015014862257,116,17,0,Edward,PERSON,21,27
mdp.39015014862257,116,18,0,Edward,PERSON,53,59
mdp.39015014862257,116,18,1,this minute,TIME,70,81
mdp.39015014862257,116,19,0,Edward,PERSON,0,6
mdp.39015014862257,116,21,0,Edward,PERSON,0,6
mdp.39015014862257,116,23,0,112,CARDINAL,0,3
mdp.39015014862257,117,0,0,The Dive Bomber,PRODUCT,0,15
mdp.39015014862257,117,2,0,two,CARDINAL,4,7
mdp.39015014862257,117,5,0,Yvonne,PERSON,0,6
mdp.39015014862257,117,7,0,Yvonne,PERSON,0,6
mdp.39015014862257,117,7,1,summer,DATE,21,27
mdp.39015014862257,117,11,0,Yvonne,PERSON,12,18
mdp.39015014862257,117,16,0,113,CARDINAL,23,26
mdp.39015014862257,118,4,0,Yvonne,PERSON,0,6
mdp.39015014862257,118,9,0,Yvonne,PERSON,0,6
mdp.39015014862257,118,12,0,Yvonne,PERSON,0,6
mdp.39015014862257,118,13,0,Yvonne,PERSON,54,60
mdp.39015014862257,118,14,0,Yvonne,PERSON,96,102
mdp.39015014862257,119,7,0,my sophomore year,DATE,3,20
mdp.39015014862257,120,2,0,Hotcats,ORG,65,72
mdp.39015014862257,120,3,0,Hotcats,ORG,4,11
mdp.39015014862257,120,7,0,Spanish,LANGUAGE,137,144
mdp.39015014862257,120,7,1,Spanish,LANGUAGE,158,165
mdp.39015014862257,120,9,0,Spanish,LANGUAGE,152,159
mdp.39015014862257,120,11,0,Christmas,DATE,3,12
mdp.39015014862257,120,11,1,“Silent Night,WORK_OF_ART,102,115
mdp.39015014862257,120,11,2,Spanish,LANGUAGE,120,127
mdp.39015014862257,120,12,0,Negroes,NORP,21,28
mdp.39015014862257,120,13,0,Negro,NORP,210,215
mdp.39015014862257,120,13,1,Spanish,NORP,223,230
mdp.39015014862257,121,4,0,My senior year,DATE,0,14
mdp.39015014862257,121,4,1,Christ,PERSON,76,82
mdp.39015014862257,121,5,0,Hi-C,ORG,0,4
mdp.39015014862257,121,5,1,High Schools for Christ,ORG,15,38
mdp.39015014862257,121,6,0,afternoon,TIME,80,89
mdp.39015014862257,121,6,1,Alfred,PERSON,117,123
mdp.39015014862257,121,7,0,afternoon,TIME,109,118
mdp.39015014862257,121,8,0,Alfred,PERSON,7,13
mdp.39015014862257,121,9,0,Christ,PERSON,24,30
mdp.39015014862257,121,9,1,Alfred,PERSON,32,38
mdp.39015014862257,121,10,0,Alfred,PERSON,8,14
mdp.39015014862257,121,12,0,about ten,CARDINAL,11,20
mdp.39015014862257,121,12,1,first,ORDINAL,35,40
mdp.39015014862257,121,12,2,two,CARDINAL,41,44
mdp.39015014862257,121,13,0,first,ORDINAL,43,48
mdp.39015014862257,121,16,0,117,CARDINAL,2,5
mdp.39015014862257,122,1,0,Three,CARDINAL,0,5
mdp.39015014862257,122,1,1,The Rescue Worker,WORK_OF_ART,14,31
mdp.39015014862257,122,1,2,two,CARDINAL,134,137
mdp.39015014862257,122,5,0,bible,WORK_OF_ART,108,113
mdp.39015014862257,122,6,0,one,CARDINAL,72,75
mdp.39015014862257,123,1,0,hundreds,CARDINAL,44,52
mdp.39015014862257,123,1,1,each week,DATE,72,81
mdp.39015014862257,123,3,0,one,CARDINAL,10,13
mdp.39015014862257,123,7,0,Throw Out the Lifeline,WORK_OF_ART,53,75
mdp.39015014862257,123,8,0,today,DATE,69,74
mdp.39015014862257,123,13,0,Bible,WORK_OF_ART,6,11
mdp.39015014862257,123,13,1,four,CARDINAL,93,97
mdp.39015014862257,123,13,2,five,CARDINAL,102,106
mdp.39015014862257,124,3,0,Christ,PERSON,167,173
mdp.39015014862257,124,5,0,Christian,NORP,28,37
mdp.39015014862257,124,6,0,Christ,PERSON,41,47
mdp.39015014862257,124,7,0,one,CARDINAL,87,90
mdp.39015014862257,124,9,0,Jesus,PERSON,31,36
mdp.39015014862257,124,10,0,Alfred,PERSON,42,48
mdp.39015014862257,124,15,0,Alfred,PERSON,47,53
mdp.39015014862257,124,15,1,the Hi-C,ORG,95,103
mdp.39015014862257,124,16,0,fifteen,CARDINAL,65,72
mdp.39015014862257,124,17,0,a week,DATE,91,97
mdp.39015014862257,124,17,1,Bible,WORK_OF_ART,143,148
mdp.39015014862257,124,18,0,The next week,DATE,0,13
mdp.39015014862257,124,19,0,120,CARDINAL,69,72
mdp.39015014862257,125,0,0,Bible,WORK_OF_ART,30,35
mdp.39015014862257,125,3,0,One,CARDINAL,0,3
mdp.39015014862257,125,3,1,Jesus,PERSON,73,78
mdp.39015014862257,125,5,0,one day,DATE,133,140
mdp.39015014862257,125,6,0,first,ORDINAL,47,52
mdp.39015014862257,125,6,1,Sunday,DATE,73,79
mdp.39015014862257,125,9,0,Hollywood,ORG,21,30
mdp.39015014862257,125,11,0,fifty,CARDINAL,216,221
mdp.39015014862257,125,11,1,sixty,CARDINAL,226,231
mdp.39015014862257,125,13,0,Chicago,GPE,211,218
mdp.39015014862257,126,0,0,thirty feet,QUANTITY,0,11
mdp.39015014862257,126,3,0,five,CARDINAL,24,28
mdp.39015014862257,126,3,1,six,CARDINAL,32,35
mdp.39015014862257,126,7,0,first,ORDINAL,85,90
mdp.39015014862257,126,11,0,122,CARDINAL,27,30
mdp.39015014862257,127,8,0,Wednesday,DATE,59,68
mdp.39015014862257,127,8,1,Saturday,DATE,136,144
mdp.39015014862257,127,8,2,night,TIME,145,150
mdp.39015014862257,127,8,3,Youth-for-God,ORG,167,180
mdp.39015014862257,127,8,4,Chicago,GPE,190,197
mdp.39015014862257,127,8,5,Loop,FAC,207,211
mdp.39015014862257,127,9,0,Saturday,DATE,55,63
mdp.39015014862257,127,9,1,the week,DATE,95,103
mdp.39015014862257,127,10,0,Saturdays,DATE,3,12
mdp.39015014862257,127,10,1,Chicago,GPE,25,32
mdp.39015014862257,127,10,2,Youth-for-God,ORG,108,121
mdp.39015014862257,127,11,0,four,CARDINAL,71,75
mdp.39015014862257,127,11,1,Saturday,DATE,121,129
mdp.39015014862257,127,11,2,night,TIME,130,135
mdp.39015014862257,127,12,0,Walgreens,ORG,26,35
mdp.39015014862257,127,12,1,State,FAC,39,44
mdp.39015014862257,127,12,2,Madison,FAC,49,56
mdp.39015014862257,127,12,3,Loop,FAC,77,81
mdp.39015014862257,127,13,0,eight-twenty,TIME,88,100
mdp.39015014862257,127,13,1,Loop,FAC,106,110
mdp.39015014862257,127,13,2,evening,TIME,142,149
mdp.39015014862257,128,2,0,half,CARDINAL,21,25
mdp.39015014862257,128,3,0,Youth-for-God Inc.,ORG,0,18
mdp.39015014862257,128,3,1,Saturday,DATE,34,42
mdp.39015014862257,128,3,2,a Youth-for-God,ORG,159,174
mdp.39015014862257,128,4,0,A half an hour,TIME,0,14
mdp.39015014862257,128,4,1,Christians,NORP,248,258
mdp.39015014862257,128,4,2,Christians,NORP,415,425
mdp.39015014862257,128,5,0,Ten minutes,TIME,0,11
mdp.39015014862257,128,5,1,fifty,CARDINAL,116,121
mdp.39015014862257,128,5,2,Youth-forGod Band,ORG,126,143
mdp.39015014862257,128,8,0,one,CARDINAL,32,35
mdp.39015014862257,129,1,0,tonight,TIME,5,12
mdp.39015014862257,129,6,0,tonight,TIME,82,89
mdp.39015014862257,129,12,0,Christ,PERSON,95,101
mdp.39015014862257,129,14,0,Christian,NORP,34,43
mdp.39015014862257,129,15,0,Calvary,ORG,66,73
mdp.39015014862257,129,16,0,Johnsons,PERSON,17,25
mdp.39015014862257,129,17,0,Ralph,PERSON,19,24
mdp.39015014862257,129,17,1,Janie,PERSON,29,34
mdp.39015014862257,129,18,0,Johnsons,PERSON,22,30
mdp.39015014862257,129,21,0,Jesus,PERSON,0,5
mdp.39015014862257,129,24,0,Youth-for-God Inc.,ORG,17,35
mdp.39015014862257,129,24,1,125,CARDINAL,41,44
mdp.39015014862257,130,0,0,Hi-C,ORG,36,40
mdp.39015014862257,130,1,0,a bad night,TIME,48,59
mdp.39015014862257,130,4,0,Jesus,PERSON,237,242
mdp.39015014862257,130,5,0,Equatorial Indians,NORP,94,112
mdp.39015014862257,130,7,0,the Youth-for-God,ORG,102,119
mdp.39015014862257,130,9,0,Jesus,PERSON,195,200
mdp.39015014862257,130,11,0,Eskimo,NORP,219,225
mdp.39015014862257,130,11,1,three,CARDINAL,288,293
mdp.39015014862257,130,12,0,the Youthfor-God Band,ORG,30,51
mdp.39015014862257,130,13,0,M.C.,ORG,16,20
mdp.39015014862257,131,13,0,two,CARDINAL,22,25
mdp.39015014862257,131,17,0,Jesus,PERSON,4,9
mdp.39015014862257,131,18,0,one,CARDINAL,38,41
mdp.39015014862257,131,18,1,one,CARDINAL,99,102
mdp.39015014862257,131,24,0,Christ,PERSON,84,90
mdp.39015014862257,131,24,1,Let the Little Children Come Unto Me,WORK_OF_ART,116,152
mdp.39015014862257,131,27,0,The next week,DATE,0,13
mdp.39015014862257,132,1,0,Youth-For-God,ORG,3,16
mdp.39015014862257,132,1,1,first,ORDINAL,166,171
mdp.39015014862257,132,3,0,Christians,NORP,6,16
mdp.39015014862257,132,6,0,Jesus,PERSON,50,55
mdp.39015014862257,132,7,0,a few minutes,TIME,135,148
mdp.39015014862257,132,10,0,the Youth-for-God Band,ORG,59,81
mdp.39015014862257,132,12,0,Hi-C,ORG,49,53
mdp.39015014862257,132,12,1,one,CARDINAL,63,66
mdp.39015014862257,132,13,0,Two Fridays,DATE,0,11
mdp.39015014862257,132,13,1,128,CARDINAL,56,59
mdp.39015014862257,133,2,0,five,CARDINAL,11,15
mdp.39015014862257,133,2,1,Alfred,PERSON,49,55
mdp.39015014862257,133,2,2,Jerry,PERSON,78,83
mdp.39015014862257,133,2,3,two,CARDINAL,85,88
mdp.39015014862257,133,3,0,Jerry,PERSON,33,38
mdp.39015014862257,133,3,1,four,CARDINAL,77,81
mdp.39015014862257,133,5,0,four,CARDINAL,31,35
mdp.39015014862257,133,8,0,Alfred,PERSON,0,6
mdp.39015014862257,133,11,0,Alfred,PERSON,0,6
mdp.39015014862257,133,15,0,Alfred,PERSON,0,6
mdp.39015014862257,133,16,0,Alfred,PERSON,7,13
mdp.39015014862257,133,17,0,Alfred,PERSON,0,6
mdp.39015014862257,133,20,0,Alfred,PERSON,6,12
mdp.39015014862257,133,29,0,Christian,NORP,25,34
mdp.39015014862257,133,31,0,129,CARDINAL,18,21
mdp.39015014862257,134,3,0,Jesus,PERSON,56,61
mdp.39015014862257,134,9,0,Alfred,PERSON,0,6
mdp.39015014862257,134,9,1,one,CARDINAL,17,20
mdp.39015014862257,134,11,0,the week,DATE,30,38
mdp.39015014862257,134,11,1,every night,TIME,134,145
mdp.39015014862257,134,12,0,morning,TIME,98,105
mdp.39015014862257,134,13,0,130,CARDINAL,0,3
mdp.39015014862257,135,0,0,a few seconds,TIME,155,168
mdp.39015014862257,135,1,0,Ohio,GPE,43,47
mdp.39015014862257,135,1,1,Christmastime,DATE,55,68
mdp.39015014862257,135,1,2,Yukon,GPE,107,112
mdp.39015014862257,135,2,0,the last few days,DATE,25,42
mdp.39015014862257,135,3,0,one noon,TIME,9,17
mdp.39015014862257,135,3,1,all semester,DATE,141,153
mdp.39015014862257,136,3,0,mainstreet,FAC,47,57
mdp.39015014862257,136,4,0,mainstreet,FAC,15,25
mdp.39015014862257,136,5,0,one,CARDINAL,152,155
mdp.39015014862257,136,5,1,two,CARDINAL,163,166
mdp.39015014862257,136,5,2,mainstreet,FAC,198,208
mdp.39015014862257,136,5,3,ten-cent,MONEY,428,436
mdp.39015014862257,136,5,4,Cinderella,PERSON,634,644
mdp.39015014862257,136,5,5,H. Alger,PERSON,649,657
mdp.39015014862257,136,6,0,Christmas,DATE,409,418
mdp.39015014862257,137,1,0,mastime,DATE,0,7
mdp.39015014862257,137,1,1,Christmastime,DATE,369,382
mdp.39015014862257,137,5,0,Christmas,DATE,27,36
mdp.39015014862257,137,6,0,New Year's Day,DATE,25,39
mdp.39015014862257,137,7,0,Monday,DATE,21,27
mdp.39015014862257,137,11,0,three-quarters,CARDINAL,48,62
mdp.39015014862257,137,11,1,a couple of inches,QUANTITY,88,106
mdp.39015014862257,137,12,0,each day,DATE,90,98
mdp.39015014862257,137,12,1,three-thirty,TIME,136,148
mdp.39015014862257,137,12,2,four,TIME,153,157
mdp.39015014862257,138,5,0,Negro,NORP,37,42
mdp.39015014862257,138,5,1,Chicago,GPE,60,67
mdp.39015014862257,138,6,0,Christmastime,DATE,3,16
mdp.39015014862257,138,6,1,Marjorie,PERSON,205,213
mdp.39015014862257,138,7,0,two,CARDINAL,130,133
mdp.39015014862257,138,7,1,Negroes,NORP,134,141
mdp.39015014862257,138,8,0,my third year,DATE,20,33
mdp.39015014862257,138,8,1,Marjorie,PERSON,34,42
mdp.39015014862257,138,9,0,Marjorie,PERSON,0,8
mdp.39015014862257,138,12,0,Marjorie,PERSON,210,218
mdp.39015014862257,139,0,0,Negro,NORP,25,30
mdp.39015014862257,139,1,0,Negro,NORP,12,17
mdp.39015014862257,139,1,1,two,CARDINAL,108,111
mdp.39015014862257,139,1,2,one,CARDINAL,115,118
mdp.39015014862257,139,1,3,Negro,NORP,152,157
mdp.39015014862257,139,2,0,Negro,NORP,21,26
mdp.39015014862257,139,2,1,Marjorie,PERSON,216,224
mdp.39015014862257,139,3,0,Negroes,NORP,150,157
mdp.39015014862257,139,5,0,thirty,CARDINAL,18,24
mdp.39015014862257,139,5,1,Negro,NORP,41,46
mdp.39015014862257,139,5,2,Negroes,NORP,316,323
mdp.39015014862257,139,6,0,Samaritanlike,NORP,161,174
mdp.39015014862257,139,8,0,Marjorie,PERSON,8,16
mdp.39015014862257,139,8,1,135,CARDINAL,55,58
mdp.39015014862257,140,3,0,Marjorie,PERSON,89,97
mdp.39015014862257,140,6,0,Marjorie,PERSON,0,8
mdp.39015014862257,140,6,1,Negroes,NORP,46,53
mdp.39015014862257,140,7,0,Marjorie,PERSON,22,30
mdp.39015014862257,140,7,1,The Home for Wayward Girls,ORG,178,204
mdp.39015014862257,140,8,0,Negro,NORP,93,98
mdp.39015014862257,140,9,0,one hundred percent,PERCENT,113,132
mdp.39015014862257,140,12,0,Negro,NORP,33,38
mdp.39015014862257,140,13,0,Charles Rollins,PERSON,13,28
mdp.39015014862257,140,15,0,Negro,NORP,26,31
mdp.39015014862257,140,16,0,Charles,PERSON,0,7
mdp.39015014862257,140,16,1,four,CARDINAL,14,18
mdp.39015014862257,140,18,0,Marjorie,PERSON,154,162
mdp.39015014862257,141,1,0,Marjorie,PERSON,82,90
mdp.39015014862257,141,1,1,Marjorie,PERSON,152,160
mdp.39015014862257,141,1,2,Greyhound,PRODUCT,348,357
mdp.39015014862257,141,2,0,Christmas,DATE,149,158
mdp.39015014862257,141,3,0,that semester,DATE,176,189
mdp.39015014862257,141,4,0,first,ORDINAL,9,14
mdp.39015014862257,141,4,1,Marjorie,PERSON,19,27
mdp.39015014862257,141,6,0,Marjorie,PERSON,0,8
mdp.39015014862257,141,8,0,Ed,PERSON,14,16
mdp.39015014862257,141,11,0,Chicago,GPE,13,20
mdp.39015014862257,141,11,1,Christmas,DATE,33,42
mdp.39015014862257,141,11,2,Loop,LOC,99,103
mdp.39015014862257,141,13,0,137,CARDINAL,33,36
mdp.39015014862257,142,0,0,Christmas,DATE,29,38
mdp.39015014862257,142,1,0,Christmastime,DATE,130,143
mdp.39015014862257,142,8,0,Chicago,GPE,22,29
mdp.39015014862257,142,12,0,Ed,PERSON,65,67
mdp.39015014862257,142,13,0,eleven,TIME,36,42
mdp.39015014862257,142,13,1,weekdays,DATE,46,54
mdp.39015014862257,142,13,2,one o'clock,TIME,65,76
mdp.39015014862257,142,13,3,Saturdays,DATE,80,89
mdp.39015014862257,142,14,0,Marjorie,PERSON,23,31
mdp.39015014862257,142,16,0,Marge,PERSON,30,35
mdp.39015014862257,143,3,0,Marge,PERSON,0,5
mdp.39015014862257,143,4,0,Marge,PERSON,40,45
mdp.39015014862257,143,8,0,Marjorie,PERSON,117,125
mdp.39015014862257,143,10,0,Marjorie,PERSON,24,32
mdp.39015014862257,143,11,0,first,ORDINAL,42,47
mdp.39015014862257,143,13,0,Marge,PERSON,6,11
mdp.39015014862257,143,13,1,Marjorie,PERSON,63,71
mdp.39015014862257,143,13,2,Negro,NORP,78,83
mdp.39015014862257,143,14,0,American,NORP,104,112
mdp.39015014862257,143,14,1,a couple of centuries,DATE,123,144
mdp.39015014862257,143,14,2,139,CARDINAL,165,168
mdp.39015014862257,144,5,0,this coming Friday,DATE,14,32
mdp.39015014862257,144,5,1,Marge,PERSON,43,48
mdp.39015014862257,144,7,0,The 23rd,DATE,1,9
mdp.39015014862257,144,10,0,Marge,PERSON,0,5
mdp.39015014862257,144,18,0,the 23rd,DATE,43,51
mdp.39015014862257,144,19,0,the big Friday,DATE,5,19
mdp.39015014862257,144,19,1,Chicago,GPE,110,117
mdp.39015014862257,144,19,2,Marjorie,PERSON,126,134
mdp.39015014862257,145,0,0,63rd Street,FAC,48,59
mdp.39015014862257,145,0,1,second,ORDINAL,108,114
mdp.39015014862257,145,1,0,first,ORDINAL,11,16
mdp.39015014862257,145,1,1,Marge,PERSON,22,27
mdp.39015014862257,145,3,0,about twelve-thirty,TIME,21,40
mdp.39015014862257,145,6,0,one,CARDINAL,32,35
mdp.39015014862257,146,3,0,Marge,PERSON,27,32
mdp.39015014862257,146,7,0,European,NORP,1,9
mdp.39015014862257,146,9,0,one,CARDINAL,9,12
mdp.39015014862257,147,15,0,Marjorie,PERSON,50,58
mdp.39015014862257,147,17,0,first,ORDINAL,16,21
mdp.39015014862257,147,21,0,that night,TIME,56,66
mdp.39015014862257,147,22,0,one,CARDINAL,33,36
mdp.39015014862257,147,23,0,Marjorie,PERSON,13,21
mdp.39015014862257,147,23,1,Christmas,DATE,37,46
mdp.39015014862257,147,24,0,A week,DATE,0,6
mdp.39015014862257,147,25,0,Marjorie,PERSON,5,13
mdp.39015014862257,147,26,0,143,CARDINAL,0,3
mdp.39015014862257,148,0,0,Ed,PERSON,5,7
mdp.39015014862257,148,3,0,Marge,PERSON,9,14
mdp.39015014862257,148,5,0,Marge,PERSON,45,50
mdp.39015014862257,148,6,0,Ed,PERSON,36,38
mdp.39015014862257,148,10,0,Charles,PERSON,0,7
mdp.39015014862257,148,14,0,Negroes,NORP,23,30
mdp.39015014862257,148,31,0,Cat,PERSON,6,9
mdp.39015014862257,148,33,0,Marjorie,PERSON,1,9
mdp.39015014862257,149,4,0,Chicago,GPE,97,104
mdp.39015014862257,149,5,0,Christmas,DATE,44,53
mdp.39015014862257,149,6,0,today,DATE,17,22
mdp.39015014862257,149,8,0,Cat,PERSON,18,21
mdp.39015014862257,149,8,1,Honeybunch,PERSON,39,49
mdp.39015014862257,149,21,0,Columbus,GPE,54,62
mdp.39015014862257,149,21,1,the day,DATE,86,93
mdp.39015014862257,149,22,0,Marjorie,PERSON,5,13
mdp.39015014862257,149,22,1,a weekend,DATE,29,38
mdp.39015014862257,150,0,0,Ohio State,ORG,25,35
mdp.39015014862257,150,0,1,Negroes,NORP,52,59
mdp.39015014862257,150,2,0,Cat,PERSON,1,4
mdp.39015014862257,150,2,1,first,ORDINAL,55,60
mdp.39015014862257,150,6,0,Marjorie,PERSON,13,21
mdp.39015014862257,150,6,1,almost a month and a half,DATE,26,51
mdp.39015014862257,150,7,0,Marjorie,PERSON,0,8
mdp.39015014862257,150,9,0,Cat,PERSON,116,119
mdp.39015014862257,150,15,0,Spring,DATE,0,6
mdp.39015014862257,150,15,1,summer,DATE,100,106
mdp.39015014862257,151,0,0,rainy days,DATE,24,34
mdp.39015014862257,151,0,1,spring,DATE,90,96
mdp.39015014862257,151,2,0,A month,DATE,0,7
mdp.39015014862257,151,2,1,second,ORDINAL,128,134
mdp.39015014862257,151,3,0,Last night,TIME,0,10
mdp.39015014862257,151,4,0,Marjorie (Marge) Kathryn Chambers,PERSON,0,33
mdp.39015014862257,151,4,1,the Municipal Hospital,ORG,43,65
mdp.39015014862257,151,5,0,Sunday,DATE,0,6
mdp.39015014862257,151,5,1,Betty Sparks,PERSON,121,133
mdp.39015014862257,151,6,0,the Municipal Hospital,ORG,80,102
mdp.39015014862257,151,6,1,sixtwenty last night,TIME,121,141
mdp.39015014862257,151,7,0,Marjorie,PERSON,0,8
mdp.39015014862257,151,8,0,Marjorie,PERSON,0,8
mdp.39015014862257,151,13,0,Thantopsis,WORK_OF_ART,68,78
mdp.39015014862257,151,13,1,Dover Beach,WORK_OF_ART,82,93
mdp.39015014862257,151,13,2,To an Athlete Dying Young,WORK_OF_ART,101,126
mdp.39015014862257,152,2,0,Marjorie,PERSON,35,43
mdp.39015014862257,152,3,0,two,CARDINAL,20,23
mdp.39015014862257,152,4,0,two,CARDINAL,4,7
mdp.39015014862257,152,5,0,Marge,PERSON,45,50
mdp.39015014862257,152,7,0,Years later,DATE,0,11
mdp.39015014862257,152,7,1,Negro,NORP,20,25
mdp.39015014862257,152,7,2,Motherdear,PERSON,172,182
mdp.39015014862257,152,8,0,Old Home Week,EVENT,17,30
mdp.39015014862257,152,9,0,Marjorie,PERSON,22,30
mdp.39015014862257,152,10,0,Cat,PERSON,16,19
mdp.39015014862257,152,10,1,Marjorie,PERSON,27,35
mdp.39015014862257,152,12,0,that semester,DATE,73,86
mdp.39015014862257,152,20,0,nowadays,DATE,31,39
mdp.39015014862257,152,22,0,Marge,PERSON,8,13
mdp.39015014862257,152,24,0,Cat,PERSON,12,15
mdp.39015014862257,152,28,0,the College Chapel,FAC,15,33
mdp.39015014862257,152,29,0,Marjorie,PERSON,80,88
mdp.39015014862257,152,32,0,Marjorie,PERSON,14,22
mdp.39015014862257,153,1,0,Negroes,NORP,88,95
mdp.39015014862257,155,0,0,TWELVE,CARDINAL,8,14
mdp.39015014862257,155,0,1,Sunday,DATE,43,49
mdp.39015014862257,155,1,0,a Sunday,DATE,21,29
mdp.39015014862257,155,2,0,Sundays,DATE,19,26
mdp.39015014862257,155,2,1,week,DATE,62,66
mdp.39015014862257,155,2,2,week,DATE,70,74
mdp.39015014862257,155,3,0,the years,DATE,19,28
mdp.39015014862257,155,3,1,the week days,DATE,142,155
mdp.39015014862257,155,5,0,Sundays,DATE,44,51
mdp.39015014862257,155,6,0,ten years ago,DATE,83,96
mdp.39015014862257,155,7,0,the same day,DATE,24,36
mdp.39015014862257,155,7,1,the week,DATE,40,48
mdp.39015014862257,155,7,2,a Tuesday,DATE,75,84
mdp.39015014862257,155,7,3,a Saturday,DATE,93,103
mdp.39015014862257,155,7,4,a Sunday,DATE,163,171
mdp.39015014862257,155,8,0,Sundays,DATE,48,55
mdp.39015014862257,155,9,0,Dad,PERSON,80,83
mdp.39015014862257,156,1,0,Sundays,DATE,18,25
mdp.39015014862257,156,1,1,Sunday School,ORG,61,74
mdp.39015014862257,156,2,0,Sunday,DATE,11,17
mdp.39015014862257,156,2,1,morning,TIME,18,25
mdp.39015014862257,156,2,2,the Student Union,FAC,45,62
mdp.39015014862257,156,3,0,two,CARDINAL,45,48
mdp.39015014862257,156,6,0,a clear day,DATE,10,21
mdp.39015014862257,156,9,0,a few minutes,TIME,86,99
mdp.39015014862257,156,11,0,152,CARDINAL,120,123
mdp.39015014862257,157,2,0,first,ORDINAL,66,71
mdp.39015014862257,157,2,1,Friday,DATE,83,89
mdp.39015014862257,157,2,2,afternoon,TIME,90,99
mdp.39015014862257,157,2,3,Dad,PERSON,113,116
mdp.39015014862257,157,17,0,First,ORDINAL,0,5
mdp.39015014862257,157,18,0,the '20's,DATE,222,231
mdp.39015014862257,158,2,0,rakish,NORP,66,72
mdp.39015014862257,158,3,0,Dad,PERSON,7,10
mdp.39015014862257,158,4,0,three,CARDINAL,9,14
mdp.39015014862257,158,15,0,night,TIME,27,32
mdp.39015014862257,158,20,0,Nile,LOC,27,31
mdp.39015014862257,158,20,1,Cleopatra,PERSON,48,57
mdp.39015014862257,158,20,2,154,CARDINAL,151,154
mdp.39015014862257,159,8,0,about two or three in the afternoon,TIME,7,42
mdp.39015014862257,159,22,0,155,CARDINAL,0,3
mdp.39015014862257,160,1,0,a great day,DATE,69,80
mdp.39015014862257,160,4,0,a few dollars,MONEY,14,27
mdp.39015014862257,160,10,0,Biblical,NORP,20,28
mdp.39015014862257,160,15,0,Christian,NORP,53,62
mdp.39015014862257,160,15,1,today,DATE,63,68
mdp.39015014862257,160,26,0,Stoker,PERSON,44,50
mdp.39015014862257,161,0,0,today,DATE,73,78
mdp.39015014862257,161,4,0,One,CARDINAL,0,3
mdp.39015014862257,161,9,0,Mother,PERSON,12,18
mdp.39015014862257,161,10,0,Son,PERSON,11,14
mdp.39015014862257,161,11,0,Mother,PERSON,12,18
mdp.39015014862257,161,12,0,Mom,PERSON,16,19
mdp.39015014862257,164,0,0,5,CARDINAL,0,1
mdp.39015014862257,165,0,0,1,CARDINAL,0,1
mdp.39015014862257,165,0,1,1,CARDINAL,2,3
