vol_id,page,sentence_id,ent_id,entity,entity_type,start_char,end_char
mdp.39015000542905,2,0,0,Universitvo Michiñan Libraries,ORG,13,43
mdp.39015000542905,5,0,0,An Absence,PERSON,0,10
mdp.39015000542905,6,0,0,H. Orlando Patterson,PERSON,12,32
mdp.39015000542905,6,0,1,New Authors Ltd.,ORG,71,87
mdp.39015000542905,7,0,0,H. ORLANDO PATTERSON,PERSON,0,20
mdp.39015000542905,7,0,1,HUTCHINSON,PERSON,41,51
mdp.39015000542905,7,0,2,LONDON,GPE,55,61
mdp.39015000542905,8,0,0,HUTCHINSON & CO (Publishers) LTD,ORG,0,32
mdp.39015000542905,8,0,1,London,GPE,64,70
mdp.39015000542905,8,0,2,London,GPE,87,93
mdp.39015000542905,8,0,3,Melbourne,GPE,94,103
mdp.39015000542905,8,0,4,Sydney,GPE,104,110
mdp.39015000542905,8,0,5,Auckland,GPE,111,119
mdp.39015000542905,8,0,6,Bombay,GPE,120,126
mdp.39015000542905,8,0,7,Toronto,GPE,127,134
mdp.39015000542905,8,0,8,Johannesburg,GPE,135,147
mdp.39015000542905,8,0,9,New York,GPE,148,156
mdp.39015000542905,8,0,10,First,ORDINAL,157,162
mdp.39015000542905,8,0,11,1967,DATE,173,177
mdp.39015000542905,8,0,12,H. Orlando Patterson,PERSON,180,200
mdp.39015000542905,8,0,13,1967,DATE,201,205
mdp.39015000542905,8,0,14,Baskerville,GPE,232,243
mdp.39015000542905,8,0,15,Great Britain,GPE,256,269
mdp.39015000542905,8,0,16,Antique Wove,ORG,273,285
mdp.39015000542905,8,0,17,Anchor Press,ORG,295,307
mdp.39015000542905,8,0,18,Wm. Brendon,PERSON,322,333
mdp.39015000542905,8,0,19,Tiptree,GPE,343,350
mdp.39015000542905,8,0,20,Essex,GPE,352,357
mdp.39015000542905,9,1,0,Egypt,GPE,120,125
mdp.39015000542905,9,3,0,One,CARDINAL,48,51
mdp.39015000542905,9,3,1,one,CARDINAL,174,177
mdp.39015000542905,9,4,0,DEREK WALCOTT,PERSON,0,13
mdp.39015000542905,9,5,0,The Royal Palms,FAC,0,15
mdp.39015000542905,9,7,0,BESSIE SMITH,PERSON,0,12
mdp.39015000542905,11,0,0,Nerys,PERSON,4,9
mdp.39015000542905,13,0,0,ONE,CARDINAL,14,17
mdp.39015000542905,13,0,1,The Beast II,WORK_OF_ART,28,40
mdp.39015000542905,13,0,2,TWO,CARDINAL,46,49
mdp.39015000542905,13,0,3,The Noble Coward 79 PART THREE Exit,WORK_OF_ART,57,92
mdp.39015000542905,13,0,4,The Second Adam,WORK_OF_ART,94,109
mdp.39015000542905,13,0,5,129,CARDINAL,110,113
mdp.39015000542905,13,0,6,FOUR,CARDINAL,119,123
mdp.39015000542905,13,0,7,157,CARDINAL,137,140
mdp.39015000542905,15,0,0,One,CARDINAL,5,8
mdp.39015000542905,15,0,1,The Beast,PERSON,19,28
mdp.39015000542905,16,0,0,3,CARDINAL,0,1
mdp.39015000542905,17,3,0,"a dry, harsh August",DATE,12,31
mdp.39015000542905,18,6,0,later in the afternoon,TIME,73,95
mdp.39015000542905,19,0,0,THE BEAST 15,PERSON,10,22
mdp.39015000542905,19,7,0,hours,TIME,30,35
mdp.39015000542905,19,18,0,the Windward Road,FAC,14,31
mdp.39015000542905,19,22,0,RedStripe,PRODUCT,14,23
mdp.39015000542905,20,15,0,first,ORDINAL,4,9
mdp.39015000542905,20,16,0,second,ORDINAL,4,10
mdp.39015000542905,20,17,0,third,ORDINAL,7,12
mdp.39015000542905,20,17,1,fourth,ORDINAL,37,43
mdp.39015000542905,20,18,0,fifth,ORDINAL,8,13
mdp.39015000542905,20,19,0,one,CARDINAL,88,91
mdp.39015000542905,21,0,0,THE BEAST 17,PERSON,10,22
mdp.39015000542905,21,21,0,Revivalists,NORP,112,123
mdp.39015000542905,22,0,0,Jesus,PERSON,40,45
mdp.39015000542905,22,11,0,Bible,WORK_OF_ART,121,126
mdp.39015000542905,22,11,1,Jezebels,NORP,224,232
mdp.39015000542905,22,19,0,the Mountain View Road,FAC,49,71
mdp.39015000542905,23,0,0,THE BEAST 19 a,PERSON,10,24
mdp.39015000542905,23,6,0,two,CARDINAL,113,116
mdp.39015000542905,23,7,0,The Hermitage,FAC,37,50
mdp.39015000542905,23,10,0,mid-,DATE,7,11
mdp.39015000542905,23,10,1,week,DATE,11,15
mdp.39015000542905,23,13,0,Tiny,PERSON,206,210
mdp.39015000542905,24,7,0,my early student days,DATE,175,196
mdp.39015000542905,24,8,0,Japanese,NORP,15,23
mdp.39015000542905,24,10,0,One,CARDINAL,0,3
mdp.39015000542905,24,10,1,one,CARDINAL,7,10
mdp.39015000542905,24,14,0,three,CARDINAL,14,19
mdp.39015000542905,24,16,0,One,CARDINAL,0,3
mdp.39015000542905,24,17,0,Tiny,PERSON,25,29
mdp.39015000542905,24,18,0,third,ORDINAL,4,9
mdp.39015000542905,25,0,0,THE BEAST 21,PERSON,10,22
mdp.39015000542905,25,2,0,Mongoloid,NORP,31,40
mdp.39015000542905,25,4,0,Negroid,NORP,42,49
mdp.39015000542905,25,4,1,Chinese,NORP,65,72
mdp.39015000542905,25,4,2,two,CARDINAL,99,102
mdp.39015000542905,25,6,0,Negroes,NORP,75,82
mdp.39015000542905,25,11,0,these days,DATE,50,60
mdp.39015000542905,25,12,0,the next half-hour,TIME,75,93
mdp.39015000542905,26,0,0,one,CARDINAL,27,30
mdp.39015000542905,27,0,0,23,CARDINAL,20,22
mdp.39015000542905,27,6,0,fifty shillings,MONEY,11,26
mdp.39015000542905,27,8,0,another ten shillings,MONEY,11,32
mdp.39015000542905,28,3,0,four pounds,QUANTITY,3,14
mdp.39015000542905,28,5,0,two,CARDINAL,97,100
mdp.39015000542905,28,5,1,two,CARDINAL,107,110
mdp.39015000542905,28,5,2,two,CARDINAL,117,120
mdp.39015000542905,28,15,0,Richard,PERSON,1,8
mdp.39015000542905,28,19,0,Bessie Smith,PERSON,83,95
mdp.39015000542905,29,0,0,THE BEAST 25 >,PERSON,10,24
mdp.39015000542905,29,1,0,Mam,PERSON,20,23
mdp.39015000542905,29,6,0,tonight,TIME,50,57
mdp.39015000542905,29,8,0,Mam,PERSON,23,26
mdp.39015000542905,29,21,0,Pauline,PERSON,6,13
mdp.39015000542905,29,22,0,hundredth,ORDINAL,32,41
mdp.39015000542905,29,23,0,Pauline,PERSON,34,41
mdp.39015000542905,29,25,0,Tomorrow,DATE,1,9
mdp.39015000542905,30,5,0,Mam,PERSON,21,24
mdp.39015000542905,30,7,0,three,CARDINAL,28,33
mdp.39015000542905,30,23,0,less than two weeks,DATE,49,68
mdp.39015000542905,31,0,0,THE BEAST 27,PERSON,10,22
mdp.39015000542905,31,5,0,Mam,PERSON,5,8
mdp.39015000542905,31,8,0,a month,DATE,19,26
mdp.39015000542905,31,8,1,New York,GPE,32,40
mdp.39015000542905,31,12,0,Mam,PERSON,21,24
mdp.39015000542905,31,15,0,American,NORP,40,48
mdp.39015000542905,31,16,0,New York,GPE,43,51
mdp.39015000542905,31,19,0,London,GPE,19,25
mdp.39015000542905,31,20,0,a few days,DATE,34,44
mdp.39015000542905,31,23,0,London,GPE,23,29
mdp.39015000542905,31,23,1,New York,GPE,31,39
mdp.39015000542905,32,5,0,thirty years,DATE,25,37
mdp.39015000542905,32,16,0,Mam,PERSON,9,12
mdp.39015000542905,33,0,0,THE BEAST 29,PERSON,10,22
mdp.39015000542905,33,8,0,the day,DATE,75,82
mdp.39015000542905,33,11,0,two,CARDINAL,249,252
mdp.39015000542905,34,0,0,million,CARDINAL,75,82
mdp.39015000542905,35,13,0,Elaine,PERSON,114,120
mdp.39015000542905,35,14,0,Elaine,PERSON,0,6
mdp.39015000542905,36,1,0,one,CARDINAL,33,36
mdp.39015000542905,36,26,0,one,CARDINAL,38,41
mdp.39015000542905,37,26,0,half,CARDINAL,128,132
mdp.39015000542905,37,28,0,Pauline,PERSON,1,8
mdp.39015000542905,38,14,0,third,ORDINAL,54,59
mdp.39015000542905,41,0,0,THE BEAST 37 >,PERSON,10,24
mdp.39015000542905,41,7,0,seventeen,DATE,33,42
mdp.39015000542905,41,7,1,New York,GPE,65,73
mdp.39015000542905,41,9,0,months,DATE,62,68
mdp.39015000542905,41,17,0,England,GPE,17,24
mdp.39015000542905,42,4,0,Elaine,PERSON,16,22
mdp.39015000542905,42,10,0,AngloSaxon,NORP,19,29
mdp.39015000542905,42,12,0,AngloSaxon,NORP,31,41
mdp.39015000542905,43,0,0,39,CARDINAL,10,12
mdp.39015000542905,43,1,0,Anglo,NORP,51,56
mdp.39015000542905,43,1,1,-Saxon,NORP,56,62
mdp.39015000542905,43,6,0,Anglo-Saxon,NORP,31,42
mdp.39015000542905,43,6,1,Japanese,NORP,78,86
mdp.39015000542905,43,6,2,African,NORP,91,98
mdp.39015000542905,43,6,3,Indian,NORP,102,108
mdp.39015000542905,44,2,0,Elaine,PERSON,21,27
mdp.39015000542905,44,12,0,one,CARDINAL,5,8
mdp.39015000542905,45,0,0,THE BEAST 41,PERSON,10,22
mdp.39015000542905,45,6,0,Jamaican,NORP,2,10
mdp.39015000542905,45,6,1,one,CARDINAL,15,18
mdp.39015000542905,45,17,0,George,PERSON,51,57
mdp.39015000542905,45,17,1,Edward,PERSON,62,68
mdp.39015000542905,45,17,2,Neville,PERSON,73,80
mdp.39015000542905,45,18,0,one moment,TIME,23,33
mdp.39015000542905,46,15,0,England,GPE,14,21
mdp.39015000542905,46,16,0,Jamaica,GPE,44,51
mdp.39015000542905,48,0,0,Edward,PERSON,59,65
mdp.39015000542905,48,0,1,Alexander,PERSON,97,106
mdp.39015000542905,48,3,0,six,CARDINAL,11,14
mdp.39015000542905,48,3,1,Edward,PERSON,34,40
mdp.39015000542905,48,3,2,five-year,DATE,204,213
mdp.39015000542905,48,4,0,Lloyd,PERSON,0,5
mdp.39015000542905,48,4,1,Alexander,PERSON,141,150
mdp.39015000542905,48,10,0,Lloyd,PERSON,0,5
mdp.39015000542905,49,0,0,THE BEAST 45,PERSON,10,22
mdp.39015000542905,49,5,0,Alex,PERSON,25,29
mdp.39015000542905,49,18,0,Edward,PERSON,13,19
mdp.39015000542905,49,20,0,Lloyd,PERSON,37,42
mdp.39015000542905,49,24,0,Alex,PERSON,0,4
mdp.39015000542905,49,24,1,Lloyd,PERSON,26,31
mdp.39015000542905,50,1,0,Appleton,PRODUCT,50,58
mdp.39015000542905,50,2,0,Alex,PERSON,23,27
mdp.39015000542905,50,8,0,Carmen,PERSON,0,6
mdp.39015000542905,50,8,1,one,CARDINAL,58,61
mdp.39015000542905,50,12,0,England,GPE,45,52
mdp.39015000542905,50,16,0,half,CARDINAL,81,85
mdp.39015000542905,51,0,0,THE BEAST 47 •,PERSON,10,24
mdp.39015000542905,51,4,0,Lloyd,PERSON,0,5
mdp.39015000542905,51,5,0,Alex,PERSON,67,71
mdp.39015000542905,51,6,0,Alex,PERSON,25,29
mdp.39015000542905,51,6,1,this afternoon,TIME,78,92
mdp.39015000542905,51,9,0,Alex,PERSON,19,23
mdp.39015000542905,51,11,0,Lloyd,PERSON,0,5
mdp.39015000542905,51,11,1,first,ORDINAL,15,20
mdp.39015000542905,51,11,2,Alex,PERSON,32,36
mdp.39015000542905,51,14,0,Edward,PERSON,33,39
mdp.39015000542905,51,16,0,Lloyd,PERSON,16,21
mdp.39015000542905,51,18,0,Alex,PERSON,14,18
mdp.39015000542905,51,19,0,Edward,PERSON,0,6
mdp.39015000542905,51,19,1,Lloyd,PERSON,99,104
mdp.39015000542905,51,20,0,Lloyd,PERSON,0,5
mdp.39015000542905,52,6,0,Lloyd,PERSON,41,46
mdp.39015000542905,52,7,0,Lloyd,PERSON,0,5
mdp.39015000542905,52,10,0,Alex,PERSON,29,33
mdp.39015000542905,52,15,0,Twenty per cent,PERCENT,0,15
mdp.39015000542905,52,19,0,Alex,PERSON,13,17
mdp.39015000542905,53,0,0,49,CARDINAL,20,22
mdp.39015000542905,53,9,0,Alex,PERSON,15,19
mdp.39015000542905,53,17,0,Two,CARDINAL,0,3
mdp.39015000542905,53,20,0,Alex,PERSON,22,26
mdp.39015000542905,53,20,1,Joyce,PERSON,28,33
mdp.39015000542905,53,23,0,Joyce,PERSON,41,46
mdp.39015000542905,53,23,1,Edward,PERSON,49,55
mdp.39015000542905,53,29,0,Alex,PERSON,0,4
mdp.39015000542905,54,2,0,Lloyd,PERSON,0,5
mdp.39015000542905,54,10,0,Lloyd,PERSON,12,17
mdp.39015000542905,54,16,0,Alex,PERSON,5,9
mdp.39015000542905,54,16,1,Alex,PERSON,11,15
mdp.39015000542905,54,16,2,Alex,PERSON,17,21
mdp.39015000542905,54,16,3,Lloyd,PERSON,36,41
mdp.39015000542905,54,24,0,Negro,NORP,22,27
mdp.39015000542905,54,26,0,Jamaica,GPE,15,22
mdp.39015000542905,54,27,0,Uncle Sam,PERSON,0,9
mdp.39015000542905,54,27,1,every moment,TIME,40,52
mdp.39015000542905,54,29,0,Edward,PERSON,5,11
mdp.39015000542905,54,29,1,two,CARDINAL,31,34
mdp.39015000542905,54,29,2,Cuba,GPE,95,99
mdp.39015000542905,54,30,0,America,GPE,18,25
mdp.39015000542905,55,0,0,THE BEAST 51 >,PERSON,10,24
mdp.39015000542905,55,3,0,Carmen,PERSON,0,6
mdp.39015000542905,55,5,0,Carmen,PERSON,0,6
mdp.39015000542905,55,6,0,Carmen,PERSON,0,6
mdp.39015000542905,55,7,0,Carmen,PERSON,0,6
mdp.39015000542905,55,17,0,Lloyd,PERSON,26,31
mdp.39015000542905,55,21,0,Negro,NORP,38,43
mdp.39015000542905,55,21,1,Jamaican,NORP,55,63
mdp.39015000542905,55,26,0,Jamaican,NORP,43,51
mdp.39015000542905,55,26,1,Negro,NORP,83,88
mdp.39015000542905,56,3,0,Edward,PERSON,40,46
mdp.39015000542905,56,4,0,Alex,PERSON,24,28
mdp.39015000542905,56,5,0,Edward,PERSON,24,30
mdp.39015000542905,56,6,0,Edward,PERSON,23,29
mdp.39015000542905,56,7,0,Alex,PERSON,15,19
mdp.39015000542905,56,7,1,Edward,PERSON,27,33
mdp.39015000542905,56,15,0,Alex,PERSON,24,28
mdp.39015000542905,56,15,1,Edward,PERSON,62,68
mdp.39015000542905,57,0,0,53,CARDINAL,20,22
mdp.39015000542905,57,1,0,Edward,PERSON,83,89
mdp.39015000542905,57,1,1,Pauline,PERSON,128,135
mdp.39015000542905,57,2,0,Edward,PERSON,0,6
mdp.39015000542905,57,2,1,Alex,PERSON,93,97
mdp.39015000542905,57,2,2,Pauline,PERSON,102,109
mdp.39015000542905,57,3,0,Alex,PERSON,71,75
mdp.39015000542905,57,7,0,Edward,PERSON,4,10
mdp.39015000542905,57,14,0,Alex,PERSON,0,4
mdp.39015000542905,57,14,1,Carmen,PERSON,46,52
mdp.39015000542905,58,0,0,RUINS,PERSON,17,22
mdp.39015000542905,58,8,0,Alex,PERSON,0,4
mdp.39015000542905,58,8,1,first,ORDINAL,22,27
mdp.39015000542905,58,11,0,Jamaican,NORP,139,147
mdp.39015000542905,58,15,0,Edward,PERSON,6,12
mdp.39015000542905,59,0,0,THE BEAST 55 a,PERSON,10,24
mdp.39015000542905,59,7,0,Alex,PERSON,18,22
mdp.39015000542905,59,10,0,one brief,TIME,37,46
mdp.39015000542905,59,14,0,Alex,PERSON,25,29
mdp.39015000542905,59,15,0,Edward,PERSON,50,56
mdp.39015000542905,60,1,0,Joyce,PERSON,2,7
mdp.39015000542905,60,7,0,the Civil Service,ORG,14,31
mdp.39015000542905,60,11,0,Service,ORG,9,16
mdp.39015000542905,60,15,0,One morning,TIME,0,11
mdp.39015000542905,60,16,0,three,CARDINAL,30,35
mdp.39015000542905,60,16,1,the night before,TIME,40,56
mdp.39015000542905,60,19,0,Alex,PERSON,37,41
mdp.39015000542905,60,20,0,tonight,TIME,40,47
mdp.39015000542905,60,21,0,Joyce,PERSON,19,24
mdp.39015000542905,61,1,0,A second,TIME,0,8
mdp.39015000542905,61,2,0,evening,TIME,72,79
mdp.39015000542905,61,8,0,first,ORDINAL,27,32
mdp.39015000542905,61,11,0,English,NORP,193,200
mdp.39015000542905,61,13,0,Mary,PERSON,45,49
mdp.39015000542905,61,13,1,King's House,FAC,58,70
mdp.39015000542905,61,15,0,Alex,PERSON,0,4
mdp.39015000542905,62,0,0,RUINS,PERSON,17,22
mdp.39015000542905,62,0,1,Carmen,PERSON,33,39
mdp.39015000542905,62,0,2,seventeen,DATE,101,110
mdp.39015000542905,62,8,0,an hour or so,TIME,84,97
mdp.39015000542905,62,8,1,Alex,PERSON,105,109
mdp.39015000542905,62,10,0,Edward,PERSON,0,6
mdp.39015000542905,62,11,0,Alex,PERSON,50,54
mdp.39015000542905,62,13,0,Carmen,PERSON,46,52
mdp.39015000542905,62,14,0,today,DATE,55,60
mdp.39015000542905,63,13,0,Alex,PERSON,0,4
mdp.39015000542905,63,13,1,Edward,PERSON,102,108
mdp.39015000542905,63,13,2,John Fitzmaurice,PERSON,202,218
mdp.39015000542905,63,13,3,Jamaican,NORP,222,230
mdp.39015000542905,63,14,0,Alex,PERSON,0,4
mdp.39015000542905,63,14,1,Fitzmaurice,PERSON,147,158
mdp.39015000542905,63,15,0,Alex,PERSON,5,9
mdp.39015000542905,63,16,0,Fitzmaurice,PERSON,0,11
mdp.39015000542905,63,16,1,Englishman,NORP,57,67
mdp.39015000542905,64,0,0,English,LANGUAGE,23,30
mdp.39015000542905,64,1,0,Alex,PERSON,23,27
mdp.39015000542905,64,2,0,Fitzmaurice,PERSON,26,37
mdp.39015000542905,64,2,1,Englishman,NORP,133,143
mdp.39015000542905,64,2,2,Jamaican,NORP,211,219
mdp.39015000542905,64,5,0,Oxford,GPE,9,15
mdp.39015000542905,64,9,0,Alex,PERSON,24,28
mdp.39015000542905,64,9,1,Jamaicans,NORP,166,175
mdp.39015000542905,64,10,0,Fitzmaurice,PERSON,66,77
mdp.39015000542905,64,11,0,English,NORP,30,37
mdp.39015000542905,64,12,0,Alex,PERSON,15,19
mdp.39015000542905,64,12,1,Fitzmaurice,PERSON,70,81
mdp.39015000542905,64,13,0,Alex,PERSON,29,33
mdp.39015000542905,65,0,0,THE BEAST 61,PERSON,10,22
mdp.39015000542905,65,1,0,Fitzmaurice,PERSON,38,49
mdp.39015000542905,65,3,0,tonight,TIME,30,37
mdp.39015000542905,65,6,0,Alex,PERSON,0,4
mdp.39015000542905,65,7,0,Fitzmaurice,PERSON,11,22
mdp.39015000542905,65,9,0,two,CARDINAL,19,22
mdp.39015000542905,65,10,0,Alex,PERSON,43,47
mdp.39015000542905,65,11,0,Fitzmaurice,PERSON,0,11
mdp.39015000542905,65,11,1,Alex,PERSON,29,33
mdp.39015000542905,65,13,0,Alex,PERSON,31,35
mdp.39015000542905,65,16,0,Alex,PERSON,39,43
mdp.39015000542905,65,18,0,Alex,PERSON,68,72
mdp.39015000542905,65,18,1,Fitzmaurice,PERSON,114,125
mdp.39015000542905,66,2,0,Oxford,ORG,81,87
mdp.39015000542905,66,3,0,Alex,PERSON,0,4
mdp.39015000542905,66,4,0,Fitzmaurice,PERSON,27,38
mdp.39015000542905,66,9,0,Alex,PERSON,0,4
mdp.39015000542905,66,9,1,Fitzmaurice,PERSON,54,65
mdp.39015000542905,66,9,2,Englishman,NORP,219,229
mdp.39015000542905,66,10,0,Alex,PERSON,36,40
mdp.39015000542905,66,11,0,Fitzmaurice,PERSON,68,79
mdp.39015000542905,66,12,0,Fitzmaurice,PERSON,0,11
mdp.39015000542905,66,12,1,Alex,PERSON,135,139
mdp.39015000542905,66,14,0,Joyce,PERSON,16,21
mdp.39015000542905,66,15,0,Alex,PERSON,25,29
mdp.39015000542905,67,0,0,Negro,NORP,95,100
mdp.39015000542905,67,4,0,Jamaican,NORP,12,20
mdp.39015000542905,67,6,0,Rabelaisian,NORP,39,50
mdp.39015000542905,67,8,0,Alex,PERSON,225,229
mdp.39015000542905,67,8,1,tonight,TIME,295,302
mdp.39015000542905,67,13,0,Alex,PERSON,0,4
mdp.39015000542905,68,3,0,Joyce,PERSON,19,24
mdp.39015000542905,68,12,0,Carl,PERSON,32,36
mdp.39015000542905,68,12,1,the other day,DATE,44,57
mdp.39015000542905,68,13,0,Chinese,NORP,28,35
mdp.39015000542905,68,15,0,Carl,PERSON,18,22
mdp.39015000542905,68,19,0,Jamaican,NORP,102,110
mdp.39015000542905,68,19,1,Alex,PERSON,119,123
mdp.39015000542905,68,21,0,one,CARDINAL,167,170
mdp.39015000542905,68,22,0,Alex,PERSON,23,27
mdp.39015000542905,69,5,0,only one,CARDINAL,88,96
mdp.39015000542905,69,6,0,Alex,PERSON,48,52
mdp.39015000542905,69,11,0,first,ORDINAL,52,57
mdp.39015000542905,69,11,1,one,CARDINAL,87,90
mdp.39015000542905,69,11,2,three,CARDINAL,124,129
mdp.39015000542905,69,17,0,Lloyd,PERSON,18,23
mdp.39015000542905,69,17,1,Edward,PERSON,28,34
mdp.39015000542905,69,17,2,one,CARDINAL,74,77
mdp.39015000542905,69,17,3,two,CARDINAL,81,84
mdp.39015000542905,70,5,0,Jamaican,NORP,9,17
mdp.39015000542905,70,5,1,Jamaican,NORP,37,45
mdp.39015000542905,70,17,0,about an hour later,TIME,62,81
mdp.39015000542905,70,18,0,Carmen,PERSON,21,27
mdp.39015000542905,70,22,0,Edward,PERSON,1,7
mdp.39015000542905,71,0,0,THE BEAST 67,PERSON,10,22
mdp.39015000542905,71,7,0,tonight,TIME,28,35
mdp.39015000542905,72,6,0,tonight,TIME,29,36
mdp.39015000542905,72,14,0,Tomorrow,DATE,0,8
mdp.39015000542905,72,14,1,morning,TIME,9,16
mdp.39015000542905,72,15,0,roughly a pound,QUANTITY,68,83
mdp.39015000542905,73,0,0,THE BEAST 69,PERSON,10,22
mdp.39015000542905,73,1,0,Carmen,PERSON,37,43
mdp.39015000542905,74,0,0,70,CARDINAL,0,2
mdp.39015000542905,74,5,0,Tomorrow,DATE,0,8
mdp.39015000542905,74,5,1,morning,TIME,9,16
mdp.39015000542905,74,17,0,Day,DATE,0,3
mdp.39015000542905,75,0,0,71,CARDINAL,20,22
mdp.39015000542905,75,5,0,the morning,TIME,19,30
mdp.39015000542905,76,0,0,days,DATE,22,26
mdp.39015000542905,76,1,0,days,DATE,19,23
mdp.39015000542905,76,3,0,Days,DATE,0,4
mdp.39015000542905,76,4,0,Days,DATE,0,4
mdp.39015000542905,76,5,0,Days,DATE,0,4
mdp.39015000542905,76,6,0,Days,DATE,0,4
mdp.39015000542905,77,10,0,second,ORDINAL,53,59
mdp.39015000542905,77,10,1,Donne,PERSON,70,75
mdp.39015000542905,77,10,2,A Nocturnal Upon S. Lucies Day,WORK_OF_ART,79,109
mdp.39015000542905,78,8,0,first,ORDINAL,65,70
mdp.39015000542905,79,0,0,> 75,CARDINAL,10,14
mdp.39015000542905,79,8,0,Mozart,PERSON,16,22
mdp.39015000542905,79,9,0,Doris Day's,PERSON,0,11
mdp.39015000542905,79,9,1,Odeon,ORG,37,42
mdp.39015000542905,79,13,0,a week,DATE,5,11
mdp.39015000542905,79,18,0,the last night,TIME,71,85
mdp.39015000542905,79,21,0,one,CARDINAL,84,87
mdp.39015000542905,83,0,0,Two,CARDINAL,5,8
mdp.39015000542905,83,0,1,The Noble Coward,PERSON,16,32
mdp.39015000542905,85,0,0,Pauline,PERSON,22,29
mdp.39015000542905,85,4,0,Each evening,TIME,0,12
mdp.39015000542905,85,4,1,about nine,TIME,16,26
mdp.39015000542905,86,0,0,82,CARDINAL,0,2
mdp.39015000542905,86,3,0,Alex,PERSON,17,21
mdp.39015000542905,86,15,0,Alex,PERSON,14,18
mdp.39015000542905,86,21,0,first,ORDINAL,38,43
mdp.39015000542905,87,0,0,THE NOBLE COWARD 83,PERSON,7,26
mdp.39015000542905,88,10,0,two,CARDINAL,31,34
mdp.39015000542905,88,17,0,one,CARDINAL,123,126
mdp.39015000542905,89,0,0,THE NOBLE COWARD,PERSON,7,23
mdp.39015000542905,89,11,0,first,ORDINAL,96,101
mdp.39015000542905,90,1,0,Alex,PERSON,55,59
mdp.39015000542905,91,7,0,evening,TIME,134,141
mdp.39015000542905,92,0,0,Today,DATE,2,7
mdp.39015000542905,92,4,0,all day,DATE,26,33
mdp.39015000542905,92,10,0,many years,DATE,4,14
mdp.39015000542905,92,10,1,five-year,DATE,29,38
mdp.39015000542905,92,22,0,Mona Heights,GPE,133,145
mdp.39015000542905,93,0,0,THE NOBLE COWARD,PERSON,7,23
mdp.39015000542905,93,6,0,ten degrees,QUANTITY,9,20
mdp.39015000542905,93,7,0,ten degrees,QUANTITY,7,18
mdp.39015000542905,93,9,0,ten degrees,QUANTITY,59,70
mdp.39015000542905,93,13,0,Cuba,GPE,162,166
mdp.39015000542905,94,2,0,the Dominican Republic,GPE,74,96
mdp.39015000542905,94,2,1,Jamaica,GPE,184,191
mdp.39015000542905,94,8,0,nineteen-fifty-one,DATE,4,22
mdp.39015000542905,94,9,0,West Kingston,LOC,28,41
mdp.39015000542905,94,9,1,Gordon Town,GPE,129,140
mdp.39015000542905,94,10,0,miles away,TIME,152,162
mdp.39015000542905,95,14,0,a moment,TIME,3,11
mdp.39015000542905,96,3,0,another minute,TIME,92,106
mdp.39015000542905,96,5,0,third,ORDINAL,82,87
mdp.39015000542905,97,0,0,THE NOBLE COWARD,PERSON,7,23
mdp.39015000542905,98,0,0,Today,DATE,2,7
mdp.39015000542905,98,7,0,a hundred,CARDINAL,8,17
mdp.39015000542905,99,0,0,95,DATE,7,9
mdp.39015000542905,99,8,0,Ethiopia,GPE,83,91
mdp.39015000542905,99,8,1,Africa,LOC,135,141
mdp.39015000542905,99,10,0,half,CARDINAL,10,14
mdp.39015000542905,99,10,1,half,CARDINAL,117,121
mdp.39015000542905,99,14,0,one,CARDINAL,16,19
mdp.39015000542905,100,1,0,Babylon,GPE,72,79
mdp.39015000542905,100,1,1,Sodom,GPE,95,100
mdp.39015000542905,100,5,0,Israelites,NORP,129,139
mdp.39015000542905,100,6,0,Jew,NORP,11,14
mdp.39015000542905,100,10,0,Jews,NORP,148,152
mdp.39015000542905,100,11,0,Jew,NORP,90,93
mdp.39015000542905,100,11,1,Zion,LOC,112,116
mdp.39015000542905,100,13,0,Green Bay,LOC,62,71
mdp.39015000542905,101,2,0,a half-mile,QUANTITY,58,69
mdp.39015000542905,101,6,0,Columbus,PERSON,25,33
mdp.39015000542905,101,8,0,first,ORDINAL,17,22
mdp.39015000542905,101,8,1,first,ORDINAL,38,43
mdp.39015000542905,101,8,2,first,ORDINAL,61,66
mdp.39015000542905,101,11,0,first,ORDINAL,17,22
mdp.39015000542905,101,12,0,first,ORDINAL,2,7
mdp.39015000542905,101,23,0,sixth,ORDINAL,42,47
mdp.39015000542905,102,7,0,centuries,DATE,130,139
mdp.39015000542905,103,0,0,ENTER,PERSON,0,5
mdp.39015000542905,103,19,0,today,DATE,8,13
mdp.39015000542905,104,0,0,100,CARDINAL,0,3
mdp.39015000542905,104,4,0,only a few yards,QUANTITY,12,28
mdp.39015000542905,105,0,0,ENTER,PERSON,0,5
mdp.39015000542905,105,0,1,IOI,PERSON,24,27
mdp.39015000542905,105,14,0,millions,CARDINAL,69,77
mdp.39015000542905,106,0,0,102,CARDINAL,0,3
mdp.39015000542905,107,0,0,8 a,CARDINAL,0,3
mdp.39015000542905,107,3,0,the night,TIME,12,21
mdp.39015000542905,107,3,1,five in the morning,TIME,54,73
mdp.39015000542905,107,6,0,Parade,FAC,106,112
mdp.39015000542905,107,7,0,about five minutes,TIME,48,66
mdp.39015000542905,108,0,0,104,CARDINAL,0,3
mdp.39015000542905,108,12,0,Romans,NORP,36,42
mdp.39015000542905,108,15,0,Rabelaisian,NORP,23,34
mdp.39015000542905,108,18,0,a thousand years,DATE,18,34
mdp.39015000542905,109,0,0,105,CARDINAL,24,27
mdp.39015000542905,109,0,1,Arawak Indians,NORP,38,52
mdp.39015000542905,109,0,2,Spanish,NORP,94,101
mdp.39015000542905,109,0,3,half,CARDINAL,119,123
mdp.39015000542905,109,0,4,Caribs,NORP,137,143
mdp.39015000542905,109,3,0,a million,CARDINAL,19,28
mdp.39015000542905,109,4,0,the British Museum,ORG,18,36
mdp.39015000542905,109,4,1,the Public Records Office,ORG,38,63
mdp.39015000542905,109,4,2,the Institute of Jamaica,ORG,65,89
mdp.39015000542905,109,4,3,the Archives of Spanish Town,ORG,94,122
mdp.39015000542905,109,11,0,Alexander Blackman,PERSON,3,21
mdp.39015000542905,109,12,0,morning,TIME,35,42
mdp.39015000542905,111,1,0,the new day,DATE,31,42
mdp.39015000542905,111,11,0,Paradise,FAC,167,175
mdp.39015000542905,112,0,0,108,CARDINAL,0,3
mdp.39015000542905,112,0,1,the dawn,TIME,34,42
mdp.39015000542905,113,0,0,Elaine,PERSON,23,29
mdp.39015000542905,113,0,1,the Hall of Residence,FAC,82,103
mdp.39015000542905,113,8,0,one,CARDINAL,71,74
mdp.39015000542905,113,13,0,one,CARDINAL,4,7
mdp.39015000542905,113,13,1,English,LANGUAGE,49,56
mdp.39015000542905,114,8,0,William,PERSON,13,20
mdp.39015000542905,114,8,1,William,PERSON,27,34
mdp.39015000542905,114,9,0,William,PERSON,0,7
mdp.39015000542905,114,14,0,English,LANGUAGE,75,82
mdp.39015000542905,114,14,1,William,PERSON,168,175
mdp.39015000542905,114,19,0,William,PERSON,17,24
mdp.39015000542905,114,21,0,English,NORP,141,148
mdp.39015000542905,114,23,0,ten,DATE,33,36
mdp.39015000542905,115,2,0,William,PERSON,61,68
mdp.39015000542905,115,2,1,England,GPE,70,77
mdp.39015000542905,115,7,0,All Through the Night,WORK_OF_ART,20,41
mdp.39015000542905,115,7,1,Early One Morning,WORK_OF_ART,45,62
mdp.39015000542905,115,7,2,The Blue Bells of Scotland,WORK_OF_ART,66,92
mdp.39015000542905,115,10,0,Celtic,NORP,23,29
mdp.39015000542905,115,11,0,Wales,GPE,57,62
mdp.39015000542905,115,11,1,Scotland,GPE,70,78
mdp.39015000542905,115,11,2,England,GPE,86,93
mdp.39015000542905,116,2,0,one,CARDINAL,19,22
mdp.39015000542905,116,17,0,Brown Skin Gal,WORK_OF_ART,20,34
mdp.39015000542905,116,17,1,Linstead Market,WORK_OF_ART,37,52
mdp.39015000542905,116,17,2,Peel Head John-Crow,WORK_OF_ART,55,74
mdp.39015000542905,116,17,3,Solas Marketwhich,WORK_OF_ART,78,95
mdp.39015000542905,116,19,0,Annancy,PERSON,46,53
mdp.39015000542905,117,3,0,later than four in the afternoon,TIME,23,55
mdp.39015000542905,117,10,0,a hot afternoon,TIME,7,22
mdp.39015000542905,117,13,0,second,ORDINAL,76,82
mdp.39015000542905,118,0,0,114,CARDINAL,0,3
mdp.39015000542905,118,1,0,Alexander,PERSON,35,44
mdp.39015000542905,118,2,0,all day,DATE,29,36
mdp.39015000542905,118,8,0,three,CARDINAL,115,120
mdp.39015000542905,118,8,1,Lawd,PERSON,184,188
mdp.39015000542905,118,11,0,another hundred years,DATE,103,124
mdp.39015000542905,118,16,0,Alex,PERSON,38,42
mdp.39015000542905,118,18,0,a minute,TIME,6,14
mdp.39015000542905,118,19,0,Alex,PERSON,0,4
mdp.39015000542905,118,20,0,the Mountain View Road,FAC,33,55
mdp.39015000542905,119,4,0,ten,DATE,13,16
mdp.39015000542905,121,0,0,THE NOBLE COWARD,PERSON,7,23
mdp.39015000542905,122,0,0,118,CARDINAL,0,3
mdp.39015000542905,123,0,0,all day,DATE,40,47
mdp.39015000542905,123,1,0,first,ORDINAL,60,65
mdp.39015000542905,123,2,0,One,CARDINAL,0,3
mdp.39015000542905,124,11,0,one,CARDINAL,80,83
mdp.39015000542905,124,14,0,six o'clock,TIME,10,21
mdp.39015000542905,124,15,0,morning,TIME,6,13
mdp.39015000542905,124,16,0,evening,TIME,6,13
mdp.39015000542905,125,23,0,Africa,LOC,73,79
mdp.39015000542905,126,4,0,Ashanti,NORP,10,17
mdp.39015000542905,126,13,0,Oedipus,PERSON,0,7
mdp.39015000542905,126,18,0,thirty years ago,DATE,16,32
mdp.39015000542905,127,24,0,first,ORDINAL,14,19
mdp.39015000542905,127,24,1,the Harbour Street,FAC,56,74
mdp.39015000542905,128,2,0,Royal Mail,ORG,7,17
mdp.39015000542905,128,8,0,One,CARDINAL,0,3
mdp.39015000542905,128,16,0,a thousand,CARDINAL,10,20
mdp.39015000542905,129,10,0,Kingston,PERSON,112,120
mdp.39015000542905,129,12,0,Alex,PERSON,164,168
mdp.39015000542905,129,16,0,Alexander,PERSON,16,25
mdp.39015000542905,129,18,0,Alexander Blackman,PERSON,5,23
mdp.39015000542905,130,14,0,Alex,PERSON,13,17
mdp.39015000542905,130,21,0,Alexander,PERSON,15,24
mdp.39015000542905,130,23,0,the night,TIME,112,121
mdp.39015000542905,130,24,0,Alexander,PERSON,31,40
mdp.39015000542905,131,0,0,127,CARDINAL,24,27
mdp.39015000542905,131,7,0,Alexander,PERSON,9,18
mdp.39015000542905,132,14,0,Alexander Blackman,PERSON,4,22
mdp.39015000542905,133,0,0,Three,CARDINAL,5,10
mdp.39015000542905,133,0,1,Second,ORDINAL,21,27
mdp.39015000542905,133,1,0,one,CARDINAL,32,35
mdp.39015000542905,133,3,0,first,ORDINAL,100,105
mdp.39015000542905,133,5,0,MILTON,PERSON,0,6
mdp.39015000542905,133,5,1,Paradise Lost,WORK_OF_ART,9,22
mdp.39015000542905,133,5,2,10,CARDINAL,28,30
mdp.39015000542905,135,6,0,Alexander,PERSON,86,95
mdp.39015000542905,135,8,0,Alexander,PERSON,24,33
mdp.39015000542905,136,2,0,Alexander,PERSON,100,109
mdp.39015000542905,136,2,1,five pounds,MONEY,129,140
mdp.39015000542905,136,3,0,Alexander,PERSON,35,44
mdp.39015000542905,136,3,1,a week,DATE,105,111
mdp.39015000542905,136,5,0,Alexander,PERSON,0,9
mdp.39015000542905,136,5,1,the end of the week,DATE,26,45
mdp.39015000542905,136,11,0,Jamaican,NORP,30,38
mdp.39015000542905,136,14,0,third,ORDINAL,36,41
mdp.39015000542905,136,14,1,Alexander,PERSON,78,87
mdp.39015000542905,136,15,0,Jerico,GPE,76,82
mdp.39015000542905,136,15,1,Hanover,GPE,111,118
mdp.39015000542905,137,0,0,THE SECOND ADAM,PERSON,6,21
mdp.39015000542905,137,1,0,Montego Bay,LOC,21,32
mdp.39015000542905,137,1,1,fifty,CARDINAL,84,89
mdp.39015000542905,137,11,0,Alexander,PERSON,16,25
mdp.39015000542905,137,12,0,half,CARDINAL,59,63
mdp.39015000542905,137,13,0,many years,DATE,32,42
mdp.39015000542905,138,0,0,134,CARDINAL,0,3
mdp.39015000542905,138,4,0,million,CARDINAL,51,58
mdp.39015000542905,138,11,0,the Daily Gleaner,WORK_OF_ART,47,64
mdp.39015000542905,138,11,1,early in the mornings,TIME,101,122
mdp.39015000542905,138,12,0,the first morning,TIME,12,29
mdp.39015000542905,139,2,0,morning,TIME,127,134
mdp.39015000542905,139,4,0,five,CARDINAL,11,15
mdp.39015000542905,139,4,1,three,CARDINAL,24,29
mdp.39015000542905,139,10,0,morning,TIME,43,50
mdp.39015000542905,139,11,0,Morning,TIME,2,9
mdp.39015000542905,140,0,0,136,CARDINAL,0,3
mdp.39015000542905,140,2,0,Alexander,PERSON,0,9
mdp.39015000542905,140,2,1,several paces,QUANTITY,25,38
mdp.39015000542905,140,5,0,Alexander,PERSON,60,69
mdp.39015000542905,140,7,0,quarter-acre,QUANTITY,46,58
mdp.39015000542905,140,13,0,one,CARDINAL,21,24
mdp.39015000542905,140,14,0,Alex,PERSON,0,4
mdp.39015000542905,141,4,0,one,CARDINAL,18,21
mdp.39015000542905,141,8,0,The next morning,TIME,0,16
mdp.39015000542905,141,9,0,the third morning,TIME,21,38
mdp.39015000542905,141,15,0,the fourth morning,TIME,3,21
mdp.39015000542905,141,15,1,first,ORDINAL,36,41
mdp.39015000542905,141,16,0,fifth,ORDINAL,53,58
mdp.39015000542905,141,17,0,the fifth day,DATE,24,37
mdp.39015000542905,141,17,1,Alex,PERSON,42,46
mdp.39015000542905,142,4,0,those forty days,DATE,10,26
mdp.39015000542905,142,4,1,Jesus,PERSON,30,35
mdp.39015000542905,142,15,0,the sixth day,DATE,3,16
mdp.39015000542905,142,16,0,third,ORDINAL,33,38
mdp.39015000542905,142,17,0,the next day,DATE,52,64
mdp.39015000542905,142,18,0,the same day,DATE,7,19
mdp.39015000542905,143,2,0,one,CARDINAL,3,6
mdp.39015000542905,143,2,1,midnight,TIME,19,27
mdp.39015000542905,143,14,0,the eighth morning,TIME,3,21
mdp.39015000542905,144,0,0,140,CARDINAL,0,3
mdp.39015000542905,144,1,0,Alexander Blackman,PERSON,4,22
mdp.39015000542905,144,1,1,Rebecca Jones,PERSON,45,58
mdp.39015000542905,144,1,2,Wednesday of last week,DATE,121,143
mdp.39015000542905,144,2,0,Blackman,PERSON,4,12
mdp.39015000542905,144,2,1,the William Wilberforce Memorial High School,ORG,99,143
mdp.39015000542905,144,2,2,the University of the West Indies,ORG,156,189
mdp.39015000542905,144,2,3,Centenary,DATE,212,221
mdp.39015000542905,144,3,0,first,ORDINAL,10,15
mdp.39015000542905,144,3,1,1953,DATE,57,61
mdp.39015000542905,144,3,2,Oxford University,ORG,65,82
mdp.39015000542905,144,3,3,Rhodes,PERSON,88,94
mdp.39015000542905,144,3,4,The Contribution of the Negro to Western Civilisation,WORK_OF_ART,148,201
mdp.39015000542905,144,4,0,Oxford,ORG,14,20
mdp.39015000542905,144,4,1,Blackman,PERSON,25,33
mdp.39015000542905,144,4,2,1956,DATE,38,42
mdp.39015000542905,144,4,3,the University of the West Indies,ORG,56,89
mdp.39015000542905,144,4,4,a few months later,DATE,130,148
mdp.39015000542905,144,4,5,Pauline Richards,PERSON,174,190
mdp.39015000542905,144,5,0,1957,DATE,3,7
mdp.39015000542905,144,5,1,Blackman,PERSON,12,20
mdp.39015000542905,144,5,2,England,GPE,33,40
mdp.39015000542905,144,5,3,two years,DATE,61,70
mdp.39015000542905,144,5,4,June last year,DATE,88,102
mdp.39015000542905,144,5,5,the University of the West Indies,ORG,126,159
mdp.39015000542905,144,7,0,Blackman,PERSON,4,12
mdp.39015000542905,144,8,0,May of this year,DATE,51,67
mdp.39015000542905,144,10,0,Jones,PERSON,73,78
mdp.39015000542905,145,0,0,ADAM 141,PERSON,17,25
mdp.39015000542905,145,19,0,Alexander,PERSON,13,22
mdp.39015000542905,146,14,0,Lamb,PERSON,36,40
mdp.39015000542905,146,18,0,The next morning,TIME,0,16
mdp.39015000542905,147,0,0,THE SECOND ADAM,PERSON,6,21
mdp.39015000542905,147,1,0,the next day,DATE,119,131
mdp.39015000542905,147,2,0,the following morning,TIME,38,59
mdp.39015000542905,147,2,1,morning,TIME,155,162
mdp.39015000542905,147,4,0,third,ORDINAL,131,136
mdp.39015000542905,147,5,0,Rebecca Jones,PERSON,28,41
mdp.39015000542905,147,5,1,Alexander Blackman,PERSON,62,80
mdp.39015000542905,147,5,2,last Wednesday,DATE,124,138
mdp.39015000542905,147,5,3,yesterday,DATE,167,176
mdp.39015000542905,147,7,0,the Kingston Public Hospital,ORG,31,59
mdp.39015000542905,148,3,0,An hour later,TIME,0,13
mdp.39015000542905,148,6,0,tonight,TIME,13,20
mdp.39015000542905,148,6,1,Anglican,NORP,209,217
mdp.39015000542905,148,7,0,another three hours,TIME,7,26
mdp.39015000542905,148,7,1,Montego Bay,GPE,123,134
mdp.39015000542905,148,7,2,six o'clock train,TIME,184,201
mdp.39015000542905,148,8,0,Kingston,GPE,43,51
mdp.39015000542905,148,8,1,a half an hour later,TIME,71,91
mdp.39015000542905,148,8,2,American,NORP,119,127
mdp.39015000542905,149,8,0,one,CARDINAL,15,18
mdp.39015000542905,149,21,0,England,GPE,91,98
mdp.39015000542905,149,21,1,the West Indies,GPE,103,118
mdp.39015000542905,150,0,0,146,CARDINAL,0,3
mdp.39015000542905,150,7,0,Clarissa,PERSON,5,13
mdp.39015000542905,150,12,0,Alexander,PERSON,1,10
mdp.39015000542905,150,13,0,two,CARDINAL,10,13
mdp.39015000542905,150,15,0,three,CARDINAL,57,62
mdp.39015000542905,150,20,0,Alexander,PERSON,19,28
mdp.39015000542905,151,0,0,ADAM,PERSON,17,21
mdp.39015000542905,151,5,0,Jesus Christ Almighty,PERSON,0,21
mdp.39015000542905,151,12,0,Alexander,PERSON,36,45
mdp.39015000542905,151,14,0,Alexander,PERSON,17,26
mdp.39015000542905,151,16,0,Alexander,PERSON,39,48
mdp.39015000542905,151,20,0,Alexander,PERSON,0,9
mdp.39015000542905,152,4,0,one,CARDINAL,21,24
mdp.39015000542905,152,6,0,Clarissa,PERSON,107,115
mdp.39015000542905,153,0,0,SECOND,ORDINAL,10,16
mdp.39015000542905,153,9,0,first,ORDINAL,95,100
mdp.39015000542905,153,10,0,Alexander,PERSON,1,10
mdp.39015000542905,153,11,0,Pauline,PERSON,24,31
mdp.39015000542905,153,26,0,first,ORDINAL,23,28
mdp.39015000542905,154,32,0,Edward,PERSON,55,61
mdp.39015000542905,155,26,0,Edward,PERSON,9,15
mdp.39015000542905,155,26,1,tonight,TIME,34,41
mdp.39015000542905,155,28,0,a couple of days,DATE,24,40
mdp.39015000542905,156,2,0,the next afternoon,TIME,16,34
mdp.39015000542905,156,2,1,the May Pen Cemetery,FAC,38,58
mdp.39015000542905,156,4,0,Pearl,PERSON,97,102
mdp.39015000542905,156,4,1,Jackson,PERSON,108,115
mdp.39015000542905,156,4,2,Mass Rufus,PERSON,117,127
mdp.39015000542905,156,4,3,T. T. Brown,PERSON,132,143
mdp.39015000542905,156,5,0,Alexander,PERSON,149,158
mdp.39015000542905,156,6,0,Colin,PERSON,36,41
mdp.39015000542905,156,6,1,Alexander,PERSON,91,100
mdp.39015000542905,156,7,0,Jane,PERSON,15,19
mdp.39015000542905,156,8,0,Clarissa,PERSON,19,27
mdp.39015000542905,157,1,0,Edward,PERSON,0,6
mdp.39015000542905,157,1,1,Pauline,PERSON,11,18
mdp.39015000542905,159,0,0,one,CARDINAL,71,74
mdp.39015000542905,160,0,0,1,CARDINAL,0,1
mdp.39015000542905,160,0,1,1,CARDINAL,4,5
mdp.39015000542905,160,0,2,1,CARDINAL,8,9
mdp.39015000542905,160,0,3,1,CARDINAL,10,11
mdp.39015000542905,160,0,4,1,CARDINAL,12,13
mdp.39015000542905,161,0,0,Four,CARDINAL,5,9
mdp.39015000542905,161,3,0,DOSTOEVSKY,PERSON,0,10
mdp.39015000542905,163,0,0,London,GPE,7,13
mdp.39015000542905,163,0,1,December,DATE,33,41
mdp.39015000542905,163,0,2,Underground,FAC,210,221
mdp.39015000542905,163,8,0,one,CARDINAL,199,202
mdp.39015000542905,164,0,0,EPILOGUE,GPE,8,16
mdp.39015000542905,164,2,0,many shameful years ago,DATE,124,147
mdp.39015000542905,166,0,0,JUN 25 1980,DATE,37,48
mdp.39015000542905,166,0,1,AUG 1 8,DATE,49,56
mdp.39015000542905,166,1,0,JUN 25 1980 otttt 19.00,DATE,0,23
mdp.39015000542905,166,1,1,JAN 8.190,DATE,59,68
mdp.39015000542905,167,0,0,3 9015,CARDINAL,23,29
