vol_id,page,sentence_id,ent_id,entity,entity_type,start_char,end_char
mdp.39015034653744,2,0,0,THE UNIVE WARIES,PERSON,0,16
mdp.39015034653744,4,0,0,1,CARDINAL,0,1
mdp.39015034653744,4,0,1,1,CARDINAL,6,7
mdp.39015034653744,4,0,2,1,CARDINAL,8,9
mdp.39015034653744,4,0,3,1,CARDINAL,14,15
mdp.39015034653744,5,0,0,CALEB. MY SON,WORK_OF_ART,0,13
mdp.39015034653744,5,0,1,LUCY DANIELS,PERSON,25,37
mdp.39015034653744,5,0,2,PHILADELPHIA,GPE,63,75
mdp.39015034653744,5,0,3,NEW YORK,GPE,80,88
mdp.39015034653744,6,0,0,1956,DATE,15,19
mdp.39015034653744,6,0,1,LUCY DANIELS,PERSON,23,35
mdp.39015034653744,6,0,2,FIRST,ORDINAL,36,41
mdp.39015034653744,6,0,3,THE UNITED STATES OF AMERICA,GPE,61,89
mdp.39015034653744,6,0,4,56,CARDINAL,131,133
mdp.39015034653744,7,0,0,Dorothy Burdick,PERSON,12,27
mdp.39015034653744,9,0,0,1,CARDINAL,8,9
mdp.39015034653744,9,1,0,ASA,PERSON,0,3
mdp.39015034653744,9,1,1,three o'clock in the afternoon,TIME,52,82
mdp.39015034653744,9,2,0,Buick,PRODUCT,45,50
mdp.39015034653744,9,3,0,Asa,PERSON,48,51
mdp.39015034653744,9,4,0,Lola,PERSON,76,80
mdp.39015034653744,9,6,0,Lawrences,PERSON,34,43
mdp.39015034653744,9,6,1,Ellen,PERSON,50,55
mdp.39015034653744,9,6,2,nearly two years ago,DATE,104,124
mdp.39015034653744,9,6,3,Asa,PERSON,130,133
mdp.39015034653744,9,11,0,Asa,PERSON,1,4
mdp.39015034653744,9,12,0,Asa,PERSON,1,4
mdp.39015034653744,9,14,0,Liz'beth,PERSON,7,15
mdp.39015034653744,10,0,0,Caleb,PERSON,2,7
mdp.39015034653744,10,4,0,Martha,PERSON,48,54
mdp.39015034653744,10,6,0,Asa,PERSON,4,7
mdp.39015034653744,10,7,0,May,PERSON,123,126
mdp.39015034653744,10,14,0,Asa,PERSON,45,48
mdp.39015034653744,10,16,0,eighteen,DATE,3,11
mdp.39015034653744,10,19,0,last night,TIME,10,20
mdp.39015034653744,10,22,0,Liz'beth,PERSON,12,20
mdp.39015034653744,10,22,1,Charles,PERSON,29,36
mdp.39015034653744,10,27,0,May,PERSON,15,18
mdp.39015034653744,10,27,1,Effie,PERSON,40,45
mdp.39015034653744,10,29,0,Asa,PERSON,1,4
mdp.39015034653744,10,33,0,Asa,PERSON,0,3
mdp.39015034653744,10,34,0,Effie,PERSON,16,21
mdp.39015034653744,10,38,0,Effie,PERSON,0,5
mdp.39015034653744,11,0,0,Caleb,PERSON,0,5
mdp.39015034653744,11,0,1,9,CARDINAL,14,15
mdp.39015034653744,11,5,0,Ellen,PERSON,27,32
mdp.39015034653744,11,7,0,Asa,PERSON,22,25
mdp.39015034653744,11,9,0,Ellen,PERSON,15,20
mdp.39015034653744,11,9,1,only two months,DATE,25,40
mdp.39015034653744,11,10,0,Asa,PERSON,27,30
mdp.39015034653744,11,13,0,Liz'beth,PERSON,15,23
mdp.39015034653744,11,15,0,Ellen,PERSON,11,16
mdp.39015034653744,11,18,0,Liz'beth,PERSON,110,118
mdp.39015034653744,11,19,0,Charles,PERSON,33,40
mdp.39015034653744,11,23,0,Liz'beth,PERSON,17,25
mdp.39015034653744,11,32,0,Asa,PERSON,12,15
mdp.39015034653744,11,36,0,Joe,PERSON,4,7
mdp.39015034653744,11,36,1,Ellen,PERSON,11,16
mdp.39015034653744,11,37,0,Ellen,PERSON,21,26
mdp.39015034653744,12,0,0,Caleb,PERSON,3,8
mdp.39015034653744,12,3,0,Asa,PERSON,24,27
mdp.39015034653744,12,4,0,Henry,PERSON,40,45
mdp.39015034653744,12,6,0,Effie,PERSON,0,5
mdp.39015034653744,12,9,0,Charles,PERSON,9,16
mdp.39015034653744,12,10,0,Saturday,DATE,29,37
mdp.39015034653744,12,11,0,Saturday,DATE,41,49
mdp.39015034653744,12,11,1,night,TIME,50,55
mdp.39015034653744,12,12,0,Saturday,DATE,49,57
mdp.39015034653744,12,12,1,the very next day,DATE,68,85
mdp.39015034653744,12,14,0,Martha,PERSON,0,6
mdp.39015034653744,12,15,0,Martha,PERSON,21,27
mdp.39015034653744,12,17,0,only three,CARDINAL,10,20
mdp.39015034653744,12,17,1,Effie,PERSON,68,73
mdp.39015034653744,12,17,2,Asa,PERSON,78,81
mdp.39015034653744,12,17,3,five,CARDINAL,86,90
mdp.39015034653744,12,17,4,Blakes,PERSON,104,110
mdp.39015034653744,12,18,0,Asa,PERSON,59,62
mdp.39015034653744,12,19,0,Asa,PERSON,33,36
mdp.39015034653744,12,24,0,two-thirty,TIME,15,25
mdp.39015034653744,12,25,0,Liz'beth,PERSON,15,23
mdp.39015034653744,12,31,0,Martin Street,FAC,61,74
mdp.39015034653744,12,34,0,Joe,PERSON,0,3
mdp.39015034653744,12,35,0,Ellen,PERSON,0,5
mdp.39015034653744,12,35,1,Joe,PERSON,8,11
mdp.39015034653744,12,37,0,Martha,PERSON,0,6
mdp.39015034653744,12,41,0,Lawd,PERSON,1,5
mdp.39015034653744,12,42,0,Lawd,PERSON,0,4
mdp.39015034653744,13,0,0,Caleb,PERSON,0,5
mdp.39015034653744,13,0,1,11,CARDINAL,14,16
mdp.39015034653744,13,1,0,Ellen,PERSON,10,15
mdp.39015034653744,13,3,0,one,CARDINAL,19,22
mdp.39015034653744,13,6,0,Asa,PERSON,67,70
mdp.39015034653744,13,7,0,Ford,ORG,116,120
mdp.39015034653744,13,7,1,Charles,PERSON,125,132
mdp.39015034653744,13,9,0,Asa,PERSON,28,31
mdp.39015034653744,13,10,0,Henry,PERSON,18,23
mdp.39015034653744,13,10,1,Martha,PERSON,40,46
mdp.39015034653744,13,11,0,Henry,PERSON,0,5
mdp.39015034653744,13,13,0,Henry,PERSON,0,5
mdp.39015034653744,13,15,0,Henry,PERSON,0,5
mdp.39015034653744,13,15,1,Caleb,PERSON,28,33
mdp.39015034653744,13,16,0,Caleb,PERSON,0,5
mdp.39015034653744,13,17,0,Henry,PERSON,20,25
mdp.39015034653744,13,17,1,Asa,PERSON,50,53
mdp.39015034653744,13,18,0,Henry,PERSON,28,33
mdp.39015034653744,13,21,0,Pa,PERSON,13,15
mdp.39015034653744,13,22,0,Liz'beth,PERSON,7,15
mdp.39015034653744,13,27,0,Joe,PERSON,0,3
mdp.39015034653744,13,28,0,Martin Street,FAC,40,53
mdp.39015034653744,14,0,0,Caleb,PERSON,3,8
mdp.39015034653744,14,0,1,Lawd,PERSON,18,22
mdp.39015034653744,14,4,0,Asa,PERSON,0,3
mdp.39015034653744,14,4,1,Ford,ORG,24,28
mdp.39015034653744,14,5,0,Cameron Street,FAC,0,14
mdp.39015034653744,14,5,1,early afternoon,TIME,45,60
mdp.39015034653744,14,9,0,Asa,PERSON,81,84
mdp.39015034653744,14,10,0,Asa,PERSON,0,3
mdp.39015034653744,14,11,0,two-thirty in the afternoon,TIME,40,67
mdp.39015034653744,14,12,0,at least six o'clock,TIME,16,36
mdp.39015034653744,14,12,1,eight,TIME,57,62
mdp.39015034653744,14,16,0,Effie,PERSON,12,17
mdp.39015034653744,14,17,0,This afternoon,TIME,0,14
mdp.39015034653744,14,20,0,afternoon,TIME,125,134
mdp.39015034653744,14,21,0,the night,TIME,34,43
mdp.39015034653744,15,0,0,Caleb,PERSON,0,5
mdp.39015034653744,15,0,1,13,CARDINAL,14,16
mdp.39015034653744,15,0,2,Asa,PERSON,17,20
mdp.39015034653744,15,4,0,that summer,DATE,85,96
mdp.39015034653744,15,6,0,one,CARDINAL,12,15
mdp.39015034653744,15,6,1,this hour of the day,TIME,93,113
mdp.39015034653744,15,6,2,Asa,PERSON,115,118
mdp.39015034653744,15,7,0,Effie,PERSON,11,16
mdp.39015034653744,15,9,0,one,CARDINAL,62,65
mdp.39015034653744,15,10,0,the summer,DATE,44,54
mdp.39015034653744,15,11,0,Effie,PERSON,0,5
mdp.39015034653744,15,13,0,years,DATE,17,22
mdp.39015034653744,15,15,0,This afternoon,TIME,0,14
mdp.39015034653744,15,17,0,Effie,PERSON,0,5
mdp.39015034653744,15,17,1,Asa,PERSON,28,31
mdp.39015034653744,15,17,2,Sunday,DATE,59,65
mdp.39015034653744,15,18,0,Asa,PERSON,1,4
mdp.39015034653744,15,18,1,one,CARDINAL,27,30
mdp.39015034653744,15,19,0,Asa,PERSON,16,19
mdp.39015034653744,15,20,0,one,CARDINAL,16,19
mdp.39015034653744,15,21,0,Evah,PERSON,0,4
mdp.39015034653744,15,24,0,Asa,PERSON,0,3
mdp.39015034653744,16,0,0,Caleb,PERSON,3,8
mdp.39015034653744,16,1,0,Effie,PERSON,5,10
mdp.39015034653744,16,4,0,Dora,PERSON,1,5
mdp.39015034653744,16,6,0,Ellen,PERSON,13,18
mdp.39015034653744,16,6,1,Asa,PERSON,20,23
mdp.39015034653744,16,8,0,Effie,PERSON,0,5
mdp.39015034653744,16,9,0,Asa,PERSON,16,19
mdp.39015034653744,16,9,1,Ellen,PERSON,50,55
mdp.39015034653744,16,10,0,Ellen,PERSON,0,5
mdp.39015034653744,16,12,0,five,CARDINAL,9,13
mdp.39015034653744,16,14,0,Ellen,PERSON,1,6
mdp.39015034653744,16,14,1,Asa,PERSON,16,19
mdp.39015034653744,16,17,0,Asa,PERSON,0,3
mdp.39015034653744,16,22,0,Ellen chile,PERSON,13,24
mdp.39015034653744,16,24,0,Ellen,PERSON,10,15
mdp.39015034653744,16,26,0,Ellen,PERSON,0,5
mdp.39015034653744,16,27,0,Liza,PERSON,65,69
mdp.39015034653744,16,27,1,May,PERSON,124,127
mdp.39015034653744,16,27,2,Saul,PERSON,175,179
mdp.39015034653744,16,28,0,Ellen,PERSON,9,14
mdp.39015034653744,17,0,0,Caleb,PERSON,0,5
mdp.39015034653744,17,1,0,Ellen,PERSON,0,5
mdp.39015034653744,17,3,0,Ellen,PERSON,0,5
mdp.39015034653744,17,8,0,Asa,PERSON,0,3
mdp.39015034653744,17,9,0,one,CARDINAL,35,38
mdp.39015034653744,17,12,0,Joseph,PERSON,40,46
mdp.39015034653744,17,13,0,Asa,PERSON,11,14
mdp.39015034653744,18,0,0,2,CARDINAL,8,9
mdp.39015034653744,18,1,0,Wilson Builders Inc.,ORG,16,36
mdp.39015034653744,18,6,0,three-thirty,TIME,7,19
mdp.39015034653744,18,6,1,Asa,PERSON,44,47
mdp.39015034653744,18,6,2,Ellen,PERSON,68,73
mdp.39015034653744,18,9,0,Cronin,PERSON,17,23
mdp.39015034653744,18,9,1,Asa,PERSON,65,68
mdp.39015034653744,18,10,0,Blake,PERSON,7,12
mdp.39015034653744,18,11,0,Joe Marsh,PERSON,42,51
mdp.39015034653744,18,12,0,second,ORDINAL,77,83
mdp.39015034653744,18,13,0,Asa,PERSON,11,14
mdp.39015034653744,18,14,0,Caleb,PERSON,69,74
mdp.39015034653744,18,15,0,Caleb,PERSON,0,5
mdp.39015034653744,18,16,0,Mistah Cronin,PERSON,1,14
mdp.39015034653744,18,18,0,Joe,PERSON,0,3
mdp.39015034653744,19,0,0,Caleb,PERSON,0,5
mdp.39015034653744,19,0,1,seven,CARDINAL,39,44
mdp.39015034653744,19,2,0,Mistah Cronin,PERSON,0,13
mdp.39015034653744,19,5,0,Ellen,PERSON,25,30
mdp.39015034653744,19,7,0,Blake,PERSON,24,29
mdp.39015034653744,19,8,0,Wilson Incorporated,ORG,0,19
mdp.39015034653744,19,11,0,Asa,PERSON,0,3
mdp.39015034653744,19,12,0,Joe,PERSON,0,3
mdp.39015034653744,19,16,0,Joe,PERSON,9,12
mdp.39015034653744,19,16,1,only six years,DATE,20,34
mdp.39015034653744,19,18,0,Asa,PERSON,0,3
mdp.39015034653744,19,21,0,Rogers,PERSON,5,11
mdp.39015034653744,19,21,1,ten minutes,TIME,29,40
mdp.39015034653744,19,22,0,Evans,PERSON,17,22
mdp.39015034653744,19,24,0,Cronin,PERSON,4,10
mdp.39015034653744,19,25,0,Blake,PERSON,18,23
mdp.39015034653744,19,30,0,two,CARDINAL,4,7
mdp.39015034653744,19,31,0,Asa,PERSON,0,3
mdp.39015034653744,19,34,0,Caleb,PERSON,30,35
mdp.39015034653744,19,34,1,every extra penny,MONEY,78,95
mdp.39015034653744,19,35,0,Cronin,PERSON,39,45
mdp.39015034653744,19,35,1,Ellen,PERSON,63,68
mdp.39015034653744,20,0,0,Caleb,PERSON,3,8
mdp.39015034653744,20,1,0,Charles,PERSON,54,61
mdp.39015034653744,20,2,0,Charles,PERSON,21,28
mdp.39015034653744,20,3,0,Winbourne's Funeral Home,ORG,22,46
mdp.39015034653744,20,5,0,Negroes,NORP,90,97
mdp.39015034653744,20,7,0,Asa,ORG,48,51
mdp.39015034653744,20,9,0,Asa,ORG,83,86
mdp.39015034653744,20,11,0,Joe,PERSON,87,90
mdp.39015034653744,20,12,0,Asa,PERSON,37,40
mdp.39015034653744,20,14,0,Cronin,PERSON,26,32
mdp.39015034653744,20,15,0,Blake,PERSON,9,14
mdp.39015034653744,20,17,0,Caleb,PERSON,0,5
mdp.39015034653744,20,17,1,that evening,TIME,38,50
mdp.39015034653744,20,19,0,Caleb,PERSON,4,9
mdp.39015034653744,20,22,0,twenty-two,DATE,3,13
mdp.39015034653744,20,23,0,Caleb Blake,PERSON,128,139
mdp.39015034653744,20,24,0,This evening,TIME,0,12
mdp.39015034653744,21,0,0,Caleb,PERSON,0,5
mdp.39015034653744,21,0,1,Joe,PERSON,44,47
mdp.39015034653744,21,2,0,Caleb,PERSON,0,5
mdp.39015034653744,21,4,0,Joe,PERSON,44,47
mdp.39015034653744,21,4,1,less than a week ago,DATE,48,68
mdp.39015034653744,21,5,0,Joe,PERSON,42,45
mdp.39015034653744,21,6,0,Joe,PERSON,19,22
mdp.39015034653744,21,6,1,Martin Street,FAC,76,89
mdp.39015034653744,21,6,2,Joe,PERSON,101,104
mdp.39015034653744,21,8,0,Caleb,PERSON,0,5
mdp.39015034653744,21,12,0,Cameron Street,FAC,72,86
mdp.39015034653744,21,13,0,Saul,PERSON,22,26
mdp.39015034653744,21,13,1,a few minutes,TIME,65,78
mdp.39015034653744,21,14,0,evening,TIME,85,92
mdp.39015034653744,21,14,1,Effie,PERSON,107,112
mdp.39015034653744,21,15,0,Effie,PERSON,76,81
mdp.39015034653744,21,15,1,quarter past five,TIME,114,131
mdp.39015034653744,21,16,0,Caleb,PERSON,58,63
mdp.39015034653744,21,18,0,May,DATE,0,3
mdp.39015034653744,21,19,0,Ellen,PERSON,0,5
mdp.39015034653744,21,19,1,Dora,PERSON,21,25
mdp.39015034653744,21,20,0,Saul,PERSON,0,4
mdp.39015034653744,21,20,1,Henry,PERSON,9,14
mdp.39015034653744,21,21,0,Asa,PERSON,5,8
mdp.39015034653744,21,21,1,Liza,PERSON,13,17
mdp.39015034653744,22,0,0,Caleb,PERSON,3,8
mdp.39015034653744,22,1,0,Saul,PERSON,22,26
mdp.39015034653744,22,2,0,Caleb,PERSON,4,9
mdp.39015034653744,22,2,1,six-thirty,TIME,24,34
mdp.39015034653744,22,4,0,seventhirty,TIME,17,28
mdp.39015034653744,22,6,0,May,PERSON,0,3
mdp.39015034653744,22,7,0,Liza,PERSON,11,15
mdp.39015034653744,22,9,0,Twenty-five,CARDINAL,0,11
mdp.39015034653744,22,11,0,May,DATE,4,7
mdp.39015034653744,22,13,0,Henry,PERSON,4,9
mdp.39015034653744,22,15,0,May,PERSON,33,36
mdp.39015034653744,22,16,0,her eighteen years,DATE,37,55
mdp.39015034653744,22,20,0,May,PERSON,8,11
mdp.39015034653744,22,21,0,Effie,PERSON,0,5
mdp.39015034653744,22,21,1,Dora,PERSON,77,81
mdp.39015034653744,22,22,0,Asa,PERSON,0,3
mdp.39015034653744,23,0,0,Caleb,PERSON,0,5
mdp.39015034653744,23,0,1,21,DATE,14,16
mdp.39015034653744,23,3,0,Ellen,PERSON,50,55
mdp.39015034653744,23,4,0,Liza,PERSON,65,69
mdp.39015034653744,23,7,0,Ellen,PERSON,11,16
mdp.39015034653744,23,7,1,May,PERSON,64,67
mdp.39015034653744,23,9,0,Asa,PERSON,19,22
mdp.39015034653744,23,11,0,Blake,PERSON,66,71
mdp.39015034653744,23,11,1,fifth,ORDINAL,133,138
mdp.39015034653744,23,12,0,Asa,PERSON,24,27
mdp.39015034653744,23,15,0,Saul,PERSON,31,35
mdp.39015034653744,23,16,0,Effie,PERSON,0,5
mdp.39015034653744,23,17,0,six twenty-five,TIME,8,23
mdp.39015034653744,23,18,0,Ten mo' minutes,TIME,1,16
mdp.39015034653744,23,19,0,ten mo' minutes,TIME,11,26
mdp.39015034653744,23,23,0,Saul,PERSON,0,4
mdp.39015034653744,23,25,0,every night,TIME,106,117
mdp.39015034653744,23,26,0,Caleb,PERSON,14,19
mdp.39015034653744,23,27,0,Saul,PERSON,38,42
mdp.39015034653744,24,0,0,Caleb,PERSON,3,8
mdp.39015034653744,24,0,1,the day,DATE,28,35
mdp.39015034653744,24,1,0,Caleb,PERSON,22,27
mdp.39015034653744,24,1,1,tonight,TIME,102,109
mdp.39015034653744,24,2,0,Effie,PERSON,0,5
mdp.39015034653744,24,2,1,a few seconds,TIME,52,65
mdp.39015034653744,24,5,0,Saul,PERSON,0,4
mdp.39015034653744,24,6,0,first,ORDINAL,8,13
mdp.39015034653744,24,6,1,Joe,PERSON,139,142
mdp.39015034653744,24,7,0,Caleb,PERSON,0,5
mdp.39015034653744,24,8,0,Joe,PERSON,31,34
mdp.39015034653744,24,9,0,Caleb,PERSON,28,33
mdp.39015034653744,24,10,0,twelve years,DATE,51,63
mdp.39015034653744,24,11,0,Caleb,PERSON,0,5
mdp.39015034653744,24,14,0,Pa,PERSON,7,9
mdp.39015034653744,24,16,0,Asa,PERSON,0,3
mdp.39015034653744,24,17,0,Caleb,PERSON,68,73
mdp.39015034653744,24,19,0,afternoon,TIME,45,54
mdp.39015034653744,24,20,0,Effie,PERSON,13,18
mdp.39015034653744,24,21,0,Caleb,PERSON,9,14
mdp.39015034653744,24,22,0,Ellen,PERSON,10,15
mdp.39015034653744,24,23,0,Caleb,PERSON,0,5
mdp.39015034653744,25,0,0,Caleb,PERSON,0,5
mdp.39015034653744,25,0,1,23,CARDINAL,14,16
mdp.39015034653744,25,1,0,Ellen,PERSON,26,31
mdp.39015034653744,25,6,0,Ellen,PERSON,0,5
mdp.39015034653744,25,7,0,Dora,PERSON,31,35
mdp.39015034653744,25,8,0,Ellen,PERSON,24,29
mdp.39015034653744,25,8,1,Effie,PERSON,32,37
mdp.39015034653744,25,10,0,Ellen,PERSON,0,5
mdp.39015034653744,25,11,0,Dora,PERSON,34,38
mdp.39015034653744,25,13,0,Caleb,PERSON,74,79
mdp.39015034653744,25,23,0,Asa,PERSON,0,3
mdp.39015034653744,25,31,0,Caleb,PERSON,0,5
mdp.39015034653744,25,32,0,Caleb,PERSON,1,6
mdp.39015034653744,25,32,1,Effie,PERSON,49,54
mdp.39015034653744,25,34,0,Caleb,PERSON,4,9
mdp.39015034653744,25,34,1,Joe,PERSON,38,41
mdp.39015034653744,25,35,0,Joe,PERSON,0,3
mdp.39015034653744,26,0,0,24,CARDINAL,0,2
mdp.39015034653744,26,1,0,Caleb,PERSON,0,5
mdp.39015034653744,26,2,0,Asa,PERSON,24,27
mdp.39015034653744,26,3,0,Mistah Charles,PERSON,20,34
mdp.39015034653744,26,9,0,Mistah Charles,PERSON,16,30
mdp.39015034653744,26,12,0,Caleb,PERSON,9,14
mdp.39015034653744,26,12,1,Effie,PERSON,17,22
mdp.39015034653744,26,16,0,Mistah Charles,PERSON,28,42
mdp.39015034653744,26,20,0,Saul,PERSON,0,4
mdp.39015034653744,26,21,0,Effie,PERSON,11,16
mdp.39015034653744,26,21,1,Henry,PERSON,18,23
mdp.39015034653744,26,21,2,Liza,PERSON,25,29
mdp.39015034653744,26,23,0,Saul,PERSON,58,62
mdp.39015034653744,26,23,1,this night,TIME,141,151
mdp.39015034653744,26,24,0,Asa,PERSON,0,3
mdp.39015034653744,26,25,0,Caleb,PERSON,9,14
mdp.39015034653744,26,27,0,Tonight,TIME,0,7
mdp.39015034653744,26,30,0,Caleb,PERSON,0,5
mdp.39015034653744,27,0,0,3,CARDINAL,8,9
mdp.39015034653744,27,1,0,that night,TIME,36,46
mdp.39015034653744,27,2,0,midnight,TIME,133,141
mdp.39015034653744,27,7,0,one,CARDINAL,39,42
mdp.39015034653744,27,8,0,Tonight,TIME,0,7
mdp.39015034653744,27,10,0,evening,TIME,96,103
mdp.39015034653744,27,11,0,Caleb,PERSON,4,9
mdp.39015034653744,27,14,0,Caleb,PERSON,0,5
mdp.39015034653744,27,14,1,eight o'clock to,TIME,34,50
mdp.39015034653744,27,14,2,five o'clock,TIME,51,63
mdp.39015034653744,27,14,3,six days,DATE,64,72
mdp.39015034653744,27,15,0,Washington,GPE,97,107
mdp.39015034653744,27,16,0,25,CARDINAL,13,15
mdp.39015034653744,28,0,0,Caleb,PERSON,3,8
mdp.39015034653744,28,3,0,Caleb,PERSON,0,5
mdp.39015034653744,28,11,0,Saul,PERSON,0,4
mdp.39015034653744,28,14,0,almost every night,DATE,31,49
mdp.39015034653744,28,16,0,Caleb,PERSON,13,18
mdp.39015034653744,28,17,0,Caleb,PERSON,0,5
mdp.39015034653744,28,17,1,Christ,PERSON,46,52
mdp.39015034653744,28,18,0,one,CARDINAL,11,14
mdp.39015034653744,28,18,1,Saul,PERSON,22,26
mdp.39015034653744,28,19,0,Saul,PERSON,1,5
mdp.39015034653744,28,20,0,Saul,PERSON,0,4
mdp.39015034653744,28,21,0,May,PERSON,0,3
mdp.39015034653744,28,22,0,Caleb,PERSON,33,38
mdp.39015034653744,28,24,0,May,PERSON,45,48
mdp.39015034653744,29,0,0,Caleb,PERSON,0,5
mdp.39015034653744,29,0,1,Saul,PERSON,17,21
mdp.39015034653744,29,3,0,a few minutes,TIME,4,17
mdp.39015034653744,29,3,1,Caleb,PERSON,94,99
mdp.39015034653744,29,5,0,Caleb,PERSON,0,5
mdp.39015034653744,29,14,0,Joe,PERSON,24,27
mdp.39015034653744,29,19,0,Saul,PERSON,0,4
mdp.39015034653744,29,20,0,twelve,DATE,3,9
mdp.39015034653744,29,20,1,Saul,PERSON,11,15
mdp.39015034653744,29,21,0,Caleb,PERSON,26,31
mdp.39015034653744,29,24,0,two,CARDINAL,21,24
mdp.39015034653744,29,26,0,Saul,PERSON,33,37
mdp.39015034653744,29,27,0,two,CARDINAL,128,131
mdp.39015034653744,29,28,0,Caleb,PERSON,50,55
mdp.39015034653744,29,29,0,Caleb,PERSON,5,10
mdp.39015034653744,30,0,0,Caleb,PERSON,3,8
mdp.39015034653744,30,4,0,Saul,PERSON,59,63
mdp.39015034653744,30,5,0,Elizabeth,PERSON,52,61
mdp.39015034653744,30,9,0,Caleb,PERSON,4,9
mdp.39015034653744,30,11,0,Caleb,PERSON,140,145
mdp.39015034653744,30,12,0,Charles,PERSON,96,103
mdp.39015034653744,30,13,0,Effie,PERSON,0,5
mdp.39015034653744,30,13,1,Asa,PERSON,11,14
mdp.39015034653744,30,15,0,Caleb,PERSON,0,5
mdp.39015034653744,30,17,0,Effie,PERSON,0,5
mdp.39015034653744,30,18,0,Caleb,PERSON,32,37
mdp.39015034653744,30,19,0,Caleb,PERSON,0,5
mdp.39015034653744,30,20,0,tonight,TIME,30,37
mdp.39015034653744,30,21,0,Saul,PERSON,0,4
mdp.39015034653744,30,22,0,Saul,PERSON,5,9
mdp.39015034653744,31,0,0,Caleb,PERSON,0,5
mdp.39015034653744,31,2,0,Caleb,PERSON,0,5
mdp.39015034653744,31,3,0,Joe,PERSON,74,77
mdp.39015034653744,31,5,0,One,CARDINAL,0,3
mdp.39015034653744,31,13,0,Caleb,PERSON,21,26
mdp.39015034653744,31,17,0,Saul,PERSON,0,4
mdp.39015034653744,31,17,1,a few seconds,TIME,20,33
mdp.39015034653744,31,18,0,Caleb,PERSON,0,5
mdp.39015034653744,31,20,0,one,CARDINAL,38,41
mdp.39015034653744,31,20,1,Saul,PERSON,71,75
mdp.39015034653744,31,25,0,May,DATE,0,3
mdp.39015034653744,31,25,1,Henry,PERSON,24,29
mdp.39015034653744,31,28,0,Caleb,PERSON,18,23
mdp.39015034653744,32,0,0,4,CARDINAL,8,9
mdp.39015034653744,32,1,0,JOE,PERSON,0,3
mdp.39015034653744,32,1,1,the twenty-seventh of April,DATE,18,45
mdp.39015034653744,32,2,0,Blakes,PERSON,123,129
mdp.39015034653744,32,2,1,that day,DATE,147,155
mdp.39015034653744,32,3,0,Ellen,PERSON,0,5
mdp.39015034653744,32,3,1,Joe,PERSON,50,53
mdp.39015034653744,32,3,2,three,CARDINAL,65,70
mdp.39015034653744,32,4,0,The day,DATE,0,7
mdp.39015034653744,32,4,1,Henry,PERSON,26,31
mdp.39015034653744,32,4,2,Asa,PERSON,36,39
mdp.39015034653744,32,4,3,Cameron Street,FAC,152,166
mdp.39015034653744,32,6,0,Ellen,PERSON,9,14
mdp.39015034653744,32,8,0,Caleb,PERSON,0,5
mdp.39015034653744,32,9,0,Effie,PERSON,9,14
mdp.39015034653744,32,9,1,Henry,PERSON,34,39
mdp.39015034653744,32,11,0,Saul,PERSON,3,7
mdp.39015034653744,32,12,0,Caleb,PERSON,0,5
mdp.39015034653744,32,13,0,Saul,PERSON,78,82
mdp.39015034653744,32,13,1,Henry,PERSON,86,91
mdp.39015034653744,32,16,0,Caleb,PERSON,33,38
mdp.39015034653744,32,17,0,30,CARDINAL,0,2
mdp.39015034653744,33,0,0,Caleb,PERSON,0,5
mdp.39015034653744,33,2,0,nights,TIME,14,20
mdp.39015034653744,33,3,0,the morning,TIME,3,14
mdp.39015034653744,33,3,1,Saul,PERSON,25,29
mdp.39015034653744,33,4,0,Saul,PERSON,9,13
mdp.39015034653744,33,6,0,Effie,PERSON,0,5
mdp.39015034653744,33,6,1,Ellen,PERSON,98,103
mdp.39015034653744,33,7,0,Ellen,PERSON,0,5
mdp.39015034653744,33,9,0,Liza,PERSON,15,19
mdp.39015034653744,33,10,0,Dora,PERSON,52,56
mdp.39015034653744,33,13,0,Effie,PERSON,0,5
mdp.39015034653744,33,14,0,Asa,PERSON,40,43
mdp.39015034653744,33,15,0,Ellen,PERSON,33,38
mdp.39015034653744,33,16,0,Dora,PERSON,41,45
mdp.39015034653744,33,16,1,Ellen,PERSON,150,155
mdp.39015034653744,33,18,0,one,CARDINAL,60,63
mdp.39015034653744,33,19,0,May,DATE,0,3
mdp.39015034653744,33,19,1,Buddy Linden,PERSON,39,51
mdp.39015034653744,33,21,0,Effie,PERSON,119,124
mdp.39015034653744,33,21,1,Effie,PERSON,252,257
mdp.39015034653744,34,0,0,Caleb,PERSON,3,8
mdp.39015034653744,34,3,0,Henry,PERSON,0,5
mdp.39015034653744,34,3,1,Effie,PERSON,23,28
mdp.39015034653744,34,5,0,Ruby Atwater,PERSON,70,82
mdp.39015034653744,34,6,0,Atwaters,PERSON,25,33
mdp.39015034653744,34,8,0,Atwaters,PERSON,116,124
mdp.39015034653744,34,8,1,Blakes,PERSON,132,138
mdp.39015034653744,34,9,0,May,DATE,34,37
mdp.39015034653744,34,10,0,Effie,PERSON,0,5
mdp.39015034653744,34,10,1,Liza,PERSON,20,24
mdp.39015034653744,34,12,0,Effie,PERSON,43,48
mdp.39015034653744,34,12,1,Liza,PERSON,88,92
mdp.39015034653744,34,13,0,one,CARDINAL,72,75
mdp.39015034653744,34,13,1,Blakes,PERSON,116,122
mdp.39015034653744,34,14,0,Effie,PERSON,29,34
mdp.39015034653744,34,14,1,Liza,PERSON,60,64
mdp.39015034653744,34,16,0,Liza,PERSON,19,23
mdp.39015034653744,34,17,0,Henry,PERSON,0,5
mdp.39015034653744,34,17,1,Ruby,PERSON,49,53
mdp.39015034653744,34,20,0,Liza,PERSON,4,8
mdp.39015034653744,34,21,0,Effie,PERSON,4,9
mdp.39015034653744,34,22,0,Asa,PERSON,64,67
mdp.39015034653744,34,23,0,Asa,PERSON,0,3
mdp.39015034653744,35,0,0,Caleb,PERSON,0,5
mdp.39015034653744,35,1,0,every day,DATE,117,126
mdp.39015034653744,35,2,0,seven-thirty,TIME,16,28
mdp.39015034653744,35,2,1,Henry,PERSON,39,44
mdp.39015034653744,35,2,2,Ford,PRODUCT,84,88
mdp.39015034653744,35,3,0,just the short ten minutes,TIME,3,29
mdp.39015034653744,35,3,1,Cameron Street,FAC,58,72
mdp.39015034653744,35,3,2,Charles,PERSON,80,87
mdp.39015034653744,35,3,3,Lawrences,PERSON,88,97
mdp.39015034653744,35,4,0,Caleb,PERSON,97,102
mdp.39015034653744,35,5,0,Martha,PERSON,39,45
mdp.39015034653744,35,5,1,eight-thirty,TIME,82,94
mdp.39015034653744,35,7,0,Charles,PERSON,40,47
mdp.39015034653744,35,7,1,Liz'beth,PERSON,89,97
mdp.39015034653744,35,8,0,all day,DATE,15,22
mdp.39015034653744,35,8,1,Charles,PERSON,39,46
mdp.39015034653744,35,8,2,Liz'beth,PERSON,64,72
mdp.39015034653744,35,11,0,Asa,PERSON,94,97
mdp.39015034653744,35,11,1,Cameron Street,FAC,119,133
mdp.39015034653744,35,12,0,Ellen,PERSON,10,15
mdp.39015034653744,35,13,0,Liza,PERSON,17,21
mdp.39015034653744,35,14,0,May,DATE,15,18
mdp.39015034653744,35,14,1,Buddy,PERSON,45,50
mdp.39015034653744,35,15,0,every day,DATE,4,13
mdp.39015034653744,35,15,1,every hour,TIME,22,32
mdp.39015034653744,35,15,2,Caleb,PERSON,63,68
mdp.39015034653744,35,17,0,Liz'beth,PERSON,11,19
mdp.39015034653744,35,17,1,Mistah Charles,PERSON,93,107
mdp.39015034653744,35,18,0,nightly,DATE,46,53
mdp.39015034653744,35,19,0,Caleb,PERSON,5,10
mdp.39015034653744,35,19,1,Asa,PERSON,55,58
mdp.39015034653744,36,0,0,Caleb,PERSON,3,8
mdp.39015034653744,36,1,0,Asa,PERSON,21,24
mdp.39015034653744,36,2,0,every Sunday,DATE,34,46
mdp.39015034653744,36,4,0,Caleb,PERSON,20,25
mdp.39015034653744,36,5,0,Asa,PERSON,76,79
mdp.39015034653744,37,0,0,5,CARDINAL,8,9
mdp.39015034653744,37,1,0,CALEB,PERSON,0,5
mdp.39015034653744,37,1,1,Asa,PERSON,44,47
mdp.39015034653744,37,8,0,Caleb,PERSON,36,41
mdp.39015034653744,37,8,1,Asa,PERSON,60,63
mdp.39015034653744,37,10,0,Caleb,PERSON,0,5
mdp.39015034653744,37,14,0,Saul,PERSON,66,70
mdp.39015034653744,38,0,0,Caleb,PERSON,3,8
mdp.39015034653744,38,0,1,Caleb,PERSON,32,37
mdp.39015034653744,38,3,0,several months,DATE,6,20
mdp.39015034653744,38,3,1,the middle of May,DATE,77,94
mdp.39015034653744,38,4,0,five,CARDINAL,11,15
mdp.39015034653744,38,4,1,four,CARDINAL,32,36
mdp.39015034653744,38,4,2,Caleb,PERSON,45,50
mdp.39015034653744,38,5,0,Jim Rogers,PERSON,17,27
mdp.39015034653744,38,5,1,Hiram Jones,PERSON,29,40
mdp.39015034653744,38,5,2,Tom Field,PERSON,42,51
mdp.39015034653744,38,5,3,John Greer,PERSON,57,67
mdp.39015034653744,38,6,0,Millboro,GPE,71,79
mdp.39015034653744,38,7,0,Caleb,PERSON,12,17
mdp.39015034653744,38,10,0,lunch hour,TIME,3,13
mdp.39015034653744,38,10,1,every day,DATE,14,23
mdp.39015034653744,38,10,2,five,CARDINAL,28,32
mdp.39015034653744,38,11,0,millions,CARDINAL,15,23
mdp.39015034653744,38,12,0,Caleb,PERSON,0,5
mdp.39015034653744,38,14,0,Caleb,PERSON,5,10
mdp.39015034653744,38,21,0,half,CARDINAL,19,23
mdp.39015034653744,38,24,0,one,CARDINAL,5,8
mdp.39015034653744,39,0,0,Caleb,PERSON,0,5
mdp.39015034653744,39,7,0,Caleb,PERSON,15,20
mdp.39015034653744,39,16,0,Caleb,PERSON,0,5
mdp.39015034653744,39,18,0,the papah th' otha day,DATE,9,31
mdp.39015034653744,39,21,0,Caleb,PERSON,14,19
mdp.39015034653744,39,22,0,Congress,ORG,35,43
mdp.39015034653744,39,27,0,close to an hour,TIME,38,54
mdp.39015034653744,39,30,0,Caleb,PERSON,0,5
mdp.39015034653744,40,0,0,6,CARDINAL,8,9
mdp.39015034653744,40,1,0,THE second week,DATE,0,15
mdp.39015034653744,40,1,1,June,DATE,19,23
mdp.39015034653744,40,1,2,Liz'beth,PERSON,30,38
mdp.39015034653744,40,1,3,Charles,PERSON,47,54
mdp.39015034653744,40,1,4,New York,GPE,63,71
mdp.39015034653744,40,1,5,a few days,DATE,76,86
mdp.39015034653744,40,2,0,Asa,PERSON,18,21
mdp.39015034653744,40,3,0,Liz'beth,PERSON,13,21
mdp.39015034653744,40,3,1,Martha,PERSON,56,62
mdp.39015034653744,40,4,0,May,DATE,16,19
mdp.39015034653744,40,5,0,Effie,PERSON,7,12
mdp.39015034653744,40,5,1,Liza,PERSON,17,21
mdp.39015034653744,40,5,2,Ellen,PERSON,26,31
mdp.39015034653744,40,5,3,Asa,PERSON,84,87
mdp.39015034653744,40,6,0,that week,DATE,36,45
mdp.39015034653744,40,6,1,Martha,PERSON,63,69
mdp.39015034653744,40,8,0,one evening,TIME,39,50
mdp.39015034653744,40,9,0,Effie,PERSON,0,5
mdp.39015034653744,40,9,1,Ellen,PERSON,10,15
mdp.39015034653744,40,10,0,Dora,PERSON,0,4
mdp.39015034653744,40,10,1,Daisy,PERSON,26,31
mdp.39015034653744,40,11,0,Liza,PERSON,0,4
mdp.39015034653744,40,11,1,38,CARDINAL,42,44
mdp.39015034653744,41,0,0,Caleb,PERSON,0,5
mdp.39015034653744,41,0,1,39,CARDINAL,14,16
mdp.39015034653744,41,1,0,Henry,PERSON,26,31
mdp.39015034653744,41,1,1,Dora,PERSON,61,65
mdp.39015034653744,41,1,2,May,PERSON,71,74
mdp.39015034653744,41,1,3,evening,TIME,137,144
mdp.39015034653744,41,2,0,Asa,PERSON,4,7
mdp.39015034653744,41,3,0,Ellen,PERSON,10,15
mdp.39015034653744,41,3,1,Effie,PERSON,36,41
mdp.39015034653744,41,6,0,Effie,PERSON,9,14
mdp.39015034653744,41,7,0,her day,DATE,56,63
mdp.39015034653744,41,9,0,Effie,PERSON,8,13
mdp.39015034653744,41,9,1,Asa,PERSON,40,43
mdp.39015034653744,41,10,0,Pearl,PERSON,34,39
mdp.39015034653744,41,11,0,Pearl,PERSON,7,12
mdp.39015034653744,41,13,0,Pearl Higgins,PERSON,0,13
mdp.39015034653744,41,17,0,Sam,PERSON,50,53
mdp.39015034653744,41,19,0,Liza,PERSON,51,55
mdp.39015034653744,41,20,0,Asa,PERSON,8,11
mdp.39015034653744,41,22,0,Sam,PERSON,9,12
mdp.39015034653744,41,23,0,ten,CARDINAL,18,21
mdp.39015034653744,41,24,0,Saul,PERSON,34,38
mdp.39015034653744,41,25,0,Pearl,PERSON,7,12
mdp.39015034653744,41,26,0,May,PERSON,16,19
mdp.39015034653744,41,31,0,May,PERSON,0,3
mdp.39015034653744,41,31,1,Effie,PERSON,42,47
mdp.39015034653744,41,32,0,all day,DATE,23,30
mdp.39015034653744,41,32,1,Asa,PERSON,32,35
mdp.39015034653744,41,37,0,Ellen,PERSON,18,23
mdp.39015034653744,41,41,0,Dora,PERSON,7,11
mdp.39015034653744,41,43,0,Elvira,PERSON,5,11
mdp.39015034653744,42,0,0,Caleb,PERSON,3,8
mdp.39015034653744,42,0,1,Ross,PERSON,17,21
mdp.39015034653744,42,1,0,three,CARDINAL,48,53
mdp.39015034653744,42,5,0,Elvira,PERSON,10,16
mdp.39015034653744,42,6,0,Ellen,PERSON,48,53
mdp.39015034653744,42,10,0,Effie,PERSON,37,42
mdp.39015034653744,42,12,0,Saul,PERSON,37,41
mdp.39015034653744,42,13,0,Caleb,PERSON,1,6
mdp.39015034653744,42,13,1,Caleb,PERSON,13,18
mdp.39015034653744,42,14,0,Caleb,PERSON,1,6
mdp.39015034653744,42,21,0,Daisy,PERSON,0,5
mdp.39015034653744,42,23,0,Effie,PERSON,11,16
mdp.39015034653744,42,23,1,May,PERSON,29,32
mdp.39015034653744,42,26,0,Alma Johnson,PERSON,0,12
mdp.39015034653744,42,26,1,Pennin'ton,PERSON,22,32
mdp.39015034653744,42,27,0,Pennin'ton,PERSON,25,35
mdp.39015034653744,42,32,0,Liz'beth,PERSON,18,26
mdp.39015034653744,42,32,1,Pennin'ton,PERSON,36,46
mdp.39015034653744,42,33,0,Asa,PERSON,0,3
mdp.39015034653744,42,33,1,a few minutes,TIME,35,48
mdp.39015034653744,42,34,0,five of,TIME,73,80
mdp.39015034653744,42,36,0,Caleb,PERSON,18,23
mdp.39015034653744,43,0,0,Caleb,PERSON,0,5
mdp.39015034653744,43,2,0,Asa,PERSON,1,4
mdp.39015034653744,43,3,0,Liza,PERSON,10,14
mdp.39015034653744,43,4,0,Mistah Jabez,PERSON,18,30
mdp.39015034653744,43,4,1,Liza,PERSON,43,47
mdp.39015034653744,43,4,2,Liza,PERSON,61,65
mdp.39015034653744,43,5,0,Liza,PERSON,5,9
mdp.39015034653744,43,6,0,Mistah Jabez,PERSON,88,100
mdp.39015034653744,43,10,0,Effie,PERSON,18,23
mdp.39015034653744,43,11,0,Asa,PERSON,5,8
mdp.39015034653744,43,14,0,Jabez,PERSON,14,19
mdp.39015034653744,43,14,1,Mistah Jabez,PERSON,35,47
mdp.39015034653744,43,16,0,Jabez,PERSON,5,10
mdp.39015034653744,43,17,0,Asa,PERSON,10,13
mdp.39015034653744,43,17,1,all day,DATE,46,53
mdp.39015034653744,43,19,0,Jabez,PERSON,28,33
mdp.39015034653744,43,23,0,Liza,PERSON,36,40
mdp.39015034653744,43,25,0,Liza,PERSON,0,4
mdp.39015034653744,43,25,1,Jabez,PERSON,20,25
mdp.39015034653744,43,25,2,Jabez,PERSON,27,32
mdp.39015034653744,43,26,0,Liza,PERSON,5,9
mdp.39015034653744,43,29,0,Liza,PERSON,0,4
mdp.39015034653744,43,30,0,Asa,PERSON,16,19
mdp.39015034653744,43,31,0,Effie,PERSON,14,19
mdp.39015034653744,43,33,0,Saul,PERSON,17,21
mdp.39015034653744,43,33,1,Liza,PERSON,58,62
mdp.39015034653744,43,34,0,Mistah Charles,PERSON,33,47
mdp.39015034653744,43,35,0,Effie,PERSON,5,10
mdp.39015034653744,43,37,0,Ellen,PERSON,0,5
mdp.39015034653744,44,0,0,Caleb,PERSON,3,8
mdp.39015034653744,44,1,0,Saul,PERSON,3,7
mdp.39015034653744,44,6,0,Henry,PERSON,7,12
mdp.39015034653744,44,6,1,Dora,PERSON,49,53
mdp.39015034653744,44,7,0,twenty-five,CARDINAL,46,57
mdp.39015034653744,44,9,0,Effie,PERSON,0,5
mdp.39015034653744,44,11,0,Caleb,PERSON,31,36
mdp.39015034653744,44,15,0,Henry,PERSON,0,5
mdp.39015034653744,44,15,1,Ellen,PERSON,16,21
mdp.39015034653744,44,15,2,Dora,PERSON,26,30
mdp.39015034653744,44,17,0,Henry,PERSON,14,19
mdp.39015034653744,44,24,0,Dora,PERSON,0,4
mdp.39015034653744,44,25,0,Henry,PERSON,0,5
mdp.39015034653744,44,25,1,Dora,PERSON,56,60
mdp.39015034653744,44,26,0,Effie,PERSON,4,9
mdp.39015034653744,44,27,0,Ellen,PERSON,21,26
mdp.39015034653744,44,28,0,Henry,PERSON,17,22
mdp.39015034653744,44,29,0,Ellen,PERSON,0,5
mdp.39015034653744,44,29,1,Henry,PERSON,50,55
mdp.39015034653744,44,30,0,Asa,PERSON,0,3
mdp.39015034653744,44,30,1,Effie,PERSON,8,13
mdp.39015034653744,44,30,2,Saul,PERSON,40,44
mdp.39015034653744,44,30,3,Daisy,PERSON,49,54
mdp.39015034653744,44,31,0,Saul,PERSON,0,4
mdp.39015034653744,44,31,1,Caleb,PERSON,20,25
mdp.39015034653744,44,32,0,first,ORDINAL,81,86
mdp.39015034653744,45,0,0,7,CARDINAL,8,9
mdp.39015034653744,45,0,1,Caleb,PERSON,60,65
mdp.39015034653744,45,1,0,Saul,PERSON,0,4
mdp.39015034653744,45,2,0,Blake,PERSON,57,62
mdp.39015034653744,45,2,1,eightthirty,TIME,104,115
mdp.39015034653744,45,3,0,Daisy,PERSON,39,44
mdp.39015034653744,45,6,0,May,DATE,0,3
mdp.39015034653744,45,7,0,Saul,PERSON,18,22
mdp.39015034653744,45,7,1,Henry,PERSON,60,65
mdp.39015034653744,45,7,2,Ruby,PERSON,82,86
mdp.39015034653744,45,8,0,Asa,PERSON,0,3
mdp.39015034653744,45,8,1,Ellen,PERSON,8,13
mdp.39015034653744,45,9,0,Liza,PERSON,37,41
mdp.39015034653744,45,9,1,Effie,PERSON,46,51
mdp.39015034653744,45,10,0,Asa,PERSON,0,3
mdp.39015034653744,45,10,1,Saul,PERSON,10,14
mdp.39015034653744,45,11,0,Asa,PERSON,0,3
mdp.39015034653744,45,13,0,Ellen,PERSON,28,33
mdp.39015034653744,45,15,0,Ellen,PERSON,15,20
mdp.39015034653744,45,16,0,nine o'clock Liza and Effie came out,TIME,3,39
mdp.39015034653744,45,18,0,Saul,PERSON,0,4
mdp.39015034653744,45,18,1,Caleb,PERSON,40,45
mdp.39015034653744,45,19,0,43,CARDINAL,0,2
mdp.39015034653744,46,0,0,Caleb,PERSON,3,8
mdp.39015034653744,46,1,0,Effie,PERSON,33,38
mdp.39015034653744,46,7,0,all day,DATE,22,29
mdp.39015034653744,46,11,0,Jabez,PERSON,32,37
mdp.39015034653744,46,13,0,Saul,PERSON,0,4
mdp.39015034653744,46,15,0,the other two,CARDINAL,5,18
mdp.39015034653744,46,15,1,Ellen,PERSON,46,51
mdp.39015034653744,46,15,2,Effie,PERSON,83,88
mdp.39015034653744,46,15,3,Saul,PERSON,94,98
mdp.39015034653744,46,16,0,quarter past ten,TIME,102,118
mdp.39015034653744,46,17,0,Saul,PERSON,16,20
mdp.39015034653744,46,19,0,Caleb,PERSON,27,32
mdp.39015034653744,46,20,0,Caleb,PERSON,23,28
mdp.39015034653744,46,24,0,Saul,PERSON,0,4
mdp.39015034653744,46,25,0,Saul,PERSON,18,22
mdp.39015034653744,46,29,0,three,CARDINAL,73,78
mdp.39015034653744,46,29,1,nearly an hour,TIME,148,162
mdp.39015034653744,46,30,0,Henry,PERSON,5,10
mdp.39015034653744,46,31,0,Asa,PERSON,8,11
mdp.39015034653744,46,32,0,Effie,PERSON,20,25
mdp.39015034653744,46,34,0,Henry,PERSON,27,32
mdp.39015034653744,46,34,1,Liza,PERSON,37,41
mdp.39015034653744,47,0,0,Caleb,PERSON,0,5
mdp.39015034653744,47,1,0,Effie,PERSON,7,12
mdp.39015034653744,47,1,1,Asa,PERSON,15,18
mdp.39015034653744,47,2,0,May,DATE,10,13
mdp.39015034653744,47,4,0,May,DATE,22,25
mdp.39015034653744,47,5,0,Caleb,PERSON,25,30
mdp.39015034653744,47,9,0,Asa,PERSON,27,30
mdp.39015034653744,47,11,0,Asa,PERSON,10,13
mdp.39015034653744,47,12,0,Asa,PERSON,20,23
mdp.39015034653744,47,21,0,Saul,PERSON,5,9
mdp.39015034653744,47,21,1,a million,CARDINAL,112,121
mdp.39015034653744,47,21,2,that night,TIME,128,138
mdp.39015034653744,47,23,0,Caleb,PERSON,11,16
mdp.39015034653744,47,39,0,Mistah Charles,PERSON,65,79
mdp.39015034653744,47,39,1,Liz'beth,PERSON,98,106
mdp.39015034653744,48,1,0,Caleb,PERSON,0,5
mdp.39015034653744,48,5,0,Saul,PERSON,39,43
mdp.39015034653744,48,13,0,Caleb,PERSON,0,5
mdp.39015034653744,48,13,1,Saul,PERSON,30,34
mdp.39015034653744,48,14,0,Saul,PERSON,13,17
mdp.39015034653744,48,16,0,Caleb,PERSON,50,55
mdp.39015034653744,48,17,0,Caleb,PERSON,9,14
mdp.39015034653744,48,19,0,Caleb,PERSON,0,5
mdp.39015034653744,48,24,0,Saul,PERSON,5,9
mdp.39015034653744,48,25,0,the next morning,TIME,13,29
mdp.39015034653744,48,25,1,Saul,PERSON,30,34
mdp.39015034653744,48,25,2,Caleb,PERSON,45,50
mdp.39015034653744,48,27,0,Caleb,PERSON,54,59
mdp.39015034653744,49,0,0,Caleb,PERSON,0,5
mdp.39015034653744,49,0,1,47,CARDINAL,14,16
mdp.39015034653744,49,0,2,Asa,PERSON,35,38
mdp.39015034653744,49,1,0,Asa,PERSON,5,8
mdp.39015034653744,49,4,0,Effie,PERSON,0,5
mdp.39015034653744,49,5,0,all night,TIME,48,57
mdp.39015034653744,49,6,0,Saul,PERSON,0,4
mdp.39015034653744,49,7,0,Effie,PERSON,0,5
mdp.39015034653744,49,8,0,Liza,PERSON,0,4
mdp.39015034653744,49,8,1,Henry,PERSON,9,14
mdp.39015034653744,49,9,0,Asa,PERSON,4,7
mdp.39015034653744,49,10,0,Saul,PERSON,1,5
mdp.39015034653744,49,13,0,Asa,PERSON,0,3
mdp.39015034653744,49,17,0,Saul,PERSON,22,26
mdp.39015034653744,49,18,0,Asa,PERSON,55,58
mdp.39015034653744,49,20,0,Effie,PERSON,66,71
mdp.39015034653744,49,21,0,Saul,PERSON,7,11
mdp.39015034653744,49,24,0,Liza,PERSON,5,9
mdp.39015034653744,50,0,0,Caleb,PERSON,3,8
mdp.39015034653744,50,2,0,Asa,PERSON,16,19
mdp.39015034653744,50,2,1,Caleb,PERSON,22,27
mdp.39015034653744,50,3,0,Caleb,PERSON,0,5
mdp.39015034653744,50,4,0,Caleb,PERSON,0,5
mdp.39015034653744,50,9,0,Caleb Caleb,PERSON,1,12
mdp.39015034653744,50,10,0,all day,DATE,12,19
mdp.39015034653744,50,14,0,Caleb,PERSON,1,6
mdp.39015034653744,50,15,0,Saul,PERSON,33,37
mdp.39015034653744,50,15,1,Caleb,PERSON,80,85
mdp.39015034653744,50,23,0,twenty-two,DATE,4,14
mdp.39015034653744,50,26,0,night,TIME,20,25
mdp.39015034653744,50,28,0,night,TIME,20,25
mdp.39015034653744,50,43,0,Caleb,PERSON,23,28
mdp.39015034653744,50,45,0,Saul,PERSON,25,29
mdp.39015034653744,51,0,0,Caleb,PERSON,0,5
mdp.39015034653744,51,0,1,49,CARDINAL,14,16
mdp.39015034653744,51,0,2,Caleb,PERSON,47,52
mdp.39015034653744,51,1,0,Asa,PERSON,14,17
mdp.39015034653744,51,4,0,all night,TIME,64,73
mdp.39015034653744,51,12,0,Saul,PERSON,0,4
mdp.39015034653744,51,13,0,Asa,PERSON,0,3
mdp.39015034653744,51,13,1,Saul,PERSON,49,53
mdp.39015034653744,51,15,0,Saul,PERSON,43,47
mdp.39015034653744,51,16,0,Caleb,PERSON,0,5
mdp.39015034653744,51,19,0,Saul,PERSON,0,4
mdp.39015034653744,51,21,0,Caleb,PERSON,13,18
mdp.39015034653744,51,22,0,Saul,PERSON,0,4
mdp.39015034653744,52,0,0,8,CARDINAL,8,9
mdp.39015034653744,52,0,1,noon,TIME,19,23
mdp.39015034653744,52,0,2,Caleb,PERSON,31,36
mdp.39015034653744,52,1,0,Saul,PERSON,15,19
mdp.39015034653744,52,6,0,Caleb,PERSON,7,12
mdp.39015034653744,52,8,0,the whole morning,TIME,17,34
mdp.39015034653744,52,9,0,First,ORDINAL,0,5
mdp.39015034653744,52,12,0,noonday,DATE,113,120
mdp.39015034653744,52,13,0,Ellen,PERSON,57,62
mdp.39015034653744,52,13,1,Dora,PERSON,91,95
mdp.39015034653744,52,17,0,Effie,PERSON,5,10
mdp.39015034653744,53,0,0,Caleb,PERSON,0,5
mdp.39015034653744,53,1,0,Caleb,PERSON,10,15
mdp.39015034653744,53,15,0,Saul,PERSON,0,4
mdp.39015034653744,53,17,0,Saul,PERSON,8,12
mdp.39015034653744,53,18,0,Caleb,PERSON,0,5
mdp.39015034653744,53,18,1,Daisy,PERSON,43,48
mdp.39015034653744,53,20,0,Saul,PERSON,4,8
mdp.39015034653744,53,21,0,first,ORDINAL,35,40
mdp.39015034653744,53,22,0,Caleb,PERSON,0,5
mdp.39015034653744,53,25,0,Saul,PERSON,0,4
mdp.39015034653744,53,26,0,Caleb,PERSON,41,46
mdp.39015034653744,53,27,0,Caleb,PERSON,1,6
mdp.39015034653744,53,27,1,las',TIME,22,26
mdp.39015034653744,53,29,0,Caleb,PERSON,0,5
mdp.39015034653744,53,30,0,First,ORDINAL,1,6
mdp.39015034653744,53,36,0,Saul,PERSON,39,43
mdp.39015034653744,53,41,0,some day,DATE,31,39
mdp.39015034653744,53,41,1,Caleb,PERSON,41,46
mdp.39015034653744,53,42,0,Some day,DATE,1,9
mdp.39015034653744,54,1,0,Caleb,PERSON,0,5
mdp.39015034653744,54,2,0,Caleb,PERSON,18,23
mdp.39015034653744,54,9,0,Caleb,PERSON,13,18
mdp.39015034653744,54,10,0,first,ORDINAL,5,10
mdp.39015034653744,54,14,0,Asa,PERSON,0,3
mdp.39015034653744,54,14,1,Effie,PERSON,16,21
mdp.39015034653744,54,14,2,Effie,PERSON,134,139
mdp.39015034653744,54,16,0,Asa,PERSON,21,24
mdp.39015034653744,54,16,1,Effie,PERSON,89,94
mdp.39015034653744,54,16,2,Asa,PERSON,122,125
mdp.39015034653744,54,18,0,May,PERSON,20,23
mdp.39015034653744,54,18,1,Caleb,PERSON,76,81
mdp.39015034653744,54,21,0,May,PERSON,8,11
mdp.39015034653744,54,21,1,Buddy,PERSON,73,78
mdp.39015034653744,54,22,0,Asa,PERSON,0,3
mdp.39015034653744,54,22,1,Caleb,PERSON,84,89
mdp.39015034653744,55,0,0,Caleb,PERSON,0,5
mdp.39015034653744,55,0,1,Caleb,PERSON,39,44
mdp.39015034653744,55,1,0,Effie,PERSON,0,5
mdp.39015034653744,55,1,1,every evening,TIME,40,53
mdp.39015034653744,55,1,2,seven o'clock sharp,TIME,57,76
mdp.39015034653744,55,1,3,Caleb,PERSON,110,115
mdp.39015034653744,55,2,0,Asa,PERSON,0,3
mdp.39015034653744,55,2,1,night,TIME,21,26
mdp.39015034653744,55,3,0,Saul,PERSON,0,4
mdp.39015034653744,55,3,1,the gray hours of the morning,TIME,34,63
mdp.39015034653744,55,4,0,seven o'clock,TIME,30,43
mdp.39015034653744,55,4,1,eleven-thirty,TIME,72,85
mdp.39015034653744,55,5,0,Caleb,PERSON,4,9
mdp.39015034653744,55,8,0,Saul,PERSON,80,84
mdp.39015034653744,55,12,0,Saul,PERSON,0,4
mdp.39015034653744,55,12,1,eleven-thirty,TIME,16,29
mdp.39015034653744,55,12,2,twelve o'clock,TIME,38,52
mdp.39015034653744,55,12,3,Caleb,PERSON,53,58
mdp.39015034653744,56,0,0,9,CARDINAL,8,9
mdp.39015034653744,56,1,0,CALEB,PERSON,0,5
mdp.39015034653744,56,3,0,the same day,DATE,14,26
mdp.39015034653744,56,4,0,Caleb,PERSON,45,50
mdp.39015034653744,56,6,0,Caleb,PERSON,14,19
mdp.39015034653744,56,8,0,Caleb,PERSON,7,12
mdp.39015034653744,56,9,0,five,CARDINAL,4,8
mdp.39015034653744,56,9,1,one,CARDINAL,24,27
mdp.39015034653744,56,10,0,Caleb,PERSON,64,69
mdp.39015034653744,56,11,0,Hiram Jones',PERSON,25,37
mdp.39015034653744,56,14,0,Hiram Jones',PERSON,0,12
mdp.39015034653744,56,14,1,one,CARDINAL,21,24
mdp.39015034653744,56,15,0,54,CARDINAL,0,2
mdp.39015034653744,57,0,0,Caleb,PERSON,0,5
mdp.39015034653744,57,1,0,Roe's,ORG,25,30
mdp.39015034653744,57,4,0,Roe,ORG,0,3
mdp.39015034653744,57,5,0,his fifties,DATE,35,46
mdp.39015034653744,57,6,0,one,CARDINAL,117,120
mdp.39015034653744,57,8,0,Caleb,PERSON,39,44
mdp.39015034653744,57,10,0,Caleb,PERSON,26,31
mdp.39015034653744,57,16,0,Caleb,PERSON,27,32
mdp.39015034653744,57,21,0,Tom Field,PERSON,129,138
mdp.39015034653744,57,28,0,Caleb,PERSON,4,9
mdp.39015034653744,57,30,0,Jim Rogers,PERSON,0,10
mdp.39015034653744,58,0,0,Caleb,PERSON,3,8
mdp.39015034653744,58,3,0,Roe,PERSON,21,24
mdp.39015034653744,58,3,1,Caleb,PERSON,69,74
mdp.39015034653744,58,4,0,Caleb,PERSON,73,78
mdp.39015034653744,58,6,0,Caleb,PERSON,121,126
mdp.39015034653744,58,7,0,Roe,PERSON,158,161
mdp.39015034653744,58,9,0,nearly a hundred,CARDINAL,21,37
mdp.39015034653744,58,23,0,Caleb,PERSON,5,10
mdp.39015034653744,58,23,1,Roe,PERSON,28,31
mdp.39015034653744,59,0,0,Caleb,PERSON,0,5
mdp.39015034653744,59,0,1,Roe,PERSON,68,71
mdp.39015034653744,59,1,0,Caleb,PERSON,12,17
mdp.39015034653744,59,2,0,Jake Greer,PERSON,45,55
mdp.39015034653744,59,3,0,the early hours,TIME,25,40
mdp.39015034653744,60,0,0,10,CARDINAL,8,10
mdp.39015034653744,60,1,0,Saul,PERSON,28,32
mdp.39015034653744,60,1,1,Caleb,PERSON,81,86
mdp.39015034653744,60,4,0,every day,DATE,39,48
mdp.39015034653744,60,5,0,Saul,PERSON,0,4
mdp.39015034653744,60,5,1,Pepsi-Cola,ORG,21,31
mdp.39015034653744,60,6,0,forty miles,QUANTITY,44,55
mdp.39015034653744,60,9,0,Cameron Street,FAC,34,48
mdp.39015034653744,60,10,0,May,DATE,4,7
mdp.39015034653744,60,11,0,Buddy,PERSON,54,59
mdp.39015034653744,60,11,1,the night,TIME,95,104
mdp.39015034653744,60,12,0,Buddy,PERSON,85,90
mdp.39015034653744,60,13,0,Ellen,PERSON,52,57
mdp.39015034653744,60,14,0,a little after midnight,TIME,11,34
mdp.39015034653744,60,14,1,the early morning,TIME,39,56
mdp.39015034653744,60,14,2,July sixth,DATE,60,70
mdp.39015034653744,60,14,3,five-pound,QUANTITY,94,104
mdp.39015034653744,60,15,0,Ellen,PERSON,0,5
mdp.39015034653744,60,15,1,first,ORDINAL,19,24
mdp.39015034653744,60,15,2,Joe,PERSON,65,68
mdp.39015034653744,60,16,0,weeks,DATE,62,67
mdp.39015034653744,60,17,0,Liza,PERSON,9,13
mdp.39015034653744,60,17,1,Joanna,PERSON,60,66
mdp.39015034653744,60,17,2,Jo,PERSON,80,82
mdp.39015034653744,60,17,3,58,DATE,160,162
mdp.39015034653744,61,0,0,Caleb,PERSON,0,5
mdp.39015034653744,61,0,1,59,DATE,14,16
mdp.39015034653744,61,1,0,three days,DATE,6,16
mdp.39015034653744,61,3,0,Caleb,PERSON,11,16
mdp.39015034653744,61,3,1,Henry,PERSON,39,44
mdp.39015034653744,61,3,2,Asa,PERSON,49,52
mdp.39015034653744,61,3,3,May,PERSON,57,60
mdp.39015034653744,61,3,4,all day,DATE,68,75
mdp.39015034653744,61,4,0,May,PERSON,26,29
mdp.39015034653744,61,5,0,Asa,PERSON,0,3
mdp.39015034653744,61,6,0,Effie,PERSON,0,5
mdp.39015034653744,61,6,1,Liza,PERSON,10,14
mdp.39015034653744,61,7,0,Saul,PERSON,9,13
mdp.39015034653744,61,8,0,Ellen,PERSON,25,30
mdp.39015034653744,61,10,0,Asa,PERSON,57,60
mdp.39015034653744,61,11,0,Charles,PERSON,44,51
mdp.39015034653744,61,11,1,Elizabeth,PERSON,61,70
mdp.39015034653744,61,11,2,two-week,DATE,81,89
mdp.39015034653744,61,12,0,Martha,PERSON,17,23
mdp.39015034653744,61,12,1,Asa,PERSON,28,31
mdp.39015034653744,61,13,0,Effie,PERSON,36,41
mdp.39015034653744,61,13,1,Asa,PERSON,56,59
mdp.39015034653744,61,14,0,Herman,PERSON,41,47
mdp.39015034653744,61,15,0,Asa,PERSON,0,3
mdp.39015034653744,61,16,0,half,CARDINAL,7,11
mdp.39015034653744,61,16,1,each day,DATE,15,23
mdp.39015034653744,61,17,0,only four days,DATE,13,27
mdp.39015034653744,61,18,0,Saul,PERSON,0,4
mdp.39015034653744,61,18,1,two,CARDINAL,43,46
mdp.39015034653744,61,18,2,Jabez,PERSON,72,77
mdp.39015034653744,61,20,0,Caleb,PERSON,23,28
mdp.39015034653744,61,22,0,Effie,PERSON,38,43
mdp.39015034653744,61,22,1,Asa,PERSON,48,51
mdp.39015034653744,61,23,0,Henry,PERSON,0,5
mdp.39015034653744,61,23,1,Jerry Moss,PERSON,38,48
mdp.39015034653744,61,23,2,one evening,TIME,49,60
mdp.39015034653744,61,24,0,Jerry,PERSON,0,5
mdp.39015034653744,61,24,1,Henry,PERSON,85,90
mdp.39015034653744,61,24,2,Ruby,PERSON,95,99
mdp.39015034653744,61,25,0,two,CARDINAL,4,7
mdp.39015034653744,61,25,1,one,CARDINAL,50,53
mdp.39015034653744,61,25,2,Henry,PERSON,60,65
mdp.39015034653744,61,25,3,Jerry,PERSON,81,86
mdp.39015034653744,61,26,0,Jerry,PERSON,28,33
mdp.39015034653744,62,0,0,Caleb,PERSON,3,8
mdp.39015034653744,62,0,1,these days,DATE,67,77
mdp.39015034653744,62,2,0,Henry,PERSON,9,14
mdp.39015034653744,62,2,1,Saul,PERSON,44,48
mdp.39015034653744,62,4,0,Saul,PERSON,9,13
mdp.39015034653744,62,6,0,Henry,PERSON,3,8
mdp.39015034653744,62,9,0,night,TIME,17,22
mdp.39015034653744,62,14,0,Jerry,PERSON,5,10
mdp.39015034653744,62,14,1,Henry,PERSON,22,27
mdp.39015034653744,62,14,2,Saul,PERSON,53,57
mdp.39015034653744,62,15,0,only one,CARDINAL,10,18
mdp.39015034653744,62,15,1,Blake,PERSON,33,38
mdp.39015034653744,62,15,2,Henry,PERSON,164,169
mdp.39015034653744,62,19,0,Henry,PERSON,33,38
mdp.39015034653744,62,22,0,Jerry,PERSON,0,5
mdp.39015034653744,62,24,0,Henry,PERSON,4,9
mdp.39015034653744,62,24,1,Jerry,PERSON,71,76
mdp.39015034653744,62,25,0,Ruby,PERSON,0,4
mdp.39015034653744,62,25,1,Henry,PERSON,36,41
mdp.39015034653744,62,26,0,Caleb,PERSON,18,23
mdp.39015034653744,62,31,0,Ruby,PERSON,0,4
mdp.39015034653744,62,31,1,a few minutes,TIME,45,58
mdp.39015034653744,62,32,0,two,CARDINAL,6,9
mdp.39015034653744,62,33,0,only eleven-thirty,TIME,14,32
mdp.39015034653744,62,33,1,Henry,PERSON,38,43
mdp.39015034653744,62,33,2,Effie,PERSON,54,59
mdp.39015034653744,62,33,3,Asa,PERSON,64,67
mdp.39015034653744,62,34,0,Caleb,PERSON,34,39
mdp.39015034653744,62,34,1,night,TIME,113,118
mdp.39015034653744,63,0,0,Caleb,PERSON,0,5
mdp.39015034653744,63,1,0,Henry,PERSON,0,5
mdp.39015034653744,63,2,0,this night,TIME,30,40
mdp.39015034653744,63,4,0,Effie,PERSON,0,5
mdp.39015034653744,63,4,1,first,ORDINAL,14,19
mdp.39015034653744,63,7,0,Asa,PERSON,26,29
mdp.39015034653744,63,9,0,Henry,PERSON,59,64
mdp.39015034653744,63,13,0,Asa,PERSON,0,3
mdp.39015034653744,63,15,0,Effie,PERSON,0,5
mdp.39015034653744,63,15,1,two,CARDINAL,53,56
mdp.39015034653744,63,16,0,Henry,PERSON,20,25
mdp.39015034653744,63,20,0,Effie,PERSON,4,9
mdp.39015034653744,63,23,0,Asa,PERSON,0,3
mdp.39015034653744,63,24,0,Henry,PERSON,77,82
mdp.39015034653744,63,26,0,Caleb,PERSON,1,6
mdp.39015034653744,63,27,0,Asa,PERSON,0,3
mdp.39015034653744,63,28,0,Caleb,PERSON,1,6
mdp.39015034653744,63,30,0,Caleb,PERSON,12,17
mdp.39015034653744,63,31,0,Henry,PERSON,0,5
mdp.39015034653744,63,32,0,Asa,PERSON,0,3
mdp.39015034653744,63,33,0,Jerry Moss,PERSON,8,18
mdp.39015034653744,63,36,0,Saul,PERSON,14,18
mdp.39015034653744,63,37,0,Caleb,PERSON,20,25
mdp.39015034653744,64,0,0,Caleb,PERSON,3,8
mdp.39015034653744,64,6,0,Henry,PERSON,13,18
mdp.39015034653744,64,7,0,one,CARDINAL,21,24
mdp.39015034653744,64,8,0,Asa,PERSON,0,3
mdp.39015034653744,64,9,0,Henry,PERSON,44,49
mdp.39015034653744,64,17,0,Evah,PERSON,1,5
mdp.39015034653744,64,18,0,Lawd,PERSON,54,58
mdp.39015034653744,64,19,0,Saul,PERSON,40,44
mdp.39015034653744,64,22,0,Henry,PERSON,0,5
mdp.39015034653744,64,24,0,Asa,PERSON,0,3
mdp.39015034653744,64,27,0,Henry,PERSON,29,34
mdp.39015034653744,64,31,0,Asa,PERSON,11,14
mdp.39015034653744,65,0,0,Caleb,PERSON,0,5
mdp.39015034653744,65,0,1,Blake,PERSON,17,22
mdp.39015034653744,65,0,2,Henry,PERSON,38,43
mdp.39015034653744,65,6,0,Henry,PERSON,0,5
mdp.39015034653744,65,7,0,Asa,PERSON,21,24
mdp.39015034653744,66,0,0,Caleb,PERSON,52,57
mdp.39015034653744,66,1,0,Asa,PERSON,5,8
mdp.39015034653744,66,1,1,Effie,PERSON,80,85
mdp.39015034653744,66,2,0,Asa,PERSON,70,73
mdp.39015034653744,66,9,0,Asa,PERSON,19,22
mdp.39015034653744,66,11,0,only one o'clock,TIME,9,25
mdp.39015034653744,66,12,0,Effie,PERSON,36,41
mdp.39015034653744,66,13,0,nearly five o'clock,TIME,48,67
mdp.39015034653744,66,15,0,two,CARDINAL,9,12
mdp.39015034653744,66,17,0,Caleb,PERSON,50,55
mdp.39015034653744,66,17,1,that night,TIME,56,66
mdp.39015034653744,67,0,0,Caleb,PERSON,0,5
mdp.39015034653744,67,0,1,65,CARDINAL,14,16
mdp.39015034653744,67,1,0,Asa,PERSON,0,3
mdp.39015034653744,67,1,1,Caleb,PERSON,55,60
mdp.39015034653744,67,2,0,Caleb,PERSON,17,22
mdp.39015034653744,67,3,0,Effie,PERSON,15,20
mdp.39015034653744,67,5,0,the whole day,DATE,13,26
mdp.39015034653744,67,5,1,Roe,PERSON,30,33
mdp.39015034653744,67,6,0,the evening,TIME,9,20
mdp.39015034653744,67,6,1,Trudy Reese,PERSON,48,59
mdp.39015034653744,67,9,0,first,ORDINAL,7,12
mdp.39015034653744,67,14,0,tonight,TIME,26,33
mdp.39015034653744,67,15,0,Tom,PERSON,25,28
mdp.39015034653744,67,15,1,Jake,PERSON,33,37
mdp.39015034653744,67,21,0,Asa,PERSON,0,3
mdp.39015034653744,67,24,0,Caleb,PERSON,0,5
mdp.39015034653744,68,0,0,Caleb,PERSON,3,8
mdp.39015034653744,68,3,0,Effie,PERSON,0,5
mdp.39015034653744,68,3,1,Coca-Cola,PRODUCT,77,86
mdp.39015034653744,68,6,0,Caleb,PERSON,9,14
mdp.39015034653744,68,6,1,first,ORDINAL,19,24
mdp.39015034653744,68,7,0,Effie,PERSON,0,5
mdp.39015034653744,68,7,1,Asa,PERSON,37,40
mdp.39015034653744,68,7,2,Lula Press,PERSON,61,71
mdp.39015034653744,68,7,3,eight,CARDINAL,148,153
mdp.39015034653744,68,8,0,Caleb,PERSON,0,5
mdp.39015034653744,68,10,0,Caleb,PERSON,0,5
mdp.39015034653744,68,11,0,Effie,PERSON,39,44
mdp.39015034653744,68,13,0,Asa,PERSON,0,3
mdp.39015034653744,68,23,0,Caleb,PERSON,17,22
mdp.39015034653744,68,29,0,Caleb,PERSON,0,5
mdp.39015034653744,69,0,0,Caleb,PERSON,0,5
mdp.39015034653744,69,8,0,Asa,PERSON,14,17
mdp.39015034653744,69,10,0,Asa,PERSON,0,3
mdp.39015034653744,69,13,0,Caleb,PERSON,9,14
mdp.39015034653744,69,26,0,Nevah,PERSON,0,5
mdp.39015034653744,69,28,0,Asa,PERSON,0,3
mdp.39015034653744,69,29,0,Caleb,PERSON,0,5
mdp.39015034653744,69,39,0,Asa,PERSON,92,95
mdp.39015034653744,70,0,0,Caleb,PERSON,3,8
mdp.39015034653744,70,1,0,Caleb,PERSON,15,20
mdp.39015034653744,70,1,1,one,CARDINAL,65,68
mdp.39015034653744,70,4,0,Saul,PERSON,0,4
mdp.39015034653744,70,5,0,Caleb,PERSON,45,50
mdp.39015034653744,70,6,0,Saul,PERSON,0,4
mdp.39015034653744,70,7,0,Caleb,PERSON,57,62
mdp.39015034653744,70,9,0,Caleb,PERSON,0,5
mdp.39015034653744,70,9,1,Saul,PERSON,36,40
mdp.39015034653744,70,11,0,Saul,PERSON,9,13
mdp.39015034653744,70,14,0,Saul,PERSON,81,85
mdp.39015034653744,70,15,0,Caleb,PERSON,51,56
mdp.39015034653744,70,16,0,Caleb,PERSON,136,141
mdp.39015034653744,70,18,0,Daisy,PERSON,146,151
mdp.39015034653744,71,0,0,12,CARDINAL,8,10
mdp.39015034653744,71,0,1,night,TIME,41,46
mdp.39015034653744,71,1,0,Saul,PERSON,30,34
mdp.39015034653744,71,2,0,Dora,PERSON,49,53
mdp.39015034653744,71,2,1,Joanna,PERSON,57,63
mdp.39015034653744,71,2,2,May,PERSON,117,120
mdp.39015034653744,71,5,0,Saul,PERSON,0,4
mdp.39015034653744,71,9,0,a week,DATE,35,41
mdp.39015034653744,71,9,1,that night,TIME,76,86
mdp.39015034653744,71,10,0,69,DATE,142,144
mdp.39015034653744,72,0,0,Caleb,PERSON,3,8
mdp.39015034653744,72,4,0,Saul,PERSON,0,4
mdp.39015034653744,72,5,0,Effie,PERSON,0,5
mdp.39015034653744,72,5,1,Liza,PERSON,10,14
mdp.39015034653744,72,8,0,Jabez,PERSON,14,19
mdp.39015034653744,72,9,0,Saul,PERSON,21,25
mdp.39015034653744,72,9,1,Dora,PERSON,71,75
mdp.39015034653744,72,11,0,Ellen,PERSON,5,10
mdp.39015034653744,72,14,0,Henry,PERSON,0,5
mdp.39015034653744,72,15,0,all day,DATE,26,33
mdp.39015034653744,72,16,0,Ruby,PERSON,36,40
mdp.39015034653744,72,16,1,Ruby,PERSON,208,212
mdp.39015034653744,72,18,0,Ruby,PERSON,0,4
mdp.39015034653744,72,18,1,Atwaters,PERSON,36,44
mdp.39015034653744,72,19,0,one,CARDINAL,97,100
mdp.39015034653744,72,19,1,Blake,PERSON,108,113
mdp.39015034653744,72,20,0,Caleb,PERSON,15,20
mdp.39015034653744,73,0,0,Caleb,PERSON,0,5
mdp.39015034653744,73,0,1,Ruby,PERSON,35,39
mdp.39015034653744,73,0,2,Henry,PERSON,51,56
mdp.39015034653744,73,1,0,two,CARDINAL,105,108
mdp.39015034653744,73,1,1,Atwaters,PERSON,133,141
mdp.39015034653744,73,2,0,Asa,PERSON,7,10
mdp.39015034653744,73,2,1,Henry,PERSON,41,46
mdp.39015034653744,73,2,2,Caleb,PERSON,77,82
mdp.39015034653744,73,4,0,Elizabeth,PERSON,20,29
mdp.39015034653744,73,4,1,Charles,PERSON,37,44
mdp.39015034653744,73,4,2,Sunday School,ORG,89,102
mdp.39015034653744,73,4,3,Cameron Street,FAC,151,165
mdp.39015034653744,73,5,0,Blake,PERSON,41,46
mdp.39015034653744,73,6,0,the days,DATE,153,161
mdp.39015034653744,73,7,0,Blake,PERSON,112,117
mdp.39015034653744,73,9,0,Asa,PERSON,37,40
mdp.39015034653744,73,10,0,Effie,PERSON,15,20
mdp.39015034653744,73,10,1,one,CARDINAL,84,87
mdp.39015034653744,73,12,0,Caleb,PERSON,4,9
mdp.39015034653744,73,15,0,Roe,PERSON,39,42
mdp.39015034653744,74,0,0,Caleb,PERSON,3,8
mdp.39015034653744,74,0,1,every day,DATE,32,41
mdp.39015034653744,74,1,0,Jake,PERSON,10,14
mdp.39015034653744,74,1,1,one day,DATE,20,27
mdp.39015034653744,74,2,0,two months,DATE,6,16
mdp.39015034653744,74,5,0,Caleb,PERSON,0,5
mdp.39015034653744,74,10,0,Hiram,PERSON,0,5
mdp.39015034653744,74,12,0,Caleb,PERSON,0,5
mdp.39015034653744,74,16,0,only one mo' month,DATE,7,25
mdp.39015034653744,74,22,0,Caleb,PERSON,4,9
mdp.39015034653744,74,23,0,Roe,PERSON,62,65
mdp.39015034653744,74,24,0,Trudy Reese,PERSON,9,20
mdp.39015034653744,74,25,0,week,DATE,76,80
mdp.39015034653744,74,25,1,week,DATE,84,88
mdp.39015034653744,74,27,0,five,CARDINAL,18,22
mdp.39015034653744,74,27,1,Roe,PERSON,39,42
mdp.39015034653744,75,0,0,Caleb,PERSON,0,5
mdp.39015034653744,75,0,1,Billy,PERSON,96,101
mdp.39015034653744,75,1,0,Trudy,PERSON,11,16
mdp.39015034653744,75,5,0,Billy,PERSON,0,5
mdp.39015034653744,75,5,1,Trudy,PERSON,27,32
mdp.39015034653744,75,10,0,Billy,PERSON,0,5
mdp.39015034653744,75,10,1,Caleb,PERSON,22,27
mdp.39015034653744,75,11,0,Trudy,PERSON,44,49
mdp.39015034653744,75,12,0,the end of July,DATE,26,41
mdp.39015034653744,75,14,0,Caleb,PERSON,16,21
mdp.39015034653744,75,16,0,Caleb,PERSON,11,16
mdp.39015034653744,75,17,0,Sambo,PERSON,9,14
mdp.39015034653744,75,19,0,Eitha,PERSON,0,5
mdp.39015034653744,75,19,1,Trudy,PERSON,16,21
mdp.39015034653744,75,22,0,Caleb,PERSON,0,5
mdp.39015034653744,75,23,0,Roe,PERSON,43,46
mdp.39015034653744,76,0,0,Caleb,PERSON,3,8
mdp.39015034653744,76,2,0,a few minutes,TIME,34,47
mdp.39015034653744,76,5,0,Roe's,ORG,19,24
mdp.39015034653744,76,5,1,Billy,PERSON,74,79
mdp.39015034653744,76,7,0,Saul,PERSON,79,83
mdp.39015034653744,76,8,0,Saul,PERSON,10,14
mdp.39015034653744,77,0,0,13,CARDINAL,8,10
mdp.39015034653744,77,0,1,Caleb,PERSON,16,21
mdp.39015034653744,77,0,2,Blake,PERSON,71,76
mdp.39015034653744,77,2,0,Effie,PERSON,5,10
mdp.39015034653744,77,2,1,Asa,PERSON,15,18
mdp.39015034653744,77,3,0,Asa,PERSON,13,16
mdp.39015034653744,77,4,0,Chillun,PERSON,0,7
mdp.39015034653744,77,5,0,Effie,PERSON,14,19
mdp.39015034653744,77,5,1,Caleb,PERSON,90,95
mdp.39015034653744,77,7,0,Some three weeks,DATE,0,16
mdp.39015034653744,77,7,1,Caleb,PERSON,35,40
mdp.39015034653744,77,8,0,Sunday,DATE,7,13
mdp.39015034653744,77,11,0,Blakes,PERSON,8,14
mdp.39015034653744,77,11,1,Caleb,PERSON,26,31
mdp.39015034653744,77,13,0,the two preceding weeks,DATE,87,110
mdp.39015034653744,78,0,0,Caleb,PERSON,3,8
mdp.39015034653744,78,1,0,Blake,PERSON,11,16
mdp.39015034653744,78,2,0,May,PERSON,15,18
mdp.39015034653744,78,2,1,Buddy,PERSON,56,61
mdp.39015034653744,78,3,0,Effie,PERSON,0,5
mdp.39015034653744,78,3,1,Liza,PERSON,10,14
mdp.39015034653744,78,3,2,Ellen,PERSON,55,60
mdp.39015034653744,78,6,0,May,DATE,84,87
mdp.39015034653744,78,8,0,one,CARDINAL,30,33
mdp.39015034653744,78,10,0,Asa,PERSON,12,15
mdp.39015034653744,78,10,1,Henry,PERSON,17,22
mdp.39015034653744,78,10,2,Saul,PERSON,27,31
mdp.39015034653744,78,12,0,three,CARDINAL,44,49
mdp.39015034653744,78,13,0,May,PERSON,7,10
mdp.39015034653744,78,15,0,Asa,PERSON,0,3
mdp.39015034653744,78,15,1,first,ORDINAL,12,17
mdp.39015034653744,78,18,0,one,CARDINAL,8,11
mdp.39015034653744,79,0,0,Caleb,PERSON,0,5
mdp.39015034653744,79,0,1,May,PERSON,46,49
mdp.39015034653744,79,0,2,Liza,PERSON,133,137
mdp.39015034653744,79,2,0,Liza,PERSON,31,35
mdp.39015034653744,79,2,1,May,DATE,58,61
mdp.39015034653744,79,3,0,Asa,PERSON,0,3
mdp.39015034653744,79,6,0,May,PERSON,27,30
mdp.39015034653744,79,7,0,those few minutes,TIME,7,24
mdp.39015034653744,79,7,1,Effie,PERSON,44,49
mdp.39015034653744,79,7,2,one,CARDINAL,135,138
mdp.39015034653744,79,7,3,one,CARDINAL,142,145
mdp.39015034653744,79,8,0,Effie,PERSON,5,10
mdp.39015034653744,79,11,0,Buddy,PERSON,6,11
mdp.39015034653744,79,14,0,Caleb,PERSON,22,27
mdp.39015034653744,79,15,0,Asa,PERSON,0,3
mdp.39015034653744,79,17,0,Caleb,PERSON,1,6
mdp.39015034653744,79,20,0,Nevah,PERSON,0,5
mdp.39015034653744,79,21,0,May,PERSON,0,3
mdp.39015034653744,79,25,0,May,PERSON,37,40
mdp.39015034653744,79,28,0,first,ORDINAL,11,16
mdp.39015034653744,80,0,0,Caleb,PERSON,3,8
mdp.39015034653744,80,0,1,Caleb,PERSON,17,22
mdp.39015034653744,80,0,2,weeks,DATE,52,57
mdp.39015034653744,80,1,0,May,PERSON,89,92
mdp.39015034653744,80,3,0,May,PERSON,112,115
mdp.39015034653744,80,4,0,one second,TIME,21,31
mdp.39015034653744,80,4,1,Caleb,PERSON,64,69
mdp.39015034653744,80,11,0,May,PERSON,20,23
mdp.39015034653744,80,12,0,two,CARDINAL,31,34
mdp.39015034653744,80,22,0,Caleb,PERSON,32,37
mdp.39015034653744,80,24,0,Caleb,PERSON,0,5
mdp.39015034653744,80,26,0,May,PERSON,5,8
mdp.39015034653744,80,27,0,Caleb,PERSON,13,18
mdp.39015034653744,80,29,0,Ellen,PERSON,0,5
mdp.39015034653744,80,29,1,Liza,PERSON,7,11
mdp.39015034653744,80,29,2,Henry,PERSON,13,18
mdp.39015034653744,80,29,3,Saul,PERSON,23,27
mdp.39015034653744,80,29,4,Dora,PERSON,68,72
mdp.39015034653744,80,29,5,Asa,PERSON,133,136
mdp.39015034653744,80,29,6,Effie,PERSON,141,146
mdp.39015034653744,80,29,7,May,DATE,166,169
mdp.39015034653744,81,0,0,Caleb,PERSON,0,5
mdp.39015034653744,81,4,0,one,CARDINAL,8,11
mdp.39015034653744,81,4,1,May,PERSON,34,37
mdp.39015034653744,81,6,0,Caleb,PERSON,1,6
mdp.39015034653744,81,10,0,Caleb,PERSON,43,48
mdp.39015034653744,82,0,0,14,CARDINAL,8,10
mdp.39015034653744,82,0,1,Saul,PERSON,32,36
mdp.39015034653744,82,0,2,July,DATE,47,51
mdp.39015034653744,82,0,3,August,DATE,78,84
mdp.39015034653744,82,0,4,August,DATE,89,95
mdp.39015034653744,82,0,5,September,DATE,101,110
mdp.39015034653744,82,1,0,Millboro,GPE,49,57
mdp.39015034653744,82,4,0,all night,TIME,86,95
mdp.39015034653744,82,6,0,this year,DATE,54,63
mdp.39015034653744,82,6,1,the seventh of September,DATE,86,110
mdp.39015034653744,82,7,0,Liza,PERSON,0,4
mdp.39015034653744,82,8,0,Saul,PERSON,0,4
mdp.39015034653744,82,9,0,the twenty-fifth of August,DATE,25,51
mdp.39015034653744,82,9,1,Caleb,PERSON,145,150
mdp.39015034653744,82,11,0,Liza,PERSON,55,59
mdp.39015034653744,82,14,0,another year,DATE,37,49
mdp.39015034653744,82,15,0,Liza,PERSON,33,37
mdp.39015034653744,82,15,1,fifth,ORDINAL,55,60
mdp.39015034653744,82,16,0,Saul,PERSON,0,4
mdp.39015034653744,82,16,1,about 80,CARDINAL,61,69
mdp.39015034653744,83,0,0,Caleb,PERSON,0,5
mdp.39015034653744,83,0,1,81,CARDINAL,14,16
mdp.39015034653744,83,2,0,the summer,DATE,36,46
mdp.39015034653744,83,3,0,August,DATE,49,55
mdp.39015034653744,83,3,1,September,DATE,59,68
mdp.39015034653744,83,5,0,Henry,PERSON,0,5
mdp.39015034653744,83,5,1,Asa,PERSON,10,13
mdp.39015034653744,83,5,2,every day,DATE,33,42
mdp.39015034653744,83,5,3,May,PERSON,48,51
mdp.39015034653744,83,6,0,May,PERSON,4,7
mdp.39015034653744,83,7,0,Caleb,PERSON,79,84
mdp.39015034653744,83,12,0,Effie,PERSON,11,16
mdp.39015034653744,83,12,1,Ellen,PERSON,21,26
mdp.39015034653744,83,13,0,daily,DATE,37,42
mdp.39015034653744,83,13,1,a few hours,TIME,51,62
mdp.39015034653744,83,15,0,two,CARDINAL,10,13
mdp.39015034653744,83,18,0,Septembah,DATE,24,33
mdp.39015034653744,83,19,0,Caleb,PERSON,29,34
mdp.39015034653744,83,20,0,Asa,PERSON,64,67
mdp.39015034653744,83,21,0,Caleb,PERSON,9,14
mdp.39015034653744,84,0,0,Caleb,PERSON,3,8
mdp.39015034653744,84,1,0,Caleb,PERSON,0,5
mdp.39015034653744,84,4,0,Caleb,PERSON,120,125
mdp.39015034653744,84,6,0,Roe,PERSON,0,3
mdp.39015034653744,84,6,1,Caleb,PERSON,19,24
mdp.39015034653744,84,14,0,Roe,PERSON,16,19
mdp.39015034653744,84,14,1,Caleb,PERSON,53,58
mdp.39015034653744,84,15,0,Roe,PERSON,36,39
mdp.39015034653744,84,16,0,Caleb,PERSON,9,14
mdp.39015034653744,84,17,0,Hiram,PERSON,0,5
mdp.39015034653744,84,18,0,Jake,PERSON,0,4
mdp.39015034653744,84,19,0,Jim Rogers,PERSON,5,15
mdp.39015034653744,84,23,0,Jim,PERSON,0,3
mdp.39015034653744,84,24,0,Roe's,ORG,76,81
mdp.39015034653744,84,26,0,May,DATE,21,24
mdp.39015034653744,84,26,1,Caleb,PERSON,26,31
mdp.39015034653744,85,0,0,Caleb,PERSON,0,5
mdp.39015034653744,85,2,0,Jim,PERSON,22,25
mdp.39015034653744,85,2,1,Jake,PERSON,31,35
mdp.39015034653744,85,2,2,Roe,PERSON,64,67
mdp.39015034653744,85,3,0,third,ORDINAL,6,11
mdp.39015034653744,85,3,1,Trudy Reese,PERSON,74,85
mdp.39015034653744,85,5,0,Saul,PERSON,0,4
mdp.39015034653744,85,7,0,Caleb,PERSON,41,46
mdp.39015034653744,85,10,0,Caleb,PERSON,43,48
mdp.39015034653744,85,12,0,Saul,PERSON,31,35
mdp.39015034653744,85,12,1,his long summer,DATE,42,57
mdp.39015034653744,85,13,0,two weeks,DATE,7,16
mdp.39015034653744,85,13,1,Asa,PERSON,69,72
mdp.39015034653744,85,14,0,one night,TIME,41,50
mdp.39015034653744,85,14,1,Saul,PERSON,56,60
mdp.39015034653744,86,0,0,15,CARDINAL,8,10
mdp.39015034653744,86,0,1,the last week,DATE,33,46
mdp.39015034653744,86,0,2,September,DATE,50,59
mdp.39015034653744,86,0,3,the first in,DATE,63,75
mdp.39015034653744,86,0,4,October,DATE,76,83
mdp.39015034653744,86,0,5,Liza,PERSON,84,88
mdp.39015034653744,86,1,0,nearly five-thirty,TIME,7,25
mdp.39015034653744,86,1,1,Cameron Street,FAC,52,66
mdp.39015034653744,86,1,2,Effie,PERSON,72,77
mdp.39015034653744,86,1,3,Ellen,PERSON,82,87
mdp.39015034653744,86,2,0,Effie,PERSON,16,21
mdp.39015034653744,86,2,1,Dora,PERSON,40,44
mdp.39015034653744,86,3,0,Liza,PERSON,4,8
mdp.39015034653744,86,4,0,Dora,PERSON,26,30
mdp.39015034653744,86,7,0,Effie,PERSON,0,5
mdp.39015034653744,86,7,1,a minute,TIME,28,36
mdp.39015034653744,86,10,0,a hahd day,DATE,26,36
mdp.39015034653744,86,11,0,a minute,TIME,5,13
mdp.39015034653744,86,16,0,Liza,PERSON,17,21
mdp.39015034653744,86,17,0,Jabez,PERSON,53,58
mdp.39015034653744,86,17,1,that afternoon,TIME,67,81
mdp.39015034653744,86,19,0,two,CARDINAL,4,7
mdp.39015034653744,86,19,1,Jabez,PERSON,78,83
mdp.39015034653744,87,0,0,Caleb,PERSON,0,5
mdp.39015034653744,87,2,0,one,CARDINAL,145,148
mdp.39015034653744,87,5,0,Caleb,PERSON,41,46
mdp.39015034653744,87,8,0,Liza,PERSON,20,24
mdp.39015034653744,87,10,0,Saul,PERSON,10,14
mdp.39015034653744,87,11,0,the weeks before,DATE,87,103
mdp.39015034653744,87,11,1,Caleb,PERSON,133,138
mdp.39015034653744,87,12,0,that afternoon,TIME,4,18
mdp.39015034653744,87,16,0,Mistah Jabez,PERSON,1,13
mdp.39015034653744,87,17,0,Saul,PERSON,0,4
mdp.39015034653744,87,19,0,Caleb,PERSON,21,26
mdp.39015034653744,87,20,0,Liza,PERSON,46,50
mdp.39015034653744,87,23,0,one,CARDINAL,38,41
mdp.39015034653744,87,24,0,Asa,PERSON,39,42
mdp.39015034653744,87,24,1,Henry,PERSON,51,56
mdp.39015034653744,87,24,2,Ruby,PERSON,64,68
mdp.39015034653744,87,25,0,Henry,PERSON,61,66
mdp.39015034653744,87,25,1,second,ORDINAL,81,87
mdp.39015034653744,88,0,0,Caleb,PERSON,3,8
mdp.39015034653744,88,0,1,an hour,TIME,39,46
mdp.39015034653744,88,0,2,Ruby,PERSON,59,63
mdp.39015034653744,88,1,0,Asa,PERSON,4,7
mdp.39015034653744,88,2,0,Ford,ORG,32,36
mdp.39015034653744,88,2,1,Liza,PERSON,88,92
mdp.39015034653744,88,3,0,Liza,PERSON,13,17
mdp.39015034653744,88,4,0,a day,DATE,72,77
mdp.39015034653744,88,4,1,one,CARDINAL,100,103
mdp.39015034653744,88,5,0,Liza,PERSON,0,4
mdp.39015034653744,88,10,0,Effie,PERSON,35,40
mdp.39015034653744,88,11,0,Liza,PERSON,0,4
mdp.39015034653744,88,11,1,nearly three blocks,QUANTITY,28,47
mdp.39015034653744,88,12,0,Asa,PERSON,38,41
mdp.39015034653744,88,16,0,Asa,PERSON,0,3
mdp.39015034653744,88,27,0,Ovah,GPE,0,4
mdp.39015034653744,88,27,1,Jabez,PERSON,55,60
mdp.39015034653744,88,28,0,Caleb,PERSON,25,30
mdp.39015034653744,88,31,0,Jabez,PERSON,4,9
mdp.39015034653744,89,0,0,Caleb,PERSON,0,5
mdp.39015034653744,89,0,1,weeks,DATE,39,44
mdp.39015034653744,89,0,2,Caleb,PERSON,96,101
mdp.39015034653744,89,1,0,Asa,PERSON,0,3
mdp.39015034653744,89,5,0,Jabez'd,PERSON,14,21
mdp.39015034653744,89,6,0,Jabez,PERSON,20,25
mdp.39015034653744,89,9,0,Caleb,PERSON,13,18
mdp.39015034653744,89,12,0,Asa,PERSON,8,11
mdp.39015034653744,89,13,0,Saul,PERSON,111,115
mdp.39015034653744,89,13,1,May,PERSON,120,123
mdp.39015034653744,89,14,0,Cameron Street,FAC,41,55
mdp.39015034653744,89,17,0,Caleb,PERSON,24,29
mdp.39015034653744,89,17,1,Saul,PERSON,34,38
mdp.39015034653744,89,18,0,Henry,PERSON,0,5
mdp.39015034653744,89,18,1,Atwaters,PERSON,30,38
mdp.39015034653744,89,19,0,Effie,PERSON,0,5
mdp.39015034653744,89,19,1,Asa,PERSON,26,29
mdp.39015034653744,89,22,0,Asa,PERSON,0,3
mdp.39015034653744,89,22,1,Liza,PERSON,8,12
mdp.39015034653744,89,24,0,May,PERSON,5,8
mdp.39015034653744,90,0,0,Caleb,PERSON,3,8
mdp.39015034653744,90,20,0,Asa,PERSON,0,3
mdp.39015034653744,90,20,1,May,PERSON,9,12
mdp.39015034653744,90,22,0,Effie,PERSON,26,31
mdp.39015034653744,90,23,0,two days,DATE,30,38
mdp.39015034653744,90,24,0,God,PERSON,12,15
mdp.39015034653744,91,0,0,16,CARDINAL,8,10
mdp.39015034653744,91,0,1,EFFIE,PERSON,11,16
mdp.39015034653744,91,0,2,FFIE,PERSON,19,23
mdp.39015034653744,91,1,0,ten-thirty and eleven o'clock,TIME,18,47
mdp.39015034653744,91,1,1,Asa,PERSON,76,79
mdp.39015034653744,91,2,0,a few moments,TIME,12,25
mdp.39015034653744,91,3,0,Effie,PERSON,0,5
mdp.39015034653744,91,8,0,Asa,PERSON,52,55
mdp.39015034653744,91,12,0,Effie,PERSON,0,5
mdp.39015034653744,91,14,0,the next morning,TIME,52,68
mdp.39015034653744,91,15,0,two,CARDINAL,9,12
mdp.39015034653744,92,0,0,Caleb,PERSON,3,8
mdp.39015034653744,92,0,1,Effie,PERSON,31,36
mdp.39015034653744,92,0,2,Asa,PERSON,52,55
mdp.39015034653744,92,4,0,Asa,PERSON,0,3
mdp.39015034653744,92,7,0,Asa,PERSON,0,3
mdp.39015034653744,92,8,0,Caleb,PERSON,5,10
mdp.39015034653744,92,11,0,one,CARDINAL,46,49
mdp.39015034653744,92,13,0,one o'clock that afternoon,TIME,30,56
mdp.39015034653744,92,13,1,Roe,PERSON,106,109
mdp.39015034653744,93,0,0,Caleb,PERSON,0,5
mdp.39015034653744,93,0,1,91,CARDINAL,14,16
mdp.39015034653744,93,1,0,Billy Reese,PERSON,40,51
mdp.39015034653744,93,2,0,Caleb,PERSON,82,87
mdp.39015034653744,93,5,0,Caleb,PERSON,12,17
mdp.39015034653744,93,6,0,first,ORDINAL,106,111
mdp.39015034653744,93,11,0,two,CARDINAL,150,153
mdp.39015034653744,93,11,1,Trudy,PERSON,167,172
mdp.39015034653744,93,11,2,Billy,PERSON,182,187
mdp.39015034653744,93,14,0,Billy Reese,PERSON,94,105
mdp.39015034653744,93,17,0,Billy,PERSON,26,31
mdp.39015034653744,93,19,0,Billy,PERSON,21,26
mdp.39015034653744,94,0,0,Caleb,PERSON,3,8
mdp.39015034653744,94,5,0,Roe,PERSON,24,27
mdp.39015034653744,94,8,0,Jake,PERSON,48,52
mdp.39015034653744,94,9,0,Jake,PERSON,47,51
mdp.39015034653744,94,10,0,Jake,PERSON,15,19
mdp.39015034653744,94,10,1,Billy,PERSON,31,36
mdp.39015034653744,94,17,0,the week,DATE,62,70
mdp.39015034653744,94,22,0,May,DATE,52,55
mdp.39015034653744,95,0,0,Caleb,PERSON,0,5
mdp.39015034653744,95,0,1,93,DATE,14,16
mdp.39015034653744,95,3,0,Saul,PERSON,0,4
mdp.39015034653744,95,4,0,Caleb,PERSON,69,74
mdp.39015034653744,95,5,0,Saul,PERSON,4,8
mdp.39015034653744,95,6,0,afternoon,TIME,47,56
mdp.39015034653744,95,8,0,Caleb,PERSON,0,5
mdp.39015034653744,95,8,1,one,CARDINAL,73,76
mdp.39015034653744,95,10,0,minutes,TIME,15,22
mdp.39015034653744,95,13,0,Saul,PERSON,0,4
mdp.39015034653744,95,17,0,Caleb,PERSON,0,5
mdp.39015034653744,95,18,0,second,ORDINAL,3,9
mdp.39015034653744,95,20,0,Asa,PERSON,0,3
mdp.39015034653744,95,22,0,Caleb,PERSON,29,34
mdp.39015034653744,95,22,1,first,ORDINAL,35,40
mdp.39015034653744,96,0,0,Caleb,PERSON,3,8
mdp.39015034653744,96,1,0,Saul,PERSON,24,28
mdp.39015034653744,96,4,0,Saul,PERSON,0,4
mdp.39015034653744,96,8,0,Asa,PERSON,0,3
mdp.39015034653744,96,11,0,Asa,PERSON,0,3
mdp.39015034653744,96,13,0,Caleb,PERSON,0,5
mdp.39015034653744,96,17,0,Caleb,PERSON,20,25
mdp.39015034653744,96,17,1,Asa,PERSON,28,31
mdp.39015034653744,96,26,0,Caleb,PERSON,11,16
mdp.39015034653744,96,28,0,Caleb,PERSON,0,5
mdp.39015034653744,96,34,0,Caleb,PERSON,0,5
mdp.39015034653744,96,36,0,Caleb,PERSON,0,5
mdp.39015034653744,96,38,0,Caleb,PERSON,17,22
mdp.39015034653744,97,0,0,Caleb,PERSON,0,5
mdp.39015034653744,97,1,0,Caleb,PERSON,11,16
mdp.39015034653744,97,12,0,Caleb,PERSON,24,29
mdp.39015034653744,97,16,0,Asa,PERSON,17,20
mdp.39015034653744,97,18,0,Caleb,PERSON,29,34
mdp.39015034653744,97,19,0,Saul,PERSON,5,9
mdp.39015034653744,97,19,1,Asa,PERSON,11,14
mdp.39015034653744,97,20,0,first,ORDINAL,16,21
mdp.39015034653744,97,22,0,Effie,PERSON,84,89
mdp.39015034653744,97,23,0,a few minutes,TIME,6,19
mdp.39015034653744,97,26,0,night,TIME,6,11
mdp.39015034653744,97,29,0,Caleb,PERSON,39,44
mdp.39015034653744,97,29,1,Asa,PERSON,71,74
mdp.39015034653744,97,30,0,Effie,GPE,19,24
mdp.39015034653744,98,0,0,17,CARDINAL,8,10
mdp.39015034653744,98,0,1,Blakes,PERSON,69,75
mdp.39015034653744,98,1,0,Asa,PERSON,11,14
mdp.39015034653744,98,1,1,Caleb,PERSON,30,35
mdp.39015034653744,98,6,0,May,PERSON,0,3
mdp.39015034653744,98,14,0,Saul,PERSON,40,44
mdp.39015034653744,98,14,1,Saul,PERSON,46,50
mdp.39015034653744,98,17,0,Asa,PERSON,4,7
mdp.39015034653744,98,18,0,Asa,PERSON,4,7
mdp.39015034653744,98,19,0,May,DATE,5,8
mdp.39015034653744,98,20,0,Asa,PERSON,6,9
mdp.39015034653744,98,21,0,May,PERSON,19,22
mdp.39015034653744,98,21,1,96,DATE,32,34
mdp.39015034653744,99,0,0,Caleb,PERSON,0,5
mdp.39015034653744,99,3,0,May,PERSON,13,16
mdp.39015034653744,99,5,0,Billy Reese,PERSON,33,44
mdp.39015034653744,99,5,1,Millboro,GPE,91,99
mdp.39015034653744,99,5,2,Rose's Beauty Salon,ORG,161,180
mdp.39015034653744,99,5,3,May,PERSON,284,287
mdp.39015034653744,99,6,0,Caleb,PERSON,57,62
mdp.39015034653744,99,7,0,May,PERSON,55,58
mdp.39015034653744,99,8,0,Every afternoon,TIME,0,15
mdp.39015034653744,99,8,1,Rose,PERSON,34,38
mdp.39015034653744,99,8,2,May,PERSON,84,87
mdp.39015034653744,99,9,0,May,PERSON,30,33
mdp.39015034653744,99,11,0,Henry,PERSON,0,5
mdp.39015034653744,99,13,0,Asa,PERSON,4,7
mdp.39015034653744,99,14,0,Martha,PERSON,23,29
mdp.39015034653744,99,15,0,Martha,PERSON,0,6
mdp.39015034653744,99,15,1,Asa,PERSON,65,68
mdp.39015034653744,99,15,2,Caleb,PERSON,75,80
mdp.39015034653744,99,17,0,Asa,PERSON,4,7
mdp.39015034653744,100,0,0,Caleb,PERSON,3,8
mdp.39015034653744,100,0,1,Charles,PERSON,62,69
mdp.39015034653744,100,0,2,Elizabeth,PERSON,105,114
mdp.39015034653744,100,0,3,the day,DATE,128,135
mdp.39015034653744,100,4,0,Elizabeth,PERSON,25,34
mdp.39015034653744,100,5,0,May,PERSON,5,8
mdp.39015034653744,100,5,1,Elizabeth,PERSON,55,64
mdp.39015034653744,100,5,2,Henry,PERSON,78,83
mdp.39015034653744,100,7,0,Liza,PERSON,0,4
mdp.39015034653744,100,8,0,Caleb,PERSON,14,19
mdp.39015034653744,100,8,1,Negro,NORP,82,87
mdp.39015034653744,100,10,0,the first morning,TIME,30,47
mdp.39015034653744,100,11,0,Roe's,FAC,117,122
mdp.39015034653744,100,13,0,lunch time,TIME,11,21
mdp.39015034653744,100,14,0,Only one,CARDINAL,0,8
mdp.39015034653744,100,15,0,the last half hour,TIME,39,57
mdp.39015034653744,101,0,0,Caleb,PERSON,0,5
mdp.39015034653744,101,0,1,99,CARDINAL,14,16
mdp.39015034653744,101,0,2,Lowell,PERSON,84,90
mdp.39015034653744,101,2,0,Lowell,PERSON,4,10
mdp.39015034653744,101,4,0,this afternoon,TIME,49,63
mdp.39015034653744,101,5,0,Blake,PERSON,6,11
mdp.39015034653744,101,8,0,Mistah Lowell,PERSON,6,19
mdp.39015034653744,101,10,0,yestahday,DATE,20,29
mdp.39015034653744,101,13,0,Caleb,PERSON,16,21
mdp.39015034653744,101,17,0,Blake,PERSON,49,54
mdp.39015034653744,101,27,0,week,DATE,36,40
mdp.39015034653744,102,0,0,Caleb,PERSON,4,9
mdp.39015034653744,102,8,0,Liza,PERSON,29,33
mdp.39015034653744,102,10,0,Effie,PERSON,23,28
mdp.39015034653744,102,11,0,Ellen,PERSON,0,5
mdp.39015034653744,102,12,0,Saul,PERSON,4,8
mdp.39015034653744,102,14,0,Daisy,PERSON,30,35
mdp.39015034653744,102,14,1,Jabez,PERSON,168,173
mdp.39015034653744,102,17,0,Caleb,PERSON,0,5
mdp.39015034653744,102,18,0,Effie,PERSON,0,5
mdp.39015034653744,102,19,0,Bible,WORK_OF_ART,93,98
mdp.39015034653744,102,19,1,Asa,PERSON,169,172
mdp.39015034653744,102,22,0,Caleb,PERSON,69,74
mdp.39015034653744,102,25,0,Caleb,PERSON,10,15
mdp.39015034653744,103,0,0,Caleb,PERSON,0,5
mdp.39015034653744,103,0,1,Caleb,PERSON,18,23
mdp.39015034653744,103,7,0,each hour,TIME,41,50
mdp.39015034653744,103,7,1,an hundred fold,CARDINAL,67,82
mdp.39015034653744,103,9,0,one,CARDINAL,25,28
mdp.39015034653744,103,11,0,the end of the third day,DATE,3,27
mdp.39015034653744,103,11,1,Billy Reese,PERSON,72,83
mdp.39015034653744,103,13,0,just one more,TIME,36,49
mdp.39015034653744,103,13,1,one more,TIME,61,69
mdp.39015034653744,104,0,0,18,CARDINAL,8,10
mdp.39015034653744,104,0,1,FIVE days,DATE,11,20
mdp.39015034653744,104,0,2,five years,DATE,82,92
mdp.39015034653744,104,0,3,five centuries,DATE,96,110
mdp.39015034653744,104,1,0,the evening of the fifth day,TIME,9,37
mdp.39015034653744,104,2,0,about nine o'clock.,TIME,15,34
mdp.39015034653744,104,3,0,nearly two hours before,TIME,25,48
mdp.39015034653744,104,3,1,Henry,PERSON,54,59
mdp.39015034653744,104,3,2,Ruby,PERSON,111,115
mdp.39015034653744,104,4,0,one,CARDINAL,38,41
mdp.39015034653744,104,4,1,fall,DATE,111,115
mdp.39015034653744,104,4,2,another year,DATE,157,169
mdp.39015034653744,104,5,0,first,ORDINAL,50,55
mdp.39015034653744,104,5,1,days,DATE,64,68
mdp.39015034653744,104,5,2,Ellen,PERSON,69,74
mdp.39015034653744,104,6,0,Asa,PERSON,7,10
mdp.39015034653744,104,6,1,Effie,PERSON,57,62
mdp.39015034653744,104,7,0,Liza,PERSON,0,4
mdp.39015034653744,104,8,0,May,PERSON,0,3
mdp.39015034653744,104,9,0,Saul,PERSON,0,4
mdp.39015034653744,104,10,0,Daisy,PERSON,174,179
mdp.39015034653744,104,16,0,days,DATE,33,37
mdp.39015034653744,104,17,0,102,CARDINAL,0,3
mdp.39015034653744,105,0,0,Caleb,PERSON,0,5
mdp.39015034653744,105,1,0,Effie,PERSON,0,5
mdp.39015034653744,105,2,0,Asa,PERSON,0,3
mdp.39015034653744,105,3,0,Henry,PERSON,23,28
mdp.39015034653744,105,4,0,Henry,PERSON,48,53
mdp.39015034653744,105,7,0,Saul,PERSON,45,49
mdp.39015034653744,105,7,1,Daisy,PERSON,54,59
mdp.39015034653744,105,8,0,Mistah Atwatah,PERSON,20,34
mdp.39015034653744,105,9,0,Lawd,PERSON,43,47
mdp.39015034653744,105,9,1,Henry,PERSON,49,54
mdp.39015034653744,105,12,0,Atwatah,PERSON,41,48
mdp.39015034653744,105,13,0,Asa,PERSON,8,11
mdp.39015034653744,105,15,0,Pa,PERSON,9,11
mdp.39015034653744,105,15,1,anothah,NORP,13,20
mdp.39015034653744,105,15,2,Jim Rogahsadmitted,PERSON,40,58
mdp.39015034653744,105,17,0,Jim,PERSON,57,60
mdp.39015034653744,105,18,0,Mistah Atwatah,PERSON,0,14
mdp.39015034653744,105,18,1,twenty,QUANTITY,50,56
mdp.39015034653744,105,20,0,Henry,PERSON,41,46
mdp.39015034653744,105,21,0,Effie,PERSON,36,41
mdp.39015034653744,105,22,0,Asa,PERSON,10,13
mdp.39015034653744,105,23,0,Asa,PERSON,19,22
mdp.39015034653744,105,26,0,Saul,PERSON,0,4
mdp.39015034653744,105,26,1,Daisy,PERSON,13,18
mdp.39015034653744,105,27,0,Ellen,PERSON,0,5
mdp.39015034653744,105,27,1,Liza,PERSON,10,14
mdp.39015034653744,105,28,0,May,PERSON,4,7
mdp.39015034653744,105,32,0,Henry,PERSON,24,29
mdp.39015034653744,105,33,0,Ellen,PERSON,24,29
mdp.39015034653744,106,0,0,Caleb,PERSON,4,9
mdp.39015034653744,106,1,0,Asa,PERSON,5,8
mdp.39015034653744,106,1,1,Effie,PERSON,17,22
mdp.39015034653744,106,2,0,Henry,PERSON,0,5
mdp.39015034653744,106,2,1,first,ORDINAL,14,19
mdp.39015034653744,106,2,2,Saul,PERSON,54,58
mdp.39015034653744,106,3,0,Mistah Jabez's,PERSON,45,59
mdp.39015034653744,106,5,0,Asa,PERSON,0,3
mdp.39015034653744,106,11,0,first,ORDINAL,10,15
mdp.39015034653744,106,19,0,Caleb,PERSON,40,45
mdp.39015034653744,106,21,0,Asa,PERSON,0,3
mdp.39015034653744,106,22,0,two,CARDINAL,44,47
mdp.39015034653744,106,23,0,Caleb,PERSON,0,5
mdp.39015034653744,106,23,1,first,ORDINAL,14,19
mdp.39015034653744,106,27,0,Caleb,PERSON,0,5
mdp.39015034653744,107,0,0,Caleb,PERSON,0,5
mdp.39015034653744,107,1,0,Caleb,PERSON,12,17
mdp.39015034653744,107,9,0,Rogahs,PERSON,17,23
mdp.39015034653744,107,10,0,Jim Rogahs,PERSON,0,10
mdp.39015034653744,107,12,0,Caleb,PERSON,0,5
mdp.39015034653744,107,13,0,Jim Rogers,PERSON,38,48
mdp.39015034653744,107,18,0,Caleb,PERSON,0,5
mdp.39015034653744,107,19,0,Asa,PERSON,33,36
mdp.39015034653744,107,20,0,Caleb,PERSON,16,21
mdp.39015034653744,107,25,0,Caleb,PERSON,24,29
mdp.39015034653744,107,28,0,Caleb,PERSON,0,5
mdp.39015034653744,107,30,0,Asa,PERSON,0,3
mdp.39015034653744,107,33,0,Liza,PERSON,1,5
mdp.39015034653744,107,34,0,Buddy,PERSON,0,5
mdp.39015034653744,107,34,1,May,DATE,39,42
mdp.39015034653744,107,35,0,Saul,PERSON,0,4
mdp.39015034653744,107,38,0,Caleb,PERSON,19,24
mdp.39015034653744,108,0,0,Caleb,PERSON,4,9
mdp.39015034653744,108,0,1,Caleb,PERSON,18,23
mdp.39015034653744,108,1,0,Asa,PERSON,6,9
mdp.39015034653744,108,1,1,Caleb,PERSON,31,36
mdp.39015034653744,108,2,0,Mistah Charles,PERSON,23,37
mdp.39015034653744,108,6,0,Asa,PERSON,0,3
mdp.39015034653744,108,7,0,Caleb,PERSON,60,65
mdp.39015034653744,108,8,0,a minute,TIME,20,28
mdp.39015034653744,108,10,0,two,CARDINAL,46,49
mdp.39015034653744,108,14,0,one,CARDINAL,12,15
mdp.39015034653744,108,14,1,one,CARDINAL,41,44
mdp.39015034653744,108,16,0,Caleb,PERSON,0,5
mdp.39015034653744,108,18,0,Asa,PERSON,48,51
mdp.39015034653744,108,20,0,Caleb,PERSON,13,18
mdp.39015034653744,108,22,0,Caleb,PERSON,0,5
mdp.39015034653744,108,22,1,Asa,PERSON,21,24
mdp.39015034653744,108,23,0,Caleb,PERSON,25,30
mdp.39015034653744,108,24,0,Caleb,PERSON,58,63
mdp.39015034653744,108,27,0,Caleb,PERSON,72,77
mdp.39015034653744,109,0,0,19,CARDINAL,8,10
mdp.39015034653744,109,0,1,Caleb,PERSON,16,21
mdp.39015034653744,109,1,0,Jim Rogers,PERSON,55,65
mdp.39015034653744,109,3,0,the last few months,DATE,126,145
mdp.39015034653744,109,4,0,Caleb,PERSON,109,114
mdp.39015034653744,109,6,0,Asa,PERSON,22,25
mdp.39015034653744,109,7,0,Caleb,PERSON,77,82
mdp.39015034653744,109,7,1,tonight,TIME,132,139
mdp.39015034653744,109,9,0,Blakes,PERSON,116,122
mdp.39015034653744,110,0,0,Caleb,PERSON,4,9
mdp.39015034653744,110,1,0,The weeks,DATE,0,9
mdp.39015034653744,110,1,1,that night,TIME,88,98
mdp.39015034653744,110,2,0,Liza,PERSON,0,4
mdp.39015034653744,110,3,0,Lowell,PERSON,4,10
mdp.39015034653744,110,4,0,Saul,PERSON,0,4
mdp.39015034653744,110,6,0,May,DATE,0,3
mdp.39015034653744,110,6,1,Buddy,PERSON,23,28
mdp.39015034653744,110,9,0,Effie,PERSON,0,5
mdp.39015034653744,110,10,0,Caleb,PERSON,7,12
mdp.39015034653744,110,11,0,the first week,DATE,4,18
mdp.39015034653744,110,13,0,the end of October,DATE,101,119
mdp.39015034653744,110,15,0,Caleb,PERSON,21,26
mdp.39015034653744,110,18,0,Asa,PERSON,0,3
mdp.39015034653744,110,18,1,Effie,PERSON,43,48
mdp.39015034653744,110,19,0,Caleb,PERSON,32,37
mdp.39015034653744,110,20,0,his week,DATE,15,23
mdp.39015034653744,111,0,0,Caleb,PERSON,0,5
mdp.39015034653744,111,3,0,Saul,PERSON,26,30
mdp.39015034653744,111,5,0,Caleb,PERSON,60,65
mdp.39015034653744,111,5,1,Saul,PERSON,114,118
mdp.39015034653744,111,6,0,Daisy,PERSON,75,80
mdp.39015034653744,111,7,0,Caleb,PERSON,36,41
mdp.39015034653744,111,8,0,Caleb,PERSON,0,5
mdp.39015034653744,111,9,0,Caleb,PERSON,41,46
mdp.39015034653744,111,10,0,One,CARDINAL,0,3
mdp.39015034653744,111,10,1,Cameron Street,FAC,59,73
mdp.39015034653744,111,11,0,Roe,PERSON,86,89
mdp.39015034653744,111,13,0,Roe,PERSON,0,3
mdp.39015034653744,111,18,0,first,ORDINAL,22,27
mdp.39015034653744,111,26,0,Jim,PERSON,18,21
mdp.39015034653744,112,0,0,Caleb,PERSON,4,9
mdp.39015034653744,112,2,0,twenty,QUANTITY,37,43
mdp.39015034653744,112,4,0,Jim,PERSON,4,7
mdp.39015034653744,112,10,0,Caleb,PERSON,17,22
mdp.39015034653744,112,15,0,Caleb,PERSON,11,16
mdp.39015034653744,112,15,1,every day,DATE,22,31
mdp.39015034653744,112,16,0,Jake,PERSON,67,71
mdp.39015034653744,112,18,0,less than a month,DATE,28,45
mdp.39015034653744,112,20,0,Caleb,PERSON,40,45
mdp.39015034653744,112,21,0,Caleb,PERSON,0,5
mdp.39015034653744,112,21,1,Trudy,PERSON,36,41
mdp.39015034653744,112,24,0,Caleb,PERSON,47,52
mdp.39015034653744,112,26,0,Trudy,PERSON,4,9
mdp.39015034653744,112,26,1,Caleb,PERSON,23,28
mdp.39015034653744,112,28,0,only two,CARDINAL,8,16
mdp.39015034653744,112,29,0,two,CARDINAL,26,29
mdp.39015034653744,112,29,1,Trudy,PERSON,88,93
mdp.39015034653744,113,0,0,Caleb,PERSON,0,5
mdp.39015034653744,113,1,0,Asa,PERSON,0,3
mdp.39015034653744,113,1,1,Caleb,PERSON,20,25
mdp.39015034653744,113,2,0,one,CARDINAL,97,100
mdp.39015034653744,113,5,0,Roe,PERSON,76,79
mdp.39015034653744,113,6,0,Caleb,PERSON,0,5
mdp.39015034653744,113,6,1,Trudy,PERSON,21,26
mdp.39015034653744,113,7,0,Effie,PERSON,57,62
mdp.39015034653744,113,10,0,two or three nights,DATE,28,47
mdp.39015034653744,113,11,0,several weeks,DATE,20,33
mdp.39015034653744,113,11,1,Asa,PERSON,46,49
mdp.39015034653744,113,12,0,Effie,PERSON,67,72
mdp.39015034653744,113,13,0,November,DATE,27,35
mdp.39015034653744,114,0,0,20,CARDINAL,8,10
mdp.39015034653744,114,3,0,Caleb,PERSON,4,9
mdp.39015034653744,114,5,0,Trudy,PERSON,56,61
mdp.39015034653744,114,5,1,Billy Reese,PERSON,139,150
mdp.39015034653744,114,6,0,Roe,PERSON,121,124
mdp.39015034653744,114,6,1,Jake,PERSON,130,134
mdp.39015034653744,114,7,0,five whole days,DATE,32,47
mdp.39015034653744,114,7,1,the middle of November,DATE,59,81
mdp.39015034653744,114,7,2,Cameron Street,FAC,115,129
mdp.39015034653744,114,9,0,Daisy,PERSON,5,10
mdp.39015034653744,114,9,1,all summer,DATE,48,58
mdp.39015034653744,114,11,0,Asa,PERSON,63,66
mdp.39015034653744,115,0,0,Caleb,PERSON,0,5
mdp.39015034653744,115,0,1,Effie,PERSON,39,44
mdp.39015034653744,115,1,0,Winter,DATE,0,6
mdp.39015034653744,115,1,1,Blakes,PERSON,96,102
mdp.39015034653744,115,2,0,Saul,PERSON,51,55
mdp.39015034653744,115,3,0,winter,DATE,46,52
mdp.39015034653744,115,4,0,Effie,PERSON,43,48
mdp.39015034653744,115,5,0,bedtime,TIME,42,49
mdp.39015034653744,115,6,0,This winter,DATE,0,11
mdp.39015034653744,115,7,0,Ruby Atwater,PERSON,10,22
mdp.39015034653744,115,7,1,Henry,PERSON,49,54
mdp.39015034653744,115,9,0,Caleb,PERSON,84,89
mdp.39015034653744,115,10,0,July,DATE,25,29
mdp.39015034653744,115,10,1,Caleb,PERSON,153,158
mdp.39015034653744,115,12,0,Effie,PERSON,16,21
mdp.39015034653744,115,12,1,Asa,PERSON,26,29
mdp.39015034653744,115,12,2,all night,TIME,96,105
mdp.39015034653744,115,13,0,One night,TIME,0,9
mdp.39015034653744,115,13,1,Asa,PERSON,10,13
mdp.39015034653744,115,13,2,the third day,DATE,45,58
mdp.39015034653744,115,13,3,Caleb,PERSON,68,73
mdp.39015034653744,115,14,0,Effie,PERSON,0,5
mdp.39015034653744,115,16,0,all day,DATE,46,53
mdp.39015034653744,115,17,0,Saul,PERSON,6,10
mdp.39015034653744,115,18,0,Effie,PERSON,0,5
mdp.39015034653744,115,19,0,Asa,PERSON,0,3
mdp.39015034653744,115,21,0,Effie,PERSON,0,5
mdp.39015034653744,116,0,0,Caleb,PERSON,4,9
mdp.39015034653744,116,1,0,Effie,PERSON,15,20
mdp.39015034653744,116,3,0,Effie,PERSON,0,5
mdp.39015034653744,116,5,0,Asa,PERSON,35,38
mdp.39015034653744,116,6,0,The next evening,TIME,0,16
mdp.39015034653744,116,6,1,Asa,PERSON,35,38
mdp.39015034653744,116,6,2,Caleb,PERSON,62,67
mdp.39015034653744,116,7,0,Effie,PERSON,18,23
mdp.39015034653744,116,8,0,the fifth night,TIME,3,18
mdp.39015034653744,116,8,1,Effie,PERSON,47,52
mdp.39015034653744,116,9,0,Saul,PERSON,13,17
mdp.39015034653744,116,11,0,Asa,PERSON,0,3
mdp.39015034653744,116,11,1,Effie,PERSON,57,62
mdp.39015034653744,116,12,0,Ellen,PERSON,25,30
mdp.39015034653744,116,13,0,Liza,PERSON,38,42
mdp.39015034653744,116,13,1,two,CARDINAL,51,54
mdp.39015034653744,116,14,0,Liza,PERSON,0,4
mdp.39015034653744,116,17,0,Dora,PERSON,83,87
mdp.39015034653744,116,18,0,Effie,PERSON,16,21
mdp.39015034653744,116,19,0,Effie,PERSON,10,15
mdp.39015034653744,116,20,0,Asa,PERSON,10,13
mdp.39015034653744,116,29,0,Asa,PERSON,30,33
mdp.39015034653744,116,31,0,Effie,PERSON,81,86
mdp.39015034653744,116,32,0,Effie,PERSON,0,5
mdp.39015034653744,117,0,0,Caleb,PERSON,0,5
mdp.39015034653744,117,1,0,Asa,PERSON,32,35
mdp.39015034653744,117,3,0,Asa,PERSON,66,69
mdp.39015034653744,117,5,0,Effie,PERSON,16,21
mdp.39015034653744,117,7,0,Asa,PERSON,6,9
mdp.39015034653744,117,9,0,Asa,PERSON,11,14
mdp.39015034653744,117,12,0,Liza,PERSON,0,4
mdp.39015034653744,117,12,1,Effie,PERSON,72,77
mdp.39015034653744,117,14,0,Saul,PERSON,20,24
mdp.39015034653744,117,14,1,Asa,PERSON,96,99
mdp.39015034653744,117,16,0,Daisy,PERSON,65,70
mdp.39015034653744,117,17,0,Effie,PERSON,0,5
mdp.39015034653744,117,22,0,Saul,PERSON,0,4
mdp.39015034653744,118,0,0,Caleb,PERSON,4,9
mdp.39015034653744,118,0,1,Liza,PERSON,18,22
mdp.39015034653744,118,1,0,Saul,PERSON,1,5
mdp.39015034653744,118,1,1,Ellen,PERSON,30,35
mdp.39015034653744,118,2,0,May,DATE,0,3
mdp.39015034653744,118,3,0,Asa,PERSON,10,13
mdp.39015034653744,118,3,1,Ford,ORG,41,45
mdp.39015034653744,118,3,2,Main Street,FAC,72,83
mdp.39015034653744,118,6,0,Effie,PERSON,26,31
mdp.39015034653744,118,6,1,Asa,PERSON,67,70
mdp.39015034653744,118,10,0,Effie,PERSON,25,30
mdp.39015034653744,118,14,0,Jake White,PERSON,67,77
mdp.39015034653744,118,15,0,Asa,PERSON,0,3
mdp.39015034653744,118,21,0,years,DATE,20,25
mdp.39015034653744,118,21,1,Asa,PERSON,37,40
mdp.39015034653744,119,0,0,Caleb,PERSON,0,5
mdp.39015034653744,119,0,1,117,CARDINAL,14,17
mdp.39015034653744,119,2,0,Roe's,ORG,20,25
mdp.39015034653744,119,6,0,Asa,PERSON,0,3
mdp.39015034653744,119,6,1,Caleb,PERSON,33,38
mdp.39015034653744,119,9,0,Caleb,PERSON,0,5
mdp.39015034653744,119,10,0,Main Street,FAC,135,146
mdp.39015034653744,119,13,0,first,ORDINAL,27,32
mdp.39015034653744,119,15,0,first,ORDINAL,3,8
mdp.39015034653744,119,15,1,night,TIME,167,172
mdp.39015034653744,119,21,0,Asa,PERSON,14,17
mdp.39015034653744,119,22,0,Caleb,PERSON,25,30
mdp.39015034653744,119,22,1,Effie,PERSON,137,142
mdp.39015034653744,120,0,0,Caleb,PERSON,4,9
mdp.39015034653744,120,1,0,Asa,PERSON,39,42
mdp.39015034653744,120,3,0,Asa,PERSON,0,3
mdp.39015034653744,120,5,0,Asa,PERSON,0,3
mdp.39015034653744,121,0,0,21,CARDINAL,8,10
mdp.39015034653744,121,1,0,almost ten o'clock,TIME,7,25
mdp.39015034653744,121,1,1,Ford,PRODUCT,35,39
mdp.39015034653744,121,2,0,Saul,PERSON,0,4
mdp.39015034653744,121,5,0,thousands,CARDINAL,50,59
mdp.39015034653744,121,6,0,Effie,PERSON,0,5
mdp.39015034653744,121,7,0,first,ORDINAL,25,30
mdp.39015034653744,121,9,0,Asa,PERSON,0,3
mdp.39015034653744,121,10,0,Pa,PERSON,17,19
mdp.39015034653744,121,10,1,Saul,PERSON,22,26
mdp.39015034653744,121,11,0,Asa,PERSON,4,7
mdp.39015034653744,121,12,0,Saul,PERSON,18,22
mdp.39015034653744,121,12,1,Effie,PERSON,40,45
mdp.39015034653744,121,14,0,Saul,PERSON,0,4
mdp.39015034653744,121,15,0,Asa,PERSON,5,8
mdp.39015034653744,121,16,0,Effie,PERSON,49,54
mdp.39015034653744,121,17,0,119,CARDINAL,0,3
mdp.39015034653744,122,0,0,Caleb,PERSON,4,9
mdp.39015034653744,122,3,0,Saul,PERSON,0,4
mdp.39015034653744,122,4,0,Nevah,PERSON,1,6
mdp.39015034653744,122,5,0,Saul,PERSON,1,5
mdp.39015034653744,122,14,0,Effie,PERSON,0,5
mdp.39015034653744,122,14,1,Asa,PERSON,60,63
mdp.39015034653744,122,15,0,Effie,PERSON,20,25
mdp.39015034653744,122,18,0,Effie,PERSON,0,5
mdp.39015034653744,122,20,0,Asa,PERSON,0,3
mdp.39015034653744,122,24,0,Effie,PERSON,0,5
mdp.39015034653744,122,26,0,one,CARDINAL,42,45
mdp.39015034653744,122,29,0,Asa,PERSON,57,60
mdp.39015034653744,123,0,0,Caleb,PERSON,0,5
mdp.39015034653744,123,1,0,Asa,PERSON,15,18
mdp.39015034653744,123,4,0,Asa,PERSON,41,44
mdp.39015034653744,123,4,1,Effie,PERSON,72,77
mdp.39015034653744,123,9,0,only a little after eleven,TIME,16,42
mdp.39015034653744,123,10,0,Effie,PERSON,0,5
mdp.39015034653744,123,10,1,one,CARDINAL,53,56
mdp.39015034653744,123,13,0,three,CARDINAL,11,16
mdp.39015034653744,123,14,0,Effie,PERSON,0,5
mdp.39015034653744,123,17,0,Jabez,PERSON,77,82
mdp.39015034653744,123,17,1,Frank Atwater,PERSON,87,100
mdp.39015034653744,123,17,2,two,CARDINAL,101,104
mdp.39015034653744,123,17,3,months,DATE,160,166
mdp.39015034653744,123,18,0,Effie,PERSON,88,93
mdp.39015034653744,123,21,0,Effie,PERSON,1,6
mdp.39015034653744,123,26,0,Henry,PERSON,7,12
mdp.39015034653744,124,0,0,Caleb,PERSON,4,9
mdp.39015034653744,124,3,0,Caleb,PERSON,5,10
mdp.39015034653744,124,4,0,Caleb,PERSON,14,19
mdp.39015034653744,124,6,0,Effie,PERSON,33,38
mdp.39015034653744,124,10,0,Henry,PERSON,9,14
mdp.39015034653744,124,14,0,four,CARDINAL,53,57
mdp.39015034653744,124,14,1,Caleb,PERSON,71,76
mdp.39015034653744,124,15,0,Roe,PERSON,23,26
mdp.39015034653744,124,16,0,Effie,PERSON,0,5
mdp.39015034653744,124,16,1,Roe,PERSON,25,28
mdp.39015034653744,124,19,0,Roe,PERSON,19,22
mdp.39015034653744,124,22,0,Roe,PERSON,0,3
mdp.39015034653744,124,28,0,Henry,PERSON,14,19
mdp.39015034653744,124,29,0,Henry,PERSON,0,5
mdp.39015034653744,124,29,1,four,CARDINAL,29,33
mdp.39015034653744,124,31,0,Effie,PERSON,0,5
mdp.39015034653744,124,31,1,half,CARDINAL,52,56
mdp.39015034653744,124,31,2,half,CARDINAL,77,81
mdp.39015034653744,124,33,0,Jabez,PERSON,26,31
mdp.39015034653744,124,33,1,Frank Atwater,PERSON,36,49
mdp.39015034653744,124,35,0,Asa,PERSON,11,14
mdp.39015034653744,124,36,0,Saul,PERSON,23,27
mdp.39015034653744,125,0,0,Caleb,PERSON,0,5
mdp.39015034653744,125,0,1,123,CARDINAL,14,17
mdp.39015034653744,125,0,2,first,ORDINAL,50,55
mdp.39015034653744,125,0,3,May,DATE,104,107
mdp.39015034653744,125,1,0,four,CARDINAL,21,25
mdp.39015034653744,125,1,1,Caleb,PERSON,36,41
mdp.39015034653744,125,2,0,Effie,PERSON,16,21
mdp.39015034653744,125,2,1,Asa,PERSON,41,44
mdp.39015034653744,125,2,2,Saul,PERSON,65,69
mdp.39015034653744,125,4,0,Saul,PERSON,1,5
mdp.39015034653744,125,7,0,Asa,PERSON,0,3
mdp.39015034653744,125,7,1,Saul,PERSON,57,61
mdp.39015034653744,125,11,0,first,ORDINAL,14,19
mdp.39015034653744,125,13,0,Caleb,PERSON,14,19
mdp.39015034653744,125,14,0,Asa,PERSON,0,3
mdp.39015034653744,125,16,0,Saul,PERSON,40,44
mdp.39015034653744,125,18,0,Effie,PERSON,33,38
mdp.39015034653744,126,0,0,Caleb,PERSON,4,9
mdp.39015034653744,126,1,0,Jabez,PERSON,23,28
mdp.39015034653744,126,1,1,Frank Atwater,PERSON,33,46
mdp.39015034653744,126,2,0,Jabez,PERSON,8,13
mdp.39015034653744,126,3,0,Asa,PERSON,1,4
mdp.39015034653744,126,5,0,Caleb,PERSON,10,15
mdp.39015034653744,126,11,0,Ovah theah,PERSON,0,10
mdp.39015034653744,126,14,0,Jabez,PERSON,17,22
mdp.39015034653744,126,14,1,Asa,PERSON,37,40
mdp.39015034653744,126,16,0,Jabez,PERSON,11,16
mdp.39015034653744,126,19,0,one,CARDINAL,34,37
mdp.39015034653744,126,20,0,the night,TIME,65,74
mdp.39015034653744,126,21,0,Jabez,PERSON,13,18
mdp.39015034653744,126,21,1,Frank Atwater,PERSON,23,36
mdp.39015034653744,126,22,0,Effie,PERSON,29,34
mdp.39015034653744,126,23,0,Asa,PERSON,68,71
mdp.39015034653744,126,24,0,Frank,PERSON,9,14
mdp.39015034653744,126,24,1,Effie,PERSON,38,43
mdp.39015034653744,126,26,0,Asa,PERSON,0,3
mdp.39015034653744,126,28,0,Effie,PERSON,34,39
mdp.39015034653744,126,30,0,Jabez,PERSON,13,18
mdp.39015034653744,126,32,0,Frank Atwater,PERSON,33,46
mdp.39015034653744,126,33,0,Saul,PERSON,39,43
mdp.39015034653744,126,34,0,Effie,PERSON,12,17
mdp.39015034653744,126,35,0,the minute,TIME,16,26
mdp.39015034653744,127,0,0,Caleb,PERSON,0,5
mdp.39015034653744,127,1,0,night,TIME,6,11
mdp.39015034653744,127,1,1,Frank,PERSON,14,19
mdp.39015034653744,127,2,0,Jabez,PERSON,4,9
mdp.39015034653744,127,2,1,night,TIME,24,29
mdp.39015034653744,127,2,2,Effie,PERSON,31,36
mdp.39015034653744,127,3,0,night,TIME,6,11
mdp.39015034653744,127,6,0,two,CARDINAL,4,7
mdp.39015034653744,127,8,0,Asa,PERSON,0,3
