vol_id,page,sentence_id,ent_id,entity,entity_type,start_char,end_char
pst.000046201485,1,0,0,U.S.,GPE,36,40
pst.000046201485,1,0,1,2.95,MONEY,42,46
pst.000046201485,1,0,2,CANADA,GPE,51,57
pst.000046201485,1,0,3,3.50,MONEY,59,63
pst.000046201485,1,0,4,Two,CARDINAL,80,83
pst.000046201485,1,0,5,Newbery Award,WORK_OF_ART,110,123
pst.000046201485,1,0,6,Roll of Thunder,WORK_OF_ART,142,157
pst.000046201485,1,0,7,Hear My Cry MILDRED D. TAYLOR THE GOLD CADILLAC JL,WORK_OF_ART,159,209
pst.000046201485,1,1,0,Fri 1989 23,DATE,10,21
pst.000046201485,2,0,0,MILDRED D. TAYLOR,PERSON,28,45
pst.000046201485,2,0,1,FIRST,ORDINAL,48,53
pst.000046201485,2,0,2,CASSIE LOGAN,PERSON,69,81
pst.000046201485,2,0,3,Song of the Trees Illustrated by Jerry Pinkney,WORK_OF_ART,82,128
pst.000046201485,2,0,4,the Council on Interracial Books Award,WORK_OF_ART,139,177
pst.000046201485,2,0,5,New York Times,ORG,180,194
pst.000046201485,2,0,6,the Year,DATE,215,223
pst.000046201485,2,2,0,Mississippi,GPE,3,14
pst.000046201485,2,2,1,Cassie,PERSON,37,43
pst.000046201485,2,2,2,Louisiana,GPE,77,86
pst.000046201485,2,3,0,Cassie,PERSON,4,10
pst.000046201485,2,6,0,Bantam Books,ORG,17,29
pst.000046201485,2,6,1,4,CARDINAL,30,31
pst.000046201485,3,0,0,MILDRED D. TAYLOR'S,PERSON,25,44
pst.000046201485,3,2,0,Ginsburg,PERSON,0,8
pst.000046201485,3,4,0,Ginsburg,PERSON,0,8
pst.000046201485,3,6,0,the Center for Children's Books AND THE GOLD CADILLAC,ORG,13,66
pst.000046201485,3,6,1,Mildred D.Taylor,PERSON,68,84
pst.000046201485,3,7,0,first,ORDINAL,78,83
pst.000046201485,4,0,0,Bantam Skylark,ORG,6,20
pst.000046201485,4,1,0,ANNE OF GREEN GABLES,WORK_OF_ART,50,70
pst.000046201485,4,1,1,L.M. Montgomery,PERSON,74,89
pst.000046201485,4,1,2,THE CHRISTMAS REVOLUTION,WORK_OF_ART,90,114
pst.000046201485,4,1,3,Barbara Cohen,PERSON,118,131
pst.000046201485,4,1,4,DAPHNE'S BOOK by Mary Downing Hahn GOING HOME by,WORK_OF_ART,132,180
pst.000046201485,4,1,5,Nicholasa Mohr,PERSON,181,195
pst.000046201485,4,1,6,THE INCREDIBLE JOURNEY by Sheila Burnford LET THE CIRCLE BE UNBROKEN,WORK_OF_ART,196,264
pst.000046201485,4,1,7,Mildred D. Taylor,PERSON,268,285
pst.000046201485,4,1,8,L. Frank Baum,PERSON,317,330
pst.000046201485,4,1,9,NEXT YEAR,DATE,337,346
pst.000046201485,4,1,10,Amy Hest,PERSON,353,361
pst.000046201485,4,1,11,THE ORPHAN GAME by Barbara Cohen THE PICOLINIS,WORK_OF_ART,362,408
pst.000046201485,4,1,12,Anne Graham Estern,PERSON,412,430
pst.000046201485,4,1,13,ROLL OF THUNDER,WORK_OF_ART,431,446
pst.000046201485,4,1,14,Mildred D. Taylor,PERSON,463,480
pst.000046201485,4,1,15,SONG OF THE TREES,WORK_OF_ART,481,498
pst.000046201485,4,1,16,Mildred D. Taylor,PERSON,502,519
pst.000046201485,4,1,17,TROUBLE AT THE MINES,WORK_OF_ART,520,540
pst.000046201485,4,1,18,Doreen Rappaport,PERSON,544,560
pst.000046201485,5,0,0,MAX GINSBURG,PERSON,30,42
pst.000046201485,5,0,1,MICHAEL HAYS,PERSON,80,92
pst.000046201485,5,0,2,TWO,CARDINAL,93,96
pst.000046201485,5,0,3,NEW YORK,GPE,148,156
pst.000046201485,5,0,4,TORONTO,GPE,159,166
pst.000046201485,5,0,5,LONDON,GPE,169,175
pst.000046201485,5,0,6,SYDNEY,GPE,177,183
pst.000046201485,5,0,7,AUCKLAND,GPE,186,194
pst.000046201485,5,0,8,ALTOONA,GPE,259,266
pst.000046201485,6,1,0,two,CARDINAL,47,50
pst.000046201485,6,2,0,ONE,CARDINAL,4,7
pst.000046201485,6,3,0,THE FRIENDSHIP AND THE GOLD CADILLAC,WORK_OF_ART,0,36
pst.000046201485,6,3,1,Bantam,ORG,39,45
pst.000046201485,6,3,2,Dial Books for Young Readers,ORG,91,119
pst.000046201485,6,4,0,1987,DATE,17,21
pst.000046201485,6,4,1,Mildred D. Taylor,PERSON,25,42
pst.000046201485,6,5,0,1987,DATE,21,25
pst.000046201485,6,5,1,Max Ginsburg,PERSON,29,41
pst.000046201485,6,6,0,Library of Congress,ORG,0,19
pst.000046201485,6,6,1,86-29309,CARDINAL,41,49
pst.000046201485,6,8,0,1987,DATE,17,21
pst.000046201485,6,8,1,Mildred D. Taylor,PERSON,25,42
pst.000046201485,6,9,0,1987,DATE,21,25
pst.000046201485,6,9,1,Michael Hays,PERSON,29,41
pst.000046201485,6,10,0,Library of Congress,ORG,0,19
pst.000046201485,6,10,1,86-11526,CARDINAL,41,49
pst.000046201485,6,11,0,Skylark Books,ORG,0,13
pst.000046201485,6,11,1,Bantam Books,ORG,43,55
pst.000046201485,6,11,2,Bantam Doubleday Dell Publishing Group,ORG,71,109
pst.000046201485,6,12,0,U.S. Patent and Trademark Office,ORG,14,46
pst.000046201485,6,13,0,Bantam,ORG,0,6
pst.000046201485,6,13,1,November 1989,DATE,17,30
pst.000046201485,6,15,0,1989,DATE,22,26
pst.000046201485,6,15,1,Leo,PERSON,30,33
pst.000046201485,6,15,2,Diane Dillon,PERSON,38,50
pst.000046201485,6,17,0,Dial Books for Young Readers,ORG,25,53
pst.000046201485,6,17,1,New York,GPE,70,78
pst.000046201485,6,17,2,NY,GPE,80,82
pst.000046201485,6,18,0,0-553-15765-5,CARDINAL,5,18
pst.000046201485,6,19,0,the United States,GPE,28,45
pst.000046201485,6,19,1,Canada,GPE,50,56
pst.000046201485,6,19,2,Bantam Books,ORG,57,69
pst.000046201485,6,19,3,Bantam Books,ORG,87,99
pst.000046201485,6,19,4,"Bantam Doubleday Dell Publishing Group, Inc.",ORG,115,159
pst.000046201485,6,20,0,Bantam Books,ORG,40,52
pst.000046201485,6,20,1,U.S. Patent and Trademark Office,ORG,103,135
pst.000046201485,6,21,0,Marca Registrada,PERSON,0,16
pst.000046201485,6,22,0,Bantam Books,ORG,0,12
pst.000046201485,6,22,1,666 Fifth Avenue,FAC,14,30
pst.000046201485,6,22,2,New York,GPE,32,40
pst.000046201485,6,22,3,New York,GPE,42,50
pst.000046201485,6,22,4,10103,CARDINAL,51,56
pst.000046201485,6,23,0,THE UNITED STATES OF AMERICA,GPE,11,39
pst.000046201485,11,0,0,Stacey,PERSON,39,45
pst.000046201485,11,0,1,Wallace,ORG,89,96
pst.000046201485,11,1,0,Christopher-John,PERSON,0,16
pst.000046201485,11,3,0,Cassie,PERSON,5,11
pst.000046201485,11,7,0,Stacey,PERSON,0,6
pst.000046201485,11,7,1,Jeremy Simms,PERSON,50,62
pst.000046201485,12,0,0,MILDRED TAYLOR,PERSON,0,14
pst.000046201485,12,1,0,a moment,TIME,8,16
pst.000046201485,12,2,0,first,ORDINAL,3,8
pst.000046201485,12,2,1,Jeremy,PERSON,19,25
pst.000046201485,12,8,0,two,CARDINAL,21,24
pst.000046201485,12,8,1,Thurston,PERSON,46,54
pst.000046201485,12,8,2,Dewberry Wallace,PERSON,59,75
pst.000046201485,12,12,0,Wallaces,PERSON,33,41
pst.000046201485,12,12,1,Dewberry,PERSON,60,68
pst.000046201485,12,12,2,Thurston,PERSON,73,81
pst.000046201485,12,12,3,Kaleb,PERSON,93,98
pst.000046201485,12,12,4,John,PERSON,118,122
pst.000046201485,12,13,0,Wallaces,PERSON,14,22
pst.000046201485,12,16,0,today,DATE,4,9
pst.000046201485,12,16,1,Callie Jackson,PERSON,58,72
pst.000046201485,13,1,0,Joe,PERSON,20,23
pst.000046201485,13,2,0,Callie,PERSON,39,45
pst.000046201485,13,3,0,Wallace,PERSON,49,56
pst.000046201485,13,4,0,Stacey,PERSON,0,6
pst.000046201485,13,5,0,twelve,DATE,18,24
pst.000046201485,13,5,1,three years,DATE,30,41
pst.000046201485,13,6,0,Christopher-John,PERSON,0,16
pst.000046201485,13,7,0,Stacey,PERSON,24,30
pst.000046201485,13,7,1,Wallaces,PERSON,89,97
pst.000046201485,13,8,0,Christopher-John,PERSON,0,16
pst.000046201485,13,8,1,Little Man,PERSON,18,28
pst.000046201485,13,8,2,first,ORDINAL,98,103
pst.000046201485,13,10,0,Roosevelt,PERSON,178,187
pst.000046201485,14,3,0,three,CARDINAL,70,75
pst.000046201485,14,4,0,One,CARDINAL,0,3
pst.000046201485,14,4,1,third,ORDINAL,62,67
pst.000046201485,14,5,0,Christopher-John,PERSON,0,16
pst.000046201485,14,5,1,seven,DATE,26,31
pst.000046201485,14,7,0,this day,DATE,119,127
pst.000046201485,14,8,0,Christmastime,DATE,40,53
pst.000046201485,14,14,0,Stacey,PERSON,127,133
pst.000046201485,14,15,0,Wallaces,PERSON,10,18
pst.000046201485,14,15,1,8,CARDINAL,48,49
pst.000046201485,15,0,0,1933,DATE,75,79
pst.000046201485,15,1,0,Dewberry,PERSON,9,17
pst.000046201485,15,2,0,Stacey,PERSON,0,6
pst.000046201485,15,2,1,Dewberry,PERSON,51,59
pst.000046201485,15,3,0,Stacey,PERSON,0,6
pst.000046201485,15,4,0,Christopher-John,PERSON,7,23
pst.000046201485,15,6,0,Stacey,PERSON,76,82
pst.000046201485,15,9,0,Dewberry,PERSON,9,17
pst.000046201485,15,11,0,Dewberry,PERSON,0,8
pst.000046201485,15,12,0,only six,DATE,12,20
pst.000046201485,15,12,1,Dewberry,PERSON,87,95
pst.000046201485,15,15,0,Dewberry,PERSON,34,42
pst.000046201485,16,0,0,TAYLOR,PERSON,8,14
pst.000046201485,16,4,0,Dewberry,PERSON,25,33
pst.000046201485,16,8,0,Dewberry,PERSON,0,8
pst.000046201485,16,13,0,Thurston Wallace,PERSON,0,16
pst.000046201485,16,14,0,Dew,PERSON,27,30
pst.000046201485,16,17,0,Stacey,PERSON,0,6
pst.000046201485,16,18,0,Wallaces,PERSON,20,28
pst.000046201485,16,19,0,Thurston,PERSON,0,8
pst.000046201485,16,19,1,Dewberry,PERSON,13,21
pst.000046201485,16,20,0,Callie,PERSON,12,18
pst.000046201485,16,21,0,Tom Bee,PERSON,40,47
pst.000046201485,16,21,1,two,CARDINAL,76,79
pst.000046201485,16,22,0,Tom Bee,PERSON,4,11
pst.000046201485,16,22,1,the Granger Plantation,LOC,86,108
pst.000046201485,16,23,0,Tom Bee,PERSON,8,15
pst.000046201485,16,23,1,these days,DATE,39,49
pst.000046201485,16,24,0,10,CARDINAL,0,2
pst.000046201485,17,0,0,Frida RUTRUTTUU,PERSON,1,16
pst.000046201485,18,0,0,TAYLOR,PERSON,8,14
pst.000046201485,18,1,0,his days,DATE,25,33
pst.000046201485,18,2,0,Tom Bee,PERSON,4,11
pst.000046201485,18,4,0,Stacey,PERSON,0,6
pst.000046201485,18,5,0,Callie,PERSON,14,20
pst.000046201485,18,6,0,a minute,TIME,18,26
pst.000046201485,18,7,0,Callie,PERSON,27,33
pst.000046201485,18,8,0,Jus,PERSON,0,3
pst.000046201485,18,11,0,Stacey,PERSON,0,6
pst.000046201485,18,14,0,two,CARDINAL,11,14
pst.000046201485,18,14,1,three,CARDINAL,93,98
pst.000046201485,18,15,0,Stacey,PERSON,18,24
pst.000046201485,18,18,0,Tom Bee,PERSON,25,32
pst.000046201485,18,19,0,Tom Bee,PERSON,64,71
pst.000046201485,19,2,0,most days,DATE,12,21
pst.000046201485,19,2,1,Mississippi,GPE,31,42
pst.000046201485,19,2,2,summer,DATE,43,49
pst.000046201485,19,3,0,Christopher-John,PERSON,0,16
pst.000046201485,19,3,1,Little Man,PERSON,39,49
pst.000046201485,19,5,0,Christopher-John,PERSON,0,16
pst.000046201485,19,12,0,Stacey,PERSON,0,6
pst.000046201485,19,15,0,St-Stacey,PERSON,6,15
pst.000046201485,19,21,0,Little Man,PERSON,12,22
pst.000046201485,19,21,1,Stacey,PERSON,33,39
pst.000046201485,19,22,0,Stacey,PERSON,0,6
pst.000046201485,19,24,0,Stacey,PERSON,10,16
pst.000046201485,21,0,0,KEBID MICO,PERSON,1,11
pst.000046201485,22,0,0,TAYLOR,PERSON,8,14
pst.000046201485,22,1,0,Stacey,PERSON,0,6
pst.000046201485,22,6,0,Stacey,PERSON,0,6
pst.000046201485,22,7,0,two,CARDINAL,48,51
pst.000046201485,22,8,0,Stacey,PERSON,37,43
pst.000046201485,22,9,0,a few moments,TIME,10,23
pst.000046201485,22,16,0,Stacey,PERSON,16,22
pst.000046201485,22,21,0,16,CARDINAL,0,2
pst.000046201485,23,1,0,Jeremy Simms,PERSON,0,12
pst.000046201485,23,4,0,Stacey,PERSON,0,6
pst.000046201485,23,4,1,Jeremy,PERSON,57,63
pst.000046201485,23,5,0,Jeremy,PERSON,0,6
pst.000046201485,23,6,0,one,CARDINAL,8,11
pst.000046201485,23,7,0,R. W.,PERSON,37,42
pst.000046201485,23,7,1,Melvin,PERSON,47,53
pst.000046201485,23,10,0,Stacey,PERSON,0,6
pst.000046201485,23,12,0,Jeremy,PERSON,0,6
pst.000046201485,23,15,0,one,CARDINAL,10,13
pst.000046201485,23,18,0,Stacey,PERSON,0,6
pst.000046201485,23,20,0,the Rosa Lee,FAC,9,21
pst.000046201485,23,21,0,Stacey,PERSON,0,6
pst.000046201485,23,23,0,17,CARDINAL,2,4
pst.000046201485,25,0,0,Stacey,PERSON,40,46
pst.000046201485,25,1,0,Jeremy,PERSON,0,6
pst.000046201485,25,4,0,Stacey,PERSON,0,6
pst.000046201485,25,8,0,Jeremy,PERSON,0,6
pst.000046201485,25,13,0,Stacey,PERSON,0,6
pst.000046201485,25,15,0,midday,TIME,46,52
pst.000046201485,25,17,0,Tom Bee,PERSON,4,11
pst.000046201485,25,17,1,Dewberry,PERSON,117,125
pst.000046201485,25,17,2,Dewberry,PERSON,159,167
pst.000046201485,25,17,3,three,CARDINAL,181,186
pst.000046201485,25,19,0,all day,DATE,12,19
pst.000046201485,25,20,0,19,CARDINAL,2,4
pst.000046201485,26,0,0,MILDRED TAYLOR T,PERSON,0,16
pst.000046201485,26,1,0,Tom Bee,PERSON,4,11
pst.000046201485,26,1,1,Dewberry,PERSON,143,151
pst.000046201485,26,3,0,Tom Bee,PERSON,44,51
pst.000046201485,26,4,0,Dewberry,PERSON,23,31
pst.000046201485,26,4,1,Thurston,PERSON,36,44
pst.000046201485,26,5,0,four,CARDINAL,9,13
pst.000046201485,26,6,0,Dewberry,PERSON,0,8
pst.000046201485,26,7,0,Tom,PERSON,35,38
pst.000046201485,26,10,0,Stacey,PERSON,9,15
pst.000046201485,26,11,0,Tom Bee,PERSON,26,33
pst.000046201485,26,12,0,Stacey,PERSON,0,6
pst.000046201485,26,14,0,Tom Bee,PERSON,4,11
pst.000046201485,26,16,0,Cassie,PERSON,1,7
pst.000046201485,26,17,0,Stacey,PERSON,0,6
pst.000046201485,26,18,0,Jeremy,PERSON,24,30
pst.000046201485,26,19,0,Stacey,PERSON,21,27
pst.000046201485,26,21,0,20,CARDINAL,49,51
pst.000046201485,27,2,0,Tom Bee,PERSON,12,19
pst.000046201485,27,3,0,Christopher-John,PERSON,23,39
pst.000046201485,27,4,0,Stacey,PERSON,18,24
pst.000046201485,27,4,1,ChristopherJohn,PERSON,30,45
pst.000046201485,27,4,2,Tom Bee,PERSON,82,89
pst.000046201485,27,5,0,ChristopherJohn,PERSON,7,22
pst.000046201485,27,5,1,Tom Bee,PERSON,43,50
pst.000046201485,27,5,2,Dewberry,PERSON,84,92
pst.000046201485,27,6,0,Tom,PERSON,36,39
pst.000046201485,27,6,1,Dewberry,PERSON,50,58
pst.000046201485,27,8,0,Tom Bee,PERSON,4,11
pst.000046201485,27,10,0,John,PERSON,6,10
pst.000046201485,27,14,0,Stacey,PERSON,0,6
pst.000046201485,27,20,0,first,ORDINAL,78,83
pst.000046201485,27,20,1,21,CARDINAL,86,88
pst.000046201485,29,1,0,Mama,PERSON,35,39
pst.000046201485,29,1,1,first,ORDINAL,71,76
pst.000046201485,29,2,0,Big Ma,PERSON,12,18
pst.000046201485,29,2,1,first,ORDINAL,26,31
pst.000046201485,29,2,2,her sixties,DATE,91,102
pst.000046201485,29,2,3,Big Ma,PERSON,170,176
pst.000046201485,29,7,0,Tom Bee,PERSON,36,43
pst.000046201485,29,7,1,Dewberry,PERSON,98,106
pst.000046201485,29,7,2,Thurston,PERSON,111,119
pst.000046201485,29,7,3,John,PERSON,129,133
pst.000046201485,29,8,0,Jeremy,PERSON,0,6
pst.000046201485,29,10,0,Stacey,PERSON,0,6
pst.000046201485,29,11,0,ChristopherJohn,PERSON,19,34
pst.000046201485,29,12,0,Christopher-John,PERSON,81,97
pst.000046201485,29,14,0,Dewberry,PERSON,0,8
pst.000046201485,30,0,0,TAYLOR,PERSON,8,14
pst.000046201485,30,0,1,Tom Bee,PERSON,15,22
pst.000046201485,30,5,0,Tom,PERSON,16,19
pst.000046201485,30,11,0,his fifties,DATE,51,62
pst.000046201485,30,12,0,John Wallace,PERSON,12,24
pst.000046201485,30,12,1,Dewberry,PERSON,26,34
pst.000046201485,30,12,2,Thurston,PERSON,39,47
pst.000046201485,30,13,0,Tom Bee,PERSON,17,24
pst.000046201485,30,15,0,Tom Bee,PERSON,4,11
pst.000046201485,30,16,0,John,PERSON,20,24
pst.000046201485,30,19,0,John Wallace,PERSON,0,12
pst.000046201485,30,19,1,Tom Bee,PERSON,36,43
pst.000046201485,30,20,0,Tom,PERSON,15,18
pst.000046201485,30,21,0,24,CARDINAL,2,4
pst.000046201485,31,0,0,John,PERSON,61,65
pst.000046201485,31,1,0,Dewberry,PERSON,0,8
pst.000046201485,31,7,0,Dew,PERSON,1,4
pst.000046201485,31,7,1,Thurston,PERSON,20,28
pst.000046201485,31,9,0,John Wallace,PERSON,0,12
pst.000046201485,31,13,0,Dewberry,PERSON,13,21
pst.000046201485,31,13,1,Thurston,PERSON,26,34
pst.000046201485,31,16,0,John Wallace,PERSON,0,12
pst.000046201485,31,17,0,Dewberry,PERSON,0,8
pst.000046201485,31,17,1,Thurston,PERSON,13,21
pst.000046201485,31,18,0,Stacey,PERSON,36,42
pst.000046201485,31,18,1,Christopher-John,PERSON,59,75
pst.000046201485,31,19,0,John Wallace,PERSON,4,16
pst.000046201485,31,19,1,Stacey,PERSON,66,72
pst.000046201485,31,19,2,Christopher-John,PERSON,77,93
pst.000046201485,31,21,0,25,CARDINAL,20,22
pst.000046201485,32,0,0,TAYLOR,PERSON,8,14
pst.000046201485,32,0,1,Tom Bee,PERSON,19,26
pst.000046201485,32,1,0,Tom,PERSON,6,9
pst.000046201485,32,1,1,Christian,NORP,68,77
pst.000046201485,32,1,2,two,CARDINAL,102,105
pst.000046201485,32,8,0,Tom Bee,PERSON,4,11
pst.000046201485,32,10,0,John,PERSON,13,17
pst.000046201485,32,12,0,John Wallace,PERSON,0,12
pst.000046201485,32,14,0,first,ORDINAL,50,55
pst.000046201485,32,19,0,Tom,PERSON,18,21
pst.000046201485,32,22,0,26,CARDINAL,4,6
pst.000046201485,33,0,0,John Wallace,PERSON,15,27
pst.000046201485,33,1,0,Tom,PERSON,6,9
pst.000046201485,33,2,0,Tom Bee,PERSON,4,11
pst.000046201485,33,3,0,the years done,DATE,12,26
pst.000046201485,33,4,0,the years done,DATE,8,22
pst.000046201485,33,5,0,the next years,DATE,35,49
pst.000046201485,33,8,0,two pennies,MONEY,13,24
pst.000046201485,33,9,0,Tom Bee,PERSON,4,11
pst.000046201485,33,9,1,John Wallace,PERSON,99,111
pst.000046201485,33,11,0,Tom Bee,PERSON,4,11
pst.000046201485,33,11,1,John Wallace,PERSON,42,54
pst.000046201485,33,12,0,John Wallace,PERSON,4,16
pst.000046201485,33,13,0,Tom,PERSON,2,5
pst.000046201485,33,16,0,Tom Bee,PERSON,4,11
pst.000046201485,33,16,1,one,CARDINAL,40,43
pst.000046201485,33,16,2,27,CARDINAL,46,48
pst.000046201485,34,0,0,TAYLOR,PERSON,8,14
pst.000046201485,34,1,0,John,PERSON,21,25
pst.000046201485,34,3,0,John Wallace,PERSON,111,123
pst.000046201485,34,4,0,Tom Bee,PERSON,15,22
pst.000046201485,34,4,1,Christopher-John,PERSON,55,71
pst.000046201485,34,5,0,Tom Bee,PERSON,24,31
pst.000046201485,34,5,1,Christopher-John,PERSON,43,59
pst.000046201485,34,6,0,Tom Bee,PERSON,4,11
pst.000046201485,34,6,1,one,CARDINAL,59,62
pst.000046201485,34,6,2,Stacey,PERSON,71,77
pst.000046201485,34,7,0,Stacey,PERSON,0,6
pst.000046201485,34,7,1,Christopher-John,PERSON,8,24
pst.000046201485,34,8,0,Tom Bee,PERSON,26,33
pst.000046201485,34,16,0,Tom Bee,PERSON,19,26
pst.000046201485,34,17,0,Tom Bee,PERSON,4,11
pst.000046201485,34,19,0,28,CARDINAL,19,21
pst.000046201485,35,0,0,3:22 BALANUELLE,TIME,1,16
pst.000046201485,35,0,1,LOGO BUDAK,PERSON,29,39
pst.000046201485,36,0,0,TAYLOR,PERSON,8,14
pst.000046201485,36,1,0,Wallace,PERSON,20,27
pst.000046201485,36,6,0,six years,DATE,29,38
pst.000046201485,36,6,1,two,CARDINAL,58,61
pst.000046201485,36,8,0,Stacey,PERSON,45,51
pst.000046201485,36,8,1,Tom Bee,PERSON,87,94
pst.000046201485,36,9,0,Tom Bee,PERSON,9,16
pst.000046201485,36,9,1,Jeremy,PERSON,25,31
pst.000046201485,36,10,0,Jeremy,PERSON,0,6
pst.000046201485,36,11,0,Tom Bee,PERSON,13,20
pst.000046201485,36,12,0,Jeremy,PERSON,36,42
pst.000046201485,36,13,0,Jeremy,PERSON,0,6
pst.000046201485,36,15,0,Tom Bee,PERSON,40,47
pst.000046201485,36,16,0,30,CARDINAL,8,10
pst.000046201485,37,0,0,1,CARDINAL,15,16
pst.000046201485,37,0,1,Jeremy,PERSON,27,33
pst.000046201485,37,1,0,Tom Bee,PERSON,7,14
pst.000046201485,37,1,1,Jeremy,PERSON,55,61
pst.000046201485,37,2,0,Stacey,PERSON,1,7
pst.000046201485,37,3,0,one,CARDINAL,9,12
pst.000046201485,37,3,1,these here days,DATE,15,30
pst.000046201485,37,5,0,Stacey,PERSON,11,17
pst.000046201485,37,7,0,one,CARDINAL,6,9
pst.000046201485,37,7,1,these days,DATE,12,22
pst.000046201485,37,8,0,Callie,PERSON,25,31
pst.000046201485,37,9,0,Stacey,PERSON,0,6
pst.000046201485,37,9,1,Tom Bee,PERSON,69,76
pst.000046201485,37,10,0,Tom Bee,PERSON,5,12
pst.000046201485,37,12,0,Wallace,PERSON,32,39
pst.000046201485,37,12,1,first,ORDINAL,57,62
pst.000046201485,37,16,0,first,ORDINAL,89,94
pst.000046201485,37,17,0,Tom Bee,PERSON,4,11
pst.000046201485,37,18,0,Tom,PERSON,24,27
pst.000046201485,37,19,0,Stacey,PERSON,0,6
pst.000046201485,37,22,0,31,CARDINAL,47,49
pst.000046201485,38,0,0,TAYLOR,PERSON,8,14
pst.000046201485,38,3,0,Tom Bee,PERSON,51,58
pst.000046201485,38,5,0,John Wallace,PERSON,77,89
pst.000046201485,38,8,0,Stacey,PERSON,16,22
pst.000046201485,38,10,0,that John Wallace,PERSON,7,24
pst.000046201485,38,17,0,John Wallace,PERSON,5,17
pst.000046201485,38,17,1,no more'n fifteen,DATE,25,42
pst.000046201485,38,19,0,John,PERSON,17,21
pst.000046201485,38,21,0,John,PERSON,0,4
pst.000046201485,38,22,0,first,ORDINAL,28,33
pst.000046201485,38,24,0,32,CARDINAL,2,4
pst.000046201485,39,4,0,Biloxi,GPE,32,38
pst.000046201485,39,7,0,John Wallace,PERSON,19,31
pst.000046201485,39,8,0,Stacey,PERSON,0,6
pst.000046201485,39,9,0,Tom Bee,PERSON,4,11
pst.000046201485,39,11,0,John,PERSON,56,60
pst.000046201485,39,13,0,John,PERSON,0,4
pst.000046201485,39,14,0,John Wallace,PERSON,19,31
pst.000046201485,39,14,1,Vicksburg,GPE,59,68
pst.000046201485,39,14,2,John,PERSON,190,194
pst.000046201485,39,16,0,John ť,PERSON,19,25
pst.000046201485,39,16,1,John,PERSON,51,55
pst.000046201485,42,0,0,TAYLOR,PERSON,8,14
pst.000046201485,42,4,0,some years later,DATE,35,51
pst.000046201485,42,5,0,John,PERSON,55,59
pst.000046201485,42,5,1,Tom Bee,PERSON,94,101
pst.000046201485,42,6,0,John Wallace,PERSON,21,33
pst.000046201485,42,12,0,Tom Bee,PERSON,75,82
pst.000046201485,42,13,0,Cassie,PERSON,58,64
pst.000046201485,42,14,0,Stacey,PERSON,0,6
pst.000046201485,42,17,0,Ma,PERSON,17,19
pst.000046201485,42,18,0,Tom Bee,PERSON,14,21
pst.000046201485,42,18,1,Wallace,PERSON,74,81
pst.000046201485,43,0,0,John,PERSON,15,19
pst.000046201485,43,1,0,years,DATE,21,26
pst.000046201485,43,1,1,John Wallace,PERSON,41,53
pst.000046201485,43,2,0,John Wallace,PERSON,183,195
pst.000046201485,43,5,0,Tom Bee,PERSON,4,11
pst.000046201485,43,6,0,Cassie,PERSON,26,32
pst.000046201485,43,12,0,a few moments,TIME,15,28
pst.000046201485,43,13,0,Tom Bee,PERSON,21,28
pst.000046201485,43,15,0,one,CARDINAL,31,34
pst.000046201485,43,16,0,Tom Bee,PERSON,21,28
pst.000046201485,43,17,0,37,DATE,39,41
pst.000046201485,44,0,0,TAYLOR,PERSON,8,14
pst.000046201485,44,1,0,the slavery days,DATE,12,28
pst.000046201485,44,2,0,Confederate,NORP,12,23
pst.000046201485,44,2,1,Yankee,NORP,49,55
pst.000046201485,44,3,0,the years,DATE,33,42
pst.000046201485,44,5,0,Callie,PERSON,16,22
pst.000046201485,44,6,0,Tom Bee,PERSON,4,11
pst.000046201485,44,8,0,Wallace,PERSON,33,40
pst.000046201485,44,9,0,Tom Bee,PERSON,36,43
pst.000046201485,44,9,1,another minute,TIME,73,87
pst.000046201485,44,12,0,Tom Bee,PERSON,4,11
pst.000046201485,44,13,0,Jeremy Simms,PERSON,0,12
pst.000046201485,44,20,0,38,CARDINAL,2,4
pst.000046201485,46,0,0,MILDRED TAYLOR 17,PERSON,0,17
pst.000046201485,46,1,0,Tom Bee,PERSON,4,11
pst.000046201485,46,2,0,John,PERSON,12,16
pst.000046201485,46,6,0,Jeremy,PERSON,7,13
pst.000046201485,46,7,0,Charlie Simms,PERSON,16,29
pst.000046201485,46,7,1,R.W.,PERSON,122,126
pst.000046201485,46,7,2,Melvin,PERSON,131,137
pst.000046201485,46,8,0,Dewberry,PERSON,0,8
pst.000046201485,46,8,1,Thurston Wallace,PERSON,13,29
pst.000046201485,46,8,2,two,CARDINAL,50,53
pst.000046201485,46,9,0,Tom Bee,PERSON,34,41
pst.000046201485,46,10,0,Dewberry,PERSON,0,8
pst.000046201485,46,10,1,Thurston,PERSON,13,21
pst.000046201485,46,10,2,Charlie Simms,PERSON,60,73
pst.000046201485,46,12,0,Tom Bee,PERSON,4,11
pst.000046201485,46,14,0,John Wallace,PERSON,4,16
pst.000046201485,46,14,1,Tom Bee,PERSON,78,85
pst.000046201485,46,15,0,Tom,PERSON,29,32
pst.000046201485,46,16,0,Tom Bee,PERSON,4,11
pst.000046201485,46,18,0,John,PERSON,22,26
pst.000046201485,46,19,0,Simms,PERSON,4,9
pst.000046201485,46,20,0,John Wallace,PERSON,1,13
pst.000046201485,47,1,0,Stacey,PERSON,9,15
pst.000046201485,47,2,0,Tom Bee,PERSON,25,32
pst.000046201485,47,4,0,Tom Bee,PERSON,13,20
pst.000046201485,47,6,0,Tom Bee,PERSON,4,11
pst.000046201485,47,9,0,John Wallace,PERSON,31,43
pst.000046201485,47,10,0,John,PERSON,39,43
pst.000046201485,47,11,0,Dewberry,PERSON,0,8
pst.000046201485,47,15,0,John Wallace,PERSON,4,16
pst.000046201485,47,16,0,Simms,PERSON,38,43
pst.000046201485,47,16,1,R.W.,PERSON,48,52
pst.000046201485,47,16,2,Melvin,PERSON,57,63
pst.000046201485,47,16,3,Thurston,PERSON,68,76
pst.000046201485,47,16,4,two,CARDINAL,85,88
pst.000046201485,47,18,0,Tom Bee,PERSON,4,11
pst.000046201485,47,20,0,John Wallace,PERSON,20,32
pst.000046201485,47,22,0,John Wallace,PERSON,9,21
pst.000046201485,47,24,0,Simms,PERSON,4,9
pst.000046201485,47,25,0,41,CARDINAL,25,27
pst.000046201485,48,0,0,kez gins,PERSON,15,23
pst.000046201485,50,0,0,John Wallace,PERSON,26,38
pst.000046201485,50,2,0,Tom Bee,PERSON,4,11
pst.000046201485,50,2,1,Simms,PERSON,26,31
pst.000046201485,50,3,0,John,PERSON,12,16
pst.000046201485,50,4,0,John,PERSON,37,41
pst.000046201485,50,10,0,Tom Bee,PERSON,44,51
pst.000046201485,50,11,0,Tom Bee,PERSON,50,57
pst.000046201485,50,11,1,first,ORDINAL,61,66
pst.000046201485,50,12,0,Stacey,PERSON,0,6
pst.000046201485,50,12,1,Tom Bee,PERSON,35,42
pst.000046201485,50,14,0,Stacey,PERSON,0,6
pst.000046201485,50,15,0,Stacey,PERSON,0,6
pst.000046201485,50,17,0,John Wallace,PERSON,4,16
pst.000046201485,50,18,0,Tom,PERSON,65,68
pst.000046201485,50,19,0,Christian,NORP,90,99
pst.000046201485,51,4,0,Tom,PERSON,13,16
pst.000046201485,51,5,0,Tom Bee,PERSON,4,11
pst.000046201485,51,6,0,Tom,PERSON,2,5
pst.000046201485,51,7,0,Tom Bee,PERSON,17,24
pst.000046201485,51,7,1,John Wallace,PERSON,58,70
pst.000046201485,51,10,0,John,PERSON,31,35
pst.000046201485,51,11,0,John ť me,PERSON,7,16
pst.000046201485,51,11,1,John ť,PERSON,96,102
pst.000046201485,51,12,0,John,PERSON,72,76
pst.000046201485,51,13,0,John,PERSON,12,16
pst.000046201485,51,16,0,John,PERSON,12,16
pst.000046201485,51,18,0,John,PERSON,0,4
pst.000046201485,51,19,0,John,PERSON,0,4
pst.000046201485,51,20,0,John,PERSON,0,4
pst.000046201485,51,22,0,John,PERSON,0,4
pst.000046201485,51,23,0,one,CARDINAL,31,34
pst.000046201485,51,25,0,John Wallace,PERSON,15,27
pst.000046201485,51,26,0,Jeremy,PERSON,0,6
pst.000046201485,51,26,1,45,CARDINAL,25,27
pst.000046201485,52,0,0,19 111111,CARDINAL,1,10
pst.000046201485,53,1,0,second,ORDINAL,22,28
pst.000046201485,53,2,0,Tom Bee,PERSON,26,33
pst.000046201485,53,3,0,John,PERSON,1,5
pst.000046201485,53,4,0,John,PERSON,0,4
pst.000046201485,53,5,0,John,PERSON,0,4
pst.000046201485,53,6,0,John,PERSON,13,17
pst.000046201485,53,8,0,John,PERSON,0,4
pst.000046201485,53,9,0,John,PERSON,0,4
pst.000046201485,53,10,0,JOHN,PERSON,0,4
pst.000046201485,53,12,0,47,CARDINAL,2,4
pst.000046201485,54,0,0,1,CARDINAL,0,1
pst.000046201485,59,0,0,Cadillac,ORG,65,73
pst.000046201485,59,2,0,Cadillac,ORG,14,22
pst.000046201485,59,4,0,Wilma,PERSON,4,9
pst.000046201485,59,4,1,Mercury,PRODUCT,33,40
pst.000046201485,59,11,0,Wilma,PERSON,0,5
pst.000046201485,59,11,1,Pondexter,PERSON,35,44
pst.000046201485,61,0,0,CADILLAC,PRODUCT,9,17
pst.000046201485,61,0,1,Cadillac,PRODUCT,32,40
pst.000046201485,61,7,0,Cadillac,PRODUCT,3,11
pst.000046201485,61,8,0,Wilma,PERSON,28,33
pst.000046201485,61,9,0,second,ORDINAL,54,60
pst.000046201485,61,12,0,a Saturday,DATE,19,29
pst.000046201485,61,12,1,morning,TIME,30,37
pst.000046201485,61,14,0,Cadillac,ORG,13,21
pst.000046201485,61,15,0,Cadillac,ORG,12,20
pst.000046201485,61,16,0,Wilma,PERSON,0,5
pst.000046201485,61,17,0,Cadillac,ORG,24,32
pst.000046201485,61,19,0,Cadillac,ORG,117,125
pst.000046201485,61,20,0,Pondexter,PERSON,4,13
pst.000046201485,61,21,0,LeRoy,PERSON,4,9
pst.000046201485,61,21,1,Courtland,PERSON,18,27
pst.000046201485,62,0,0,Cadillac,ORG,45,53
pst.000046201485,62,1,0,1950,DATE,11,15
pst.000046201485,62,1,1,Coupe de Ville,PRODUCT,16,30
pst.000046201485,62,16,0,Wilma,PERSON,6,11
pst.000046201485,62,26,0,Wilma,PERSON,0,5
pst.000046201485,62,27,0,lois,PERSON,6,10
pst.000046201485,62,28,0,56,CARDINAL,2,4
pst.000046201485,63,0,0,THE GOLD CADILLAC,PERSON,0,17
pst.000046201485,63,9,0,Wilbert,PERSON,54,61
pst.000046201485,63,12,0,Mercury,PRODUCT,27,34
pst.000046201485,63,14,0,Cadillac,ORG,20,28
pst.000046201485,63,14,1,Dee,PERSON,30,33
pst.000046201485,63,15,0,Mercury,PRODUCT,6,13
pst.000046201485,63,15,1,a year old,DATE,26,36
pst.000046201485,63,19,0,Cadillac,PRODUCT,75,83
pst.000046201485,63,22,0,Dee,PERSON,64,67
pst.000046201485,64,0,0,1,CARDINAL,17,18
pst.000046201485,65,0,0,Cadillac,ORG,1,9
pst.000046201485,66,0,0,MILDRED TAYLOR,PERSON,0,14
pst.000046201485,66,1,0,Cadillac,ORG,16,24
pst.000046201485,66,5,0,one,CARDINAL,28,31
pst.000046201485,66,7,0,Cadillac,ORG,24,32
pst.000046201485,66,11,0,one,CARDINAL,31,34
pst.000046201485,66,17,0,Wilma,PERSON,0,5
pst.000046201485,66,18,0,three,CARDINAL,4,9
pst.000046201485,66,18,1,one,CARDINAL,27,30
pst.000046201485,66,18,2,Pondexter,PERSON,76,85
pst.000046201485,66,18,3,first,ORDINAL,129,134
pst.000046201485,66,18,4,Cadillac,PRODUCT,152,160
pst.000046201485,66,19,0,Toledo,GPE,60,66
pst.000046201485,66,21,0,Ottawa Hills,GPE,16,28
pst.000046201485,67,0,0,CADILLAC,PRODUCT,9,17
pst.000046201485,67,0,1,Walbridge Park,FAC,30,44
pst.000046201485,67,0,2,the Maumee River,LOC,74,90
pst.000046201485,67,1,0,Detroit,GPE,103,110
pst.000046201485,67,2,0,Cadillac,PRODUCT,86,94
pst.000046201485,67,3,0,Detroit,GPE,19,26
pst.000046201485,67,3,1,Cadillac,PRODUCT,97,105
pst.000046201485,67,5,0,Detroit,GPE,8,15
pst.000046201485,67,6,0,early evening,TIME,7,20
pst.000046201485,67,8,0,Detroit,GPE,79,86
pst.000046201485,67,10,0,Cadillac,ORG,58,66
pst.000046201485,67,11,0,Wilma,PERSON,25,30
pst.000046201485,68,0,0,TAYLOR,PERSON,8,14
pst.000046201485,68,11,0,every year,DATE,92,102
pst.000046201485,68,12,0,Dee,PERSON,28,31
pst.000046201485,68,14,0,Cadillacs,PRODUCT,14,23
pst.000046201485,68,14,1,night,TIME,85,90
pst.000046201485,68,15,0,The next day,DATE,0,12
pst.000046201485,68,15,1,Sunday,DATE,17,23
pst.000046201485,68,15,2,Cadillac,PRODUCT,102,110
pst.000046201485,68,16,0,Sunday,DATE,56,62
pst.000046201485,69,0,0,CADILLAC,PRODUCT,9,17
pst.000046201485,69,1,0,Wilma,PERSON,32,37
pst.000046201485,69,1,1,Cadillac,PRODUCT,57,65
pst.000046201485,69,2,0,Cadillac,ORG,46,54
pst.000046201485,69,2,1,three,CARDINAL,118,123
pst.000046201485,69,3,0,Cadillac,PRODUCT,68,76
pst.000046201485,69,4,0,Sunday,DATE,8,14
pst.000046201485,69,4,1,Wilma,PERSON,71,76
pst.000046201485,69,6,0,Chicago,GPE,38,45
pst.000046201485,69,6,1,Peoria,GPE,49,55
pst.000046201485,69,6,2,Detroit,GPE,59,66
pst.000046201485,69,6,3,Cleveland,GPE,96,105
pst.000046201485,69,6,4,the Cleveland Indians,ORG,156,177
pst.000046201485,69,8,0,Wilma,PERSON,25,30
pst.000046201485,69,10,0,this Sunday,TIME,7,18
pst.000046201485,69,11,0,Wilma,PERSON,9,14
pst.000046201485,70,0,0,TAYLOR,PERSON,8,14
pst.000046201485,70,0,1,Cadillac,PRODUCT,20,28
pst.000046201485,70,4,0,That evening,TIME,0,12
pst.000046201485,70,6,0,Wilma,PERSON,0,5
pst.000046201485,70,8,0,every day,DATE,51,60
pst.000046201485,70,10,0,one,CARDINAL,5,8
pst.000046201485,70,10,1,Wilma,PERSON,29,34
pst.000046201485,70,11,0,Cadillac,PRODUCT,117,125
pst.000046201485,70,13,0,Cadillac,PRODUCT,33,41
pst.000046201485,70,15,0,64,CARDINAL,2,4
pst.000046201485,72,0,0,TAYLOR,PERSON,8,14
pst.000046201485,72,1,0,Cadillac,ORG,33,41
pst.000046201485,72,3,0,one,CARDINAL,3,6
pst.000046201485,72,4,0,the Dixie Theater,ORG,109,126
pst.000046201485,72,5,0,Cadillac,ORG,181,189
pst.000046201485,72,6,0,Cadillac,ORG,29,37
pst.000046201485,72,11,0,Cadillac,ORG,11,19
pst.000046201485,72,15,0,Cadillac,ORG,113,121
pst.000046201485,72,16,0,66,CARDINAL,17,19
pst.000046201485,73,0,0,THE GOLD CADILLAC,PERSON,0,17
pst.000046201485,73,2,0,first,ORDINAL,69,74
pst.000046201485,73,3,0,Mississippi,GPE,65,76
pst.000046201485,73,6,0,Wilbert,PERSON,22,29
pst.000046201485,73,6,1,one,CARDINAL,37,40
pst.000046201485,73,10,0,Mississippi,GPE,13,24
pst.000046201485,73,12,0,LeRoy,PERSON,46,51
pst.000046201485,73,12,1,Courtland,PERSON,57,66
pst.000046201485,73,12,2,Pondexter,PERSON,76,85
pst.000046201485,73,13,0,South,LOC,119,124
pst.000046201485,74,0,0,MILDRED TAYLOR,PERSON,0,14
pst.000046201485,74,0,1,Pondexter,PERSON,73,82
pst.000046201485,74,1,0,Ohio,GPE,16,20
pst.000046201485,74,5,0,Pondexter,PERSON,12,21
pst.000046201485,74,5,1,Wilbert,PERSON,23,30
pst.000046201485,74,8,0,Wilma,PERSON,0,5
pst.000046201485,74,15,0,Cadillac,ORG,15,23
pst.000046201485,74,15,1,Mississippi,GPE,107,118
pst.000046201485,74,19,0,68,CARDINAL,2,4
pst.000046201485,76,0,0,TAYLOR,PERSON,8,14
pst.000046201485,76,14,0,Wilma,PERSON,56,61
pst.000046201485,76,16,0,Wilma,PERSON,22,27
pst.000046201485,76,16,1,Cadillac,ORG,48,56
pst.000046201485,76,17,0,Ford,ORG,45,49
pst.000046201485,76,17,1,Buick,ORG,55,60
pst.000046201485,76,17,2,Chevrolet,ORG,70,79
pst.000046201485,77,0,0,CADILLAC,PRODUCT,9,17
pst.000046201485,77,1,0,Cadillac,PRODUCT,43,51
pst.000046201485,77,4,0,Toledo,GPE,20,26
pst.000046201485,77,4,1,Bowling Green,GPE,49,62
pst.000046201485,77,4,2,Ohio,GPE,84,88
pst.000046201485,77,4,3,Dayton,GPE,135,141
pst.000046201485,77,4,4,Cincinnati,GPE,146,156
pst.000046201485,77,4,5,the Ohio River,LOC,169,183
pst.000046201485,77,4,6,Kentucky,GPE,189,197
pst.000046201485,77,5,0,Wilma,PERSON,76,81
pst.000046201485,77,6,0,one,CARDINAL,4,7
pst.000046201485,77,9,0,Wilma,PERSON,13,18
pst.000046201485,77,11,0,Highway 25,FAC,19,29
pst.000046201485,77,11,1,Kentucky,GPE,65,73
pst.000046201485,77,14,0,Hours later,TIME,0,11
pst.000046201485,77,14,1,the Bluegrass State,GPE,21,40
pst.000046201485,79,0,0,Tennessee,GPE,23,32
pst.000046201485,79,14,0,Memphis,GPE,19,26
pst.000046201485,79,19,0,Mississippi,GPE,15,26
pst.000046201485,79,21,0,Cadillac,PRODUCT,21,29
pst.000046201485,79,22,0,Two,CARDINAL,0,3
pst.000046201485,79,22,1,73,CARDINAL,39,41
pst.000046201485,80,1,0,Cadillac,ORG,19,27
pst.000046201485,80,5,0,one,CARDINAL,22,25
pst.000046201485,80,10,0,Cadillac,ORG,92,100
pst.000046201485,80,14,0,One,CARDINAL,0,3
pst.000046201485,80,15,0,Cadillac,ORG,49,57
pst.000046201485,80,17,0,Cadillac,ORG,4,12
pst.000046201485,80,18,0,Wilma,PERSON,0,5
pst.000046201485,80,21,0,Cadillac,PRODUCT,4,12
pst.000046201485,81,0,0,1,CARDINAL,1,2
pst.000046201485,82,0,0,TAYLOR,GPE,8,14
pst.000046201485,82,1,0,Cadillac,PRODUCT,33,41
pst.000046201485,82,4,0,Wilma,PERSON,0,5
pst.000046201485,82,12,0,More than three hours,TIME,0,21
pst.000046201485,82,18,0,Cadillac,PRODUCT,15,23
pst.000046201485,82,26,0,76,CARDINAL,70,72
pst.000046201485,83,0,0,THE GOLD CADILLAC,PERSON,0,17
pst.000046201485,83,10,0,today,DATE,61,66
pst.000046201485,83,17,0,Cadillac,PRODUCT,100,108
pst.000046201485,83,18,0,Wilma,PERSON,0,5
pst.000046201485,83,18,1,the night,TIME,29,38
pst.000046201485,83,18,2,77,CARDINAL,60,62
pst.000046201485,85,0,0,THE GOLD CADILLAC,PERSON,0,17
pst.000046201485,85,12,0,one,CARDINAL,92,95
pst.000046201485,85,13,0,Cadillac,ORG,55,63
pst.000046201485,85,15,0,Memphis,GPE,17,24
pst.000046201485,85,16,0,Halton,PERSON,8,14
pst.000046201485,85,17,0,Cadillac,ORG,16,24
pst.000046201485,85,20,0,Mississippi,GPE,27,38
pst.000046201485,85,20,1,1,CARDINAL,62,63
pst.000046201485,86,0,0,TAYLOR,PERSON,8,14
pst.000046201485,86,0,1,Cousin Halton's,PERSON,62,77
pst.000046201485,86,0,2,four-year-old,DATE,106,119
pst.000046201485,86,0,3,Chevy,PRODUCT,120,125
pst.000046201485,86,4,0,Cadillac,ORG,21,29
pst.000046201485,86,6,0,one week,DATE,10,18
pst.000046201485,86,6,1,Mississippi,GPE,22,33
pst.000046201485,86,7,0,that week,DATE,7,16
pst.000046201485,86,14,0,80,DATE,71,73
pst.000046201485,87,0,0,THE GOLD CADILLAC,PERSON,0,17
pst.000046201485,87,3,0,South,LOC,95,100
pst.000046201485,87,4,0,these United States,GPE,50,69
pst.000046201485,87,4,1,South,LOC,132,137
pst.000046201485,87,5,0,one day,DATE,30,37
pst.000046201485,87,6,0,one day,DATE,11,18
pst.000046201485,87,6,1,Cadillac,PRODUCT,110,118
pst.000046201485,87,7,0,the week,DATE,5,13
pst.000046201485,87,7,1,Mississippi,GPE,74,85
pst.000046201485,87,7,2,Memphis,GPE,129,136
pst.000046201485,87,8,0,Memphis,GPE,3,10
pst.000046201485,87,8,1,Halton,PERSON,30,36
pst.000046201485,87,8,2,Cadillac,PRODUCT,55,63
pst.000046201485,87,9,0,Cadillac,PRODUCT,36,44
pst.000046201485,87,10,0,Cadillac,ORG,47,55
pst.000046201485,87,12,0,Some days,DATE,0,9
pst.000046201485,87,12,1,Saturday,DATE,38,46
pst.000046201485,87,12,2,Wilma,PERSON,63,68
pst.000046201485,87,12,3,81,CARDINAL,90,92
pst.000046201485,90,0,0,TAYLOR,PERSON,8,14
pst.000046201485,90,1,0,Cadillac,PRODUCT,83,91
pst.000046201485,90,4,0,Wilbert,PERSON,75,82
pst.000046201485,90,9,0,About an hour later,TIME,0,19
pst.000046201485,90,11,0,Cadillac,ORG,4,12
pst.000046201485,90,12,0,Cadillac,ORG,24,32
pst.000046201485,90,14,0,Wilma,PERSON,7,12
pst.000046201485,90,21,0,84,DATE,31,33
pst.000046201485,91,0,0,THE GOLD CADILLAC,PERSON,0,17
pst.000046201485,91,3,0,1930s,DATE,37,42
pst.000046201485,91,3,1,Model A,PRODUCT,43,50
pst.000046201485,91,3,2,Ford,ORG,51,55
pst.000046201485,91,4,0,Mercury,ORG,40,47
pst.000046201485,91,5,0,Ford,ORG,158,162
pst.000046201485,91,6,0,Ford,ORG,89,93
pst.000046201485,91,6,1,Cadillac,ORG,120,128
pst.000046201485,91,9,0,Cadillac,ORG,15,23
pst.000046201485,91,10,0,Ford,ORG,37,41
pst.000046201485,91,12,0,Cadillac,ORG,39,47
pst.000046201485,91,13,0,Cadillac,ORG,15,23
pst.000046201485,91,13,1,only a little more than a month,DATE,24,55
pst.000046201485,93,0,0,CADILLAC,PRODUCT,9,17
pst.000046201485,93,2,0,Cadillac,PRODUCT,40,48
pst.000046201485,93,3,0,87,CARDINAL,2,4
pst.000046201485,95,0,0,MILDRED D. TAYLOR,PERSON,2,19
pst.000046201485,95,0,1,Cassie Logan,PERSON,31,43
pst.000046201485,95,0,2,Song of the Trees,WORK_OF_ART,47,64
pst.000046201485,95,0,3,Roll of Thunder,WORK_OF_ART,99,114
pst.000046201485,95,0,4,The Friendship,WORK_OF_ART,165,179
pst.000046201485,95,1,0,The Gold Cadillac,WORK_OF_ART,0,17
pst.000046201485,95,1,1,Taylor,PERSON,38,44
pst.000046201485,95,2,0,the Newbery Medal,WORK_OF_ART,54,71
pst.000046201485,95,2,1,the Coretta Scott King Award,WORK_OF_ART,73,101
pst.000046201485,95,2,2,a New York Times Outstanding Book of the Year,WORK_OF_ART,116,161
pst.000046201485,95,2,3,the American Book Award,WORK_OF_ART,184,207
pst.000046201485,95,3,0,Mildred D. Taylor,PERSON,0,17
pst.000046201485,95,3,1,Jackson,GPE,30,37
pst.000046201485,95,3,2,Mississippi,GPE,39,50
pst.000046201485,95,3,3,Toledo,GPE,67,73
pst.000046201485,95,3,4,Ohio,GPE,75,79
pst.000046201485,95,4,0,two years,DATE,6,15
pst.000046201485,95,4,1,the Peace Corps,ORG,21,36
pst.000046201485,95,4,2,Taylor,PERSON,42,48
pst.000046201485,95,4,3,the School of Journalism,ORG,61,85
pst.000046201485,95,4,4,the University of Colorado,ORG,89,115
pst.000046201485,95,5,0,Colorado,GPE,17,25
pst.000046201485,95,6,0,MAX GINSBURG,PERSON,0,12
pst.000046201485,95,6,1,The Friendship,ORG,29,43
pst.000046201485,95,6,2,one,CARDINAL,81,84
pst.000046201485,95,7,0,the Gold Medal,WORK_OF_ART,46,60
pst.000046201485,95,7,1,the Society of Illustrators,ORG,66,93
pst.000046201485,95,8,0,New York City,GPE,48,61
pst.000046201485,95,9,0,MICHAEL HAYS,PERSON,0,12
pst.000046201485,95,9,1,The Gold Cadillac,ORG,29,46
pst.000046201485,95,10,0,Abiyoyo,WORK_OF_ART,15,22
pst.000046201485,95,10,1,Pete Seeger,PERSON,26,37
pst.000046201485,95,11,0,Hays,PERSON,4,8
pst.000046201485,95,11,1,Brooklyn,GPE,18,26
pst.000046201485,95,11,2,New York,GPE,28,36
pst.000046201485,96,1,0,SNEAK PEEKS,ORG,5,16
pst.000046201485,96,5,0,SNEAK PEEKSTM,ORG,39,52
pst.000046201485,96,6,0,first,ORDINAL,7,12
pst.000046201485,96,7,0,SNEAK PEEKSTM,ORG,14,27
pst.000046201485,96,9,0,SNEAK PEEKST,ORG,28,40
pst.000046201485,96,12,0,today,DATE,20,25
pst.000046201485,96,14,0,"SNEAK PEEKS""",ORG,9,21
pst.000046201485,96,14,1,1011,CARDINAL,45,49
pst.000046201485,96,14,2,South Holland,GPE,51,64
pst.000046201485,96,14,3,IL,GPE,66,68
pst.000046201485,96,16,0,Bantam,ORG,25,31
pst.000046201485,96,16,1,SNEAK PEEKSTM,ORG,34,47
pst.000046201485,96,16,2,1,CARDINAL,90,91
pst.000046201485,97,1,0,Puerto Rico,GPE,23,34
pst.000046201485,97,1,1,summer,DATE,42,48
pst.000046201485,97,2,0,Skylark,ORG,24,31
pst.000046201485,97,3,0,GOING HOME,WORK_OF_ART,8,18
pst.000046201485,97,3,1,Nicholas Mohr,PERSON,22,35
pst.000046201485,97,3,2,2.95,MONEY,37,41
pst.000046201485,97,4,0,Hispanic,NORP,40,48
pst.000046201485,97,4,1,12-year-old,DATE,73,84
pst.000046201485,97,4,2,Felita,PERSON,85,91
pst.000046201485,97,4,3,the summer,DATE,133,143
pst.000046201485,97,4,4,Puerto Rico,GPE,147,158
pst.000046201485,97,4,5,Jorge,PERSON,174,179
pst.000046201485,97,5,0,Felita,PERSON,10,16
pst.000046201485,97,5,1,Jorge,PERSON,47,52
pst.000046201485,97,6,0,Puerto Rican,NORP,76,88
pst.000046201485,97,7,0,S. A. Kennedy,PERSON,29,42
pst.000046201485,97,7,1,2.75,MONEY,44,48
pst.000046201485,97,8,0,Scott Bailey,PERSON,18,30
pst.000046201485,97,8,1,Tammy,PERSON,37,42
pst.000046201485,97,8,2,Tammy,PERSON,118,123
pst.000046201485,97,9,0,Teenettes,ORG,41,50
pst.000046201485,97,9,1,Tommy,PERSON,58,63
pst.000046201485,97,10,0,Barbara Cohen,PERSON,27,40
pst.000046201485,97,10,1,2.75,MONEY,42,46
pst.000046201485,97,11,0,Sally,PERSON,0,5
pst.000046201485,97,11,1,Emily,PERSON,7,12
pst.000046201485,97,11,2,Jake,PERSON,14,18
pst.000046201485,97,11,3,Jenny,PERSON,24,29
pst.000046201485,97,11,4,summer,DATE,51,57
pst.000046201485,97,12,0,Miranda,PERSON,45,52
pst.000046201485,97,13,0,first,ORDINAL,29,34
pst.000046201485,97,13,1,Miranda,PERSON,46,53
pst.000046201485,97,14,0,Bantam Books,ORG,0,12
pst.000046201485,97,14,1,Des Plaines,GPE,46,57
pst.000046201485,97,14,2,IL,GPE,59,61
pst.000046201485,97,16,0,2.00,MONEY,31,35
pst.000046201485,97,19,0,four to six weeks,DATE,13,30
pst.000046201485,97,21,0,SK37-11/89,DATE,0,10
pst.000046201485,98,0,0,Skylark,PERSON,0,7
pst.000046201485,98,1,0,O A HORSE OF HER OWN,WORK_OF_ART,0,20
pst.000046201485,98,1,1,Joanna Campbell,PERSON,24,39
pst.000046201485,98,1,2,2.75,MONEY,49,53
pst.000046201485,98,2,0,13-year-olds,DATE,10,22
pst.000046201485,98,2,1,Penny Rodgers,PERSON,24,37
pst.000046201485,98,3,0,Penny,PERSON,41,46
pst.000046201485,98,3,1,Bones,PRODUCT,102,107
pst.000046201485,98,4,0,Penny,PERSON,43,48
pst.000046201485,98,5,0,Bonnie Bryant,PERSON,43,56
pst.000046201485,98,5,1,2.75,MONEY,66,70
pst.000046201485,98,6,0,HORSE CRAZY: BOOK #1,WORK_OF_ART,15,35
pst.000046201485,98,6,1,three,CARDINAL,81,86
pst.000046201485,98,6,2,one,CARDINAL,113,116
pst.000046201485,98,7,0,Stevie,PERSON,11,17
pst.000046201485,98,7,1,Carole,PERSON,30,36
pst.000046201485,98,7,2,Pine Hollow,FAC,44,55
pst.000046201485,98,7,3,12year-old,DATE,111,121
pst.000046201485,98,7,4,Lisa,PERSON,128,132
pst.000046201485,98,9,0,Lisa,PERSON,6,10
pst.000046201485,98,10,0,Bantam Books,ORG,0,12
pst.000046201485,98,10,1,Des Plaines,GPE,46,57
pst.000046201485,98,10,2,IL,GPE,59,61
pst.000046201485,98,12,0,2.00,MONEY,13,17
pst.000046201485,98,14,0,four to six weeks,DATE,42,59
pst.000046201485,99,0,0,1,CARDINAL,10,11
pst.000046201485,99,0,1,5,CARDINAL,16,17
pst.000046201485,100,1,0,TWO,CARDINAL,0,3
pst.000046201485,100,1,1,ONE,CARDINAL,23,26
pst.000046201485,100,1,2,Newbery Award,WORK_OF_ART,34,47
pst.000046201485,100,1,3,Mildred D. Taylor,PERSON,55,72
pst.000046201485,100,1,4,America,GPE,106,113
pst.000046201485,100,1,5,two,CARDINAL,123,126
pst.000046201485,100,1,6,one,CARDINAL,146,149
pst.000046201485,100,1,7,South,LOC,159,164
pst.000046201485,100,1,8,one,CARDINAL,169,172
pst.000046201485,100,1,9,North,LOC,182,187
pst.000046201485,100,2,0,Cassie Logan,PERSON,15,27
pst.000046201485,100,2,1,"Roll of Thunder, Hear My Cry",WORK_OF_ART,42,70
pst.000046201485,100,2,2,Mississippi,GPE,118,129
pst.000046201485,100,2,3,Tom Bee,PERSON,135,142
pst.000046201485,100,2,4,first,ORDINAL,189,194
pst.000046201485,100,3,0,Tom Bee,PERSON,22,29
pst.000046201485,100,4,0,Bee,PERSON,13,16
pst.000046201485,100,5,0,Max Ginsburg,PERSON,15,27
pst.000046201485,100,5,1,THE GOLD CADILLAC 'lois,PERSON,28,51
pst.000046201485,100,5,2,Wilma,PERSON,67,72
pst.000046201485,100,5,3,Cadillac,ORG,123,131
pst.000046201485,100,5,4,Ohio,GPE,197,201
pst.000046201485,100,5,5,Mississippi,GPE,205,216
pst.000046201485,100,6,0,South,LOC,41,46
pst.000046201485,100,7,0,first,ORDINAL,8,13
pst.000046201485,100,7,1,lois,PERSON,36,40
pst.000046201485,100,8,0,Michar,PERSON,15,21
