vol_id,page,sentence_id,ent_id,entity,entity_type,start_char,end_char
uc1.32106002180849,1,0,0,SANTA CRUZ,GPE,44,54
uc1.32106002180849,2,0,0,FORNIA,GPE,0,6
uc1.32106002180849,2,0,1,The University Library,ORG,31,53
uc1.32106002180849,2,1,0,The The University Library,ORG,0,26
uc1.32106002180849,2,1,1,The University Library,ORG,113,135
uc1.32106002180849,2,2,0,The University Library,ORG,0,22
uc1.32106002180849,2,2,1,The University Library,ORG,53,75
uc1.32106002180849,2,3,0,The University Library,ORG,0,22
uc1.32106002180849,2,4,0,The University Library,ORG,0,22
uc1.32106002180849,2,4,1,The University Library,ORG,23,45
uc1.32106002180849,2,4,2,The University Library,ORG,46,68
uc1.32106002180849,2,4,3,SANTA CRUZ,GPE,94,104
uc1.32106002180849,2,4,4,The University Library,ORG,105,127
uc1.32106002180849,2,4,5,The University Library,ORG,188,210
uc1.32106002180849,2,4,6,UNIVERSITY O,ORG,211,223
uc1.32106002180849,2,4,7,SANTA CRUZ,GPE,260,270
uc1.32106002180849,2,4,8,The University Library,ORG,271,293
uc1.32106002180849,2,4,9,The U,ORG,375,380
uc1.32106002180849,2,5,0,Lipa,GPE,1,5
uc1.32106002180849,3,0,0,The University,ORG,23,37
uc1.32106002180849,3,1,0,The Un,ORG,11,17
uc1.32106002180849,3,1,1,The University Library,ORG,54,76
uc1.32106002180849,3,1,2,The University,ORG,113,127
uc1.32106002180849,3,1,3,The University Library Library,ORG,170,200
uc1.32106002180849,3,2,0,The University Library,ORG,0,22
uc1.32106002180849,3,2,1,The University Library,ORG,23,45
uc1.32106002180849,3,2,2,The University Library,ORG,46,68
uc1.32106002180849,3,2,3,The University Library,ORG,173,195
uc1.32106002180849,4,1,0,The University Library,ORG,52,74
uc1.32106002180849,4,1,1,The Unt,ORG,121,128
uc1.32106002180849,4,1,2,The University,ORG,129,143
uc1.32106002180849,4,2,0,The University Library,ORG,138,160
uc1.32106002180849,4,2,1,The University Library,ORG,213,235
uc1.32106002180849,4,2,2,The University Library,ORG,236,258
uc1.32106002180849,4,2,3,The U,ORG,295,300
uc1.32106002180849,4,2,4,The University Library,ORG,301,323
uc1.32106002180849,4,2,5,The University Library,ORG,411,433
uc1.32106002180849,4,2,6,The University Library UNIVERSITY,ORG,469,502
uc1.32106002180849,4,2,7,The University Library,ORG,503,525
uc1.32106002180849,4,2,8,The University Library UNIVERS,ORG,562,592
uc1.32106002180849,4,2,9,SANTA CRUZ,GPE,593,603
uc1.32106002180849,4,2,10,The University Library,ORG,604,626
uc1.32106002180849,4,2,11,SANTA CRUZ,GPE,627,637
uc1.32106002180849,4,2,12,The University Library Library,ORG,638,668
uc1.32106002180849,4,3,0,ANTA CRUZ,GPE,1,10
uc1.32106002180849,5,0,0,The University Library,ORG,7,29
uc1.32106002180849,5,0,1,SANTA CRUL,GPE,55,65
uc1.32106002180849,5,1,0,The University Library,ORG,0,22
uc1.32106002180849,5,1,1,The University Library,ORG,59,81
uc1.32106002180849,5,2,0,The University Library,ORG,22,44
uc1.32106002180849,5,2,1,UNIVERSITY OF CALIFORNIA/SANTA CRUZ,ORG,45,80
uc1.32106002180849,5,2,2,The University Library,ORG,81,103
uc1.32106002180849,5,2,3,UNIVERSITY OF CALIFORNIA/SANTA CRUZ,ORG,104,139
uc1.32106002180849,5,2,4,The University Library,ORG,228,250
uc1.32106002180849,5,2,5,The Un,ORG,251,257
uc1.32106002180849,5,2,6,The University Library,ORG,314,336
uc1.32106002180849,5,2,7,The University Library,ORG,337,359
uc1.32106002180849,5,2,8,The University Library Library,ORG,396,426
uc1.32106002180849,5,2,9,The University Library,ORG,463,485
uc1.32106002180849,5,2,10,The Universi /SANTA CRUZ,ORG,486,510
uc1.32106002180849,5,3,0,FORNIA SANTA CRUZ,PERSON,172,189
uc1.32106002180849,6,0,0,1,CARDINAL,0,1
uc1.32106002180849,6,0,1,1,CARDINAL,2,3
uc1.32106002180849,9,0,0,FRANCISCO,GPE,0,9
uc1.32106002180849,9,0,1,ALISON MILLS,PERSON,13,25
uc1.32106002180849,9,0,2,3.95,MONEY,31,35
uc1.32106002180849,9,2,0,Alison Mills,PERSON,1,13
uc1.32106002180849,9,3,0,Toni Morrison,PERSON,0,13
uc1.32106002180849,9,3,1,Sula,WORK_OF_ART,25,29
uc1.32106002180849,11,0,0,FRANCISCO,GPE,0,9
uc1.32106002180849,13,0,0,FRANCISCO,GPE,0,9
uc1.32106002180849,13,0,1,ALISON MILLS,PERSON,13,25
uc1.32106002180849,13,0,2,"Reed, Cannon & Johnson Communications Co. A",ORG,40,83
uc1.32106002180849,14,0,0,Francisco,WORK_OF_ART,17,26
uc1.32106002180849,14,0,1,"Yardbird Reader, Vol. II",WORK_OF_ART,46,70
uc1.32106002180849,14,0,2,1973,DATE,82,86
uc1.32106002180849,14,0,3,Yardbird Publishing Company,ORG,87,114
uc1.32106002180849,14,2,0,1974,DATE,12,16
uc1.32106002180849,14,2,1,Alison Mills,PERSON,20,32
uc1.32106002180849,14,3,0,Library of Congress,ORG,0,19
uc1.32106002180849,14,3,1,73-20819,CARDINAL,32,40
uc1.32106002180849,14,5,0,"Reed, Cannon & Johnson, Co.",ORG,25,52
uc1.32106002180849,14,5,1,311,CARDINAL,78,81
uc1.32106002180849,14,5,2,Berkeley,GPE,83,91
uc1.32106002180849,14,5,3,California,GPE,93,103
uc1.32106002180849,15,0,0,3563 74229,CARDINAL,3,13
uc1.32106002180849,15,0,1,alison mills,PERSON,34,46
uc1.32106002180849,15,0,2,los angeles high school,GPE,62,85
uc1.32106002180849,15,1,0,4 years,DATE,8,15
uc1.32106002180849,15,1,1,the american theatre of,ORG,19,42
uc1.32106002180849,15,1,2,frank silvera,PERSON,72,85
uc1.32106002180849,15,2,0,t.v,ORG,17,20
uc1.32106002180849,15,2,1,julia,WORK_OF_ART,28,33
uc1.32106002180849,15,2,2,carol deering,PERSON,38,51
uc1.32106002180849,15,3,0,leslie uggams,PERSON,18,31
uc1.32106002180849,15,4,0,the party at annie mae's house,WORK_OF_ART,38,68
uc1.32106002180849,15,5,0,s.f.,WORK_OF_ART,25,29
uc1.32106002180849,15,5,1,ornette coleman,PERSON,35,50
uc1.32106002180849,15,6,0,22,DATE,5,7
uc1.32106002180849,17,0,0,Nikki,PERSON,26,31
uc1.32106002180849,17,0,1,Ted jr.,PERSON,33,40
uc1.32106002180849,17,0,2,Morgan,PERSON,42,48
uc1.32106002180849,17,0,3,May Ninth,PERSON,63,72
uc1.32106002180849,19,3,0,eleven,TIME,12,18
uc1.32106002180849,19,7,0,sausalito,GPE,224,233
uc1.32106002180849,19,7,1,north beach,LOC,238,249
uc1.32106002180849,19,7,2,three hours later,TIME,355,372
uc1.32106002180849,20,0,0,twelve thirty,TIME,20,33
uc1.32106002180849,20,0,1,dick cavett,PERSON,72,83
uc1.32106002180849,20,5,0,twenty-one year old,DATE,30,49
uc1.32106002180849,20,8,0,second,ORDINAL,5,11
uc1.32106002180849,20,8,1,first,ORDINAL,40,45
uc1.32106002180849,20,9,0,three,QUANTITY,82,87
uc1.32106002180849,20,9,1,one,CARDINAL,144,147
uc1.32106002180849,20,12,0,n.y.,GPE,183,187
uc1.32106002180849,20,13,0,the whole week,DATE,0,14
uc1.32106002180849,20,13,1,two,CARDINAL,121,124
uc1.32106002180849,20,13,2,an hourand,TIME,144,154
uc1.32106002180849,20,15,0,l.a,GPE,58,61
uc1.32106002180849,21,0,0,s.f.,PERSON,3,7
uc1.32106002180849,21,0,1,ceptin,PERSON,58,64
uc1.32106002180849,21,2,0,night,TIME,40,45
uc1.32106002180849,21,6,0,cannes film festival,ORG,0,20
uc1.32106002180849,21,6,1,new york,GPE,22,30
uc1.32106002180849,21,7,0,hollywood,ORG,19,28
uc1.32106002180849,21,9,0,francisco,GPE,52,61
uc1.32106002180849,21,10,0,angela davis,PERSON,25,37
uc1.32106002180849,21,10,1,francisco,GPE,42,51
uc1.32106002180849,21,11,0,francisco,GPE,0,9
uc1.32106002180849,21,11,1,sausalito,GPE,42,51
uc1.32106002180849,21,11,2,michelle cerf,PERSON,72,85
uc1.32106002180849,21,12,0,frenchman,NORP,78,87
uc1.32106002180849,21,12,1,american,NORP,105,113
uc1.32106002180849,21,13,0,american,NORP,17,25
uc1.32106002180849,21,13,1,french,NORP,91,97
uc1.32106002180849,21,13,2,american,NORP,150,158
uc1.32106002180849,21,14,0,chris joy,PERSON,53,62
uc1.32106002180849,21,14,1,fivefoot-two,CARDINAL,101,113
uc1.32106002180849,21,14,2,jane fonda,PERSON,156,166
uc1.32106002180849,21,14,3,jane fonda,PERSON,183,193
uc1.32106002180849,21,15,0,chris,PERSON,0,5
uc1.32106002180849,21,15,1,jane fonda,PERSON,17,27
uc1.32106002180849,21,15,2,francisco,GPE,53,62
uc1.32106002180849,21,15,3,l.a.,GPE,81,85
uc1.32106002180849,21,15,4,nouveau chic,NORP,164,176
uc1.32106002180849,21,15,5,jane fonda,PERSON,251,261
uc1.32106002180849,21,16,0,jane fonda,PERSON,27,37
uc1.32106002180849,21,17,0,malcolm x,PERSON,22,31
uc1.32106002180849,21,17,1,martin luther king,PERSON,36,54
uc1.32106002180849,21,17,2,3,CARDINAL,256,257
uc1.32106002180849,22,2,0,nigga,PERSON,34,39
uc1.32106002180849,22,3,0,forty,CARDINAL,190,195
uc1.32106002180849,22,8,0,hollywood,GPE,17,26
uc1.32106002180849,22,9,0,hollywood,ORG,14,23
uc1.32106002180849,22,10,0,academy,ORG,18,25
uc1.32106002180849,22,12,0,chris joy,PERSON,3,12
uc1.32106002180849,22,13,0,1930,DATE,43,47
uc1.32106002180849,22,14,0,north beach,LOC,40,51
uc1.32106002180849,22,14,1,two,CARDINAL,70,73
uc1.32106002180849,22,15,0,chris,PERSON,0,5
uc1.32106002180849,22,15,1,francisco,GPE,34,43
uc1.32106002180849,22,15,2,north beach,LOC,142,153
uc1.32106002180849,22,15,3,francisco,GPE,157,166
uc1.32106002180849,22,15,4,volkswagen,PRODUCT,182,192
uc1.32106002180849,22,16,0,Enrico,GPE,72,78
uc1.32106002180849,22,16,1,4,CARDINAL,104,105
uc1.32106002180849,23,0,0,two,CARDINAL,0,3
uc1.32106002180849,23,0,1,one,CARDINAL,15,18
uc1.32106002180849,23,0,2,about twenty,DATE,30,42
uc1.32106002180849,23,0,3,half,CARDINAL,106,110
uc1.32106002180849,23,1,0,otha,GPE,4,8
uc1.32106002180849,23,1,1,at least forty,DATE,13,27
uc1.32106002180849,23,4,0,half,CARDINAL,47,51
uc1.32106002180849,23,6,0,chris,PERSON,0,5
uc1.32106002180849,23,6,1,cole street,FAC,35,46
uc1.32106002180849,23,6,2,two,CARDINAL,137,140
uc1.32106002180849,23,6,3,1950,DATE,191,195
uc1.32106002180849,23,7,0,francisco,GPE,0,9
uc1.32106002180849,23,7,1,Berkeley,GPE,74,82
uc1.32106002180849,23,8,0,quentin,PERSON,30,37
uc1.32106002180849,23,9,0,quentin,PERSON,0,7
uc1.32106002180849,23,9,1,about fifty,DATE,15,26
uc1.32106002180849,23,9,2,italian,NORP,98,105
uc1.32106002180849,23,10,0,two days later,DATE,64,78
uc1.32106002180849,23,10,1,quentin,PERSON,84,91
uc1.32106002180849,23,10,2,sarah,PERSON,108,113
uc1.32106002180849,23,10,3,sarah,PERSON,114,119
uc1.32106002180849,23,10,4,late sixties,DATE,178,190
uc1.32106002180849,23,11,0,sarah,PERSON,0,5
uc1.32106002180849,23,11,1,quentin,PERSON,23,30
uc1.32106002180849,23,11,2,King of the 5,WORK_OF_ART,59,72
uc1.32106002180849,24,0,0,Konk Tone.,PERSON,0,10
uc1.32106002180849,24,1,0,sarah,PERSON,4,9
uc1.32106002180849,24,5,0,francisco,GPE,4,13
uc1.32106002180849,24,5,1,ba,PERSON,18,20
uc1.32106002180849,24,6,0,gleamin nigga,PERSON,9,22
uc1.32106002180849,24,6,1,s.f.,GPE,66,70
uc1.32106002180849,24,7,0,ba,PERSON,0,2
uc1.32106002180849,24,7,1,gay roarin,NORP,86,96
uc1.32106002180849,24,8,0,ba,PERSON,0,2
uc1.32106002180849,24,8,1,one,CARDINAL,6,9
uc1.32106002180849,24,9,0,ba,PERSON,3,5
uc1.32106002180849,24,12,0,jonathan,PERSON,0,8
uc1.32106002180849,24,12,1,ova,GPE,14,17
uc1.32106002180849,24,13,0,n.y.,GPE,31,35
uc1.32106002180849,24,16,0,chris,PERSON,9,14
uc1.32106002180849,24,16,1,michelle cerf,PERSON,81,94
uc1.32106002180849,24,16,2,otha,NORP,128,132
uc1.32106002180849,24,16,3,francisco,PERSON,143,152
uc1.32106002180849,24,16,4,michelle cerf,PERSON,189,202
uc1.32106002180849,24,17,0,francisco,PERSON,0,9
uc1.32106002180849,24,18,0,first,ORDINAL,8,13
uc1.32106002180849,25,0,0,jimi hendrix,PERSON,16,28
uc1.32106002180849,25,0,1,quentin,PERSON,60,67
uc1.32106002180849,25,0,2,dancin,PERSON,91,97
uc1.32106002180849,25,1,0,passin,NORP,43,49
uc1.32106002180849,25,3,0,first,ORDINAL,30,35
uc1.32106002180849,25,3,1,sarah,PERSON,46,51
uc1.32106002180849,25,4,0,t.v,WORK_OF_ART,22,25
uc1.32106002180849,25,4,1,sarah,PERSON,37,42
uc1.32106002180849,25,4,2,elaine,PERSON,54,60
uc1.32106002180849,25,4,3,twelve,DATE,66,72
uc1.32106002180849,25,4,4,two,CARDINAL,113,116
uc1.32106002180849,25,8,0,francisco,PERSON,0,9
uc1.32106002180849,25,9,0,chris,PERSON,102,107
uc1.32106002180849,25,14,0,exavier,PERSON,0,7
uc1.32106002180849,25,14,1,asian,NORP,19,24
uc1.32106002180849,25,14,2,ova,GPE,51,54
uc1.32106002180849,25,15,0,ova,GPE,9,12
uc1.32106002180849,25,16,0,la dolce vita,WORK_OF_ART,16,29
uc1.32106002180849,25,18,0,ova,GPE,13,16
uc1.32106002180849,25,18,1,the next day,DATE,17,29
uc1.32106002180849,25,18,2,francisco,PERSON,40,49
uc1.32106002180849,25,18,3,exavier,PERSON,54,61
uc1.32106002180849,25,18,4,the night,TIME,82,91
uc1.32106002180849,25,18,5,ova sarah's,PERSON,92,103
uc1.32106002180849,25,18,6,quentin,PERSON,108,115
uc1.32106002180849,25,18,7,ova,PERSON,144,147
uc1.32106002180849,25,18,8,s.f.,GPE,189,193
uc1.32106002180849,25,19,0,exavier,PERSON,3,10
uc1.32106002180849,25,19,1,ova,PERSON,62,65
uc1.32106002180849,25,21,0,marsha,PERSON,0,6
uc1.32106002180849,25,22,0,one,CARDINAL,25,28
uc1.32106002180849,25,22,1,asian,NORP,66,71
uc1.32106002180849,25,23,0,the mornin,TIME,12,22
uc1.32106002180849,25,23,1,7,CARDINAL,86,87
uc1.32106002180849,26,1,0,exavier,PERSON,0,7
uc1.32106002180849,26,1,1,ova,PERSON,18,21
uc1.32106002180849,26,2,0,exavier,PERSON,0,7
uc1.32106002180849,26,2,1,john,PERSON,27,31
uc1.32106002180849,26,3,0,john,PERSON,7,11
uc1.32106002180849,26,4,0,exavier,PERSON,0,7
uc1.32106002180849,26,5,0,exavier,PERSON,0,7
uc1.32106002180849,26,6,0,francisco,GPE,5,14
uc1.32106002180849,26,7,0,ova,PERSON,21,24
uc1.32106002180849,26,7,1,cole street,FAC,43,54
uc1.32106002180849,26,7,2,francisco,PERSON,62,71
uc1.32106002180849,26,8,0,francisco,GPE,0,9
uc1.32106002180849,26,8,1,boopsy,PERSON,21,27
uc1.32106002180849,26,9,0,boopsy,PERSON,0,6
uc1.32106002180849,26,10,0,francisco,GPE,14,23
uc1.32106002180849,26,10,1,six months,DATE,33,43
uc1.32106002180849,26,10,2,francisco,GPE,48,57
uc1.32106002180849,26,11,0,boopsy,PERSON,0,6
uc1.32106002180849,26,11,1,ova,PERSON,15,18
uc1.32106002180849,26,11,2,yesterday,DATE,19,28
uc1.32106002180849,26,11,3,francisco,PERSON,34,43
uc1.32106002180849,26,11,4,exavier,PERSON,48,55
uc1.32106002180849,26,11,5,francisco,PERSON,146,155
uc1.32106002180849,26,12,0,boopsy,PERSON,0,6
uc1.32106002180849,26,13,0,three hundred dollars,MONEY,91,112
uc1.32106002180849,26,13,1,thirty days,DATE,141,152
uc1.32106002180849,26,14,0,francisco,PERSON,0,9
uc1.32106002180849,26,15,0,francisco,PERSON,0,9
uc1.32106002180849,26,17,0,8,DATE,9,10
uc1.32106002180849,27,4,0,francisco,PERSON,130,139
uc1.32106002180849,27,10,0,n.y.,GPE,42,46
uc1.32106002180849,27,10,1,otha,NORP,97,101
uc1.32106002180849,27,11,0,greek,NORP,35,40
uc1.32106002180849,27,11,1,indian,NORP,42,48
uc1.32106002180849,27,16,0,everyday,DATE,62,70
uc1.32106002180849,27,17,0,9,CARDINAL,114,115
uc1.32106002180849,28,1,0,everyday,DATE,62,70
uc1.32106002180849,28,6,0,two,CARDINAL,50,53
uc1.32106002180849,28,7,0,francisco ova tad's,PERSON,155,174
uc1.32106002180849,28,8,0,tad,PERSON,0,3
uc1.32106002180849,28,9,0,tad,PERSON,0,3
uc1.32106002180849,28,9,1,one,CARDINAL,7,10
uc1.32106002180849,28,10,0,tad,PERSON,0,3
uc1.32106002180849,28,10,1,jonathan,PERSON,32,40
uc1.32106002180849,28,11,0,late at night,TIME,55,68
uc1.32106002180849,28,11,1,african,NORP,115,122
uc1.32106002180849,28,11,2,egyptian,NORP,136,144
uc1.32106002180849,28,14,0,tad,PERSON,0,3
uc1.32106002180849,28,14,1,n.y.,GPE,158,162
uc1.32106002180849,28,14,2,tad,PERSON,168,171
uc1.32106002180849,28,14,3,a couple of years ago,DATE,182,203
uc1.32106002180849,28,15,0,tad,PERSON,0,3
uc1.32106002180849,28,15,1,HARRY CROONER,PERSON,205,218
uc1.32106002180849,28,16,0,10,CARDINAL,9,11
uc1.32106002180849,29,0,0,tad,PERSON,28,31
uc1.32106002180849,29,1,0,one,CARDINAL,11,14
uc1.32106002180849,29,4,0,francisco,GPE,18,27
uc1.32106002180849,29,7,0,one,CARDINAL,113,116
uc1.32106002180849,29,8,0,tad,PERSON,0,3
uc1.32106002180849,29,8,1,francisco,PERSON,8,17
uc1.32106002180849,29,8,2,half,CARDINAL,74,78
uc1.32106002180849,29,9,0,francisco,PERSON,15,24
uc1.32106002180849,29,9,1,ten minutes,TIME,47,58
uc1.32106002180849,29,11,0,tad,PERSON,39,42
uc1.32106002180849,29,12,0,tad,PERSON,54,57
uc1.32106002180849,29,12,1,jennifer,PERSON,66,74
uc1.32106002180849,29,12,2,piscean,NORP,89,96
uc1.32106002180849,29,13,0,jennifer,PERSON,0,8
uc1.32106002180849,29,13,1,n.y.,GPE,107,111
uc1.32106002180849,29,14,0,francisco,PERSON,0,9
uc1.32106002180849,29,14,1,tad,PERSON,64,67
uc1.32106002180849,29,14,2,jennifer,PERSON,222,230
uc1.32106002180849,29,14,3,two,CARDINAL,250,253
uc1.32106002180849,29,14,4,under twelve,DATE,283,295
uc1.32106002180849,29,15,0,francisco,PERSON,64,73
uc1.32106002180849,29,16,0,johnathan,PERSON,0,9
uc1.32106002180849,29,16,1,dinna,GPE,100,105
uc1.32106002180849,29,17,0,felipe luciano,PERSON,4,18
uc1.32106002180849,29,17,1,china,GPE,37,42
uc1.32106002180849,30,0,0,johnathan,PERSON,4,13
uc1.32106002180849,30,0,1,tad,PERSON,123,126
uc1.32106002180849,30,0,2,jennifer,PERSON,131,139
uc1.32106002180849,30,0,3,francisco,PERSON,152,161
uc1.32106002180849,30,1,0,johnathan,PERSON,111,120
uc1.32106002180849,30,2,0,two hours later,TIME,20,35
uc1.32106002180849,30,3,0,francisco,PERSON,30,39
uc1.32106002180849,30,4,0,francisco,PERSON,0,9
uc1.32106002180849,30,6,0,james oliver,PERSON,51,63
uc1.32106002180849,30,7,0,t.v.,ORG,117,121
uc1.32106002180849,30,9,0,one,CARDINAL,3,6
uc1.32106002180849,30,9,1,age seventeen,DATE,32,45
uc1.32106002180849,30,9,2,one,CARDINAL,47,50
uc1.32106002180849,30,9,3,first,ORDINAL,58,63
uc1.32106002180849,30,10,0,america,GPE,29,36
uc1.32106002180849,30,12,0,17,DATE,165,167
uc1.32106002180849,30,12,1,17 year old,DATE,177,188
uc1.32106002180849,31,2,0,no million dollars,MONEY,164,182
uc1.32106002180849,31,2,1,twelve,DATE,205,211
uc1.32106002180849,31,2,2,beggin,PERSON,218,224
uc1.32106002180849,31,2,3,pleadin,PERSON,229,236
uc1.32106002180849,31,2,4,nichols canyon,GPE,604,618
uc1.32106002180849,31,2,5,eighteen,DATE,825,833
uc1.32106002180849,31,2,6,the automobile club of america,ORG,873,903
uc1.32106002180849,31,2,7,hollywood,GPE,993,1002
uc1.32106002180849,31,2,8,nancy,PERSON,1156,1161
uc1.32106002180849,31,3,0,that day,DATE,11,19
uc1.32106002180849,31,4,0,nancy,PERSON,76,81
uc1.32106002180849,31,8,0,13,CARDINAL,23,25
uc1.32106002180849,32,2,0,blues,NORP,15,20
uc1.32106002180849,32,9,0,n.y.,GPE,26,30
uc1.32106002180849,32,10,0,n.y.,GPE,12,16
uc1.32106002180849,32,10,1,walter jones,PERSON,22,34
uc1.32106002180849,32,10,2,dick williams,PERSON,36,49
uc1.32106002180849,32,10,3,one,CARDINAL,61,64
uc1.32106002180849,32,10,4,imamu amiri baraka's,PERSON,77,97
uc1.32106002180849,32,10,5,new jersey,GPE,114,124
uc1.32106002180849,32,10,6,my first kwanza,DATE,197,212
uc1.32106002180849,32,10,7,broadway,FAC,254,262
uc1.32106002180849,32,11,0,fifteen dollars,MONEY,12,27
uc1.32106002180849,32,11,1,a thousand,CARDINAL,73,83
uc1.32106002180849,32,13,0,francisco,GPE,0,9
uc1.32106002180849,32,13,1,l.a.,GPE,60,64
uc1.32106002180849,32,14,0,tad,PERSON,44,47
uc1.32106002180849,32,15,0,johnathan,PERSON,20,29
uc1.32106002180849,32,16,0,the next day,DATE,20,32
uc1.32106002180849,32,16,1,johnathan,PERSON,91,100
uc1.32106002180849,32,17,0,berkeley,GPE,10,18
uc1.32106002180849,32,17,1,l.a,GPE,37,40
uc1.32106002180849,32,18,0,first,ORDINAL,10,15
uc1.32106002180849,32,18,1,berkeley,GPE,24,32
uc1.32106002180849,32,18,2,johnathan,PERSON,45,54
uc1.32106002180849,32,18,3,tad,PERSON,59,62
uc1.32106002180849,32,20,0,johnathan,PERSON,0,9
uc1.32106002180849,32,22,0,two or three weeks later,DATE,21,45
uc1.32106002180849,32,22,1,francisco,GPE,47,56
uc1.32106002180849,32,27,0,14,CARDINAL,15,17
uc1.32106002180849,33,1,0,the first night,TIME,0,15
uc1.32106002180849,33,1,1,the second night,TIME,30,46
uc1.32106002180849,33,3,0,one hot afternoon,TIME,24,41
uc1.32106002180849,33,7,0,first,ORDINAL,31,36
uc1.32106002180849,33,9,0,spanish,NORP,21,28
uc1.32106002180849,33,10,0,italy,GPE,12,17
uc1.32106002180849,33,11,0,ova europe,GPE,9,19
uc1.32106002180849,33,12,0,hermosa beach,GPE,61,74
uc1.32106002180849,33,13,0,dinna,EVENT,40,45
uc1.32106002180849,33,15,0,1940,DATE,73,77
uc1.32106002180849,33,15,1,four,CARDINAL,98,102
uc1.32106002180849,33,20,0,francisco,PERSON,0,9
uc1.32106002180849,33,21,0,francisco,PERSON,0,9
uc1.32106002180849,33,30,0,nigga,PERSON,8,13
uc1.32106002180849,34,1,0,a mile a minute,QUANTITY,68,83
uc1.32106002180849,34,3,0,just about a month ago,DATE,0,22
uc1.32106002180849,34,5,0,n.y.-this girl,GPE,67,81
uc1.32106002180849,34,9,0,two years before,DATE,16,32
uc1.32106002180849,34,14,0,one,CARDINAL,13,16
uc1.32106002180849,34,15,0,berkeley,GPE,18,26
uc1.32106002180849,34,18,0,francisco,PERSON,0,9
uc1.32106002180849,34,19,0,nigga,PERSON,20,25
uc1.32106002180849,34,19,1,the old days,DATE,54,66
uc1.32106002180849,34,19,2,nigga,PERSON,74,79
uc1.32106002180849,34,20,0,new orleans,GPE,42,53
uc1.32106002180849,34,20,1,nine year old,DATE,80,93
uc1.32106002180849,34,21,0,mose allison,PERSON,86,98
uc1.32106002180849,34,21,1,ray charles,PERSON,103,114
uc1.32106002180849,34,22,0,francisco,PERSON,17,26
uc1.32106002180849,34,22,1,the light house,ORG,41,56
uc1.32106002180849,34,22,2,hermosa beach,GPE,74,87
uc1.32106002180849,34,23,0,pharoah sanders,PERSON,0,15
uc1.32106002180849,34,23,1,that night,TIME,27,37
uc1.32106002180849,34,25,0,ornette coleman,PERSON,0,15
uc1.32106002180849,34,25,1,n.y.,GPE,43,47
uc1.32106002180849,34,25,2,the lowa east side,LOC,59,77
uc1.32106002180849,34,26,0,slugs,ORG,28,33
uc1.32106002180849,34,26,1,one night,TIME,34,43
uc1.32106002180849,34,26,2,ornette coleman,PERSON,61,76
uc1.32106002180849,34,27,0,francisco,PERSON,20,29
uc1.32106002180849,35,0,0,twelve year old,DATE,7,22
uc1.32106002180849,35,2,0,francisco,PERSON,20,29
uc1.32106002180849,35,4,0,ova,WORK_OF_ART,9,12
uc1.32106002180849,35,5,0,harold,PERSON,6,12
uc1.32106002180849,35,5,1,anotha,GPE,14,20
uc1.32106002180849,35,5,2,nigga,GPE,58,63
uc1.32106002180849,35,6,0,francisco,GPE,11,20
uc1.32106002180849,35,7,0,francisco,GPE,8,17
uc1.32106002180849,35,8,0,harold drivin,PERSON,11,24
uc1.32106002180849,35,8,1,mercedes,PRODUCT,50,58
uc1.32106002180849,35,9,0,harold,PERSON,20,26
uc1.32106002180849,35,9,1,francisco,PERSON,40,49
uc1.32106002180849,35,10,0,francisco,PERSON,5,14
uc1.32106002180849,35,10,1,four,CARDINAL,72,76
uc1.32106002180849,35,15,0,francisco,PERSON,42,51
uc1.32106002180849,35,15,1,six a.m.-before,TIME,82,97
uc1.32106002180849,35,16,0,s.f.,GPE,68,72
uc1.32106002180849,35,17,0,francisco,PERSON,0,9
uc1.32106002180849,35,24,0,one,CARDINAL,6,9
uc1.32106002180849,35,24,1,francisco,GPE,78,87
uc1.32106002180849,35,26,0,that night,TIME,27,37
uc1.32106002180849,35,27,0,17,CARDINAL,0,2
uc1.32106002180849,36,0,0,francisco,PERSON,0,9
uc1.32106002180849,36,0,1,ucla,ORG,55,59
uc1.32106002180849,36,3,0,angela,PERSON,28,34
uc1.32106002180849,36,6,0,francisco,PERSON,0,9
uc1.32106002180849,36,8,0,otha,PERSON,24,28
uc1.32106002180849,36,9,0,marxism,GPE,43,50
uc1.32106002180849,36,10,0,otha,NORP,40,44
uc1.32106002180849,36,13,0,marxism,GPE,32,39
uc1.32106002180849,36,13,1,africa,GPE,112,118
uc1.32106002180849,36,13,2,marx,GPE,167,171
uc1.32106002180849,36,15,0,francisco,PERSON,0,9
uc1.32106002180849,36,15,1,europe,LOC,37,43
uc1.32106002180849,36,16,0,the famous days,DATE,28,43
uc1.32106002180849,36,17,0,panther,ORG,73,80
uc1.32106002180849,36,18,0,takin,PERSON,163,168
uc1.32106002180849,36,19,0,malcolm x,PERSON,139,148
uc1.32106002180849,36,19,1,martin luther king,PERSON,154,172
uc1.32106002180849,37,1,0,francisco,GPE,0,9
uc1.32106002180849,37,1,1,james brown,PERSON,16,27
uc1.32106002180849,37,3,0,francisco,GPE,0,9
uc1.32106002180849,37,3,1,san francisco,GPE,19,32
uc1.32106002180849,37,4,0,francisco,GPE,0,9
uc1.32106002180849,37,4,1,james brown,PERSON,27,38
uc1.32106002180849,37,5,0,francisco,GPE,0,9
uc1.32106002180849,37,5,1,nigga,NORP,22,27
uc1.32106002180849,37,6,0,stanford,ORG,27,35
uc1.32106002180849,37,6,1,stanford,ORG,69,77
uc1.32106002180849,37,6,2,berkeley high,ORG,103,116
uc1.32106002180849,37,7,0,one night,TIME,30,39
uc1.32106002180849,37,7,1,l.a.,GPE,54,58
uc1.32106002180849,37,8,0,stanford,ORG,250,258
uc1.32106002180849,37,11,0,l.a. city college,ORG,43,60
uc1.32106002180849,37,13,0,linda wright,PERSON,34,46
uc1.32106002180849,37,13,1,stanford university,ORG,122,141
uc1.32106002180849,37,16,0,age twelve,DATE,98,108
uc1.32106002180849,37,18,0,yesterday,DATE,13,22
uc1.32106002180849,37,18,1,ova carla's,PERSON,23,34
uc1.32106002180849,37,18,2,carla,PERSON,167,172
uc1.32106002180849,38,0,0,baldwin hills,GPE,0,13
uc1.32106002180849,38,1,0,francisco,PERSON,5,14
uc1.32106002180849,38,1,1,carla,PERSON,58,63
uc1.32106002180849,38,1,2,carla,PERSON,70,75
uc1.32106002180849,38,1,3,francisco,PERSON,111,120
uc1.32106002180849,38,2,0,carla,PERSON,9,14
uc1.32106002180849,38,2,1,francisco,PERSON,19,28
uc1.32106002180849,38,2,2,stanford,GPE,68,76
uc1.32106002180849,38,2,3,carla,PERSON,82,87
uc1.32106002180849,38,2,4,francisco,PERSON,94,103
uc1.32106002180849,38,2,5,francisco,GPE,237,246
uc1.32106002180849,38,3,0,francisco,GPE,0,9
uc1.32106002180849,38,3,1,james brown,PERSON,25,36
uc1.32106002180849,38,5,0,exavier,PERSON,12,19
uc1.32106002180849,38,6,0,exavier,PERSON,36,43
uc1.32106002180849,38,7,0,exavier,PERSON,7,14
uc1.32106002180849,38,7,1,s.f.,GPE,126,130
uc1.32106002180849,38,7,2,n.y.,GPE,234,238
uc1.32106002180849,38,7,3,at least three,CARDINAL,489,503
uc1.32106002180849,38,9,0,francisco,GPE,0,9
uc1.32106002180849,38,11,0,francisco,GPE,0,9
uc1.32106002180849,38,17,0,essence,ORG,36,43
uc1.32106002180849,38,20,0,20,CARDINAL,43,45
uc1.32106002180849,39,0,0,one,CARDINAL,0,3
uc1.32106002180849,39,3,0,francisco,GPE,23,32
uc1.32106002180849,39,12,0,today,DATE,77,82
uc1.32106002180849,39,13,0,"a pound,",QUANTITY,37,45
uc1.32106002180849,39,15,0,a million,CARDINAL,163,172
uc1.32106002180849,39,17,0,francisco,GPE,0,9
uc1.32106002180849,39,18,0,two,CARDINAL,18,21
uc1.32106002180849,39,19,0,exavier,PERSON,0,7
uc1.32106002180849,39,19,1,john king,PERSON,12,21
uc1.32106002180849,39,20,0,john king,PERSON,0,9
uc1.32106002180849,39,20,1,howard university,ORG,28,45
uc1.32106002180849,39,23,0,joseph mc breed,PERSON,0,15
uc1.32106002180849,39,23,1,avalon,GPE,24,30
uc1.32106002180849,39,23,2,watts,ORG,37,42
uc1.32106002180849,39,23,3,francisco,GPE,108,117
uc1.32106002180849,39,24,0,mc breed,PERSON,9,17
uc1.32106002180849,39,24,1,chuck,PERSON,26,31
uc1.32106002180849,39,24,2,francisco,GPE,44,53
uc1.32106002180849,39,24,3,francisco,GPE,65,74
uc1.32106002180849,39,24,4,21,DATE,85,87
uc1.32106002180849,40,0,0,exavier,PERSON,31,38
uc1.32106002180849,40,0,1,john,PERSON,43,47
uc1.32106002180849,40,0,2,nowheres,GPE,63,71
uc1.32106002180849,40,2,0,two,CARDINAL,18,21
uc1.32106002180849,40,2,1,francisco,GPE,54,63
uc1.32106002180849,40,3,0,joseph mc breed,PERSON,0,15
uc1.32106002180849,40,3,1,hollywood,GPE,121,130
uc1.32106002180849,40,4,0,francisco,GPE,0,9
uc1.32106002180849,40,4,1,mc breed,PERSON,40,48
uc1.32106002180849,40,6,0,one weekend,DATE,35,46
uc1.32106002180849,40,7,0,two hard days,DATE,8,21
uc1.32106002180849,40,7,1,mc breed's,ORG,58,68
uc1.32106002180849,40,8,0,one sunday,TIME,0,10
uc1.32106002180849,40,8,1,about ten,TIME,32,41
uc1.32106002180849,40,8,2,mc breed,PERSON,47,55
uc1.32106002180849,40,8,3,early mornin,TIME,82,94
uc1.32106002180849,40,11,0,eva,GPE,35,38
uc1.32106002180849,40,11,1,mc breed,ORG,45,53
uc1.32106002180849,40,12,0,mc breed,PERSON,0,8
uc1.32106002180849,40,12,1,angela,GPE,22,28
uc1.32106002180849,40,13,0,nigga,NORP,41,46
uc1.32106002180849,40,13,1,southern,NORP,47,55
uc1.32106002180849,40,16,0,otha,NORP,58,62
uc1.32106002180849,40,17,0,francisco,GPE,0,9
uc1.32106002180849,40,17,1,chuck,PERSON,39,44
uc1.32106002180849,40,17,2,two hundred dollars,MONEY,62,81
uc1.32106002180849,40,17,3,francisco,GPE,85,94
uc1.32106002180849,40,18,0,charles,PERSON,94,101
uc1.32106002180849,40,19,0,this morning,TIME,0,12
uc1.32106002180849,40,20,0,two days,DATE,19,27
uc1.32106002180849,40,21,0,francisco,PERSON,35,44
uc1.32106002180849,40,22,0,black manhattan,WORK_OF_ART,51,66
uc1.32106002180849,40,22,1,james weldon johnson,PERSON,71,91
uc1.32106002180849,41,1,0,last night,TIME,8,18
uc1.32106002180849,41,1,1,ova,GPE,27,30
uc1.32106002180849,41,1,2,david war's,PERSON,34,45
uc1.32106002180849,41,2,0,marie davidson,PERSON,55,69
uc1.32106002180849,41,3,0,marie,PERSON,0,5
uc1.32106002180849,41,3,1,about thirty,DATE,8,20
uc1.32106002180849,41,3,2,david,PERSON,48,53
uc1.32106002180849,41,3,3,twenty-seven,DATE,68,80
uc1.32106002180849,41,3,4,forty,DATE,105,110
uc1.32106002180849,41,4,0,francisco,PERSON,0,9
uc1.32106002180849,41,4,1,david,PERSON,15,20
uc1.32106002180849,41,6,0,david,PERSON,0,5
uc1.32106002180849,41,7,0,francisco,PERSON,0,9
uc1.32106002180849,41,8,0,conquistador,NORP,27,39
uc1.32106002180849,41,9,0,stevie wonder's,PERSON,26,41
uc1.32106002180849,41,10,0,francisco,GPE,24,33
uc1.32106002180849,41,11,0,yesterday,DATE,48,57
uc1.32106002180849,41,12,0,this morning,TIME,0,12
uc1.32106002180849,41,12,1,george eves,PERSON,13,24
uc1.32106002180849,41,12,2,francisco,GPE,44,53
uc1.32106002180849,41,14,0,george eves,PERSON,0,11
uc1.32106002180849,41,14,1,n.y.-a friend,GPE,30,43
uc1.32106002180849,41,15,0,george eves,PERSON,0,11
uc1.32106002180849,41,15,1,s.f.,GPE,35,39
uc1.32106002180849,41,17,0,francisco,GPE,0,9
uc1.32106002180849,41,17,1,george,PERSON,17,23
uc1.32106002180849,41,17,2,angela,PERSON,47,53
uc1.32106002180849,41,18,0,george,PERSON,0,6
uc1.32106002180849,41,19,0,francisco,GPE,0,9
uc1.32106002180849,41,19,1,otha,ORG,58,62
uc1.32106002180849,41,19,2,francisco,GPE,84,93
uc1.32106002180849,41,20,0,francisco,PERSON,0,9
uc1.32106002180849,41,23,0,francisco,GPE,15,24
uc1.32106002180849,41,23,1,ova,ORG,29,32
uc1.32106002180849,41,23,2,taylor,PERSON,40,46
uc1.32106002180849,41,23,3,about a week ago,DATE,55,71
uc1.32106002180849,41,24,0,ova,PERSON,22,25
uc1.32106002180849,41,24,1,t.v. 23,TIME,40,47
uc1.32106002180849,42,0,0,one in the mornin,TIME,5,22
uc1.32106002180849,42,2,0,dawn,TIME,38,42
uc1.32106002180849,42,2,1,francisco,GPE,69,78
uc1.32106002180849,42,3,0,francisco,GPE,11,20
uc1.32106002180849,42,3,1,afro-american,NORP,148,161
uc1.32106002180849,42,5,0,berkeley,GPE,47,55
uc1.32106002180849,42,5,1,ova,PERSON,76,79
uc1.32106002180849,42,5,2,francisco,GPE,106,115
uc1.32106002180849,42,6,0,five,CARDINAL,65,69
uc1.32106002180849,42,7,0,francisco,GPE,0,9
uc1.32106002180849,42,7,1,green front t.v.,ORG,50,66
uc1.32106002180849,42,7,2,francisco,GPE,82,91
uc1.32106002180849,42,7,3,angela,PERSON,244,250
uc1.32106002180849,42,11,0,one night,TIME,0,9
uc1.32106002180849,42,11,1,francisco,GPE,10,19
uc1.32106002180849,42,11,2,exavier,PERSON,21,28
uc1.32106002180849,42,11,3,mini's,ORG,79,85
uc1.32106002180849,42,11,4,the forties and,DATE,169,184
uc1.32106002180849,42,11,5,fifties,DATE,185,192
uc1.32106002180849,42,13,0,singas,NORP,33,39
uc1.32106002180849,42,14,0,sam cooke,PERSON,18,27
uc1.32106002180849,42,14,1,james brown,PERSON,38,49
uc1.32106002180849,42,14,2,jimi hendrix,PERSON,74,86
uc1.32106002180849,42,14,3,sayin,PERSON,145,150
uc1.32106002180849,42,15,0,john,PERSON,26,30
uc1.32106002180849,42,16,0,francisco,GPE,4,13
uc1.32106002180849,42,16,1,jimi hendrix,PERSON,20,32
uc1.32106002180849,42,16,2,jimmy reed,PERSON,37,47
uc1.32106002180849,42,17,0,francisco,GPE,0,9
uc1.32106002180849,42,17,1,24,CARDINAL,14,16
uc1.32106002180849,43,0,0,jimi hendrix,PERSON,0,12
uc1.32106002180849,43,0,1,jimi hendrix,PERSON,56,68
uc1.32106002180849,43,1,0,jimi,PERSON,0,4
uc1.32106002180849,43,1,1,africa,LOC,23,29
uc1.32106002180849,43,2,0,james brown,PERSON,18,29
uc1.32106002180849,43,4,0,one,CARDINAL,47,50
uc1.32106002180849,43,5,0,ova pointin,PERSON,96,107
uc1.32106002180849,43,11,0,ann,PERSON,9,12
uc1.32106002180849,43,12,0,ann,PERSON,0,3
uc1.32106002180849,43,12,1,dinna,PERSON,26,31
uc1.32106002180849,43,16,0,five-thirty,TIME,6,17
uc1.32106002180849,43,16,1,today,DATE,18,23
uc1.32106002180849,43,16,2,sausalito,GPE,52,61
uc1.32106002180849,43,16,3,francisco,GPE,128,137
uc1.32106002180849,43,17,0,sunday,DATE,30,36
uc1.32106002180849,43,17,1,l.a.,GPE,64,68
uc1.32106002180849,43,17,2,hollywood,GPE,83,92
uc1.32106002180849,43,20,0,george eves,PERSON,0,11
uc1.32106002180849,43,20,1,ova,GPE,17,20
uc1.32106002180849,44,2,0,exavier,PERSON,0,7
uc1.32106002180849,44,2,1,john,PERSON,12,16
uc1.32106002180849,44,4,0,today,DATE,19,24
uc1.32106002180849,44,5,0,today,DATE,6,11
uc1.32106002180849,44,5,1,my off drunk day,DATE,15,31
uc1.32106002180849,44,6,0,sausalito,GPE,21,30
uc1.32106002180849,44,6,1,lennie,PERSON,48,54
uc1.32106002180849,44,6,2,neva,PERSON,177,181
uc1.32106002180849,44,6,3,francisco,PERSON,200,209
uc1.32106002180849,44,6,4,george eves,PERSON,238,249
uc1.32106002180849,44,8,0,francisco,PERSON,278,287
uc1.32106002180849,44,9,0,the appalachian hills,LOC,99,120
uc1.32106002180849,44,9,1,west virginia,LOC,124,137
uc1.32106002180849,44,12,0,about four,CARDINAL,0,10
uc1.32106002180849,44,19,0,26,CARDINAL,0,2
uc1.32106002180849,45,0,0,sundown,WORK_OF_ART,0,7
uc1.32106002180849,45,2,0,michelle cerf,PERSON,0,13
uc1.32106002180849,45,2,1,two,CARDINAL,64,67
uc1.32106002180849,45,2,2,french,NORP,68,74
uc1.32106002180849,45,2,3,movie makin team,ORG,100,116
uc1.32106002180849,45,2,4,michelle,PERSON,134,142
uc1.32106002180849,45,2,5,hollywood,GPE,148,157
uc1.32106002180849,45,2,6,the weekend,DATE,162,173
uc1.32106002180849,45,3,0,monday,DATE,22,28
uc1.32106002180849,45,4,0,george eves,PERSON,0,11
uc1.32106002180849,45,4,1,john,PERSON,25,29
uc1.32106002180849,45,4,2,exavier,PERSON,34,41
uc1.32106002180849,45,4,3,francisco,GPE,71,80
uc1.32106002180849,45,7,0,francisco,GPE,37,46
uc1.32106002180849,45,10,0,francisco,GPE,24,33
uc1.32106002180849,45,11,0,michelle cerf,PERSON,0,13
uc1.32106002180849,45,11,1,francisco,GPE,27,36
uc1.32106002180849,45,13,0,ova,GPE,18,21
uc1.32106002180849,45,13,1,michelle cerf,PERSON,23,36
uc1.32106002180849,45,13,2,sausalito,GPE,75,84
uc1.32106002180849,45,15,0,exavier,PERSON,25,32
uc1.32106002180849,45,15,1,french,NORP,96,102
uc1.32106002180849,45,15,2,french,NORP,233,239
uc1.32106002180849,45,15,3,susan,PERSON,257,262
uc1.32106002180849,45,15,4,thirty year old,DATE,274,289
uc1.32106002180849,45,15,5,about five feet two,QUANTITY,320,339
uc1.32106002180849,45,15,6,french,NORP,374,380
uc1.32106002180849,45,15,7,french,NORP,405,411
uc1.32106002180849,45,16,0,french,NORP,2,8
uc1.32106002180849,45,17,0,susan,PERSON,17,22
uc1.32106002180849,45,17,1,french,NORP,54,60
uc1.32106002180849,45,17,2,exavier,PERSON,73,80
uc1.32106002180849,45,18,0,george eves,PERSON,17,28
uc1.32106002180849,45,20,0,27,CARDINAL,71,73
uc1.32106002180849,46,0,0,sausalito,GPE,247,256
uc1.32106002180849,46,2,0,george,PERSON,4,10
uc1.32106002180849,46,2,1,francisco,GPE,85,94
uc1.32106002180849,46,2,2,about five years from now,DATE,98,123
uc1.32106002180849,46,3,0,francisco,PERSON,33,42
uc1.32106002180849,46,3,1,six foot nine forty year old,QUANTITY,96,124
uc1.32106002180849,46,3,2,raoul,PERSON,165,170
uc1.32106002180849,46,3,3,susan,PERSON,172,177
uc1.32106002180849,46,3,4,french,NORP,180,186
uc1.32106002180849,46,4,0,susan,PERSON,0,5
uc1.32106002180849,46,4,1,raoul,PERSON,7,12
uc1.32106002180849,46,4,2,michelle,PERSON,14,22
uc1.32106002180849,46,4,3,francisco,PERSON,27,36
uc1.32106002180849,46,4,4,michelle,PERSON,60,68
uc1.32106002180849,46,4,5,exavier,PERSON,230,237
uc1.32106002180849,46,5,0,raoul,PERSON,0,5
uc1.32106002180849,46,5,1,susan,PERSON,10,15
uc1.32106002180849,46,5,2,francisco,GPE,30,39
uc1.32106002180849,46,5,3,ova,PERSON,67,70
uc1.32106002180849,46,5,4,ova,PERSON,75,78
uc1.32106002180849,46,5,5,french,NORP,97,103
uc1.32106002180849,46,6,0,exavier,PERSON,0,7
uc1.32106002180849,46,6,1,john,PERSON,12,16
uc1.32106002180849,46,7,0,exavier,PERSON,0,7
uc1.32106002180849,46,7,1,ova,PERSON,71,74
uc1.32106002180849,46,7,2,otha,NORP,83,87
uc1.32106002180849,46,8,0,john,PERSON,4,8
uc1.32106002180849,46,12,0,anotha,NORP,55,61
uc1.32106002180849,46,13,0,michelle,PERSON,0,8
uc1.32106002180849,46,13,1,john,PERSON,22,26
uc1.32106002180849,46,14,0,exavier,PERSON,0,7
uc1.32106002180849,46,14,1,two,CARDINAL,33,36
uc1.32106002180849,46,15,0,george eves,PERSON,33,44
uc1.32106002180849,46,16,0,two,CARDINAL,9,12
uc1.32106002180849,46,18,0,francisco,PERSON,24,33
uc1.32106002180849,47,3,0,francisco,PERSON,0,9
uc1.32106002180849,47,5,0,anotha,GPE,20,26
uc1.32106002180849,47,6,0,ova marie's,PERSON,8,19
uc1.32106002180849,47,6,1,francisco,PERSON,31,40
uc1.32106002180849,47,7,0,francisco,PERSON,25,34
uc1.32106002180849,47,8,0,exavier,PERSON,0,7
uc1.32106002180849,47,8,1,john,PERSON,12,16
uc1.32106002180849,47,8,2,george,PERSON,21,27
uc1.32106002180849,47,9,0,exavier,PERSON,0,7
uc1.32106002180849,47,10,0,george eves,PERSON,0,11
uc1.32106002180849,47,11,0,marie,PERSON,13,18
uc1.32106002180849,47,11,1,ova,ORG,27,30
uc1.32106002180849,47,11,2,berkeley,GPE,34,42
uc1.32106002180849,47,14,0,tad,PERSON,0,3
uc1.32106002180849,47,15,0,francisco,GPE,0,9
uc1.32106002180849,47,15,1,james brown's,PERSON,39,52
uc1.32106002180849,47,17,0,james brown,PERSON,12,23
uc1.32106002180849,47,19,0,at least ten,CARDINAL,55,67
uc1.32106002180849,47,20,0,francisco,PERSON,21,30
uc1.32106002180849,47,22,0,only two,CARDINAL,11,19
uc1.32106002180849,47,22,1,janis joplin,PERSON,128,140
uc1.32106002180849,47,23,0,29,CARDINAL,16,18
uc1.32106002180849,48,2,0,francisco,GPE,152,161
uc1.32106002180849,48,2,1,n.y.,GPE,250,254
uc1.32106002180849,48,2,2,l.a.,GPE,265,269
uc1.32106002180849,48,3,0,marie,PERSON,0,5
uc1.32106002180849,48,4,0,passin,GPE,3,9
uc1.32106002180849,48,4,1,francisco,GPE,24,33
uc1.32106002180849,48,6,0,exavier,PERSON,0,7
uc1.32106002180849,48,6,1,george,PERSON,24,30
uc1.32106002180849,48,6,2,otha,NORP,57,61
uc1.32106002180849,48,7,0,francisco,GPE,0,9
uc1.32106002180849,48,9,0,anchor,PERSON,29,35
uc1.32106002180849,48,9,1,black bill,PERSON,160,170
uc1.32106002180849,48,10,0,franciscos,PERSON,0,10
uc1.32106002180849,48,12,0,francisco,PERSON,0,9
uc1.32106002180849,48,13,0,twenty three,DATE,7,19
uc1.32106002180849,48,13,1,jew,NORP,57,60
uc1.32106002180849,48,14,0,francisco,PERSON,0,9
uc1.32106002180849,48,15,0,francisco,PERSON,0,9
uc1.32106002180849,48,15,1,s.f.,GPE,40,44
uc1.32106002180849,48,15,2,enrico,PERSON,56,62
uc1.32106002180849,48,17,0,three hundred dollars,MONEY,67,88
uc1.32106002180849,48,17,1,three hundred dollars,MONEY,169,190
uc1.32106002180849,48,17,2,thirty,DATE,300,306
uc1.32106002180849,48,18,0,thirty,DATE,26,32
uc1.32106002180849,48,18,1,30,CARDINAL,53,55
uc1.32106002180849,49,3,0,every day,DATE,83,92
uc1.32106002180849,49,9,0,west virginia,LOC,34,47
uc1.32106002180849,49,13,0,francisco,GPE,44,53
uc1.32106002180849,49,14,0,francisco,GPE,30,39
uc1.32106002180849,49,14,1,francisco,GPE,81,90
uc1.32106002180849,49,16,0,francisco,GPE,0,9
uc1.32106002180849,49,17,0,starin,PERSON,0,6
uc1.32106002180849,49,18,0,francisco,GPE,18,27
uc1.32106002180849,49,23,0,about two or three,TIME,12,30
uc1.32106002180849,49,24,0,a good day,DATE,12,22
uc1.32106002180849,49,25,0,31,CARDINAL,0,2
uc1.32106002180849,50,0,0,the next day,DATE,0,12
uc1.32106002180849,50,0,1,francisco,PERSON,13,22
uc1.32106002180849,50,0,2,the first ten minutes,TIME,64,85
uc1.32106002180849,50,4,0,francisco,PERSON,5,14
uc1.32106002180849,50,5,0,sunday,DATE,9,15
uc1.32106002180849,50,6,0,david war's,PERSON,37,48
uc1.32106002180849,50,6,1,this morning,TIME,55,67
uc1.32106002180849,50,7,0,francisco,PERSON,0,9
uc1.32106002180849,50,7,1,three,CARDINAL,55,60
uc1.32106002180849,50,7,2,david,PERSON,76,81
uc1.32106002180849,50,8,0,david,PERSON,0,5
uc1.32106002180849,50,8,1,amos,PERSON,73,77
uc1.32106002180849,50,8,2,andy,PERSON,82,86
uc1.32106002180849,50,10,0,everyday,DATE,27,35
uc1.32106002180849,50,10,1,amos,PERSON,71,75
uc1.32106002180849,50,10,2,andy,PERSON,80,84
uc1.32106002180849,50,11,0,chinese,NORP,18,25
uc1.32106002180849,50,12,0,francisco,GPE,0,9
uc1.32106002180849,50,13,0,francisco,PERSON,0,9
uc1.32106002180849,50,16,0,drivin,PERSON,51,57
uc1.32106002180849,50,16,1,s.f.,GPE,63,67
uc1.32106002180849,50,16,2,l.a.,GPE,71,75
uc1.32106002180849,50,16,3,francisco,GPE,112,121
uc1.32106002180849,50,18,0,a couple of days ago,DATE,8,28
uc1.32106002180849,50,18,1,the first day,DATE,60,73
uc1.32106002180849,50,18,2,chris,PERSON,77,82
uc1.32106002180849,50,18,3,francisco,PERSON,96,105
uc1.32106002180849,50,18,4,exavier,PERSON,110,117
uc1.32106002180849,50,19,0,exavier,PERSON,0,7
uc1.32106002180849,50,19,1,s.f.,GPE,21,25
uc1.32106002180849,50,19,2,about a day,DATE,26,37
uc1.32106002180849,50,19,3,two,CARDINAL,41,44
uc1.32106002180849,50,19,4,francisco,GPE,50,59
uc1.32106002180849,50,19,5,l.a.,GPE,75,79
uc1.32106002180849,50,19,6,32,CARDINAL,80,82
uc1.32106002180849,51,2,0,francisco,GPE,0,9
uc1.32106002180849,51,2,1,marpessa dawn,PERSON,87,100
uc1.32106002180849,51,4,0,huey newton,PERSON,22,33
uc1.32106002180849,51,4,1,sixteen,DATE,45,52
uc1.32106002180849,51,5,0,francisco,GPE,0,9
uc1.32106002180849,51,6,0,elizabeth taylor,PERSON,25,41
uc1.32106002180849,51,6,1,bridgette bardot,PERSON,45,61
uc1.32106002180849,51,7,0,claudia cardinale,PERSON,9,26
uc1.32106002180849,51,9,0,ralph nader,PERSON,30,41
uc1.32106002180849,51,10,0,revolutionists,NORP,16,30
uc1.32106002180849,51,11,0,revolutionists,NORP,7,21
uc1.32106002180849,51,12,0,john,PERSON,31,35
uc1.32106002180849,51,17,0,powa,ORG,130,134
uc1.32106002180849,51,18,0,sweetback bad ass song,WORK_OF_ART,47,69
uc1.32106002180849,51,18,1,melvin van peebles,PERSON,141,159
uc1.32106002180849,51,21,0,francisco,GPE,0,9
uc1.32106002180849,52,0,0,egypt,GPE,88,93
uc1.32106002180849,52,1,0,egypt,GPE,18,23
uc1.32106002180849,52,2,0,egyptian,NORP,5,13
uc1.32106002180849,52,3,0,francisco,GPE,0,9
uc1.32106002180849,52,4,0,exavier,PERSON,0,7
uc1.32106002180849,52,4,1,american,NORP,28,36
uc1.32106002180849,52,14,0,exavier,PERSON,8,15
uc1.32106002180849,52,14,1,francisco,PERSON,20,29
uc1.32106002180849,52,14,2,consolidated film industries,ORG,53,81
uc1.32106002180849,52,14,3,a couple of days,DATE,86,102
uc1.32106002180849,52,15,0,exavier,PERSON,36,43
uc1.32106002180849,52,15,1,francisco,PERSON,116,125
uc1.32106002180849,52,16,0,francisco,PERSON,0,9
uc1.32106002180849,52,17,0,francisco,PERSON,35,44
uc1.32106002180849,52,18,0,eva,PERSON,46,49
uc1.32106002180849,52,18,1,francisco,PERSON,62,71
uc1.32106002180849,52,21,0,chris,PERSON,0,5
uc1.32106002180849,52,21,1,n.y.,GPE,46,50
uc1.32106002180849,52,22,0,exavier,PERSON,98,105
uc1.32106002180849,52,22,1,francisco,PERSON,110,119
uc1.32106002180849,52,23,0,chris,PERSON,0,5
uc1.32106002180849,52,23,1,malibu,GPE,28,34
uc1.32106002180849,52,24,0,34,CARDINAL,0,2
uc1.32106002180849,53,0,0,Malibu,GPE,28,34
uc1.32106002180849,53,1,0,Muscle Beach,GPE,1,13
uc1.32106002180849,53,1,1,Annette Funicello,PERSON,15,32
uc1.32106002180849,53,1,2,Fabian,PERSON,37,43
uc1.32106002180849,53,3,0,the first day,DATE,0,13
uc1.32106002180849,53,5,0,the first day,DATE,0,13
uc1.32106002180849,53,7,0,the second day,DATE,19,33
uc1.32106002180849,53,11,0,one,CARDINAL,0,3
uc1.32106002180849,53,11,1,about four,DATE,21,31
uc1.32106002180849,54,0,0,cheyenne,PERSON,77,85
uc1.32106002180849,54,0,1,four,CARDINAL,122,126
uc1.32106002180849,54,1,0,one,CARDINAL,5,8
uc1.32106002180849,54,1,1,bill,PERSON,27,31
uc1.32106002180849,54,1,2,twelve,DATE,50,56
uc1.32106002180849,54,1,3,reagan,PERSON,228,234
uc1.32106002180849,54,1,4,judy,PERSON,274,278
uc1.32106002180849,54,2,0,marnicke,PERSON,0,8
uc1.32106002180849,54,2,1,about thirteen,DATE,27,41
uc1.32106002180849,54,3,0,cheyenne,PERSON,14,22
uc1.32106002180849,54,3,1,two,CARDINAL,40,43
uc1.32106002180849,54,3,2,chris,PERSON,61,66
uc1.32106002180849,54,4,0,cheyenne,PERSON,0,8
uc1.32106002180849,54,7,0,marnicke,PERSON,0,8
uc1.32106002180849,54,7,1,cheyenne,PERSON,14,22
uc1.32106002180849,54,7,2,cheyenne,PERSON,86,94
uc1.32106002180849,54,8,0,judy,PERSON,5,9
uc1.32106002180849,54,8,1,bill,PERSON,11,15
uc1.32106002180849,54,9,0,francisco,PERSON,0,9
uc1.32106002180849,54,9,1,exavier,PERSON,14,21
uc1.32106002180849,54,17,0,francisco,PERSON,22,31
uc1.32106002180849,54,19,0,francisco,PERSON,23,32
uc1.32106002180849,54,31,0,judy,PERSON,8,12
uc1.32106002180849,54,31,1,fatha,PERSON,26,31
uc1.32106002180849,54,32,0,36,CARDINAL,0,2
uc1.32106002180849,55,0,0,mcdonnell douglass,ORG,40,58
uc1.32106002180849,55,4,0,exavier,PERSON,0,7
uc1.32106002180849,55,4,1,francisco,PERSON,9,18
uc1.32106002180849,55,5,0,francisco,PERSON,7,16
uc1.32106002180849,55,5,1,exavier,PERSON,35,42
uc1.32106002180849,55,6,0,exavier,PERSON,0,7
uc1.32106002180849,55,7,0,exavier,PERSON,0,7
uc1.32106002180849,55,8,0,delilah,GPE,14,21
uc1.32106002180849,55,8,1,alabama,GPE,27,34
uc1.32106002180849,55,9,0,exavier,PERSON,14,21
uc1.32106002180849,55,10,0,delilah,GPE,0,7
uc1.32106002180849,55,11,0,indian,NORP,19,25
uc1.32106002180849,55,13,0,essence,ORG,27,34
uc1.32106002180849,55,14,0,nine to five,DATE,22,34
uc1.32106002180849,55,15,0,about four years old,DATE,26,46
uc1.32106002180849,55,15,1,alabama,GPE,50,57
uc1.32106002180849,55,17,0,exavier,PERSON,0,7
uc1.32106002180849,55,17,1,two days,DATE,29,37
uc1.32106002180849,55,18,0,exavier,PERSON,0,7
uc1.32106002180849,55,18,1,francisco,PERSON,9,18
uc1.32106002180849,55,18,2,dinna,GPE,37,42
uc1.32106002180849,55,19,0,exavier,PERSON,11,18
uc1.32106002180849,55,22,0,francisco,GPE,21,30
uc1.32106002180849,55,23,0,francisco,GPE,0,9
uc1.32106002180849,55,24,0,exavier,PERSON,7,14
uc1.32106002180849,55,27,0,exavier,PERSON,48,55
uc1.32106002180849,55,28,0,exavier,PERSON,0,7
uc1.32106002180849,55,28,1,twenty-thousand,CARDINAL,43,58
uc1.32106002180849,55,28,2,exavier neva,PERSON,89,101
uc1.32106002180849,55,28,3,exavier,PERSON,160,167
uc1.32106002180849,55,28,4,three,CARDINAL,172,177
uc1.32106002180849,55,29,0,francisco,PERSON,0,9
uc1.32106002180849,55,29,1,africa,LOC,46,52
uc1.32106002180849,55,31,0,africa,LOC,10,16
uc1.32106002180849,55,33,0,37,CARDINAL,0,2
uc1.32106002180849,56,1,0,africa,LOC,3,9
uc1.32106002180849,56,1,1,bush,LOC,39,43
uc1.32106002180849,56,1,2,jeep,PRODUCT,54,58
uc1.32106002180849,56,1,3,jeep,PRODUCT,333,337
uc1.32106002180849,56,11,0,francisco,PERSON,0,9
uc1.32106002180849,56,15,0,niggas,NORP,0,6
uc1.32106002180849,56,16,0,francisco,PERSON,0,9
uc1.32106002180849,56,16,1,south africa,GPE,70,82
uc1.32106002180849,56,20,0,francisco,PERSON,80,89
uc1.32106002180849,56,20,1,twelve,DATE,101,107
uc1.32106002180849,57,1,0,d'urville,PERSON,70,79
uc1.32106002180849,57,2,0,francisco,PERSON,0,9
uc1.32106002180849,57,2,1,six-foot-two,QUANTITY,60,72
uc1.32106002180849,57,3,0,six-foottwo,QUANTITY,24,35
uc1.32106002180849,57,3,1,six-foot-two,QUANTITY,50,62
uc1.32106002180849,57,4,0,america,GPE,41,48
uc1.32106002180849,57,4,1,oz country,GPE,67,77
uc1.32106002180849,57,5,0,a million,CARDINAL,8,17
uc1.32106002180849,57,5,1,snifflin,NORP,86,94
uc1.32106002180849,57,6,0,hush francisco,PERSON,0,14
uc1.32106002180849,57,8,0,ova,GPE,22,25
uc1.32106002180849,57,8,1,mc breed's,ORG,29,39
uc1.32106002180849,57,8,2,francisco,GPE,177,186
uc1.32106002180849,57,13,0,one night,TIME,18,27
uc1.32106002180849,57,13,1,mini's,ORG,31,37
uc1.32106002180849,57,13,2,s.f.,GPE,48,52
uc1.32106002180849,57,15,0,francisco,PERSON,0,9
uc1.32106002180849,57,18,0,that night,TIME,27,37
uc1.32106002180849,57,18,1,mini,ORG,41,45
uc1.32106002180849,57,19,0,francisco,PERSON,99,108
uc1.32106002180849,57,21,0,six months,DATE,72,82
uc1.32106002180849,57,21,1,39,DATE,158,160
uc1.32106002180849,58,2,0,mc breed's,ORG,15,25
uc1.32106002180849,58,3,0,t.v.,WORK_OF_ART,11,15
uc1.32106002180849,58,4,0,carol,PERSON,0,5
uc1.32106002180849,58,4,1,ova,GPE,15,18
uc1.32106002180849,58,5,0,francisco,PERSON,0,9
uc1.32106002180849,58,5,1,ova,GPE,15,18
uc1.32106002180849,58,6,0,chris,PERSON,14,19
uc1.32106002180849,58,6,1,ova,GPE,55,58
uc1.32106002180849,58,6,2,carol,PERSON,62,67
uc1.32106002180849,58,6,3,carol,PERSON,109,114
uc1.32106002180849,58,7,0,carol,PERSON,0,5
uc1.32106002180849,58,7,1,her thirties,DATE,12,24
uc1.32106002180849,58,9,0,francisco,PERSON,19,28
uc1.32106002180849,58,9,1,one night,TIME,62,71
uc1.32106002180849,58,10,0,francisco,GPE,0,9
uc1.32106002180849,58,11,0,exavier,PERSON,59,66
uc1.32106002180849,58,11,1,francisco,PERSON,75,84
uc1.32106002180849,58,12,0,francisco,GPE,0,9
uc1.32106002180849,58,15,0,james brown's,PERSON,54,67
uc1.32106002180849,58,15,1,chris,PERSON,118,123
uc1.32106002180849,58,16,0,chris,PERSON,0,5
uc1.32106002180849,58,17,0,james brown's,PERSON,15,28
uc1.32106002180849,58,18,0,james brown,PERSON,20,31
uc1.32106002180849,58,19,0,ed sullivan,PERSON,18,29
uc1.32106002180849,58,19,1,years ago,DATE,30,39
uc1.32106002180849,58,24,0,neva,PERSON,0,4
uc1.32106002180849,58,25,0,francisco,PERSON,0,9
uc1.32106002180849,58,26,0,james brown,PERSON,0,11
uc1.32106002180849,58,27,0,francisco,PERSON,0,9
uc1.32106002180849,58,30,0,40,CARDINAL,0,2
uc1.32106002180849,59,0,0,francisco,GPE,15,24
uc1.32106002180849,59,6,0,james brown,PERSON,4,15
uc1.32106002180849,59,6,1,francisco,GPE,22,31
uc1.32106002180849,59,8,0,all night long,TIME,19,33
uc1.32106002180849,59,11,0,francisco,GPE,19,28
uc1.32106002180849,59,11,1,francisco,GPE,105,114
uc1.32106002180849,59,12,0,two,CARDINAL,14,17
uc1.32106002180849,59,14,0,francisco,GPE,7,16
uc1.32106002180849,59,15,0,that night,TIME,37,47
uc1.32106002180849,59,16,0,anotha,NORP,73,79
uc1.32106002180849,59,17,0,francisco,GPE,7,16
uc1.32106002180849,59,17,1,about six in the mornin,TIME,39,62
uc1.32106002180849,59,19,0,chris,PERSON,0,5
uc1.32106002180849,59,19,1,tomorrow,DATE,20,28
uc1.32106002180849,59,19,2,dave,PERSON,47,51
uc1.32106002180849,59,20,0,taylor,PERSON,7,13
uc1.32106002180849,59,20,1,francisco,GPE,30,39
uc1.32106002180849,59,20,2,sam revels,PERSON,40,50
uc1.32106002180849,59,20,3,francisco,GPE,97,106
uc1.32106002180849,59,20,4,two thousand dollars,MONEY,118,138
uc1.32106002180849,59,21,0,francisco,PERSON,0,9
uc1.32106002180849,59,21,1,four hundred dollars,MONEY,27,47
uc1.32106002180849,59,22,0,today,DATE,31,36
uc1.32106002180849,59,22,1,next week,DATE,79,88
uc1.32106002180849,59,23,0,green front,ORG,19,30
uc1.32106002180849,59,23,1,africa,LOC,34,40
uc1.32106002180849,59,23,2,half million dollars,MONEY,67,87
uc1.32106002180849,59,25,0,francisco,GPE,0,9
uc1.32106002180849,59,26,0,francisco,GPE,35,44
uc1.32106002180849,59,26,1,s.f. antediluvian,PERSON,51,68
uc1.32106002180849,59,28,0,41,CARDINAL,0,2
uc1.32106002180849,60,0,0,one in the morning,TIME,3,21
uc1.32106002180849,60,0,1,dave,PERSON,22,26
uc1.32106002180849,60,0,2,francisco,PERSON,94,103
uc1.32106002180849,60,0,3,francisco,PERSON,129,138
uc1.32106002180849,60,0,4,carol,PERSON,169,174
uc1.32106002180849,60,1,0,francisco,PERSON,4,13
uc1.32106002180849,60,1,1,chris,PERSON,85,90
uc1.32106002180849,60,1,2,the last three days,DATE,148,167
uc1.32106002180849,60,2,0,francisco,PERSON,3,12
uc1.32106002180849,60,2,1,malibu,GPE,32,38
uc1.32106002180849,60,3,0,carol,PERSON,0,5
uc1.32106002180849,60,3,1,francisco,PERSON,32,41
uc1.32106002180849,60,4,0,ova,PERSON,44,47
uc1.32106002180849,60,6,0,ova,PERSON,14,17
uc1.32106002180849,60,6,1,francisco,GPE,61,70
uc1.32106002180849,60,7,0,francisco,GPE,0,9
uc1.32106002180849,60,8,0,carol,PERSON,0,5
uc1.32106002180849,60,13,0,francisco,GPE,57,66
uc1.32106002180849,60,19,0,years,DATE,41,46
uc1.32106002180849,60,20,0,america,GPE,24,31
uc1.32106002180849,60,21,0,carol,PERSON,14,19
uc1.32106002180849,60,21,1,a good night,TIME,53,65
uc1.32106002180849,60,22,0,malibu,GPE,28,34
uc1.32106002180849,60,24,0,francisco,PERSON,0,9
uc1.32106002180849,60,25,0,42,DATE,14,16
uc1.32106002180849,61,2,0,francisco,PERSON,0,9
uc1.32106002180849,61,2,1,lata,PERSON,40,44
uc1.32106002180849,61,9,0,dave,PERSON,0,4
uc1.32106002180849,61,13,0,dave,PERSON,0,4
uc1.32106002180849,61,16,0,two,CARDINAL,55,58
uc1.32106002180849,61,16,1,jewish,NORP,77,83
uc1.32106002180849,61,17,0,francisco,PERSON,0,9
uc1.32106002180849,61,18,0,chris,PERSON,0,5
uc1.32106002180849,61,18,1,dave,PERSON,120,124
uc1.32106002180849,61,18,2,n.y.,GPE,139,143
uc1.32106002180849,61,18,3,dave,PERSON,144,148
uc1.32106002180849,61,19,0,francisco,PERSON,0,9
uc1.32106002180849,61,19,1,the morning,TIME,125,136
uc1.32106002180849,61,19,2,chris,PERSON,140,145
uc1.32106002180849,61,20,0,francisco,PERSON,0,9
uc1.32106002180849,61,21,0,dave,PERSON,0,4
uc1.32106002180849,61,22,0,dave,PERSON,0,4
uc1.32106002180849,61,23,0,francisco,PERSON,0,9
uc1.32106002180849,61,23,1,dave,PERSON,35,39
uc1.32106002180849,61,24,0,one in the mornin,TIME,74,91
uc1.32106002180849,61,26,0,jewish,NORP,30,36
uc1.32106002180849,61,27,0,francisco,PERSON,44,53
uc1.32106002180849,61,28,0,chris,PERSON,0,5
uc1.32106002180849,61,29,0,all night,TIME,27,36
uc1.32106002180849,61,29,1,43,CARDINAL,104,106
uc1.32106002180849,62,0,0,dave,PERSON,19,23
uc1.32106002180849,62,6,0,francisco,PERSON,0,9
uc1.32106002180849,62,6,1,blue volks,ORG,27,37
uc1.32106002180849,62,6,2,pacific coast highway,LOC,59,80
uc1.32106002180849,62,6,3,al's,ORG,119,123
uc1.32106002180849,62,6,4,rancho restaurant,ORG,124,141
uc1.32106002180849,62,7,0,a weekend,DATE,51,60
uc1.32106002180849,62,8,0,francisco,GPE,3,12
uc1.32106002180849,62,9,0,at least four or five dollars,MONEY,70,99
uc1.32106002180849,62,15,0,dave,PERSON,61,65
uc1.32106002180849,62,16,0,malibu,GPE,97,103
uc1.32106002180849,62,16,1,almost two weeks,DATE,108,124
uc1.32106002180849,62,17,0,francisco,PERSON,0,9
uc1.32106002180849,62,17,1,early in the morning,TIME,102,122
uc1.32106002180849,62,17,2,one,CARDINAL,134,137
uc1.32106002180849,62,17,3,gypsy,NORP,138,143
uc1.32106002180849,62,17,4,anotha,GPE,153,159
uc1.32106002180849,62,19,0,the weekend,DATE,0,11
uc1.32106002180849,63,1,0,francisco,GPE,0,9
uc1.32106002180849,63,3,0,rochelle,PERSON,107,115
uc1.32106002180849,63,4,0,rochelle,PERSON,0,8
uc1.32106002180849,63,4,1,muhammad ali,PERSON,47,59
uc1.32106002180849,63,7,0,joe louis,PERSON,58,67
uc1.32106002180849,63,7,1,las vegas,GPE,153,162
uc1.32106002180849,63,8,0,jimi hendrix,PERSON,25,37
uc1.32106002180849,63,8,1,africa,LOC,88,94
uc1.32106002180849,63,8,2,london,GPE,117,123
uc1.32106002180849,63,8,3,francisco,GPE,134,143
uc1.32106002180849,63,8,4,hollywood,GPE,261,270
uc1.32106002180849,63,8,5,rochelle,PERSON,341,349
uc1.32106002180849,63,8,6,muhammad,PERSON,387,395
uc1.32106002180849,63,11,0,muhammad,PERSON,64,72
uc1.32106002180849,63,17,0,francisco,PERSON,0,9
uc1.32106002180849,63,17,1,muhammad,PERSON,15,23
uc1.32106002180849,63,17,2,the old days,DATE,45,57
uc1.32106002180849,63,18,0,t.v.,ORG,29,33
uc1.32106002180849,63,18,1,jerry quarry,PERSON,40,52
uc1.32106002180849,63,19,0,45,DATE,33,35
uc1.32106002180849,64,4,0,mexican,NORP,90,97
uc1.32106002180849,64,4,1,mexico,GPE,117,123
uc1.32106002180849,64,4,2,years ago,DATE,124,133
uc1.32106002180849,64,4,3,one,CARDINAL,170,173
uc1.32106002180849,64,4,4,summa,DATE,174,179
uc1.32106002180849,64,5,0,anna,PERSON,8,12
uc1.32106002180849,64,6,0,anna,PERSON,0,4
uc1.32106002180849,64,6,1,nigga,NORP,149,154
uc1.32106002180849,64,7,0,anna,PERSON,0,4
uc1.32106002180849,64,8,0,anna,PERSON,100,104
uc1.32106002180849,64,9,0,african,NORP,32,39
uc1.32106002180849,64,10,0,anna,PERSON,4,8
uc1.32106002180849,64,10,1,jewish,NORP,26,32
uc1.32106002180849,64,10,2,california,GPE,94,104
uc1.32106002180849,64,10,3,japanese americans,NORP,130,148
uc1.32106002180849,64,13,0,half,CARDINAL,7,11
uc1.32106002180849,64,14,0,two,CARDINAL,27,30
uc1.32106002180849,64,15,0,these days,DATE,60,70
uc1.32106002180849,64,16,0,rochelle,PERSON,55,63
uc1.32106002180849,64,21,0,46,DATE,63,65
uc1.32106002180849,65,0,0,longa,GPE,33,38
uc1.32106002180849,65,1,0,muhammad ali muhammad ali,PERSON,27,52
uc1.32106002180849,65,1,1,cassius clay,PERSON,78,90
uc1.32106002180849,65,3,0,joe louis,PERSON,22,31
uc1.32106002180849,65,3,1,muhammad ali,PERSON,58,70
uc1.32106002180849,65,4,0,madison square garden,FAC,27,48
uc1.32106002180849,65,4,1,australian,NORP,72,82
uc1.32106002180849,65,4,2,a couple of years ago,DATE,83,104
uc1.32106002180849,65,5,0,australian,NORP,20,30
uc1.32106002180849,65,5,1,muhammad,PERSON,85,93
uc1.32106002180849,65,6,0,bundini,PERSON,77,84
uc1.32106002180849,65,7,0,madison square garden,FAC,56,77
uc1.32106002180849,65,7,1,ali,PERSON,88,91
uc1.32106002180849,65,11,0,ali,PERSON,56,59
uc1.32106002180849,65,13,0,fourth,ORDINAL,51,57
uc1.32106002180849,65,14,0,ali,PERSON,0,3
uc1.32106002180849,65,23,0,madison square garden,LOC,22,43
uc1.32106002180849,65,23,1,47,DATE,60,62
uc1.32106002180849,66,1,0,muhammad ali,PERSON,20,32
uc1.32106002180849,66,1,1,a year later,DATE,43,55
uc1.32106002180849,66,1,2,broadway,FAC,69,77
uc1.32106002180849,66,2,0,melvin van peeble's,PERSON,0,19
uc1.32106002180849,66,4,0,francisco,PERSON,15,24
uc1.32106002180849,66,5,0,francisco,PERSON,30,39
uc1.32106002180849,66,6,0,two,CARDINAL,4,7
uc1.32106002180849,66,7,0,francisco,PERSON,15,24
uc1.32106002180849,66,7,1,otha,PERSON,40,44
uc1.32106002180849,66,18,0,about five-thirty,TIME,41,58
uc1.32106002180849,67,0,0,one,CARDINAL,180,183
uc1.32106002180849,67,1,0,this sunset boulevard incrowd,FAC,154,183
uc1.32106002180849,67,2,0,mexican,NORP,144,151
uc1.32106002180849,67,9,0,49,CARDINAL,21,23
uc1.32106002180849,68,2,0,francisco,GPE,55,64
uc1.32106002180849,68,3,0,anotha,GPE,0,6
uc1.32106002180849,68,5,0,brown,NORP,80,85
uc1.32106002180849,68,5,1,european,NORP,87,95
uc1.32106002180849,68,5,2,his forties,DATE,131,142
uc1.32106002180849,68,5,3,nigga,NORP,170,175
uc1.32106002180849,68,5,4,john davis marshall,PERSON,182,201
uc1.32106002180849,68,5,5,beatnik,PERSON,219,226
uc1.32106002180849,68,6,0,half,CARDINAL,53,57
uc1.32106002180849,68,7,0,one hot second,TIME,57,71
uc1.32106002180849,68,11,0,brotha,PERSON,44,50
uc1.32106002180849,68,12,0,john,PERSON,0,4
uc1.32106002180849,68,12,1,one,CARDINAL,10,13
uc1.32106002180849,68,15,0,50,CARDINAL,6,8
uc1.32106002180849,69,0,0,cooly,PERSON,0,5
uc1.32106002180849,69,0,1,john,PERSON,23,27
uc1.32106002180849,69,0,2,ova,PERSON,108,111
uc1.32106002180849,69,0,3,the planet earth,LOC,133,149
uc1.32106002180849,69,0,4,ova,PERSON,173,176
uc1.32106002180849,69,4,0,asian,NORP,36,41
uc1.32106002180849,69,8,0,john marshall davis,PERSON,0,19
uc1.32106002180849,69,10,0,john,PERSON,0,4
uc1.32106002180849,69,11,0,francisco,PERSON,11,20
uc1.32106002180849,69,13,0,miss ann,PERSON,101,109
uc1.32106002180849,69,17,0,nine to,TIME,47,54
uc1.32106002180849,69,17,1,five,TIME,55,59
uc1.32106002180849,69,17,2,francisco,GPE,65,74
uc1.32106002180849,69,17,3,actin,ORG,94,99
uc1.32106002180849,70,0,0,three hundred dollars,MONEY,21,42
uc1.32106002180849,70,5,0,john marshall davis,PERSON,24,43
uc1.32106002180849,70,6,0,this year,DATE,31,40
uc1.32106002180849,70,12,0,john,PERSON,0,4
uc1.32106002180849,70,15,0,john,PERSON,9,13
uc1.32106002180849,71,7,0,anotha,NORP,51,57
uc1.32106002180849,71,8,0,thousands,CARDINAL,51,60
uc1.32106002180849,71,11,0,john,PERSON,0,4
uc1.32106002180849,71,16,0,african,NORP,170,177
uc1.32106002180849,72,1,0,john marshall davis,PERSON,0,19
uc1.32106002180849,72,2,0,francisco,GPE,100,109
uc1.32106002180849,72,5,0,john marshall davis,PERSON,1,20
uc1.32106002180849,72,11,0,john,PERSON,0,4
uc1.32106002180849,72,18,0,john,PERSON,0,4
uc1.32106002180849,73,6,0,francisco,PERSON,63,72
uc1.32106002180849,73,6,1,chris,PERSON,112,117
uc1.32106002180849,73,18,0,lova,ORG,0,4
uc1.32106002180849,73,18,1,otha,NORP,23,27
uc1.32106002180849,73,18,2,foreva,GPE,36,42
uc1.32106002180849,73,19,0,all night,TIME,25,34
uc1.32106002180849,73,20,0,Only today,DATE,0,10
uc1.32106002180849,73,23,0,modern day,DATE,0,10
uc1.32106002180849,73,29,0,wino,GPE,8,12
uc1.32106002180849,73,34,0,55,CARDINAL,25,27
uc1.32106002180849,74,2,0,west virginia,LOC,71,84
uc1.32106002180849,74,3,0,the end of every month,DATE,3,25
uc1.32106002180849,74,6,0,four,CARDINAL,65,69
uc1.32106002180849,74,7,0,one,CARDINAL,39,42
uc1.32106002180849,74,7,1,sunday,DATE,51,57
uc1.32106002180849,74,8,0,sunday,DATE,0,6
uc1.32106002180849,74,9,0,three,CARDINAL,28,33
uc1.32106002180849,74,9,1,sunday,DATE,68,74
uc1.32106002180849,74,10,0,two,CARDINAL,8,11
uc1.32106002180849,74,11,0,two,CARDINAL,0,3
uc1.32106002180849,74,12,0,every otha night,TIME,44,60
uc1.32106002180849,74,16,0,tom,PERSON,49,52
uc1.32106002180849,74,26,0,56,CARDINAL,0,2
uc1.32106002180849,75,2,0,l.a.,GPE,28,32
uc1.32106002180849,75,2,1,the watts riot,EVENT,128,142
uc1.32106002180849,75,2,2,otha,ORG,153,157
uc1.32106002180849,75,2,3,two,CARDINAL,266,269
uc1.32106002180849,75,2,4,one,CARDINAL,279,282
uc1.32106002180849,75,2,5,twenty-seven,DATE,286,298
uc1.32106002180849,75,2,6,europe,LOC,312,318
uc1.32106002180849,75,3,0,seventeen,DATE,36,45
uc1.32106002180849,75,3,1,some langston hughes,PERSON,133,153
uc1.32106002180849,75,3,2,paul laurence dunbar,PERSON,155,175
uc1.32106002180849,75,3,3,porgy,PERSON,243,248
uc1.32106002180849,75,3,4,bess,PERSON,253,257
uc1.32106002180849,75,3,5,africans,NORP,459,467
uc1.32106002180849,75,3,6,tips,ORG,713,717
uc1.32106002180849,75,3,7,tips,ORG,841,845
uc1.32106002180849,75,5,0,john marshall davis,PERSON,0,19
uc1.32106002180849,75,11,0,57,CARDINAL,0,2
uc1.32106002180849,77,1,0,sunset boulevard,FAC,21,37
uc1.32106002180849,77,1,1,afros sport by,ORG,80,94
uc1.32106002180849,77,2,0,african,NORP,14,21
uc1.32106002180849,77,2,1,ahmed muhammad,PERSON,33,47
uc1.32106002180849,77,2,2,african,NORP,52,59
uc1.32106002180849,77,2,3,francisco,GPE,70,79
uc1.32106002180849,77,3,0,african,NORP,12,19
uc1.32106002180849,77,3,1,african,NORP,31,38
uc1.32106002180849,77,3,2,francisco,GPE,86,95
uc1.32106002180849,77,4,0,cafe figaro's,ORG,16,29
uc1.32106002180849,77,4,1,melrose,FAC,33,40
uc1.32106002180849,77,4,2,raoul,PERSON,46,51
uc1.32106002180849,77,4,3,susan,PERSON,56,61
uc1.32106002180849,77,4,4,french,NORP,75,81
uc1.32106002180849,77,4,5,france,GPE,94,100
uc1.32106002180849,77,4,6,Hollywood,GPE,127,136
uc1.32106002180849,77,5,0,francisco,GPE,14,23
uc1.32106002180849,77,5,1,sausalito,GPE,34,43
uc1.32106002180849,77,5,2,l.a.,GPE,107,111
uc1.32106002180849,77,5,3,francisco,GPE,158,167
uc1.32106002180849,77,5,4,paris,GPE,228,233
uc1.32106002180849,77,6,0,a good weekend,DATE,22,36
uc1.32106002180849,77,7,0,MONDAY,DATE,0,6
uc1.32106002180849,77,7,1,beverly hills hotel,ORG,27,46
uc1.32106002180849,77,7,2,four o'clock.,TIME,47,60
uc1.32106002180849,77,8,0,francisco,PERSON,28,37
uc1.32106002180849,77,8,1,fifty dollars,MONEY,42,55
uc1.32106002180849,77,10,0,the l.a. international airport,FAC,12,42
uc1.32106002180849,77,10,1,supa,NORP,70,74
uc1.32106002180849,77,10,2,a few days,DATE,134,144
uc1.32106002180849,77,11,0,hollywood,GPE,59,68
uc1.32106002180849,77,12,0,59,CARDINAL,0,2
uc1.32106002180849,78,0,0,the beverly hills hotel,FAC,12,35
uc1.32106002180849,78,1,0,drivin,PRODUCT,26,32
uc1.32106002180849,78,1,1,that day,DATE,41,49
uc1.32106002180849,78,3,0,the beverly hills hotel,FAC,12,35
uc1.32106002180849,78,4,0,chris,PERSON,165,170
uc1.32106002180849,78,5,0,lisa,PERSON,64,68
uc1.32106002180849,78,5,1,dave pressman,PERSON,74,87
uc1.32106002180849,78,7,0,dave,PERSON,0,4
uc1.32106002180849,78,10,0,chris,PERSON,0,5
uc1.32106002180849,78,10,1,dave,PERSON,38,42
uc1.32106002180849,78,12,0,dave,PERSON,0,4
uc1.32106002180849,78,12,1,chris,PERSON,44,49
uc1.32106002180849,78,12,2,dave,PERSON,66,70
uc1.32106002180849,78,13,0,chris,PERSON,0,5
uc1.32106002180849,78,13,1,his teens,DATE,39,48
uc1.32106002180849,78,14,0,walter mitty,PERSON,56,68
uc1.32106002180849,78,15,0,chris,PERSON,86,91
uc1.32106002180849,78,17,0,francisco,PERSON,7,16
uc1.32106002180849,78,18,0,francisco,PERSON,0,9
uc1.32106002180849,78,19,0,mitchell thompson,PERSON,15,32
uc1.32106002180849,78,20,0,chris,PERSON,11,16
uc1.32106002180849,78,24,0,francisco,GPE,42,51
uc1.32106002180849,78,26,0,james oliver-he,PERSON,0,15
uc1.32106002180849,78,26,1,the last fifteen minutes,TIME,30,54
uc1.32106002180849,78,27,0,james,PERSON,0,5
uc1.32106002180849,78,28,0,n.y.,GPE,96,100
uc1.32106002180849,79,1,0,ova,PERSON,95,98
uc1.32106002180849,79,4,0,chris,PERSON,0,5
uc1.32106002180849,79,4,1,beverly hills,LOC,30,43
uc1.32106002180849,79,4,2,lisa,PERSON,72,76
uc1.32106002180849,79,4,3,lisa,PERSON,81,85
uc1.32106002180849,79,6,0,chris,PERSON,0,5
uc1.32106002180849,79,6,1,dave,PRODUCT,23,27
uc1.32106002180849,79,7,0,three,CARDINAL,75,80
uc1.32106002180849,79,7,1,chris,PERSON,272,277
uc1.32106002180849,79,7,2,dave,PERSON,441,445
uc1.32106002180849,79,7,3,two,CARDINAL,517,520
uc1.32106002180849,79,7,4,just twenty-five,CARDINAL,536,552
uc1.32106002180849,79,9,0,francisco,GPE,8,17
uc1.32106002180849,79,11,0,dave,PERSON,23,27
uc1.32106002180849,79,15,0,dave,PERSON,27,31
uc1.32106002180849,79,15,1,malibu,GPE,117,123
uc1.32106002180849,79,20,0,sev61,PERSON,0,5
uc1.32106002180849,80,5,0,chris,PERSON,0,5
uc1.32106002180849,80,5,1,chris,PERSON,43,48
uc1.32106002180849,80,5,2,dave,PERSON,53,57
uc1.32106002180849,80,6,0,chris,PERSON,0,5
uc1.32106002180849,80,6,1,the first ten minutes,TIME,39,60
uc1.32106002180849,80,6,2,ova,PERSON,77,80
uc1.32106002180849,80,6,3,ova,PERSON,94,97
uc1.32106002180849,80,7,0,chris,PERSON,0,5
uc1.32106002180849,80,11,0,francisco,GPE,3,12
uc1.32106002180849,80,13,0,chris,PERSON,0,5
uc1.32106002180849,80,16,0,tomorrow,DATE,17,25
uc1.32106002180849,80,19,0,one,CARDINAL,20,23
uc1.32106002180849,80,21,0,one,CARDINAL,157,160
uc1.32106002180849,80,23,0,chris,PERSON,0,5
uc1.32106002180849,80,25,0,62,CARDINAL,0,2
uc1.32106002180849,81,0,0,today,DATE,0,5
uc1.32106002180849,81,0,1,francisco,GPE,6,15
uc1.32106002180849,81,0,2,editin room-dean,ORG,36,52
uc1.32106002180849,81,1,0,nigga,NORP,2,7
uc1.32106002180849,81,1,1,dashiki,PRODUCT,17,24
uc1.32106002180849,81,2,0,francisco,GPE,0,9
uc1.32106002180849,81,3,0,tomorrow,DATE,20,28
uc1.32106002180849,81,3,1,french,NORP,69,75
uc1.32106002180849,81,4,0,dave,PERSON,4,8
uc1.32106002180849,81,5,0,dave,PERSON,0,4
uc1.32106002180849,81,5,1,screenin,ORG,67,75
uc1.32106002180849,81,11,0,dave,PERSON,0,4
uc1.32106002180849,81,11,1,colorado,GPE,14,22
uc1.32106002180849,81,12,0,francisco,GPE,0,9
uc1.32106002180849,81,12,1,mitchell thompson,PERSON,53,70
uc1.32106002180849,81,13,0,francisco,PERSON,0,9
uc1.32106002180849,81,14,0,chris,PERSON,0,5
uc1.32106002180849,81,15,0,beverly hills,ORG,57,70
uc1.32106002180849,81,16,0,chris,PERSON,31,36
uc1.32106002180849,81,17,0,francisco,GPE,0,9
uc1.32106002180849,81,18,0,the fifty dollars,MONEY,64,81
uc1.32106002180849,81,18,1,francisco,PERSON,118,127
uc1.32106002180849,81,20,0,francisco,PERSON,6,15
uc1.32106002180849,81,21,0,glass,ORG,4,9
uc1.32106002180849,81,27,0,the beverly hills hotel,ORG,62,85
uc1.32106002180849,81,30,0,63,CARDINAL,0,2
uc1.32106002180849,82,0,0,francisco,GPE,0,9
uc1.32106002180849,82,2,0,two,CARDINAL,0,3
uc1.32106002180849,82,3,0,one,CARDINAL,0,3
uc1.32106002180849,82,3,1,that very same morning,TIME,57,79
uc1.32106002180849,82,3,2,one,CARDINAL,85,88
uc1.32106002180849,82,12,0,hitler,PERSON,32,38
uc1.32106002180849,82,12,1,tricia nixon,PERSON,70,82
uc1.32106002180849,82,12,2,merv griffin,PERSON,127,139
uc1.32106002180849,82,12,3,lena horne,PERSON,150,160
uc1.32106002180849,82,12,4,first,ORDINAL,189,194
uc1.32106002180849,82,12,5,half,CARDINAL,247,251
uc1.32106002180849,82,12,6,james bond,PERSON,304,314
uc1.32106002180849,82,14,0,francisco,PERSON,0,9
uc1.32106002180849,82,19,0,five dollar,MONEY,57,68
uc1.32106002180849,82,20,0,half,CARDINAL,0,4
uc1.32106002180849,83,0,0,the polo lounge,FAC,40,55
uc1.32106002180849,83,4,0,francisco,GPE,73,82
uc1.32106002180849,83,8,0,one,CARDINAL,21,24
uc1.32106002180849,83,10,0,coke,PRODUCT,32,36
uc1.32106002180849,83,10,1,chris,PERSON,70,75
uc1.32106002180849,83,10,2,chris,PERSON,108,113
uc1.32106002180849,83,16,0,second,ORDINAL,41,47
uc1.32106002180849,83,16,1,that day,DATE,53,61
uc1.32106002180849,83,17,0,CUTwe,PERSON,3,8
uc1.32106002180849,83,17,1,francisco,PERSON,44,53
uc1.32106002180849,83,17,2,chris,PERSON,78,83
uc1.32106002180849,83,18,0,chris,PERSON,0,5
uc1.32106002180849,83,18,1,ova,GPE,86,89
uc1.32106002180849,83,19,0,the night,TIME,29,38
uc1.32106002180849,83,21,0,two,CARDINAL,22,25
uc1.32106002180849,84,7,0,ten more minutes,TIME,0,16
uc1.32106002180849,84,22,0,nigga,NORP,23,28
uc1.32106002180849,84,25,0,66,CARDINAL,0,2
uc1.32106002180849,85,0,0,francisco,PERSON,0,9
uc1.32106002180849,85,3,0,chris,PERSON,102,107
uc1.32106002180849,85,3,1,second,ORDINAL,138,144
uc1.32106002180849,85,5,0,francisco,PERSON,16,25
uc1.32106002180849,85,8,0,first,ORDINAL,4,9
uc1.32106002180849,85,11,0,francisco,PERSON,0,9
uc1.32106002180849,85,12,0,francisco,PERSON,9,18
uc1.32106002180849,85,15,0,francisco,GPE,69,78
uc1.32106002180849,85,16,0,five minutes later,TIME,0,18
uc1.32106002180849,85,17,0,1970,DATE,0,4
uc1.32106002180849,85,17,1,l.a.,GPE,43,47
uc1.32106002180849,85,18,0,dubonnet,PRODUCT,52,60
uc1.32106002180849,85,18,1,67,DATE,62,64
uc1.32106002180849,86,0,0,francisco,GPE,0,9
uc1.32106002180849,86,0,1,coors,PRODUCT,12,17
uc1.32106002180849,86,0,2,coke,PRODUCT,41,45
uc1.32106002180849,86,1,0,francisco,PERSON,0,9
uc1.32106002180849,86,1,1,ova,PERSON,19,22
uc1.32106002180849,86,2,0,femie,PERSON,6,11
uc1.32106002180849,86,5,0,ulara,PERSON,96,101
uc1.32106002180849,86,5,1,about thirty,DATE,125,137
uc1.32106002180849,86,5,2,earlier in the day,TIME,175,193
uc1.32106002180849,86,5,3,francisco,PERSON,249,258
uc1.32106002180849,86,6,0,francisco,PERSON,23,32
uc1.32106002180849,86,6,1,ulara,PERSON,55,60
uc1.32106002180849,86,7,0,hollywood,GPE,28,37
uc1.32106002180849,86,8,0,ulara,PERSON,15,20
uc1.32106002180849,86,8,1,two or three in the mornin,TIME,50,76
uc1.32106002180849,86,9,0,malibu,GPE,22,28
uc1.32106002180849,86,10,0,francisco,GPE,18,27
uc1.32106002180849,86,11,0,francisco,GPE,76,85
uc1.32106002180849,86,11,1,malibu,GPE,124,130
uc1.32106002180849,86,11,2,l.a.,GPE,173,177
uc1.32106002180849,86,13,0,francisco,GPE,74,83
uc1.32106002180849,86,14,0,chris,PERSON,19,24
uc1.32106002180849,86,15,0,ova,PERSON,13,16
uc1.32106002180849,86,15,1,monroe,PERSON,32,38
uc1.32106002180849,86,16,0,monroe,PERSON,0,6
uc1.32106002180849,86,16,1,n.y.,GPE,123,127
uc1.32106002180849,86,20,0,francisco,PERSON,0,9
uc1.32106002180849,86,20,1,chris,PERSON,48,53
uc1.32106002180849,86,21,0,francisco,PERSON,8,17
uc1.32106002180849,86,24,0,francisco,PERSON,12,21
uc1.32106002180849,86,24,1,68,CARDINAL,50,52
uc1.32106002180849,87,5,0,francisco,PERSON,0,9
uc1.32106002180849,87,9,0,francisco,PERSON,0,9
uc1.32106002180849,87,10,0,chris,PERSON,7,12
uc1.32106002180849,87,10,1,monroe,PERSON,14,20
uc1.32106002180849,87,10,2,francisco,PERSON,25,34
uc1.32106002180849,87,15,0,earth,LOC,40,45
uc1.32106002180849,87,21,0,two,CARDINAL,33,36
uc1.32106002180849,87,29,0,francisco,PERSON,25,34
uc1.32106002180849,87,32,0,two,CARDINAL,9,12
uc1.32106002180849,87,33,0,francisco,GPE,0,9
uc1.32106002180849,87,33,1,broadway,FAC,41,49
uc1.32106002180849,87,33,2,s.f.,GPE,53,57
uc1.32106002180849,87,33,3,north beach,LOC,67,78
uc1.32106002180849,87,34,0,francisco,GPE,0,9
uc1.32106002180849,88,0,0,the blue drifter,PERSON,10,26
uc1.32106002180849,88,0,1,pete,PERSON,45,49
uc1.32106002180849,88,1,0,walkin pete,PERSON,20,31
uc1.32106002180849,88,4,0,about fifteen or so,DATE,86,105
uc1.32106002180849,88,4,1,a hot minute,TIME,194,206
uc1.32106002180849,88,9,0,francisco,PERSON,0,9
uc1.32106002180849,88,9,1,francisco,GPE,92,101
uc1.32106002180849,89,0,0,the blue drifter,PERSON,28,44
uc1.32106002180849,89,1,0,gay talkin tom,PERSON,68,82
uc1.32106002180849,89,1,1,shirthis,ORG,180,188
uc1.32106002180849,89,2,0,the blue drifter,PERSON,0,16
uc1.32106002180849,89,2,1,tom,PERSON,49,52
uc1.32106002180849,89,10,0,ova,PERSON,30,33
uc1.32106002180849,89,10,1,chris,PERSON,34,39
uc1.32106002180849,89,11,0,chris,PERSON,0,5
uc1.32106002180849,89,11,1,dave,PERSON,25,29
uc1.32106002180849,89,12,0,monroe,PERSON,4,10
uc1.32106002180849,89,12,1,dave,PERSON,48,52
uc1.32106002180849,89,13,0,two,CARDINAL,36,39
uc1.32106002180849,89,15,0,jew,NORP,21,24
uc1.32106002180849,89,18,0,a couple of days,DATE,6,22
uc1.32106002180849,89,20,0,anotha,GPE,74,80
uc1.32106002180849,89,22,0,borin,PERSON,20,25
uc1.32106002180849,89,23,0,chris,PERSON,4,9
uc1.32106002180849,89,23,1,early in the morning,TIME,28,48
uc1.32106002180849,89,26,0,francisco,PERSON,0,9
uc1.32106002180849,89,27,0,the mornin,TIME,3,13
uc1.32106002180849,90,3,0,three,CARDINAL,9,14
uc1.32106002180849,90,3,1,baldwin hills,LOC,43,56
uc1.32106002180849,90,3,2,francisco,GPE,62,71
uc1.32106002180849,90,4,0,harold,PERSON,47,53
uc1.32106002180849,90,4,1,francisco,GPE,95,104
uc1.32106002180849,90,5,0,harold,PERSON,6,12
uc1.32106002180849,90,5,1,screenin,ORG,30,38
uc1.32106002180849,90,6,0,francisco,GPE,0,9
uc1.32106002180849,90,7,0,bathin,PERSON,37,43
uc1.32106002180849,90,8,0,that day,DATE,26,34
uc1.32106002180849,90,9,0,francisco,GPE,21,30
uc1.32106002180849,90,11,0,francisco,GPE,0,9
uc1.32106002180849,90,15,0,harold,PERSON,20,26
uc1.32106002180849,90,21,0,s.f.,FAC,9,13
uc1.32106002180849,90,22,0,cole street,FAC,0,11
uc1.32106002180849,90,23,0,s.f.,ORG,18,22
uc1.32106002180849,90,23,1,francisco,PERSON,40,49
uc1.32106002180849,90,26,0,francisco,GPE,40,49
uc1.32106002180849,90,26,1,harold,PERSON,58,64
uc1.32106002180849,90,26,2,jive,PERSON,79,83
uc1.32106002180849,90,29,0,francisco,PERSON,39,48
uc1.32106002180849,90,32,0,francisco,PERSON,0,9
uc1.32106002180849,90,45,0,two,CARDINAL,52,55
uc1.32106002180849,91,0,0,lova,LOC,36,40
uc1.32106002180849,91,1,0,english,LANGUAGE,242,249
uc1.32106002180849,91,2,0,long island,GPE,89,100
uc1.32106002180849,91,2,1,n.y.,GPE,102,106
uc1.32106002180849,91,3,0,francisco,PERSON,0,9
uc1.32106002180849,91,4,0,tomorrow,DATE,57,65
uc1.32106002180849,91,5,0,francisco,PERSON,0,9
uc1.32106002180849,91,8,0,francisco,PERSON,5,14
uc1.32106002180849,91,10,0,ova,PERSON,34,37
uc1.32106002180849,91,10,1,yvonne,PERSON,54,60
uc1.32106002180849,91,10,2,rochelle,PERSON,65,73
uc1.32106002180849,91,10,3,half,CARDINAL,79,83
uc1.32106002180849,91,10,4,half,CARDINAL,94,98
uc1.32106002180849,91,10,5,their forties,DATE,151,164
uc1.32106002180849,91,11,0,rochelle,PERSON,0,8
uc1.32106002180849,91,13,0,rochelle,PERSON,0,8
uc1.32106002180849,91,15,0,rochelle,PERSON,0,8
uc1.32106002180849,91,16,0,yvonne,PERSON,0,6
uc1.32106002180849,92,1,0,rochelle,PERSON,100,108
uc1.32106002180849,92,2,0,rochelle,PERSON,0,8
uc1.32106002180849,92,2,1,yvonne,PERSON,26,32
uc1.32106002180849,92,2,2,rochelle,PERSON,67,75
uc1.32106002180849,92,3,0,mom,PERSON,0,3
uc1.32106002180849,92,5,0,anne,PERSON,0,4
uc1.32106002180849,92,6,0,anne,PERSON,0,4
uc1.32106002180849,92,12,0,a whole year,DATE,19,31
uc1.32106002180849,92,15,0,beverly hills,GPE,35,48
uc1.32106002180849,92,18,0,first,ORDINAL,64,69
uc1.32106002180849,92,19,0,saturday,DATE,102,110
uc1.32106002180849,92,23,0,74,CARDINAL,0,2
uc1.32106002180849,93,0,0,francisco,GPE,0,9
uc1.32106002180849,93,0,1,two,CARDINAL,65,68
uc1.32106002180849,93,0,2,french,NORP,79,85
uc1.32106002180849,93,1,0,yvonne,PERSON,0,6
uc1.32106002180849,93,1,1,rochelle,PERSON,11,19
uc1.32106002180849,93,1,2,ova-art,PERSON,89,96
uc1.32106002180849,93,1,3,al capone,PERSON,136,145
uc1.32106002180849,93,2,0,francisco,GPE,0,9
uc1.32106002180849,93,5,0,francisco,GPE,5,14
uc1.32106002180849,93,7,0,francisco,GPE,0,9
uc1.32106002180849,93,9,0,francisco,PERSON,17,26
uc1.32106002180849,93,9,1,two seconds later,TIME,98,115
uc1.32106002180849,93,12,0,francisco,PERSON,26,35
uc1.32106002180849,93,12,1,rochelle,PERSON,58,66
uc1.32106002180849,93,12,2,yvonne,PERSON,71,77
uc1.32106002180849,93,14,0,yvonne,PERSON,23,29
uc1.32106002180849,93,17,0,Mark,PERSON,55,59
uc1.32106002180849,93,17,1,Rochelle,PERSON,81,89
uc1.32106002180849,93,17,2,Chicago,GPE,110,117
uc1.32106002180849,93,18,0,Carrot,PERSON,43,49
uc1.32106002180849,93,19,0,her thirties,DATE,58,70
uc1.32106002180849,93,21,0,75,CARDINAL,0,2
uc1.32106002180849,94,1,0,Art,PERSON,0,3
uc1.32106002180849,94,2,0,friday,DATE,40,46
uc1.32106002180849,94,3,0,two years,DATE,36,45
uc1.32106002180849,94,4,0,Yvonne,PERSON,0,6
uc1.32106002180849,94,4,1,Mark,PERSON,31,35
uc1.32106002180849,94,6,0,Mark,PERSON,22,26
uc1.32106002180849,94,7,0,Carrot,PERSON,15,21
uc1.32106002180849,94,12,0,Rochelle,PERSON,26,34
uc1.32106002180849,94,13,0,Carrot,PERSON,67,73
uc1.32106002180849,94,19,0,Rochelle,PERSON,0,8
uc1.32106002180849,94,23,0,Rochelle,PERSON,32,40
uc1.32106002180849,94,26,0,Mark,PERSON,33,37
uc1.32106002180849,94,29,0,Rochelle,PERSON,35,43
uc1.32106002180849,94,30,0,Carrot,PERSON,35,41
uc1.32106002180849,94,32,0,Mark,PERSON,0,4
uc1.32106002180849,94,36,0,Yvonne,PERSON,0,6
uc1.32106002180849,95,0,0,Mark,PERSON,47,51
uc1.32106002180849,95,2,0,Carrot,PERSON,36,42
uc1.32106002180849,95,5,0,Rochelle,PERSON,0,8
uc1.32106002180849,95,6,0,Mark,PERSON,0,4
uc1.32106002180849,95,7,0,Yvonne,PERSON,0,6
uc1.32106002180849,95,7,1,Rochelle,PERSON,26,34
uc1.32106002180849,95,9,0,Yvonne,PERSON,3,9
uc1.32106002180849,95,11,0,Mark,PERSON,0,4
uc1.32106002180849,95,12,0,Francisco,PERSON,0,9
uc1.32106002180849,95,14,0,Rochelle,PERSON,0,8
uc1.32106002180849,95,15,0,Mark,PERSON,62,66
uc1.32106002180849,95,17,0,Carrot,PERSON,0,6
uc1.32106002180849,95,19,0,Art,PERSON,0,3
uc1.32106002180849,95,21,0,Yvonne,PERSON,0,6
uc1.32106002180849,95,24,0,77,CARDINAL,0,2
uc1.32106002180849,96,0,0,Francisco,PERSON,0,9
uc1.32106002180849,96,1,0,Art,PERSON,25,28
uc1.32106002180849,96,2,0,Yvonne,PERSON,0,6
uc1.32106002180849,96,8,0,Yvonne,PERSON,0,6
uc1.32106002180849,96,17,0,Art,PERSON,1,4
uc1.32106002180849,96,35,0,ten years,DATE,24,33
uc1.32106002180849,97,0,0,Our Problem,WORK_OF_ART,31,42
uc1.32106002180849,97,1,0,Yvonne,PERSON,10,16
uc1.32106002180849,97,2,0,79,CARDINAL,0,2
uc1.32106002180849,98,2,0,Three Hundred Pounds,QUANTITY,25,45
uc1.32106002180849,98,3,0,francisco,GPE,4,13
uc1.32106002180849,98,3,1,summa day,DATE,15,24
uc1.32106002180849,98,9,0,francisco,GPE,0,9
uc1.32106002180849,98,14,0,exavier,PERSON,7,14
uc1.32106002180849,98,14,1,s.f.,PERSON,29,33
uc1.32106002180849,98,14,2,francisco,GPE,81,90
uc1.32106002180849,98,17,0,jim morrison's,PERSON,30,44
uc1.32106002180849,98,17,1,francisco,PERSON,64,73
uc1.32106002180849,98,18,0,jim,PERSON,0,3
uc1.32106002180849,98,18,1,staggerlee,WORK_OF_ART,24,34
uc1.32106002180849,98,18,2,one,CARDINAL,36,39
uc1.32106002180849,98,18,3,francisco,GPE,43,52
uc1.32106002180849,98,19,0,jim,PERSON,0,3
uc1.32106002180849,98,19,1,thirty year old,DATE,39,54
uc1.32106002180849,98,22,0,ova,PERSON,0,3
uc1.32106002180849,98,22,1,the hollywood freeway,FAC,41,62
uc1.32106002180849,98,23,0,jim,PERSON,0,3
uc1.32106002180849,98,23,1,n.y.,GPE,41,45
uc1.32106002180849,98,25,0,l.a.,GPE,42,46
uc1.32106002180849,98,26,0,80,CARDINAL,0,2
uc1.32106002180849,99,0,0,jim,PERSON,0,3
uc1.32106002180849,99,0,1,zanzibar,GPE,24,32
uc1.32106002180849,99,0,2,one,CARDINAL,93,96
uc1.32106002180849,99,1,0,francisco,PERSON,16,25
uc1.32106002180849,99,1,1,africa,LOC,57,63
uc1.32106002180849,99,2,0,francisco,PERSON,0,9
uc1.32106002180849,99,2,1,botswana,GPE,19,27
uc1.32106002180849,99,3,0,francisco,PERSON,24,33
uc1.32106002180849,99,4,0,two,CARDINAL,11,14
uc1.32106002180849,99,5,0,nigga,NORP,96,101
uc1.32106002180849,99,5,1,africans,NORP,134,142
uc1.32106002180849,99,5,2,one,CARDINAL,191,194
uc1.32106002180849,99,5,3,james brown,PERSON,241,252
uc1.32106002180849,99,5,4,african,NORP,281,288
uc1.32106002180849,99,6,0,chris,PERSON,0,5
uc1.32106002180849,99,7,0,paramount studio,ORG,13,29
uc1.32106002180849,99,7,1,two years ago,DATE,30,43
uc1.32106002180849,99,7,2,n.y.,GPE,83,87
uc1.32106002180849,99,8,0,the beverly hills health club,ORG,14,43
uc1.32106002180849,99,11,0,american,NORP,31,39
uc1.32106002180849,99,14,0,paramount studio,ORG,10,26
uc1.32106002180849,99,14,1,that one day,DATE,27,39
uc1.32106002180849,99,14,2,a week before,DATE,125,138
uc1.32106002180849,99,21,0,those days,DATE,3,13
uc1.32106002180849,99,21,1,81,CARDINAL,14,16
uc1.32106002180849,100,5,0,chris,PERSON,8,13
uc1.32106002180849,100,6,0,chris,PERSON,0,5
uc1.32106002180849,100,6,1,n.y.,GPE,28,32
uc1.32106002180849,100,7,0,otha,ORG,104,108
uc1.32106002180849,100,9,0,jane,PERSON,53,57
uc1.32106002180849,100,9,1,volvo,PRODUCT,88,93
uc1.32106002180849,100,10,0,jane,PERSON,0,4
uc1.32106002180849,100,10,1,chris,PERSON,40,45
uc1.32106002180849,100,10,2,hollywood blvd,FAC,90,104
uc1.32106002180849,100,11,0,one hundred and fifty dollars,MONEY,92,121
uc1.32106002180849,100,12,0,n.y.,GPE,12,16
uc1.32106002180849,100,13,0,twenty-two,DATE,14,24
uc1.32106002180849,100,13,1,three,DATE,28,33
uc1.32106002180849,100,14,0,nineteen year old,DATE,27,44
uc1.32106002180849,100,14,1,jimmy,PERSON,59,64
uc1.32106002180849,100,15,0,a year,DATE,53,59
uc1.32106002180849,100,16,0,irish-mexican,NORP,16,29
uc1.32106002180849,100,16,1,bob dylan,PERSON,55,64
uc1.32106002180849,100,16,2,full moons,DATE,66,76
uc1.32106002180849,100,16,3,ten thousand dollars,MONEY,220,240
uc1.32106002180849,100,16,4,kern river,LOC,291,301
uc1.32106002180849,100,16,5,riva,LOC,328,332
uc1.32106002180849,100,17,0,chris,PERSON,14,19
uc1.32106002180849,101,0,0,chris,PERSON,18,23
uc1.32106002180849,101,1,0,francisco,PERSON,0,9
uc1.32106002180849,101,3,0,hollywood,GPE,21,30
uc1.32106002180849,101,3,1,three years,DATE,53,64
uc1.32106002180849,101,6,0,chris,PERSON,11,16
uc1.32106002180849,101,6,1,three or four,CARDINAL,17,30
uc1.32106002180849,101,6,2,n.y.,GPE,61,65
uc1.32106002180849,101,7,0,n.y.,GPE,23,27
uc1.32106002180849,101,7,1,sessa,PERSON,115,120
uc1.32106002180849,101,8,0,sessa,PERSON,0,5
uc1.32106002180849,101,8,1,sweden,GPE,15,21
uc1.32106002180849,101,8,2,vogue,ORG,76,81
uc1.32106002180849,101,8,3,bazaar,ORG,86,92
uc1.32106002180849,101,12,0,first,ORDINAL,16,21
uc1.32106002180849,101,14,0,n.y.,GPE,67,71
uc1.32106002180849,101,14,1,l.a.,GPE,347,351
uc1.32106002180849,101,14,2,tinsel town,GPE,353,364
uc1.32106002180849,101,14,3,u.s.a.,GPE,365,371
uc1.32106002180849,101,17,0,n.y.,GPE,157,161
uc1.32106002180849,101,17,1,the first day,DATE,163,176
uc1.32106002180849,101,18,0,neva,PERSON,8,12
uc1.32106002180849,101,18,1,83,DATE,71,73
uc1.32106002180849,102,0,0,l.a.,GPE,3,7
uc1.32106002180849,102,0,1,one morning,TIME,87,98
uc1.32106002180849,102,1,0,fifth avenue,FAC,36,48
uc1.32106002180849,102,1,1,first,ORDINAL,72,77
uc1.32106002180849,102,2,0,the lower east side,LOC,140,159
uc1.32106002180849,102,3,0,bazaar posin,ORG,44,56
uc1.32106002180849,102,4,0,francisco,GPE,0,9
uc1.32106002180849,102,4,1,muhammad,PERSON,18,26
uc1.32106002180849,102,4,2,one afternoon,TIME,27,40
uc1.32106002180849,102,5,0,muhammad,PERSON,0,8
uc1.32106002180849,102,5,1,silverlake,GPE,18,28
uc1.32106002180849,102,6,0,muhammad,PERSON,8,16
uc1.32106002180849,102,7,0,ova muhammad,PERSON,6,18
uc1.32106002180849,102,8,0,frank,PERSON,15,20
uc1.32106002180849,102,8,1,ova,PERSON,24,27
uc1.32106002180849,102,13,0,muhammad,PERSON,0,8
uc1.32106002180849,102,13,1,james brown,PERSON,14,25
uc1.32106002180849,102,13,2,black american,NORP,36,50
uc1.32106002180849,102,15,0,jazz,ORG,0,4
uc1.32106002180849,102,18,0,frank,PERSON,29,34
uc1.32106002180849,102,19,0,francisco,GPE,36,45
uc1.32106002180849,102,20,0,muhammad,PERSON,0,8
uc1.32106002180849,102,21,0,john lee hooker,PERSON,0,15
uc1.32106002180849,102,21,1,tonight,TIME,43,50
uc1.32106002180849,102,24,0,the black orpheus,FAC,23,40
uc1.32106002180849,102,25,0,dancin,PERSON,0,6
uc1.32106002180849,102,25,1,84,DATE,16,18
uc1.32106002180849,103,2,0,soul train,ORG,35,45
uc1.32106002180849,103,5,0,chris,PERSON,0,5
uc1.32106002180849,103,5,1,spooks,WORK_OF_ART,22,28
uc1.32106002180849,103,7,0,six o'clock,TIME,6,17
uc1.32106002180849,103,8,0,francisco,GPE,0,9
uc1.32106002180849,103,8,1,green front t.v.,ORG,45,61
uc1.32106002180849,103,9,0,nigga,NORP,9,14
uc1.32106002180849,103,10,0,otha,PERSON,52,56
uc1.32106002180849,103,10,1,jew,NORP,62,65
uc1.32106002180849,103,10,2,francisco,GPE,115,124
uc1.32106002180849,103,11,0,jew,NORP,9,12
uc1.32106002180849,103,11,1,no half million dollars,MONEY,29,52
uc1.32106002180849,103,11,2,twenty-seven year-old,DATE,60,81
uc1.32106002180849,103,12,0,francisco,GPE,30,39
uc1.32106002180849,103,13,0,last week,DATE,33,42
uc1.32106002180849,103,13,1,two hundred dollars,MONEY,53,72
uc1.32106002180849,103,13,2,two days,DATE,77,85
uc1.32106002180849,103,16,0,marilyn monroe,PERSON,19,33
uc1.32106002180849,103,17,0,connecticut,GPE,84,95
uc1.32106002180849,103,18,0,neva,PERSON,0,4
uc1.32106002180849,103,18,1,neva,PERSON,81,85
uc1.32106002180849,103,21,0,six o'clock,TIME,6,17
uc1.32106002180849,103,22,0,last night,TIME,28,38
uc1.32106002180849,103,23,0,francisco,PERSON,0,9
uc1.32106002180849,103,23,1,harold,PERSON,30,36
uc1.32106002180849,103,23,2,hemosa beach,GPE,59,71
uc1.32106002180849,103,24,0,ten-thirty,TIME,13,23
uc1.32106002180849,103,24,1,screenin,FAC,87,95
uc1.32106002180849,103,26,0,ova,GPE,12,15
uc1.32106002180849,103,26,1,an hour,TIME,19,26
uc1.32106002180849,103,27,0,larry,PERSON,0,5
uc1.32106002180849,103,29,0,85,CARDINAL,0,2
uc1.32106002180849,104,0,0,donald chambers,PERSON,0,15
uc1.32106002180849,104,2,0,francisco,PERSON,0,9
uc1.32106002180849,104,2,1,ova,PERSON,15,18
uc1.32106002180849,104,6,0,francisco,GPE,0,9
uc1.32106002180849,104,8,0,francisco,GPE,0,9
uc1.32106002180849,104,10,0,july 4th,DATE,65,73
uc1.32106002180849,104,11,0,francisco,PERSON,0,9
uc1.32106002180849,104,19,0,c.f.i.,ORG,35,41
uc1.32106002180849,104,19,1,two,CARDINAL,66,69
uc1.32106002180849,104,20,0,francisco,PERSON,0,9
uc1.32106002180849,104,20,1,an hour,TIME,36,43
uc1.32106002180849,104,21,0,forty minutes,TIME,10,23
uc1.32106002180849,104,24,0,that one hundred and fifty dollars,MONEY,22,56
uc1.32106002180849,104,24,1,n.y.,GPE,86,90
uc1.32106002180849,104,25,0,francisco,GPE,14,23
uc1.32106002180849,104,26,0,francisco,PERSON,0,9
uc1.32106002180849,104,26,1,the two thousand dollars,MONEY,14,38
uc1.32106002180849,104,27,0,francisco,PERSON,0,9
uc1.32106002180849,104,30,0,francisco,GPE,0,9
uc1.32106002180849,104,30,1,s.f.,ORG,25,29
uc1.32106002180849,104,30,2,this weekend,DATE,41,53
uc1.32106002180849,104,32,0,francisco,GPE,44,53
uc1.32106002180849,105,5,0,pizza boza,ORG,11,21
uc1.32106002180849,105,5,1,silverlake,GPE,48,58
uc1.32106002180849,105,5,2,mexicans,NORP,94,102
uc1.32106002180849,105,6,0,francisco,PERSON,64,73
uc1.32106002180849,105,13,0,angela,PERSON,89,95
uc1.32106002180849,105,15,0,tacklin,PERSON,27,34
uc1.32106002180849,105,16,0,stanford,ORG,22,30
uc1.32106002180849,105,16,1,jammin,NORP,53,59
uc1.32106002180849,105,17,0,africa,GPE,27,33
uc1.32106002180849,105,17,1,ken milliard,PERSON,122,134
uc1.32106002180849,105,22,0,francisco,PERSON,0,9
uc1.32106002180849,105,22,1,safeway,ORG,24,31
uc1.32106002180849,105,22,2,three days,DATE,230,240
uc1.32106002180849,105,25,0,the theatre house,ORG,9,26
uc1.32106002180849,105,25,1,westwood,GPE,30,38
uc1.32106002180849,105,25,2,87,DATE,40,42
uc1.32106002180849,106,0,0,u.c.l.a.,ORG,9,17
uc1.32106002180849,106,1,0,francisco,PERSON,0,9
uc1.32106002180849,106,6,0,francisco,GPE,0,9
uc1.32106002180849,106,7,0,francisco,GPE,109,118
uc1.32106002180849,106,10,0,rippin,NORP,61,67
uc1.32106002180849,106,13,0,powa,GPE,48,52
uc1.32106002180849,106,18,0,last week,DATE,79,88
uc1.32106002180849,106,18,1,channel so and so,ORG,92,109
uc1.32106002180849,106,23,0,francisco,GPE,0,9
uc1.32106002180849,106,24,0,powa,LOC,88,92
uc1.32106002180849,106,25,0,first,ORDINAL,4,9
uc1.32106002180849,106,27,0,88,DATE,41,43
uc1.32106002180849,107,6,0,gloryin the dirt,PERSON,78,94
uc1.32106002180849,107,6,1,anotha,NORP,98,104
uc1.32106002180849,107,9,0,america,GPE,39,46
uc1.32106002180849,107,17,0,francisco,PERSON,0,9
uc1.32106002180849,107,18,0,a pound,QUANTITY,69,76
uc1.32106002180849,107,20,0,francisco,PERSON,0,9
uc1.32106002180849,107,24,0,89,DATE,16,18
uc1.32106002180849,108,0,0,francisco,GPE,41,50
uc1.32106002180849,108,2,0,quincy bennet,PERSON,0,13
uc1.32106002180849,108,2,1,francisco,GPE,34,43
uc1.32106002180849,108,2,2,francisco,GPE,93,102
uc1.32106002180849,108,3,0,francisco,GPE,35,44
uc1.32106002180849,108,4,0,francisco,GPE,72,81
uc1.32106002180849,108,4,1,francisco,GPE,140,149
uc1.32106002180849,108,5,0,francisco,GPE,16,25
uc1.32106002180849,108,6,0,francisco,GPE,38,47
uc1.32106002180849,108,7,0,francisco,GPE,0,9
uc1.32106002180849,108,8,0,yesterday,DATE,22,31
uc1.32106002180849,108,8,1,francisco,PERSON,32,41
uc1.32106002180849,108,8,2,francisco,GPE,139,148
uc1.32106002180849,108,9,0,quincy bennet,PERSON,0,13
uc1.32106002180849,108,9,1,francisco,PERSON,19,28
uc1.32106002180849,108,14,0,francisco,PERSON,0,9
uc1.32106002180849,108,16,0,francisco,GPE,29,38
uc1.32106002180849,108,18,0,francisco,GPE,0,9
uc1.32106002180849,109,0,0,francisco,GPE,55,64
uc1.32106002180849,109,0,1,figaro,PERSON,130,136
uc1.32106002180849,109,0,2,cole street,FAC,283,294
uc1.32106002180849,109,0,3,l.a,GPE,310,313
uc1.32106002180849,109,1,0,malibu,GPE,83,89
uc1.32106002180849,109,2,0,exavier,PERSON,0,7
uc1.32106002180849,109,2,1,three,CARDINAL,31,36
uc1.32106002180849,109,4,0,francisco,PERSON,7,16
uc1.32106002180849,110,4,0,a week later,DATE,0,12
uc1.32106002180849,110,5,0,chris,PERSON,0,5
uc1.32106002180849,110,5,1,george eves,PERSON,35,46
uc1.32106002180849,110,5,2,berkeley,GPE,99,107
uc1.32106002180849,110,5,3,age twenty-one,DATE,128,142
uc1.32106002180849,110,6,0,james oliver,PERSON,0,12
uc1.32106002180849,110,6,1,n.y.,GPE,26,30
uc1.32106002180849,110,6,2,a couple of days ago,DATE,37,57
uc1.32106002180849,110,8,0,anotha,GPE,68,74
uc1.32106002180849,110,9,0,james,PERSON,0,5
uc1.32106002180849,110,9,1,richard,PERSON,21,28
uc1.32106002180849,110,9,2,the mark taper forum,FAC,42,62
uc1.32106002180849,110,9,3,francisco,GPE,143,152
uc1.32106002180849,110,11,0,yesterday,DATE,0,9
uc1.32106002180849,110,17,0,eleven this mornin,TIME,20,38
uc1.32106002180849,110,19,0,92,CARDINAL,4,6
uc1.32106002180849,112,0,0,Love,WORK_OF_ART,9,13
uc1.32106002180849,112,0,1,every day,DATE,28,37
uc1.32106002180849,112,0,2,every month,DATE,39,50
uc1.32106002180849,112,0,3,every year,DATE,52,62
uc1.32106002180849,112,1,0,Love,WORK_OF_ART,48,52
uc1.32106002180849,112,2,0,Love,WORK_OF_ART,36,40
uc1.32106002180849,112,3,0,Alison Mills',PERSON,0,13
uc1.32106002180849,112,3,1,Francisco,WORK_OF_ART,44,53
uc1.32106002180849,112,3,2,these troubled days,DATE,104,123
uc1.32106002180849,112,4,0,Francisco,WORK_OF_ART,69,78
uc1.32106002180849,112,5,0,-William Demby,PERSON,0,14
uc1.32106002180849,112,5,1,The Catacombs 11308,WORK_OF_ART,25,44
uc1.32106002180849,116,0,0,"THE UNIVERSITY LIBRARY UNIVERSITY OF CALIFORNIA,",ORG,0,48
uc1.32106002180849,116,0,1,SANTA CRUZ,GPE,49,59
uc1.32106002180849,116,2,0,429-2756,CARDINAL,24,32
uc1.32106002180849,116,3,0,14 days,DATE,37,44
uc1.32106002180849,116,4,0,17 200%,PERCENT,4,11
uc1.32106002180849,116,4,1,DEC 2,DATE,12,17
uc1.32106002180849,117,0,0,The University Library,ORG,189,211
uc1.32106002180849,117,0,1,The University Library,ORG,212,234
uc1.32106002180849,117,0,2,The University Library,ORG,299,321
uc1.32106002180849,117,0,3,The University Library,ORG,358,380
uc1.32106002180849,117,0,4,The University Library,ORG,381,403
uc1.32106002180849,117,0,5,The University Library,ORG,455,477
uc1.32106002180849,117,0,6,The University Library,ORG,514,536
uc1.32106002180849,117,1,0,The University Library,ORG,117,139
uc1.32106002180849,117,1,1,The University Library OF CALIFORNI LIFORNIA/SANTA CRUZ,ORG,176,231
uc1.32106002180849,117,1,2,The University Library UNIVERSITY OF CO 1A/SANTA CRUZ,ORG,250,303
uc1.32106002180849,117,1,3,The University Library A/SANTA CRUZ,ORG,304,339
