vol_id,page,sentence_id,ent_id,entity,entity_type,start_char,end_char
uc1.b3477099,2,0,0,SERKELEY LIBRARY UNIVERS,ORG,1,25
uc1.b3477099,5,0,0,TWO,CARDINAL,0,3
uc1.b3477099,6,0,0,The Dial Press,ORG,2,16
uc1.b3477099,6,0,1,New York,GPE,17,25
uc1.b3477099,7,0,0,TWO,CARDINAL,0,3
uc1.b3477099,7,0,1,JULIUS LESTER,PERSON,20,33
uc1.b3477099,7,0,2,11,CARDINAL,34,36
uc1.b3477099,8,0,0,1972,DATE,12,16
uc1.b3477099,8,0,1,Julius Lester,PERSON,20,33
uc1.b3477099,8,3,0,the United States of America,GPE,11,39
uc1.b3477099,8,3,1,First Printing Library of Congress,ORG,42,76
uc1.b3477099,8,4,0,Lester,PERSON,0,6
uc1.b3477099,8,4,1,Julius,PERSON,8,14
uc1.b3477099,8,5,0,Two,CARDINAL,0,3
uc1.b3477099,8,7,0,-Catskill morning,TIME,0,17
uc1.b3477099,8,9,0,Lester,PERSON,0,6
uc1.b3477099,8,9,1,Julius,PERSON,8,14
uc1.b3477099,8,10,0,Catskill morning,TIME,0,16
uc1.b3477099,8,11,0,1972,DATE,0,4
uc1.b3477099,8,14,0,III,CARDINAL,0,3
uc1.b3477099,8,17,0,Catskill morning,TIME,7,23
uc1.b3477099,9,0,0,Phyllis Fogelman,PERSON,28,44
uc1.b3477099,13,0,0,I Allen,PERSON,0,7
uc1.b3477099,13,0,1,Nashville,GPE,33,42
uc1.b3477099,13,0,2,Tennessee,GPE,44,53
uc1.b3477099,13,4,0,Allen,PERSON,0,5
uc1.b3477099,13,4,1,Alabama,GPE,73,80
uc1.b3477099,13,4,2,Mississippi,GPE,84,95
uc1.b3477099,13,4,3,Arkansas,GPE,104,112
uc1.b3477099,13,5,0,3,CARDINAL,129,130
uc1.b3477099,14,0,0,Two,CARDINAL,0,3
uc1.b3477099,14,0,1,Pine Bluff,GPE,25,35
uc1.b3477099,14,0,2,Arkansas,GPE,37,45
uc1.b3477099,14,1,0,Nashville,GPE,9,18
uc1.b3477099,14,1,1,Pine Bluff,GPE,69,79
uc1.b3477099,14,2,0,New York,GPE,60,68
uc1.b3477099,14,2,1,Chicago,GPE,73,80
uc1.b3477099,14,3,0,Allen,PERSON,0,5
uc1.b3477099,14,4,0,Kansas City,GPE,0,11
uc1.b3477099,14,4,1,Kansas,GPE,13,19
uc1.b3477099,14,4,2,his fourteen years,DATE,38,56
uc1.b3477099,14,4,3,that summer of 1956,DATE,63,82
uc1.b3477099,14,4,4,Pine Bluff,GPE,115,125
uc1.b3477099,14,5,0,Pine Bluff,GPE,27,37
uc1.b3477099,14,7,0,Kansas City,GPE,32,43
uc1.b3477099,14,10,0,Pine Bluff,GPE,25,35
uc1.b3477099,14,12,0,the few days,DATE,3,15
uc1.b3477099,14,12,1,Nashville,GPE,29,38
uc1.b3477099,14,15,0,Allen,PERSON,0,5
uc1.b3477099,14,16,0,Negroes,NORP,58,65
uc1.b3477099,14,17,0,Allen,PERSON,3,8
uc1.b3477099,15,1,0,A few years ago,DATE,0,15
uc1.b3477099,15,1,1,third,ORDINAL,93,98
uc1.b3477099,15,3,0,Anderson,PERSON,5,13
uc1.b3477099,15,14,0,two or more,CARDINAL,88,99
uc1.b3477099,15,15,0,Bill,PERSON,110,114
uc1.b3477099,15,16,0,William McBell,PERSON,14,28
uc1.b3477099,15,16,1,Fran,PERSON,30,34
uc1.b3477099,15,17,0,Frances,PERSON,22,29
uc1.b3477099,15,18,0,Isabella,PERSON,8,16
uc1.b3477099,16,0,0,Two,CARDINAL,0,3
uc1.b3477099,16,1,0,Pine Bluff,LOC,16,26
uc1.b3477099,16,5,0,seventy years,DATE,30,43
uc1.b3477099,16,6,0,Allen,PERSON,0,5
uc1.b3477099,16,9,0,Fran,PERSON,52,56
uc1.b3477099,16,10,0,a year or two,DATE,8,21
uc1.b3477099,16,11,0,one night,TIME,34,43
uc1.b3477099,16,17,0,every day,DATE,15,24
uc1.b3477099,16,18,0,McCollough,PERSON,16,26
uc1.b3477099,16,19,0,Lucy,PERSON,10,14
uc1.b3477099,16,22,0,Lucy,PERSON,0,4
uc1.b3477099,16,23,0,one morning,TIME,40,51
uc1.b3477099,16,24,0,Gould,GPE,83,88
uc1.b3477099,16,27,0,1,CARDINAL,0,1
uc1.b3477099,17,1,0,Negro,NORP,130,135
uc1.b3477099,17,5,0,Allen,PERSON,53,58
uc1.b3477099,17,10,0,Jo-Jo's,PERSON,84,91
uc1.b3477099,17,12,0,Jo-Jo's,PERSON,0,7
uc1.b3477099,17,12,1,early one morning,TIME,29,46
uc1.b3477099,17,12,2,the Regal Theatre,FAC,72,89
uc1.b3477099,17,15,0,Allen,PERSON,0,5
uc1.b3477099,17,17,0,a minute,TIME,12,20
uc1.b3477099,17,18,0,Jo-Jo's,PERSON,4,11
uc1.b3477099,17,18,1,the rest of the year,DATE,26,46
uc1.b3477099,17,18,2,Jo-Jo,PERSON,70,75
uc1.b3477099,17,19,0,Jo-Jo,PERSON,8,13
uc1.b3477099,17,21,0,Jo-Jo,PERSON,10,15
uc1.b3477099,17,22,0,7,CARDINAL,0,1
uc1.b3477099,18,0,0,Two,CARDINAL,0,3
uc1.b3477099,18,3,0,Monroe,PERSON,0,6
uc1.b3477099,18,3,1,Allen,PERSON,32,37
uc1.b3477099,18,4,0,one night,TIME,49,58
uc1.b3477099,18,5,0,Monroe,PERSON,0,6
uc1.b3477099,18,6,0,Monroe,PERSON,0,6
uc1.b3477099,18,12,0,Allen,PERSON,0,5
uc1.b3477099,18,18,0,Al,PERSON,0,2
uc1.b3477099,18,20,0,Allen,PERSON,0,5
uc1.b3477099,18,22,0,Al,PERSON,5,7
uc1.b3477099,18,25,0,Allen,PERSON,35,40
uc1.b3477099,18,28,0,Randy,PERSON,0,5
uc1.b3477099,18,29,0,Allen,PERSON,3,8
uc1.b3477099,18,31,0,two days,DATE,4,12
uc1.b3477099,18,32,0,Tuesday,DATE,48,55
uc1.b3477099,19,0,0,Wednesday,DATE,71,80
uc1.b3477099,19,1,0,Allen,PERSON,28,33
uc1.b3477099,19,5,0,Leroy,PERSON,0,5
uc1.b3477099,19,6,0,Leroy,PERSON,75,80
uc1.b3477099,19,8,0,Leroy,PERSON,28,33
uc1.b3477099,19,9,0,Allen,PERSON,0,5
uc1.b3477099,19,13,0,Allen,PERSON,0,5
uc1.b3477099,19,14,0,Nashville,GPE,12,21
uc1.b3477099,19,14,1,South,LOC,61,66
uc1.b3477099,19,17,0,Memphis,GPE,0,7
uc1.b3477099,19,18,0,Mississippi,GPE,19,30
uc1.b3477099,19,18,1,Alabama,GPE,32,39
uc1.b3477099,19,18,2,Georgia,GPE,41,48
uc1.b3477099,19,18,3,Louisiana,GPE,54,63
uc1.b3477099,19,21,0,the Mississippi River,LOC,15,36
uc1.b3477099,19,22,0,Mississippi,GPE,61,72
uc1.b3477099,19,23,0,Allen,PERSON,0,5
uc1.b3477099,20,0,0,Two,CARDINAL,0,3
uc1.b3477099,20,11,0,Allen,PERSON,34,39
uc1.b3477099,20,14,0,Allen,PERSON,0,5
uc1.b3477099,20,16,0,Allen,PERSON,44,49
uc1.b3477099,20,18,0,Anderson,PERSON,5,13
uc1.b3477099,20,20,0,Allen,PERSON,0,5
uc1.b3477099,20,22,0,Allen,PERSON,34,39
uc1.b3477099,20,23,0,Mississippi,GPE,8,19
uc1.b3477099,20,23,1,Arkansas,GPE,34,42
uc1.b3477099,20,23,2,three,CARDINAL,87,92
uc1.b3477099,20,24,0,Anderson,PERSON,29,37
uc1.b3477099,20,25,0,several months,DATE,24,38
uc1.b3477099,20,25,1,fifteen,DATE,65,72
uc1.b3477099,20,25,2,Anderson,PERSON,82,90
uc1.b3477099,20,26,0,10,CARDINAL,93,95
uc1.b3477099,21,0,0,Basketball Game 1917,WORK_OF_ART,0,20
uc1.b3477099,21,0,1,Negro,NORP,29,34
uc1.b3477099,21,1,0,twelve,DATE,48,54
uc1.b3477099,21,1,1,thirteen,DATE,59,67
uc1.b3477099,21,1,2,Allen,PERSON,69,74
uc1.b3477099,21,2,0,Allen,PERSON,0,5
uc1.b3477099,21,2,1,third,ORDINAL,66,71
uc1.b3477099,21,4,0,Allen,PERSON,146,151
uc1.b3477099,21,5,0,Anderson,PERSON,5,13
uc1.b3477099,21,5,1,South,LOC,54,59
uc1.b3477099,21,6,0,Pine Bluff,GPE,53,63
uc1.b3477099,21,7,0,Allen,PERSON,9,14
uc1.b3477099,21,13,0,Anderson,PERSON,5,13
uc1.b3477099,21,13,1,hours,TIME,65,70
uc1.b3477099,21,14,0,Allen,PERSON,0,5
uc1.b3477099,21,15,0,Anderson,PERSON,15,23
uc1.b3477099,21,15,1,English,LANGUAGE,108,115
uc1.b3477099,21,15,2,Allen,PERSON,126,131
uc1.b3477099,21,18,0,Anderson,PERSON,5,13
uc1.b3477099,21,19,0,Allen,PERSON,4,9
uc1.b3477099,22,0,0,Two,CARDINAL,0,3
uc1.b3477099,22,1,0,Anderson,PERSON,5,13
uc1.b3477099,22,2,0,Allen,PERSON,0,5
uc1.b3477099,22,4,0,Allen,PERSON,25,30
uc1.b3477099,22,5,0,Allen,PERSON,0,5
uc1.b3477099,22,11,0,The first few weeks,DATE,0,19
uc1.b3477099,22,11,1,June,DATE,23,27
uc1.b3477099,22,12,0,Allen,PERSON,0,5
uc1.b3477099,22,15,0,Allen,PERSON,96,101
uc1.b3477099,22,18,0,Allen,PERSON,47,52
uc1.b3477099,22,19,0,Allen,PERSON,64,69
uc1.b3477099,22,19,1,12,CARDINAL,100,102
uc1.b3477099,23,6,0,Allen,PERSON,27,32
uc1.b3477099,23,6,1,October,DATE,183,190
uc1.b3477099,23,7,0,The first few days,DATE,0,18
uc1.b3477099,23,8,0,the first weeks,DATE,26,41
uc1.b3477099,23,9,0,two,CARDINAL,9,12
uc1.b3477099,23,10,0,southern,NORP,49,57
uc1.b3477099,23,12,0,Anderson,PERSON,5,13
uc1.b3477099,23,13,0,the day,DATE,31,38
uc1.b3477099,23,13,1,niggers,NORP,58,65
uc1.b3477099,23,13,2,southerners,NORP,118,129
uc1.b3477099,23,15,0,Allen,PERSON,0,5
uc1.b3477099,23,17,0,13,CARDINAL,13,15
uc1.b3477099,24,0,0,Two,CARDINAL,0,3
uc1.b3477099,24,0,1,two,CARDINAL,30,33
uc1.b3477099,24,0,2,Allen,PERSON,117,122
uc1.b3477099,24,1,0,Kansas City,GPE,49,60
uc1.b3477099,24,5,0,Anderson,PERSON,42,50
uc1.b3477099,24,6,0,One,CARDINAL,1,4
uc1.b3477099,24,12,0,Allen,PERSON,27,32
uc1.b3477099,24,13,0,Anderson,PERSON,34,42
uc1.b3477099,24,20,0,Allen,PERSON,0,5
uc1.b3477099,24,21,0,Allen,PERSON,28,33
uc1.b3477099,24,22,0,14,CARDINAL,17,19
uc1.b3477099,25,6,0,nowdays,DATE,22,29
uc1.b3477099,25,8,0,Allen,PERSON,20,25
uc1.b3477099,25,9,0,Allen,PERSON,51,56
uc1.b3477099,25,10,0,Anderson,PERSON,21,29
uc1.b3477099,25,11,0,Allen,PERSON,74,79
uc1.b3477099,25,12,0,Allen,PERSON,0,5
uc1.b3477099,25,13,0,only three,CARDINAL,11,21
uc1.b3477099,25,23,0,Only 15,DATE,0,7
uc1.b3477099,26,0,0,Two,CARDINAL,0,3
uc1.b3477099,26,2,0,One,CARDINAL,0,3
uc1.b3477099,26,2,1,Allen,PERSON,26,31
uc1.b3477099,26,2,2,Nashville,GPE,47,56
uc1.b3477099,26,2,3,Negro,NORP,69,74
uc1.b3477099,26,9,0,Allen,PERSON,0,5
uc1.b3477099,26,11,0,Allen,PERSON,48,53
uc1.b3477099,26,12,0,Allen,PERSON,0,5
uc1.b3477099,26,12,1,every day,DATE,14,23
uc1.b3477099,26,13,0,Allen,PERSON,30,35
uc1.b3477099,26,14,0,Allen,PERSON,0,5
uc1.b3477099,26,15,0,Van,PERSON,25,28
uc1.b3477099,26,17,0,One afternoon,TIME,0,13
uc1.b3477099,26,18,0,every day,DATE,41,50
uc1.b3477099,26,19,0,16,DATE,39,41
uc1.b3477099,27,0,0,Basketball Game,ORG,0,15
uc1.b3477099,27,2,0,two,CARDINAL,154,157
uc1.b3477099,27,3,0,Negroes,NORP,74,81
uc1.b3477099,27,11,0,every day,DATE,19,28
uc1.b3477099,27,15,0,Allen,PERSON,10,15
uc1.b3477099,27,23,0,17,CARDINAL,78,80
uc1.b3477099,28,0,0,Two,CARDINAL,0,3
uc1.b3477099,28,4,0,Riesen,PERSON,25,31
uc1.b3477099,28,22,0,Rebecca,PERSON,38,45
uc1.b3477099,28,23,0,Rebecca Van,PERSON,0,11
uc1.b3477099,28,24,0,Allen Anderson,PERSON,5,19
uc1.b3477099,28,25,0,Allen,PERSON,29,34
uc1.b3477099,28,31,0,18,CARDINAL,34,36
uc1.b3477099,29,4,0,Allen,PERSON,32,37
uc1.b3477099,29,8,0,Allen,PERSON,0,5
uc1.b3477099,29,9,0,Anderson,PERSON,5,13
uc1.b3477099,29,9,1,Allen,PERSON,61,66
uc1.b3477099,29,11,0,Arkansas,GPE,64,72
uc1.b3477099,29,11,1,Pine Bluff,GPE,101,111
uc1.b3477099,29,12,0,ten,DATE,16,19
uc1.b3477099,29,12,1,that summer,DATE,20,31
uc1.b3477099,29,14,0,Allen,PERSON,60,65
uc1.b3477099,29,17,0,one,CARDINAL,4,7
uc1.b3477099,29,17,1,New York,GPE,16,24
uc1.b3477099,29,19,0,Allen,PERSON,0,5
uc1.b3477099,30,0,0,Two,CARDINAL,0,3
uc1.b3477099,30,2,0,Allen,PERSON,0,5
uc1.b3477099,30,3,0,God,PERSON,25,28
uc1.b3477099,30,5,0,Anderson,PERSON,5,13
uc1.b3477099,30,16,0,Allen,PERSON,9,14
uc1.b3477099,30,19,0,Anderson,PERSON,5,13
uc1.b3477099,30,22,0,a month,DATE,65,72
uc1.b3477099,30,23,0,Allen,PERSON,9,14
uc1.b3477099,30,25,0,Allen,PERSON,0,5
uc1.b3477099,30,26,0,20,CARDINAL,0,2
uc1.b3477099,31,2,0,five dollars,MONEY,8,20
uc1.b3477099,31,3,0,Anderson,PERSON,5,13
uc1.b3477099,31,8,0,Anderson,PERSON,23,31
uc1.b3477099,31,12,0,Allen,PERSON,51,56
uc1.b3477099,31,13,0,Anderson,PERSON,5,13
uc1.b3477099,31,17,0,that day,DATE,5,13
uc1.b3477099,31,17,1,Allen,PERSON,17,22
uc1.b3477099,31,19,0,Allen,PERSON,0,5
uc1.b3477099,32,0,0,Two,CARDINAL,0,3
uc1.b3477099,32,2,0,Rebecca,PERSON,67,74
uc1.b3477099,32,6,0,Anderson,PERSON,32,40
uc1.b3477099,32,6,1,one evening,TIME,46,57
uc1.b3477099,32,7,0,Allen,PERSON,0,5
uc1.b3477099,32,12,0,Allen,PERSON,0,5
uc1.b3477099,32,14,0,Allen,PERSON,8,13
uc1.b3477099,32,15,0,Anderson,PERSON,5,13
uc1.b3477099,32,15,1,Allen,PERSON,65,70
uc1.b3477099,32,21,0,22,CARDINAL,26,28
uc1.b3477099,33,2,0,Allen,PERSON,0,5
uc1.b3477099,33,3,0,Allen,PERSON,15,20
uc1.b3477099,33,6,0,Allen,PERSON,0,5
uc1.b3477099,33,11,0,Allen,PERSON,0,5
uc1.b3477099,33,14,0,Allen,PERSON,0,5
uc1.b3477099,33,16,0,an hour later,TIME,33,46
uc1.b3477099,33,17,0,Anderson,PERSON,13,21
uc1.b3477099,33,21,0,Anderson,PERSON,5,13
uc1.b3477099,33,21,1,Allen,PERSON,32,37
uc1.b3477099,33,23,0,Allen,PERSON,0,5
uc1.b3477099,33,24,0,Two,CARDINAL,0,3
uc1.b3477099,33,25,0,first,ORDINAL,4,9
uc1.b3477099,33,27,0,Allen,PERSON,19,24
uc1.b3477099,33,28,0,23,CARDINAL,0,2
uc1.b3477099,34,0,0,Two,CARDINAL,0,3
uc1.b3477099,34,1,0,Allen,PERSON,0,5
uc1.b3477099,34,3,0,Allen,PERSON,0,5
uc1.b3477099,34,5,0,one,CARDINAL,35,38
uc1.b3477099,34,7,0,Allen,PERSON,0,5
uc1.b3477099,34,10,0,Two,CARDINAL,0,3
uc1.b3477099,34,11,0,Allen,PERSON,0,5
uc1.b3477099,34,12,0,Anderson,PERSON,42,50
uc1.b3477099,34,13,0,Allen,PERSON,10,15
uc1.b3477099,34,16,0,Anderson,PERSON,16,24
uc1.b3477099,34,16,1,Allen,PERSON,43,48
uc1.b3477099,34,18,0,another fifteen minutes,TIME,34,57
uc1.b3477099,34,20,0,Allen,PERSON,0,5
uc1.b3477099,34,25,0,Anderson,PERSON,5,13
uc1.b3477099,34,26,0,Allen,PERSON,0,5
uc1.b3477099,34,26,1,24,CARDINAL,18,20
uc1.b3477099,35,0,0,a few minutes,TIME,38,51
uc1.b3477099,35,1,0,Kansas City,GPE,35,46
uc1.b3477099,35,4,0,one,CARDINAL,3,6
uc1.b3477099,35,5,0,Allen,PERSON,43,48
uc1.b3477099,35,10,0,Allen,PERSON,0,5
uc1.b3477099,35,11,0,Allen,PERSON,75,80
uc1.b3477099,35,15,0,one morning,TIME,34,45
uc1.b3477099,35,17,0,Nashville,GPE,22,31
uc1.b3477099,35,18,0,25,CARDINAL,36,38
uc1.b3477099,36,0,0,Two,CARDINAL,0,3
uc1.b3477099,36,1,0,one,CARDINAL,18,21
uc1.b3477099,36,1,1,Rebecca,PERSON,85,92
uc1.b3477099,36,3,0,Rebecca,PERSON,34,41
uc1.b3477099,36,7,0,Rebecca,PERSON,15,22
uc1.b3477099,36,7,1,several days,DATE,27,39
uc1.b3477099,36,16,0,one afternoon,TIME,76,89
uc1.b3477099,36,20,0,26,CARDINAL,77,79
uc1.b3477099,37,1,0,two months,DATE,12,22
uc1.b3477099,37,3,0,every day,DATE,60,69
uc1.b3477099,37,6,0,Anderson,PERSON,5,13
uc1.b3477099,37,6,1,at least half,CARDINAL,59,72
uc1.b3477099,37,7,0,Allen,PERSON,0,5
uc1.b3477099,37,16,0,Kansas City,GPE,3,14
uc1.b3477099,37,17,0,Leon,PERSON,18,22
uc1.b3477099,37,18,0,Leon,PERSON,13,17
uc1.b3477099,37,19,0,Gloria,PERSON,1,7
uc1.b3477099,37,20,0,Leon,PERSON,0,4
uc1.b3477099,37,20,1,Allen,PERSON,25,30
uc1.b3477099,37,21,0,Allen,PERSON,9,14
uc1.b3477099,37,25,0,Allen,PERSON,27,32
uc1.b3477099,37,25,1,Leon,PERSON,75,79
uc1.b3477099,37,26,0,Gloria,PERSON,0,6
uc1.b3477099,37,26,1,Leon,PERSON,63,67
uc1.b3477099,37,26,2,27,CARDINAL,81,83
uc1.b3477099,38,0,0,Two,CARDINAL,0,3
uc1.b3477099,38,1,0,Allen,PERSON,88,93
uc1.b3477099,38,4,0,Leon,PERSON,68,72
uc1.b3477099,38,5,0,Allen,PERSON,0,5
uc1.b3477099,38,13,0,Ingrid,PERSON,13,19
uc1.b3477099,38,18,0,Leon,PERSON,32,36
uc1.b3477099,38,18,1,Leon,PERSON,68,72
uc1.b3477099,38,19,0,Allen,PERSON,1,6
uc1.b3477099,38,20,0,Ingrid,PERSON,11,17
uc1.b3477099,38,20,1,Morris,PERSON,46,52
uc1.b3477099,38,22,0,Allen,PERSON,0,5
uc1.b3477099,38,23,0,Allen,PERSON,35,40
uc1.b3477099,38,23,1,Ingrid,PERSON,57,63
uc1.b3477099,38,24,0,28,CARDINAL,0,2
uc1.b3477099,39,0,0,Basketball Game,PERSON,0,15
uc1.b3477099,39,7,0,Kansas City,GPE,22,33
uc1.b3477099,39,7,1,Mary,PERSON,56,60
uc1.b3477099,39,8,0,Mary,PERSON,42,46
uc1.b3477099,39,9,0,Mary,PERSON,54,58
uc1.b3477099,39,13,0,all day,DATE,95,102
uc1.b3477099,39,15,0,one night,TIME,20,29
uc1.b3477099,39,15,1,last summer,DATE,30,41
uc1.b3477099,39,16,0,Gloria,PERSON,24,30
uc1.b3477099,39,17,0,Hide and Go Get It,WORK_OF_ART,94,112
uc1.b3477099,39,18,0,Hide and Seek,WORK_OF_ART,22,35
uc1.b3477099,39,23,0,29,CARDINAL,95,97
uc1.b3477099,40,0,0,Two,CARDINAL,0,3
uc1.b3477099,40,1,0,Allen,PERSON,66,71
uc1.b3477099,40,3,0,Allen,PERSON,1,6
uc1.b3477099,40,5,0,Gloria,PERSON,7,13
uc1.b3477099,40,10,0,Gloria,PERSON,7,13
uc1.b3477099,40,13,0,Gloria,PERSON,6,12
uc1.b3477099,40,16,0,Leon,PERSON,18,22
uc1.b3477099,40,17,0,Leon,PERSON,14,18
uc1.b3477099,40,19,0,Leon,PERSON,34,38
uc1.b3477099,40,21,0,Leon,PERSON,16,20
uc1.b3477099,40,23,0,Leon,PERSON,20,24
uc1.b3477099,40,25,0,Gloria,PERSON,0,6
uc1.b3477099,40,29,0,Gloria,PERSON,6,12
uc1.b3477099,40,29,1,Allen,PERSON,15,20
uc1.b3477099,40,32,0,Leon,PERSON,0,4
uc1.b3477099,40,33,0,30,CARDINAL,47,49
uc1.b3477099,41,0,0,Basketball Game,EVENT,0,15
uc1.b3477099,41,1,0,Allen,PERSON,54,59
uc1.b3477099,41,2,0,Gloria,PERSON,0,6
uc1.b3477099,41,2,1,Leon,PERSON,60,64
uc1.b3477099,41,6,0,Leon,PERSON,19,23
uc1.b3477099,41,8,0,Leon,PERSON,31,35
uc1.b3477099,41,11,0,Leon,PERSON,14,18
uc1.b3477099,41,12,0,Allen,PERSON,6,11
uc1.b3477099,41,15,0,Leon,PERSON,11,15
uc1.b3477099,41,16,0,Allen,PERSON,0,5
uc1.b3477099,41,16,1,Leon,PERSON,23,27
uc1.b3477099,41,18,0,Allen,PERSON,1,6
uc1.b3477099,41,19,0,Gloria,PERSON,0,6
uc1.b3477099,41,21,0,Allen,PERSON,10,15
uc1.b3477099,41,23,0,Gloria,PERSON,0,6
uc1.b3477099,41,29,0,Leon,PERSON,29,33
uc1.b3477099,41,32,0,Gloria,PERSON,0,6
uc1.b3477099,41,35,0,31,CARDINAL,42,44
uc1.b3477099,42,0,0,Two,CARDINAL,0,3
uc1.b3477099,42,3,0,Allen,PERSON,0,5
uc1.b3477099,42,17,0,all night,TIME,13,22
uc1.b3477099,42,22,0,Gloria,PERSON,89,95
uc1.b3477099,42,23,0,the next day,DATE,4,16
uc1.b3477099,42,23,1,Leon,PERSON,29,33
uc1.b3477099,42,23,2,Leon,PERSON,64,68
uc1.b3477099,42,23,3,Gloria,PERSON,103,109
uc1.b3477099,42,24,0,Allen,PERSON,26,31
uc1.b3477099,42,26,0,Gloria,PERSON,89,95
uc1.b3477099,43,1,0,Nashville,GPE,27,36
uc1.b3477099,43,4,0,Mamma,PERSON,5,10
uc1.b3477099,43,5,0,fourteen-year-old,DATE,13,30
uc1.b3477099,43,9,0,Allen,PERSON,42,47
uc1.b3477099,43,13,0,Mary,PERSON,75,79
uc1.b3477099,43,13,1,Jesus,PERSON,92,97
uc1.b3477099,43,17,0,Allen,PERSON,4,9
uc1.b3477099,43,20,0,Allen,PERSON,0,5
uc1.b3477099,43,20,1,Rebecca,PERSON,83,90
uc1.b3477099,44,0,0,Two,CARDINAL,0,3
uc1.b3477099,44,1,0,a hot day,DATE,7,16
uc1.b3477099,44,1,1,every day,DATE,29,38
uc1.b3477099,44,1,2,Nashville,GPE,42,51
uc1.b3477099,44,2,0,ninety-three million miles,QUANTITY,45,71
uc1.b3477099,44,7,0,Kansas City,GPE,52,63
uc1.b3477099,44,10,0,Kansas City,GPE,52,63
uc1.b3477099,44,12,0,Indian,NORP,33,39
uc1.b3477099,44,13,0,The Kaw Indians,PERSON,0,15
uc1.b3477099,44,15,0,Indian,NORP,7,13
uc1.b3477099,44,16,0,Indian,NORP,49,55
uc1.b3477099,44,16,1,half-Cherokee,NORP,94,107
uc1.b3477099,44,16,2,half-African,NORP,112,124
uc1.b3477099,44,17,0,German,NORP,16,22
uc1.b3477099,44,17,1,Jew,NORP,23,26
uc1.b3477099,44,18,0,Allen,PERSON,0,5
uc1.b3477099,44,18,1,Jews,NORP,33,37
uc1.b3477099,44,18,2,the Old Testament,WORK_OF_ART,50,67
uc1.b3477099,44,18,3,Indian,NORP,112,118
uc1.b3477099,44,20,0,Indian,NORP,130,136
uc1.b3477099,44,21,0,Nashville,GPE,37,46
uc1.b3477099,44,22,0,Negroes,NORP,27,34
uc1.b3477099,45,0,0,Negroes,NORP,34,41
uc1.b3477099,45,5,0,morning,TIME,6,13
uc1.b3477099,45,6,0,morning,TIME,6,13
uc1.b3477099,45,7,0,South,LOC,51,56
uc1.b3477099,45,18,0,Allen,PERSON,0,5
uc1.b3477099,45,20,0,morning,TIME,6,13
uc1.b3477099,45,23,0,35,DATE,25,27
uc1.b3477099,46,0,0,Two,CARDINAL,0,3
uc1.b3477099,46,9,0,Kansas City,GPE,34,45
uc1.b3477099,46,9,1,the day,DATE,84,91
uc1.b3477099,46,9,2,twelve,CARDINAL,99,105
uc1.b3477099,46,10,0,third,ORDINAL,7,12
uc1.b3477099,46,10,1,Al,PERSON,76,78
uc1.b3477099,46,11,0,one,CARDINAL,27,30
uc1.b3477099,46,16,0,Ingrid,PERSON,55,61
uc1.b3477099,46,22,0,this year,DATE,61,70
uc1.b3477099,46,24,0,36,CARDINAL,55,57
uc1.b3477099,47,0,0,Basketball Game,ORG,0,15
uc1.b3477099,47,2,0,Kansas City,GPE,31,42
uc1.b3477099,47,9,0,Allen,PERSON,0,5
uc1.b3477099,47,20,0,Allen,PERSON,0,5
uc1.b3477099,47,22,0,Americans,NORP,33,42
uc1.b3477099,47,25,0,37,CARDINAL,0,2
uc1.b3477099,48,0,0,Two,CARDINAL,0,3
uc1.b3477099,48,2,0,Allen,PERSON,5,10
uc1.b3477099,48,10,0,Nashville,GPE,30,39
uc1.b3477099,48,12,0,Pine Bluff,GPE,33,43
uc1.b3477099,48,12,1,Arkansas,GPE,45,53
uc1.b3477099,48,14,0,Pine Bluff,GPE,15,25
uc1.b3477099,48,14,1,a week,DATE,30,36
uc1.b3477099,48,14,2,Nashville,GPE,57,66
uc1.b3477099,48,27,0,Allen,PERSON,6,11
uc1.b3477099,48,27,1,Winslow Homer,PERSON,70,83
uc1.b3477099,48,28,0,38,CARDINAL,24,26
uc1.b3477099,49,0,0,Basketball Game,WORK_OF_ART,0,15
uc1.b3477099,49,1,0,Thayer,PERSON,22,28
uc1.b3477099,49,1,1,two,CARDINAL,29,32
uc1.b3477099,49,1,2,Beethoven,PERSON,53,62
uc1.b3477099,49,4,0,Helms,PERSON,12,17
uc1.b3477099,49,5,0,Allen,PERSON,0,5
uc1.b3477099,49,6,0,Negro,NORP,24,29
uc1.b3477099,49,7,0,MacIntosh,PERSON,90,99
uc1.b3477099,49,8,0,Allen,PERSON,0,5
uc1.b3477099,49,12,0,Allen,PERSON,0,5
uc1.b3477099,49,12,1,the day,DATE,126,133
uc1.b3477099,49,12,2,twelve,CARDINAL,144,150
uc1.b3477099,49,18,0,39,DATE,57,59
uc1.b3477099,50,0,0,Two,CARDINAL,0,3
uc1.b3477099,50,2,0,only fourteen,DATE,8,21
uc1.b3477099,50,8,0,today,DATE,86,91
uc1.b3477099,50,11,0,first,ORDINAL,45,50
uc1.b3477099,50,17,0,Ohio,GPE,33,37
uc1.b3477099,50,19,0,North,LOC,17,22
uc1.b3477099,50,22,0,40,CARDINAL,81,83
uc1.b3477099,51,0,0,Basketball Game,PERSON,0,15
uc1.b3477099,51,4,0,Allen,PERSON,0,5
uc1.b3477099,51,8,0,Allen,PERSON,33,38
uc1.b3477099,51,10,0,Thayer,PERSON,13,19
uc1.b3477099,51,10,1,two,CARDINAL,67,70
uc1.b3477099,51,15,0,Beethoven,PERSON,13,22
uc1.b3477099,51,17,0,Beethoven,PERSON,45,54
uc1.b3477099,51,17,1,Spangy,PERSON,159,165
uc1.b3477099,51,18,0,Allen,PERSON,0,5
uc1.b3477099,51,18,1,Beethoven,PERSON,28,37
uc1.b3477099,51,19,0,Winslow Homer,PERSON,26,39
uc1.b3477099,51,22,0,MacIntosh,PERSON,16,25
uc1.b3477099,51,23,0,41,CARDINAL,78,80
uc1.b3477099,52,0,0,Two,CARDINAL,0,3
uc1.b3477099,52,2,0,the Nashville Public Library,ORG,33,61
uc1.b3477099,52,4,0,Rebecca,PERSON,27,34
uc1.b3477099,52,23,0,every day,DATE,37,46
uc1.b3477099,52,25,0,Mamma,PERSON,56,61
uc1.b3477099,53,1,0,first,ORDINAL,18,23
uc1.b3477099,53,5,0,three-quarters,CARDINAL,80,94
uc1.b3477099,53,7,0,Rebecca,PERSON,4,11
uc1.b3477099,53,22,0,Allen,PERSON,6,11
uc1.b3477099,53,23,0,Rebecca,PERSON,6,13
uc1.b3477099,53,28,0,43,CARDINAL,0,2
uc1.b3477099,54,0,0,Two,CARDINAL,0,3
uc1.b3477099,54,4,0,Allen,PERSON,0,5
uc1.b3477099,54,6,0,Allen,PERSON,20,25
uc1.b3477099,54,7,0,today,DATE,18,23
uc1.b3477099,54,10,0,the Nashville Public Library,ORG,14,42
uc1.b3477099,54,17,0,Allen,PERSON,40,45
uc1.b3477099,54,22,0,Rebecca,PERSON,14,21
uc1.b3477099,54,22,1,Allen,PERSON,24,29
uc1.b3477099,54,23,0,Rebecca,PERSON,10,17
uc1.b3477099,54,24,0,44,CARDINAL,0,2
uc1.b3477099,55,4,0,Allen,PERSON,0,5
uc1.b3477099,55,18,0,Allen,PERSON,0,5
uc1.b3477099,55,19,0,two,CARDINAL,15,18
uc1.b3477099,55,24,0,Allen,PERSON,0,5
uc1.b3477099,55,27,0,Allen,PERSON,14,19
uc1.b3477099,55,30,0,Allen,PERSON,0,5
uc1.b3477099,55,35,0,Allen,PERSON,0,5
uc1.b3477099,55,36,0,two,CARDINAL,32,35
uc1.b3477099,55,37,0,Allen,PERSON,14,19
uc1.b3477099,56,0,0,Two,CARDINAL,0,3
uc1.b3477099,56,7,0,Willie Johnson,PERSON,27,41
uc1.b3477099,56,7,1,Willie,PERSON,58,64
uc1.b3477099,56,9,0,one night,TIME,23,32
uc1.b3477099,56,10,0,a week,DATE,31,37
uc1.b3477099,56,10,1,niggers,NORP,54,61
uc1.b3477099,56,18,0,first,ORDINAL,28,33
uc1.b3477099,56,24,0,Rufus,PERSON,0,5
uc1.b3477099,56,25,0,Rufus Williams.,PERSON,0,15
uc1.b3477099,56,26,0,Rufus,PERSON,0,5
uc1.b3477099,56,28,0,Rufus,PERSON,15,20
uc1.b3477099,56,30,0,one night,TIME,6,15
uc1.b3477099,56,31,0,Rufus,PERSON,54,59
uc1.b3477099,57,2,0,Rufus,PERSON,0,5
uc1.b3477099,57,9,0,Rufus,PERSON,18,23
uc1.b3477099,57,10,0,Rebecca,PERSON,15,22
uc1.b3477099,57,12,0,Rufus,PERSON,39,44
uc1.b3477099,57,16,0,Allen,PERSON,24,29
uc1.b3477099,57,25,0,Allen,PERSON,0,5
uc1.b3477099,57,26,0,Rebecca,PERSON,65,72
uc1.b3477099,57,29,0,Arkansas,GPE,14,22
uc1.b3477099,57,30,0,Rebecca,PERSON,55,62
uc1.b3477099,58,0,0,Two,CARDINAL,0,3
uc1.b3477099,58,0,1,dred years,DATE,17,27
uc1.b3477099,58,4,0,Allen,PERSON,0,5
uc1.b3477099,58,6,0,Allen,PERSON,0,5
uc1.b3477099,58,7,0,first,ORDINAL,11,16
uc1.b3477099,58,13,0,Allen,PERSON,12,17
uc1.b3477099,58,13,1,fifth,ORDINAL,31,36
uc1.b3477099,58,14,0,Leon,PERSON,22,26
uc1.b3477099,58,20,0,Allen,PERSON,29,34
uc1.b3477099,58,21,0,Allen,PERSON,4,9
uc1.b3477099,58,24,0,that day,DATE,49,57
uc1.b3477099,58,24,1,88,DATE,81,83
uc1.b3477099,59,2,0,a minute,TIME,75,83
uc1.b3477099,59,6,0,Beethoven,PERSON,84,93
uc1.b3477099,59,7,0,Allen,PERSON,17,22
uc1.b3477099,59,8,0,Allen,PERSON,0,5
uc1.b3477099,59,8,1,this Saturday,DATE,28,41
uc1.b3477099,59,17,0,Allen,PERSON,5,10
uc1.b3477099,59,20,0,first,ORDINAL,12,17
uc1.b3477099,59,20,1,49,CARDINAL,18,20
uc1.b3477099,60,0,0,Two,CARDINAL,0,3
uc1.b3477099,60,1,0,Ingrid,PERSON,17,23
uc1.b3477099,60,1,1,Gloria,PERSON,27,33
uc1.b3477099,60,6,0,This morning,TIME,0,12
uc1.b3477099,60,22,0,Allen,PERSON,0,5
uc1.b3477099,60,26,0,Allen,PERSON,0,5
uc1.b3477099,60,28,0,50,CARDINAL,37,39
uc1.b3477099,61,2,0,Rebecca,PERSON,52,59
uc1.b3477099,61,8,0,first,ORDINAL,27,32
uc1.b3477099,61,14,0,Rebecca,PERSON,0,7
uc1.b3477099,61,15,0,Allen,PERSON,38,43
uc1.b3477099,61,17,0,Allen,PERSON,43,48
uc1.b3477099,61,20,0,Allen,PERSON,47,52
uc1.b3477099,61,24,0,Rebecca,PERSON,0,7
uc1.b3477099,61,28,0,51,CARDINAL,0,2
uc1.b3477099,62,0,0,Two,CARDINAL,0,3
uc1.b3477099,62,5,0,Rebecca,PERSON,56,63
uc1.b3477099,62,6,0,Allen,PERSON,74,79
uc1.b3477099,62,18,0,Allen,PERSON,11,16
uc1.b3477099,62,23,0,Allen,PERSON,0,5
uc1.b3477099,62,23,1,Rebecca,PERSON,50,57
uc1.b3477099,62,26,0,52,CARDINAL,20,22
uc1.b3477099,63,0,0,that morning,TIME,16,28
uc1.b3477099,63,3,0,Allen,PERSON,35,40
uc1.b3477099,63,7,0,one morning,TIME,4,15
uc1.b3477099,63,8,0,each day,DATE,100,108
uc1.b3477099,63,11,0,Allen,PERSON,5,10
uc1.b3477099,63,12,0,Rebecca,PERSON,5,12
uc1.b3477099,63,16,0,Allen,PERSON,0,5
uc1.b3477099,63,22,0,53,DATE,2,4
uc1.b3477099,64,0,0,Two,CARDINAL,0,3
uc1.b3477099,64,0,1,first,ORDINAL,31,36
uc1.b3477099,64,7,0,Allen,PERSON,0,5
uc1.b3477099,64,21,0,one,CARDINAL,47,50
uc1.b3477099,64,23,0,Winslow Homer,PERSON,97,110
uc1.b3477099,64,23,1,Edward Hopper,PERSON,115,128
uc1.b3477099,64,24,0,Hopper,PERSON,11,17
uc1.b3477099,64,25,0,Hopper,PERSON,59,65
uc1.b3477099,64,28,0,54,DATE,48,50
uc1.b3477099,65,2,0,every day,DATE,4,13
uc1.b3477099,65,3,0,every year,DATE,4,14
uc1.b3477099,65,19,0,Rebecca,PERSON,19,26
uc1.b3477099,65,25,0,Rebecca,PERSON,51,58
uc1.b3477099,65,26,0,55,CARDINAL,0,2
uc1.b3477099,66,0,0,Two,CARDINAL,0,3
uc1.b3477099,66,2,0,three,CARDINAL,41,46
uc1.b3477099,66,9,0,Eufaula,GPE,33,40
uc1.b3477099,66,9,1,Alabama,GPE,42,49
uc1.b3477099,66,12,0,Allen,PERSON,0,5
uc1.b3477099,66,32,0,56,CARDINAL,31,33
uc1.b3477099,67,1,0,one,CARDINAL,16,19
uc1.b3477099,67,10,0,today,DATE,52,57
uc1.b3477099,67,11,0,first,ORDINAL,22,27
uc1.b3477099,67,29,0,Four,CARDINAL,1,5
uc1.b3477099,68,0,0,Two,CARDINAL,0,3
uc1.b3477099,68,2,0,Allen,PERSON,15,20
uc1.b3477099,68,8,0,any minute,TIME,32,42
uc1.b3477099,68,12,0,Peabody College,ORG,23,38
uc1.b3477099,68,26,0,Monday,DATE,10,16
uc1.b3477099,68,29,0,18th,FAC,31,35
uc1.b3477099,68,29,1,Horton,FAC,40,46
uc1.b3477099,68,29,2,one o'clock,TIME,56,67
uc1.b3477099,68,32,0,58,CARDINAL,8,10
uc1.b3477099,69,2,0,Allen,PERSON,6,11
uc1.b3477099,69,3,0,Rebecca,PERSON,6,13
uc1.b3477099,69,5,0,Monday,DATE,103,109
uc1.b3477099,69,21,0,tonight,TIME,20,27
uc1.b3477099,69,24,0,every night,TIME,59,70
uc1.b3477099,69,25,0,Kansas City,GPE,45,56
uc1.b3477099,70,0,0,Two,CARDINAL,0,3
uc1.b3477099,70,4,0,Anderson,PERSON,5,13
uc1.b3477099,70,4,1,the other day,DATE,78,91
uc1.b3477099,70,5,0,Allen,PERSON,9,14
uc1.b3477099,70,6,0,Rebecca,PERSON,53,60
uc1.b3477099,70,6,1,Monday,DATE,111,117
uc1.b3477099,70,7,0,Allen,PERSON,0,5
uc1.b3477099,70,7,1,about twelve thirty,TIME,21,40
uc1.b3477099,70,7,2,Monday,DATE,41,47
uc1.b3477099,70,7,3,afternoon,TIME,48,57
uc1.b3477099,70,8,0,Rebecca,PERSON,6,13
uc1.b3477099,70,14,0,two,CARDINAL,24,27
uc1.b3477099,70,16,0,first,ORDINAL,11,16
uc1.b3477099,70,18,0,Allen,PERSON,5,10
uc1.b3477099,70,19,0,Rebecca,PERSON,5,12
uc1.b3477099,70,21,0,Allen,PERSON,0,5
uc1.b3477099,70,22,0,60,CARDINAL,62,64
uc1.b3477099,71,0,0,Basketball Game,ORG,0,15
uc1.b3477099,71,3,0,Allen,PERSON,0,5
uc1.b3477099,71,4,0,Rebecca,PERSON,15,22
uc1.b3477099,71,29,0,61,CARDINAL,53,55
uc1.b3477099,72,0,0,Two,CARDINAL,0,3
uc1.b3477099,72,0,1,Negroes,NORP,54,61
uc1.b3477099,72,2,0,the afternoon,TIME,114,127
uc1.b3477099,72,20,0,first,ORDINAL,34,39
uc1.b3477099,73,1,0,one,CARDINAL,33,36
uc1.b3477099,73,1,1,Greek,NORP,118,123
uc1.b3477099,73,5,0,first,ORDINAL,12,17
uc1.b3477099,73,8,0,Allen,PERSON,53,58
uc1.b3477099,74,0,0,Two,CARDINAL,0,3
uc1.b3477099,74,22,0,64,CARDINAL,51,53
uc1.b3477099,75,3,0,Allen,PERSON,103,108
uc1.b3477099,75,4,0,Allen,PERSON,0,5
uc1.b3477099,75,4,1,Nashville,GPE,28,37
uc1.b3477099,75,8,0,Allen,PERSON,0,5
uc1.b3477099,75,11,0,Allen,PERSON,0,5
uc1.b3477099,75,13,0,Allen,PERSON,0,5
uc1.b3477099,75,17,0,Allen,PERSON,29,34
uc1.b3477099,75,20,0,Allen,PERSON,22,27
uc1.b3477099,75,24,0,65,DATE,18,20
uc1.b3477099,76,0,0,Two,CARDINAL,0,3
uc1.b3477099,76,7,0,one,CARDINAL,37,40
uc1.b3477099,76,13,0,Allen,PERSON,0,5
uc1.b3477099,76,18,0,Allen,PERSON,0,5
uc1.b3477099,76,18,1,Rebecca,PERSON,32,39
uc1.b3477099,76,29,0,66,CARDINAL,0,2
uc1.b3477099,77,6,0,Allen,PERSON,16,21
uc1.b3477099,77,10,0,Allen,PERSON,12,17
uc1.b3477099,77,11,0,Rebecca,PERSON,6,13
uc1.b3477099,77,27,0,late afternoon,TIME,7,21
uc1.b3477099,77,31,0,Allen,PERSON,0,5
uc1.b3477099,77,32,0,67,CARDINAL,0,2
uc1.b3477099,78,0,0,Two,CARDINAL,0,3
uc1.b3477099,78,6,0,Allen,PERSON,0,5
uc1.b3477099,78,16,0,Allen,PERSON,11,16
uc1.b3477099,78,17,0,Allen,PERSON,34,39
uc1.b3477099,78,19,0,today,DATE,17,22
uc1.b3477099,78,20,0,Allen,PERSON,7,12
uc1.b3477099,78,21,0,Rebecca,PERSON,1,8
uc1.b3477099,78,23,0,Rebecca,PERSON,55,62
uc1.b3477099,78,26,0,Allen,PERSON,0,5
uc1.b3477099,78,30,0,Peabody College,ORG,17,32
uc1.b3477099,79,2,0,Allen,PERSON,0,5
uc1.b3477099,79,8,0,Allen,PERSON,28,33
uc1.b3477099,79,15,0,Anderson,PERSON,5,13
uc1.b3477099,79,18,0,St. Peter,PERSON,63,72
uc1.b3477099,79,19,0,Allen,PERSON,0,5
uc1.b3477099,79,22,0,one,CARDINAL,41,44
uc1.b3477099,79,23,0,thirty or forty,CARDINAL,16,31
uc1.b3477099,79,25,0,Anderson,PERSON,5,13
uc1.b3477099,79,28,0,69,CARDINAL,15,17
uc1.b3477099,80,0,0,Two,CARDINAL,0,3
uc1.b3477099,80,0,1,Christian,NORP,29,38
uc1.b3477099,80,3,0,Allen,PERSON,0,5
uc1.b3477099,80,9,0,Allen,PERSON,0,5
uc1.b3477099,80,11,0,the first of September,DATE,127,149
uc1.b3477099,80,12,0,Allen,PERSON,13,18
uc1.b3477099,80,13,0,one day,DATE,29,36
uc1.b3477099,80,15,0,Rebecca,PERSON,0,7
uc1.b3477099,80,16,0,Allen,PERSON,7,12
uc1.b3477099,80,20,0,3,CARDINAL,0,1
uc1.b3477099,80,21,0,One evening,TIME,0,11
uc1.b3477099,80,21,1,about a week later,DATE,12,30
uc1.b3477099,80,22,0,this morning,TIME,32,44
uc1.b3477099,80,23,0,70,CARDINAL,2,4
uc1.b3477099,81,1,0,the three weeks,DATE,4,19
uc1.b3477099,81,2,0,Rebecca,PERSON,42,49
uc1.b3477099,81,2,1,every day,DATE,65,74
uc1.b3477099,81,3,0,first,ORDINAL,38,43
uc1.b3477099,81,4,0,Allen,PERSON,34,39
uc1.b3477099,81,9,0,Gloria,PERSON,25,31
uc1.b3477099,81,9,1,Rebecca,PERSON,54,61
uc1.b3477099,81,9,2,Gloria,PERSON,69,75
uc1.b3477099,81,10,0,Gloria,PERSON,3,9
uc1.b3477099,81,11,0,Rebecca,PERSON,7,14
uc1.b3477099,81,12,0,day,DATE,33,36
uc1.b3477099,81,12,1,day,DATE,43,46
uc1.b3477099,81,13,0,Twenty,CARDINAL,0,6
uc1.b3477099,81,13,1,two,CARDINAL,10,13
uc1.b3477099,81,14,0,Twenty,CARDINAL,0,6
uc1.b3477099,81,14,1,four,CARDINAL,10,14
uc1.b3477099,81,15,0,Twenty,CARDINAL,0,6
uc1.b3477099,81,20,0,Rebecca,PERSON,42,49
uc1.b3477099,81,25,0,71,CARDINAL,54,56
uc1.b3477099,82,0,0,Two,CARDINAL,0,3
uc1.b3477099,82,1,0,Hopper,PERSON,72,78
uc1.b3477099,82,12,0,Rebecca,PERSON,14,21
uc1.b3477099,82,13,0,Becky,PERSON,43,48
uc1.b3477099,82,13,1,Rebecca,PERSON,67,74
uc1.b3477099,82,14,0,Al,PERSON,23,25
uc1.b3477099,82,15,0,Allen,PERSON,0,5
uc1.b3477099,82,16,0,Winslow Homer,PERSON,10,23
uc1.b3477099,82,17,0,one hot afternoon,TIME,70,87
uc1.b3477099,82,23,0,two,CARDINAL,36,39
uc1.b3477099,82,24,0,One,CARDINAL,0,3
uc1.b3477099,82,25,0,the day,DATE,87,94
uc1.b3477099,83,7,0,Every night,TIME,0,11
uc1.b3477099,83,14,0,the end of August,DATE,5,22
uc1.b3477099,83,15,0,Becky,PERSON,168,173
uc1.b3477099,83,16,0,Becky,PERSON,0,5
uc1.b3477099,83,18,0,Allen,PERSON,0,5
uc1.b3477099,83,22,0,Two,CARDINAL,0,3
uc1.b3477099,83,26,0,1,CARDINAL,0,1
uc1.b3477099,84,0,0,Two,CARDINAL,0,3
uc1.b3477099,84,4,0,two,CARDINAL,47,50
uc1.b3477099,84,5,0,Six,CARDINAL,0,3
uc1.b3477099,84,8,0,Twenty,CARDINAL,0,6
uc1.b3477099,84,8,1,two,CARDINAL,10,13
uc1.b3477099,84,9,0,one,CARDINAL,18,21
uc1.b3477099,84,16,0,one night,TIME,35,44
uc1.b3477099,84,22,0,Allen,PERSON,0,5
uc1.b3477099,84,29,0,74,DATE,38,40
uc1.b3477099,85,15,0,the night,TIME,26,35
uc1.b3477099,85,17,0,Allen,PERSON,20,25
uc1.b3477099,85,25,0,Allen,PERSON,1,6
uc1.b3477099,85,34,0,New York,GPE,20,28
uc1.b3477099,85,34,1,Paris,GPE,32,37
uc1.b3477099,86,0,0,Two,CARDINAL,0,3
uc1.b3477099,86,10,0,Allen,PERSON,6,11
uc1.b3477099,86,11,0,Rebecca,PERSON,6,13
uc1.b3477099,86,13,0,noon,TIME,3,7
uc1.b3477099,86,14,0,Negroes,NORP,5,12
uc1.b3477099,86,14,1,two,CARDINAL,53,56
uc1.b3477099,86,15,0,Allen,PERSON,0,5
uc1.b3477099,86,16,0,the first few days,DATE,54,72
uc1.b3477099,86,18,0,Allen,PERSON,24,29
uc1.b3477099,86,19,0,Rebecca,PERSON,8,15
uc1.b3477099,86,23,0,Eloise,PERSON,0,6
uc1.b3477099,86,24,0,two,CARDINAL,21,24
uc1.b3477099,86,26,0,Allen,PERSON,0,5
uc1.b3477099,86,26,1,1,CARDINAL,6,7
uc1.b3477099,87,0,0,Basketball Game,PERSON,0,15
uc1.b3477099,87,6,0,The next day,DATE,0,12
uc1.b3477099,87,12,0,Cokes,PRODUCT,56,61
uc1.b3477099,87,14,0,Eloise,PERSON,67,73
uc1.b3477099,87,20,0,Gloria,PERSON,10,16
uc1.b3477099,87,21,0,Leon,PERSON,27,31
uc1.b3477099,87,21,1,Eloise,PERSON,38,44
uc1.b3477099,87,22,0,Rebecca,PERSON,24,31
uc1.b3477099,87,22,1,months,DATE,36,42
uc1.b3477099,87,22,2,Christmas,DATE,83,92
uc1.b3477099,87,23,0,one,CARDINAL,64,67
uc1.b3477099,87,24,0,77,CARDINAL,36,38
uc1.b3477099,88,0,0,Two,CARDINAL,0,3
uc1.b3477099,88,7,0,Rebecca,PERSON,1,8
uc1.b3477099,88,9,0,Rebecca,PERSON,1,8
uc1.b3477099,88,13,0,Rebecca,PERSON,1,8
uc1.b3477099,88,17,0,Rebecca,PERSON,1,8
uc1.b3477099,88,18,0,Rebecca,PERSON,0,7
uc1.b3477099,88,21,0,Anderson,PERSON,5,13
uc1.b3477099,88,21,1,Allen,PERSON,24,29
uc1.b3477099,88,21,2,Allen,PERSON,65,70
uc1.b3477099,88,23,0,two,CARDINAL,4,7
uc1.b3477099,88,23,1,Allen,PERSON,37,42
uc1.b3477099,88,24,0,Anderson,PERSON,50,58
uc1.b3477099,88,24,1,Allen,PERSON,72,77
uc1.b3477099,88,26,0,the day,DATE,40,47
uc1.b3477099,88,29,0,78,CARDINAL,43,45
uc1.b3477099,89,4,0,Daddy,PERSON,9,14
uc1.b3477099,89,5,0,Allen,PERSON,0,5
uc1.b3477099,89,6,0,Allen,PERSON,21,26
uc1.b3477099,89,9,0,Allen,PERSON,0,5
uc1.b3477099,89,9,1,a minute,TIME,18,26
uc1.b3477099,89,13,0,Allen,PERSON,27,32
uc1.b3477099,89,17,0,79,CARDINAL,0,2
uc1.b3477099,90,0,0,1,CARDINAL,4,5
uc1.b3477099,90,0,1,1,CARDINAL,6,7
uc1.b3477099,90,0,2,1,CARDINAL,8,9
uc1.b3477099,91,0,0,CATSKILL MORNING,PERSON,0,16
uc1.b3477099,93,0,0,Karen Weiss,PERSON,4,15
uc1.b3477099,95,1,0,Emily,PERSON,60,65
uc1.b3477099,95,1,1,the past three hours,TIME,165,185
uc1.b3477099,95,2,0,Pete Seeger,PERSON,59,70
uc1.b3477099,95,3,0,first,ORDINAL,11,16
uc1.b3477099,95,3,1,Europe,LOC,96,102
uc1.b3477099,95,3,2,the summer,DATE,107,117
uc1.b3477099,96,0,0,Two,CARDINAL,0,3
uc1.b3477099,96,1,0,Emily,PERSON,0,5
uc1.b3477099,96,1,1,three,CARDINAL,66,71
uc1.b3477099,96,3,0,Emily,PERSON,0,5
uc1.b3477099,96,4,0,Emily,PERSON,28,33
uc1.b3477099,96,10,0,Ten years,DATE,0,9
uc1.b3477099,96,11,0,Emily,PERSON,0,5
uc1.b3477099,96,11,1,Devieux,PERSON,57,64
uc1.b3477099,96,13,0,Emily,PERSON,5,10
uc1.b3477099,96,15,0,Macy's,ORG,83,89
uc1.b3477099,97,0,0,Catskill Morning,WORK_OF_ART,0,16
uc1.b3477099,97,0,1,Thanksgiving Day,DATE,17,33
uc1.b3477099,97,3,0,Emily Moore,PERSON,118,129
uc1.b3477099,97,3,1,sixteen-year-old,DATE,130,146
uc1.b3477099,97,3,2,American,NORP,147,155
uc1.b3477099,97,6,0,Emily,PERSON,0,5
uc1.b3477099,97,6,1,Ralph,PERSON,99,104
uc1.b3477099,97,6,2,Donna,PERSON,115,120
uc1.b3477099,97,6,3,Van Cliburn,PERSON,134,145
uc1.b3477099,97,6,4,Washington Square Park,FAC,186,208
uc1.b3477099,97,6,5,weekends,DATE,212,220
uc1.b3477099,97,10,0,Emily,PERSON,0,5
uc1.b3477099,97,11,0,Lookout Mountain,LOC,40,56
uc1.b3477099,97,17,0,Lookout Mountain,LOC,43,59
uc1.b3477099,98,0,0,Two,CARDINAL,0,3
uc1.b3477099,98,3,0,Emily,PERSON,0,5
uc1.b3477099,98,5,0,now,DATE,106,109
uc1.b3477099,98,6,0,Emily,PERSON,17,22
uc1.b3477099,98,8,0,Mark,PERSON,6,10
uc1.b3477099,98,10,0,Johnny,PERSON,14,20
uc1.b3477099,98,11,0,Mark,PERSON,1,5
uc1.b3477099,98,16,0,Mark,PERSON,1,5
uc1.b3477099,98,17,0,Mark,PERSON,108,112
uc1.b3477099,98,18,0,Emily,PERSON,0,5
uc1.b3477099,98,20,0,88,CARDINAL,0,2
uc1.b3477099,99,0,0,Catskill Morning,PERSON,0,16
uc1.b3477099,99,1,0,Mark,PERSON,10,14
uc1.b3477099,99,5,0,one,CARDINAL,40,43
uc1.b3477099,99,6,0,Emily,PERSON,22,27
uc1.b3477099,99,6,1,two,CARDINAL,96,99
uc1.b3477099,99,7,0,Mark,PERSON,9,13
uc1.b3477099,99,9,0,all summer,DATE,59,69
uc1.b3477099,99,11,0,Mark,PERSON,5,9
uc1.b3477099,99,12,0,Emily,PERSON,45,50
uc1.b3477099,99,13,0,Jan,PERSON,14,17
uc1.b3477099,99,14,0,the school year,DATE,12,27
uc1.b3477099,99,15,0,Jan,PERSON,0,3
uc1.b3477099,99,18,0,Mark,PERSON,16,20
uc1.b3477099,99,19,0,Mark,PERSON,40,44
uc1.b3477099,99,19,1,Jan,PERSON,47,50
uc1.b3477099,99,20,0,Emily,PERSON,28,33
uc1.b3477099,99,21,0,Emily,PERSON,36,41
uc1.b3477099,99,27,0,89,CARDINAL,0,2
uc1.b3477099,100,0,0,Two,CARDINAL,0,3
uc1.b3477099,100,1,0,Mark Bartley,PERSON,5,17
uc1.b3477099,100,2,0,Debbie,PERSON,41,47
uc1.b3477099,100,3,0,Emily,PERSON,5,10
uc1.b3477099,100,4,0,Camp Lookout Mountain,FAC,0,21
uc1.b3477099,100,4,1,Rip Van Winkle,PERSON,96,110
uc1.b3477099,100,4,2,Henry Hudson,PERSON,119,131
uc1.b3477099,100,4,3,twenty-year,DATE,180,191
uc1.b3477099,100,5,0,more than one,CARDINAL,4,17
uc1.b3477099,100,5,1,the years,DATE,30,39
uc1.b3477099,100,5,2,days,DATE,60,64
uc1.b3477099,100,6,0,Mark,PERSON,0,4
uc1.b3477099,100,6,1,six,DATE,46,49
uc1.b3477099,100,8,0,every summer,DATE,49,61
uc1.b3477099,100,8,1,Mark,PERSON,74,78
uc1.b3477099,100,8,2,two months,DATE,110,120
uc1.b3477099,100,12,0,South America,LOC,112,125
uc1.b3477099,100,12,1,the Middle East,LOC,130,145
uc1.b3477099,100,12,2,Mark,PERSON,151,155
uc1.b3477099,100,13,0,Mark,PERSON,5,9
uc1.b3477099,100,13,1,Anna,PERSON,33,37
uc1.b3477099,100,13,2,Massachusetts,GPE,137,150
uc1.b3477099,100,14,0,Summer,DATE,0,6
uc1.b3477099,100,15,0,only six,DATE,7,15
uc1.b3477099,100,15,1,the first summer,DATE,16,32
uc1.b3477099,100,15,2,every day,DATE,37,46
uc1.b3477099,101,0,0,Catskill,PERSON,0,8
uc1.b3477099,101,3,0,one day,DATE,65,72
uc1.b3477099,101,4,0,six,TIME,3,6
uc1.b3477099,101,4,1,Mark,PERSON,7,11
uc1.b3477099,101,5,0,One afternoon,TIME,0,13
uc1.b3477099,101,10,0,two days and a night,DATE,4,24
uc1.b3477099,101,18,0,ten,DATE,7,10
uc1.b3477099,101,18,1,Tom Withers,PERSON,22,33
uc1.b3477099,101,18,2,Christmas,DATE,87,96
uc1.b3477099,101,19,0,Tom,PERSON,0,3
uc1.b3477099,102,0,0,Two,CARDINAL,0,3
uc1.b3477099,102,1,0,winter,DATE,21,27
uc1.b3477099,102,1,1,Mark,PERSON,64,68
uc1.b3477099,102,2,0,Earlman,ORG,28,35
uc1.b3477099,102,2,1,Berkshires,LOC,66,76
uc1.b3477099,102,2,2,Massachusetts,GPE,80,93
uc1.b3477099,102,2,3,Thanksgiving,DATE,133,145
uc1.b3477099,102,2,4,April,DATE,171,176
uc1.b3477099,102,6,0,Mark,PERSON,51,55
uc1.b3477099,102,8,0,a few years,DATE,45,56
uc1.b3477099,102,9,0,Mark,PERSON,4,8
uc1.b3477099,102,11,0,Vermont,GPE,46,53
uc1.b3477099,102,11,1,New Hampshire,GPE,55,68
uc1.b3477099,102,11,2,Maine,GPE,70,75
uc1.b3477099,102,11,3,Quebec Province,GPE,81,96
uc1.b3477099,102,12,0,Friday,DATE,18,24
uc1.b3477099,102,12,1,early Saturday,TIME,41,55
uc1.b3477099,102,13,0,the day,DATE,15,22
uc1.b3477099,103,0,0,Catskill Morning,PERSON,0,16
uc1.b3477099,103,1,0,spring,DATE,22,28
uc1.b3477099,103,1,1,Lookout Mountain,LOC,181,197
uc1.b3477099,103,2,0,Summer,DATE,0,6
uc1.b3477099,103,3,0,a month early,DATE,16,29
uc1.b3477099,103,4,0,each day,DATE,44,52
uc1.b3477099,103,6,0,His first summer,DATE,0,16
uc1.b3477099,103,10,0,two-and-a-half,TIME,4,18
uc1.b3477099,103,11,0,his last summer,DATE,9,24
uc1.b3477099,103,12,0,a few weeks before,DATE,24,42
uc1.b3477099,103,13,0,the winter,DATE,17,27
uc1.b3477099,103,13,1,Canada,GPE,62,68
uc1.b3477099,104,0,0,Two,CARDINAL,0,3
uc1.b3477099,104,2,0,first,ORDINAL,9,14
uc1.b3477099,104,3,0,Emily,PERSON,0,5
uc1.b3477099,104,4,0,Joyce,PERSON,118,123
uc1.b3477099,104,8,0,last night,TIME,55,65
uc1.b3477099,104,9,0,first,ORDINAL,106,111
uc1.b3477099,104,12,0,first,ORDINAL,32,37
uc1.b3477099,104,14,0,tonight,TIME,25,32
uc1.b3477099,104,14,1,Debbie,PERSON,35,41
uc1.b3477099,105,0,0,Catskill Morning quito,PERSON,0,22
uc1.b3477099,105,2,0,eight,DATE,39,44
uc1.b3477099,105,3,0,Emily,PERSON,0,5
uc1.b3477099,105,7,0,one,CARDINAL,37,40
uc1.b3477099,105,7,1,every night,TIME,110,121
uc1.b3477099,105,11,0,Emily,PERSON,0,5
uc1.b3477099,105,16,0,Emily,PERSON,72,77
uc1.b3477099,105,18,0,the day,DATE,32,39
uc1.b3477099,105,20,0,last night,TIME,42,52
uc1.b3477099,105,21,0,twelve,DATE,32,38
uc1.b3477099,105,21,1,95,DATE,61,63
uc1.b3477099,106,0,0,Two,CARDINAL,0,3
uc1.b3477099,106,2,0,last night,TIME,30,40
uc1.b3477099,106,2,1,Debbie,PERSON,55,61
uc1.b3477099,106,2,2,Emily,PERSON,109,114
uc1.b3477099,106,3,0,Emily,PERSON,81,86
uc1.b3477099,106,4,0,Debbie,PERSON,32,38
uc1.b3477099,106,7,0,the night before,TIME,123,139
uc1.b3477099,106,9,0,Devieux,PERSON,24,31
uc1.b3477099,106,9,1,every day,DATE,56,65
uc1.b3477099,106,10,0,the summer,DATE,60,70
uc1.b3477099,106,10,1,Emily,PERSON,76,81
uc1.b3477099,106,11,0,Devieux,PERSON,19,26
uc1.b3477099,106,12,0,Emily,PERSON,0,5
uc1.b3477099,106,12,1,Saturday,DATE,30,38
uc1.b3477099,106,12,2,morning,TIME,39,46
uc1.b3477099,106,12,3,three years ago,DATE,47,62
uc1.b3477099,106,12,4,Devieux,PERSON,75,82
uc1.b3477099,106,13,0,one-sixteenth,CARDINAL,55,68
uc1.b3477099,106,15,0,one pound,QUANTITY,14,23
uc1.b3477099,106,15,1,twenty,CARDINAL,36,42
uc1.b3477099,106,17,0,One,CARDINAL,0,3
uc1.b3477099,106,18,0,Devieux,PERSON,7,14
uc1.b3477099,106,18,1,96,CARDINAL,54,56
uc1.b3477099,107,0,0,Catskill,PERSON,0,8
uc1.b3477099,107,0,1,each afternoon,TIME,45,59
uc1.b3477099,107,1,0,Emily,PERSON,4,9
uc1.b3477099,107,2,0,Balanchine,PERSON,90,100
uc1.b3477099,107,2,1,Graham,PERSON,104,110
uc1.b3477099,107,3,0,first,ORDINAL,19,24
uc1.b3477099,107,3,1,second,ORDINAL,52,58
uc1.b3477099,107,4,0,Devieux,PERSON,7,14
uc1.b3477099,107,4,1,every minute,TIME,100,112
uc1.b3477099,107,6,0,a few moments,TIME,4,17
uc1.b3477099,107,10,0,a few minutes,TIME,6,19
uc1.b3477099,107,16,0,Devieux,PERSON,18,25
uc1.b3477099,107,16,1,one-two-threefour,CARDINAL,57,74
uc1.b3477099,107,16,2,97,CARDINAL,131,133
uc1.b3477099,108,0,0,Two,CARDINAL,0,3
uc1.b3477099,108,0,1,Love Stories,WORK_OF_ART,4,16
uc1.b3477099,108,1,0,Emily,PERSON,0,5
uc1.b3477099,108,1,1,the summer,DATE,66,76
uc1.b3477099,108,2,0,Devieux,PERSON,59,66
uc1.b3477099,108,3,0,an hour and a half,TIME,18,36
uc1.b3477099,108,4,0,La Sylphide,WORK_OF_ART,91,102
uc1.b3477099,108,6,0,early morning,TIME,50,63
uc1.b3477099,108,10,0,one,CARDINAL,23,26
uc1.b3477099,108,10,1,one,CARDINAL,43,46
uc1.b3477099,108,12,0,Mark,PERSON,123,127
uc1.b3477099,108,14,0,yesterday,DATE,72,81
uc1.b3477099,108,14,1,yesterday,DATE,92,101
uc1.b3477099,108,19,0,98,CARDINAL,0,2
uc1.b3477099,109,0,0,Catskill Morning,PERSON,0,16
uc1.b3477099,109,8,0,two,CARDINAL,38,41
uc1.b3477099,109,8,1,Nashua Creek,LOC,126,138
uc1.b3477099,109,9,0,two,CARDINAL,11,14
uc1.b3477099,109,9,1,five,CARDINAL,23,27
uc1.b3477099,109,9,2,one,CARDINAL,60,63
uc1.b3477099,109,13,0,morning,TIME,6,13
uc1.b3477099,109,15,0,early this morning,TIME,11,29
uc1.b3477099,109,18,0,Emily,PERSON,0,5
uc1.b3477099,109,19,0,Leroy,PERSON,1,6
uc1.b3477099,109,21,0,One,CARDINAL,0,3
uc1.b3477099,109,23,0,Mark,PERSON,62,66
uc1.b3477099,109,24,0,yesterday,DATE,32,41
uc1.b3477099,109,25,0,99,CARDINAL,32,34
uc1.b3477099,110,0,0,Two,CARDINAL,0,3
uc1.b3477099,110,0,1,Larry,PERSON,47,52
uc1.b3477099,110,1,0,last night,TIME,39,49
uc1.b3477099,110,2,0,Joyce,PERSON,44,49
uc1.b3477099,110,4,0,Emily,PERSON,37,42
uc1.b3477099,110,6,0,Camp Lookout,PERSON,8,20
uc1.b3477099,110,8,0,Emily,PERSON,0,5
uc1.b3477099,110,9,0,ten,QUANTITY,16,19
uc1.b3477099,110,9,1,this morning,TIME,65,77
uc1.b3477099,110,12,0,Joyce,PERSON,0,5
uc1.b3477099,110,18,0,Joyce,PERSON,0,5
uc1.b3477099,110,19,0,Emily,PERSON,0,5
uc1.b3477099,110,21,0,last night,TIME,70,80
uc1.b3477099,110,24,0,Emily,PERSON,13,18
uc1.b3477099,110,26,0,Emily,PERSON,0,5
uc1.b3477099,110,28,0,Devieux,PERSON,8,15
uc1.b3477099,110,30,0,Joyce,PERSON,0,5
uc1.b3477099,110,32,0,Pavlovas,NORP,21,29
uc1.b3477099,110,33,0,Emily,PERSON,0,5
uc1.b3477099,110,35,0,100,CARDINAL,0,3
uc1.b3477099,111,0,0,Catskill Morning,PERSON,0,16
uc1.b3477099,111,1,0,Joyce,PERSON,16,21
uc1.b3477099,111,1,1,every afternoon,TIME,66,81
uc1.b3477099,111,5,0,Emily,PERSON,0,5
uc1.b3477099,111,7,0,Joyce,PERSON,0,5
uc1.b3477099,111,11,0,Joyce,PERSON,91,96
uc1.b3477099,111,15,0,Joyce,PERSON,0,5
uc1.b3477099,111,18,0,Emily,PERSON,0,5
uc1.b3477099,111,18,1,Joyce,PERSON,16,21
uc1.b3477099,111,19,0,Emily,PERSON,4,9
uc1.b3477099,111,20,0,Joyce,PERSON,0,5
uc1.b3477099,111,21,0,Emily,PERSON,0,5
uc1.b3477099,111,21,1,Emily,PERSON,31,36
uc1.b3477099,111,26,0,Emily,PERSON,1,6
uc1.b3477099,111,27,0,101,CARDINAL,39,42
uc1.b3477099,112,0,0,Two,CARDINAL,0,3
uc1.b3477099,112,8,0,first,ORDINAL,86,91
uc1.b3477099,112,13,0,a beautiful day,DATE,6,21
uc1.b3477099,112,14,0,one,CARDINAL,17,20
uc1.b3477099,112,15,0,early morning,TIME,30,43
uc1.b3477099,112,23,0,102,CARDINAL,0,3
uc1.b3477099,113,0,0,Catskill Morning,PERSON,0,16
uc1.b3477099,113,1,0,Camp Lookout Mountain,LOC,25,46
uc1.b3477099,113,3,0,Europe,LOC,48,54
uc1.b3477099,113,3,1,the summer,DATE,59,69
uc1.b3477099,113,10,0,ten years,DATE,25,34
uc1.b3477099,113,11,0,every morning,TIME,22,35
uc1.b3477099,113,13,0,Joyce,PERSON,1,6
uc1.b3477099,113,16,0,Last summer,DATE,1,12
uc1.b3477099,113,18,0,Emily,PERSON,0,5
uc1.b3477099,113,19,0,Joyce,PERSON,0,5
uc1.b3477099,113,31,0,every morning,TIME,9,22
uc1.b3477099,113,31,1,103,CARDINAL,28,31
uc1.b3477099,114,0,0,Two,CARDINAL,0,3
uc1.b3477099,114,0,1,nine thirty to,TIME,17,31
uc1.b3477099,114,16,0,Mark,PERSON,6,10
uc1.b3477099,114,18,0,Roger,PERSON,1,6
uc1.b3477099,114,20,0,Roger,PERSON,8,13
uc1.b3477099,114,21,0,Canada,GPE,30,36
uc1.b3477099,114,21,1,this winter,DATE,37,48
uc1.b3477099,114,22,0,Mont Tremblant,PERSON,0,14
uc1.b3477099,114,23,0,Mark,PERSON,0,4
uc1.b3477099,114,25,0,March,DATE,39,44
uc1.b3477099,114,26,0,Christmas,DATE,17,26
uc1.b3477099,115,0,0,Catskill Morning ary,PERSON,0,20
uc1.b3477099,115,6,0,Roger,PERSON,0,5
uc1.b3477099,115,9,0,Mark,PERSON,0,4
uc1.b3477099,115,11,0,this winter,DATE,44,55
uc1.b3477099,115,13,0,Mark,PERSON,0,4
uc1.b3477099,115,14,0,Christmas,DATE,38,47
uc1.b3477099,115,19,0,Mark,PERSON,0,4
uc1.b3477099,115,20,0,visiting day,DATE,55,67
uc1.b3477099,115,22,0,Mark,PERSON,15,19
uc1.b3477099,115,23,0,Mark,PERSON,6,10
uc1.b3477099,115,23,1,Roger,PERSON,31,36
uc1.b3477099,115,23,2,Mark,PERSON,80,84
uc1.b3477099,115,23,3,Emily,PERSON,89,94
uc1.b3477099,115,26,0,Debbie,PERSON,5,11
uc1.b3477099,115,27,0,morning,TIME,39,46
uc1.b3477099,116,0,0,Two,CARDINAL,0,3
uc1.b3477099,116,4,0,Mark,PERSON,21,25
uc1.b3477099,116,11,0,Crunchy Granola,PRODUCT,26,41
uc1.b3477099,116,20,0,Mark,PERSON,42,46
uc1.b3477099,116,20,1,Joyce,PERSON,130,135
uc1.b3477099,116,23,0,Emily,PERSON,0,5
uc1.b3477099,116,25,0,Joyce,PERSON,0,5
uc1.b3477099,116,25,1,first,ORDINAL,36,41
uc1.b3477099,116,25,2,Emily,PERSON,60,65
uc1.b3477099,116,25,3,Debbie,PERSON,93,99
uc1.b3477099,116,25,4,Jan,PERSON,192,195
uc1.b3477099,116,27,0,Mark,PERSON,37,41
uc1.b3477099,117,0,0,Catskill Morning,PERSON,0,16
uc1.b3477099,117,1,0,Emily,PERSON,26,31
uc1.b3477099,117,2,0,Joyce,PERSON,30,35
uc1.b3477099,117,2,1,Debbie,PERSON,41,47
uc1.b3477099,117,4,0,seven this morning,TIME,13,31
uc1.b3477099,117,5,0,Joyce,PERSON,0,5
uc1.b3477099,117,5,1,Emily,PERSON,20,25
uc1.b3477099,117,5,2,this morning,TIME,55,67
uc1.b3477099,117,6,0,Mark,PERSON,7,11
uc1.b3477099,117,6,1,Emily,PERSON,28,33
uc1.b3477099,117,7,0,Emily,PERSON,0,5
uc1.b3477099,117,9,0,Debbie,PERSON,23,29
uc1.b3477099,117,9,1,Emily,PERSON,61,66
uc1.b3477099,117,10,0,Emily,PERSON,31,36
uc1.b3477099,117,12,0,Joyce,PERSON,0,5
uc1.b3477099,117,13,0,Emily,PERSON,34,39
uc1.b3477099,117,14,0,Emily,PERSON,0,5
uc1.b3477099,117,14,1,a minute,TIME,20,28
uc1.b3477099,117,15,0,Joyce,PERSON,38,43
uc1.b3477099,117,15,1,a minute,TIME,71,79
uc1.b3477099,117,16,0,Joyce,PERSON,0,5
uc1.b3477099,117,20,0,one,CARDINAL,37,40
uc1.b3477099,117,23,0,Emily,PERSON,0,5
uc1.b3477099,117,24,0,Joyce,PERSON,13,18
uc1.b3477099,117,26,0,this morning,TIME,21,33
uc1.b3477099,117,26,1,Emily,PERSON,35,40
uc1.b3477099,117,27,0,Debbie,PERSON,0,6
uc1.b3477099,117,28,0,Emily,PERSON,0,5
uc1.b3477099,117,30,0,Camp,EVENT,1,5
uc1.b3477099,117,30,1,a day old,DATE,17,26
uc1.b3477099,118,0,0,Two,CARDINAL,0,3
uc1.b3477099,118,2,0,Emily,PERSON,0,5
uc1.b3477099,118,3,0,Debbie,PERSON,10,16
uc1.b3477099,118,4,0,last night,TIME,52,62
uc1.b3477099,118,4,1,Mark,PERSON,95,99
uc1.b3477099,118,4,2,Debbie,PERSON,119,125
uc1.b3477099,118,5,0,Joyce,PERSON,107,112
uc1.b3477099,118,8,0,Joyce,PERSON,0,5
uc1.b3477099,118,9,0,Emily,PERSON,0,5
uc1.b3477099,118,10,0,Mark,PERSON,0,4
uc1.b3477099,118,13,0,Emily,PERSON,0,5
uc1.b3477099,118,17,0,morning,TIME,46,53
uc1.b3477099,118,18,0,Emily,PERSON,0,5
uc1.b3477099,118,19,0,one,CARDINAL,49,52
uc1.b3477099,118,20,0,first,ORDINAL,96,101
uc1.b3477099,118,21,0,early morning,TIME,12,25
uc1.b3477099,118,23,0,Mark,PERSON,17,21
uc1.b3477099,119,0,0,Catskill,PERSON,0,8
uc1.b3477099,119,1,0,Debbie,PERSON,1,7
uc1.b3477099,119,3,0,Emily,PERSON,0,5
uc1.b3477099,119,7,0,Joyce,PERSON,22,27
uc1.b3477099,119,8,0,Mark,PERSON,11,15
uc1.b3477099,119,9,0,Emily,PERSON,0,5
uc1.b3477099,119,15,0,Emily,PERSON,0,5
uc1.b3477099,119,22,0,Mark,PERSON,0,4
uc1.b3477099,119,30,0,109,CARDINAL,0,3
uc1.b3477099,120,0,0,Two,CARDINAL,0,3
uc1.b3477099,120,18,0,Debbie,PERSON,23,29
uc1.b3477099,120,22,0,Sixteen,DATE,1,8
uc1.b3477099,120,24,0,sixteen,DATE,31,38
uc1.b3477099,120,26,0,sixteen,DATE,15,22
uc1.b3477099,120,26,1,Debbie,PERSON,33,39
uc1.b3477099,120,31,0,Shakespeare,PERSON,18,29
uc1.b3477099,120,34,0,110,CARDINAL,43,46
uc1.b3477099,121,0,0,Catskill Morning,WORK_OF_ART,0,16
uc1.b3477099,121,3,0,Debbie,PERSON,43,49
uc1.b3477099,121,6,0,sixteen,DATE,20,27
uc1.b3477099,121,13,0,Emily,PERSON,1,6
uc1.b3477099,121,26,0,Mark,PERSON,40,44
uc1.b3477099,121,32,0,111,CARDINAL,0,3
uc1.b3477099,122,0,0,Two,CARDINAL,0,3
uc1.b3477099,122,6,0,Emily,PERSON,1,6
uc1.b3477099,122,12,0,Emily,PERSON,31,36
uc1.b3477099,122,13,0,mornings,TIME,12,20
uc1.b3477099,122,13,1,Mark,PERSON,43,47
uc1.b3477099,122,16,0,Some days,DATE,0,9
uc1.b3477099,122,18,0,Mark,PERSON,27,31
uc1.b3477099,122,19,0,One or,TIME,0,6
uc1.b3477099,122,19,1,two,CARDINAL,7,10
uc1.b3477099,122,20,0,112,CARDINAL,0,3
uc1.b3477099,123,0,0,Catskill Morning,PERSON,0,16
uc1.b3477099,123,2,0,dusk,TIME,5,9
uc1.b3477099,123,2,1,later in the evening,TIME,39,59
uc1.b3477099,123,3,0,ten-minute,TIME,83,93
uc1.b3477099,123,4,0,Two or three nights,DATE,0,19
uc1.b3477099,123,4,1,last summer,DATE,20,31
uc1.b3477099,123,5,0,every evening,TIME,43,56
uc1.b3477099,123,6,0,Joyce,PERSON,11,16
uc1.b3477099,123,6,1,Mark,PERSON,18,22
uc1.b3477099,123,6,2,an hour,TIME,81,88
uc1.b3477099,123,7,0,the entire summer,DATE,146,163
uc1.b3477099,123,8,0,last winter's,DATE,148,161
uc1.b3477099,123,9,0,One night,TIME,0,9
uc1.b3477099,123,9,1,last summer,DATE,10,21
uc1.b3477099,123,9,2,Joyce,PERSON,22,27
uc1.b3477099,123,10,0,the three years,DATE,119,134
uc1.b3477099,123,12,0,113,CARDINAL,9,12
uc1.b3477099,124,0,0,Two,CARDINAL,0,3
uc1.b3477099,124,1,0,Joyce,PERSON,18,23
uc1.b3477099,124,2,0,five-day,DATE,57,65
uc1.b3477099,124,2,1,Echo Lake,LOC,74,83
uc1.b3477099,124,3,0,Mark,PERSON,8,12
uc1.b3477099,124,3,1,Joyce,PERSON,14,19
uc1.b3477099,124,5,0,that year,DATE,148,157
uc1.b3477099,124,7,0,two weeks,DATE,4,13
uc1.b3477099,124,7,1,every night,TIME,23,34
uc1.b3477099,124,7,2,Mark,PERSON,40,44
uc1.b3477099,124,11,0,each night,TIME,15,25
uc1.b3477099,124,13,0,One evening,TIME,0,11
uc1.b3477099,124,16,0,114,CARDINAL,0,3
uc1.b3477099,125,0,0,Catskill Morning,PERSON,0,16
uc1.b3477099,125,11,0,Joyce,PERSON,13,18
uc1.b3477099,125,11,1,those nights,DATE,19,31
uc1.b3477099,125,16,0,Joyce,PERSON,0,5
uc1.b3477099,125,16,1,Echo Lake,LOC,57,66
uc1.b3477099,125,16,2,those two weeks,DATE,88,103
uc1.b3477099,125,17,0,Joyce,PERSON,14,19
uc1.b3477099,125,19,0,night,TIME,35,40
uc1.b3477099,125,20,0,115,CARDINAL,0,3
uc1.b3477099,126,0,0,Two,CARDINAL,0,3
uc1.b3477099,126,1,0,the week before,DATE,110,125
uc1.b3477099,126,3,0,Martha,PERSON,33,39
uc1.b3477099,126,3,1,Rhoda,PERSON,41,46
uc1.b3477099,126,3,2,Cheryl,PERSON,48,54
uc1.b3477099,126,4,0,two,CARDINAL,48,51
uc1.b3477099,126,7,0,seventeen,DATE,44,53
uc1.b3477099,126,8,0,Mark Bartley,PERSON,17,29
uc1.b3477099,126,8,1,Mark Bartley,PERSON,75,87
uc1.b3477099,126,9,0,"Mark Bartley, Jr.",PERSON,46,63
uc1.b3477099,126,9,1,six,CARDINAL,165,168
uc1.b3477099,126,10,0,one,CARDINAL,4,7
uc1.b3477099,126,12,0,The next winter,DATE,0,15
uc1.b3477099,126,12,1,winter,DATE,125,131
uc1.b3477099,126,13,0,The rare weekends,DATE,0,17
uc1.b3477099,126,13,1,winter,DATE,42,48
uc1.b3477099,126,14,0,116,CARDINAL,0,3
uc1.b3477099,127,0,0,Catskill Morning,PERSON,0,16
uc1.b3477099,127,2,0,the first morning,TIME,128,145
uc1.b3477099,127,3,0,sixteen,DATE,12,19
uc1.b3477099,127,6,0,eighteen,DATE,16,24
uc1.b3477099,127,7,0,two years,DATE,26,35
uc1.b3477099,127,13,0,Emily,PERSON,3,8
uc1.b3477099,127,14,0,two weeks,DATE,12,21
uc1.b3477099,127,14,1,first,ORDINAL,33,38
uc1.b3477099,127,17,0,midafternoon,TIME,7,19
uc1.b3477099,127,19,0,each week,DATE,26,35
uc1.b3477099,127,19,1,the summer,DATE,43,53
uc1.b3477099,127,19,2,first,ORDINAL,72,77
uc1.b3477099,128,0,0,Two,CARDINAL,0,3
uc1.b3477099,128,0,1,noon,TIME,17,21
uc1.b3477099,128,10,0,Mark,PERSON,74,78
uc1.b3477099,128,12,0,Mark,PERSON,0,4
uc1.b3477099,129,0,0,Catskill Morning,PERSON,0,16
uc1.b3477099,129,8,0,Mark,PERSON,0,4
uc1.b3477099,129,13,0,Mark,PERSON,0,4
uc1.b3477099,129,19,0,New York State,GPE,26,40
uc1.b3477099,129,24,0,the winter,DATE,63,73
uc1.b3477099,129,27,0,Every afternoon,TIME,0,15
uc1.b3477099,129,27,1,119,CARDINAL,20,23
uc1.b3477099,130,0,0,Two,CARDINAL,0,3
uc1.b3477099,130,8,0,Three,CARDINAL,0,5
uc1.b3477099,130,8,1,first,ORDINAL,44,49
uc1.b3477099,130,8,2,Joyce,PERSON,74,79
uc1.b3477099,130,8,3,second,ORDINAL,95,101
uc1.b3477099,130,10,0,Mad River Glen,LOC,18,32
uc1.b3477099,130,16,0,120,CARDINAL,0,3
uc1.b3477099,131,0,0,Catskill Morning II,PERSON,0,19
uc1.b3477099,131,1,0,morning,TIME,39,46
uc1.b3477099,131,2,0,Mark,PERSON,0,4
uc1.b3477099,131,2,1,the night,TIME,70,79
uc1.b3477099,131,4,0,an hour,TIME,16,23
uc1.b3477099,131,4,1,first,ORDINAL,72,77
uc1.b3477099,131,6,0,yesterday afternoon,TIME,6,25
uc1.b3477099,131,9,0,last night,TIME,137,147
uc1.b3477099,132,0,0,Two,CARDINAL,0,3
uc1.b3477099,132,3,0,this morning,TIME,23,35
uc1.b3477099,132,4,0,the afternoon,TIME,33,46
uc1.b3477099,132,4,1,the afternoon,TIME,91,104
uc1.b3477099,132,5,0,first,ORDINAL,7,12
uc1.b3477099,132,7,0,a thousand,CARDINAL,17,27
uc1.b3477099,132,13,0,first,ORDINAL,71,76
uc1.b3477099,132,18,0,so many summers ago,DATE,112,131
uc1.b3477099,132,19,0,122,CARDINAL,70,73
uc1.b3477099,133,0,0,Catskill,PERSON,0,8
uc1.b3477099,133,4,0,Emily,PERSON,5,10
uc1.b3477099,133,20,0,this morning,TIME,43,55
uc1.b3477099,133,22,0,Catskill Morning Dance,WORK_OF_ART,58,80
uc1.b3477099,133,23,0,Catskill,LOC,54,62
uc1.b3477099,133,28,0,123,CARDINAL,28,31
uc1.b3477099,134,0,0,Two,CARDINAL,0,3
uc1.b3477099,134,3,0,first,ORDINAL,5,10
uc1.b3477099,134,10,0,this morning,TIME,36,48
uc1.b3477099,134,21,0,Mark,PERSON,11,15
uc1.b3477099,134,24,0,Emily,PERSON,0,5
uc1.b3477099,134,25,0,One minute,TIME,0,10
uc1.b3477099,134,30,0,One morning,TIME,0,11
uc1.b3477099,135,0,0,Catskill Morning,PERSON,0,16
uc1.b3477099,135,1,0,that morning,TIME,6,18
uc1.b3477099,135,7,0,Mark,PERSON,0,4
uc1.b3477099,135,7,1,the day,DATE,59,66
uc1.b3477099,135,10,0,Emily,PERSON,0,5
uc1.b3477099,135,12,0,Mark,PERSON,72,76
uc1.b3477099,135,14,0,each morning,TIME,18,30
uc1.b3477099,135,14,1,125,CARDINAL,93,96
uc1.b3477099,136,0,0,Two,CARDINAL,0,3
uc1.b3477099,136,5,0,the past week,DATE,30,43
uc1.b3477099,136,6,0,Mark,PERSON,108,112
uc1.b3477099,136,6,1,a single minute,TIME,117,132
uc1.b3477099,136,7,0,Mark,PERSON,80,84
uc1.b3477099,136,9,0,Mark,PERSON,74,78
uc1.b3477099,136,12,0,Catskill,LOC,6,14
uc1.b3477099,136,12,1,morning,TIME,15,22
uc1.b3477099,136,17,0,Mark,PERSON,0,4
uc1.b3477099,136,19,0,126,CARDINAL,0,3
uc1.b3477099,137,0,0,Catskill Morning,PERSON,0,16
uc1.b3477099,137,1,0,morning,TIME,38,45
uc1.b3477099,137,2,0,Manhattan,GPE,34,43
uc1.b3477099,137,6,0,Dawn,PERSON,40,44
uc1.b3477099,137,8,0,Dawn,PERSON,0,4
uc1.b3477099,137,11,0,those other days,DATE,4,20
uc1.b3477099,137,13,0,Emily,PERSON,15,20
uc1.b3477099,137,19,0,Catskill,LOC,80,88
uc1.b3477099,137,19,1,morning,TIME,89,96
uc1.b3477099,137,20,0,afternoon,TIME,18,27
uc1.b3477099,137,20,1,evening,TIME,32,39
uc1.b3477099,137,21,0,the morning,TIME,5,16
uc1.b3477099,137,22,0,127,CARDINAL,51,54
uc1.b3477099,138,0,0,Two,CARDINAL,0,3
uc1.b3477099,138,2,0,morning,TIME,6,13
uc1.b3477099,138,4,0,two,CARDINAL,57,60
uc1.b3477099,138,6,0,last night,TIME,20,30
uc1.b3477099,138,10,0,morning,TIME,12,19
uc1.b3477099,138,13,0,the end of August,DATE,83,100
uc1.b3477099,138,18,0,Twenty-four hours,TIME,0,17
uc1.b3477099,138,20,0,Mark,PERSON,6,10
uc1.b3477099,138,23,0,128,CARDINAL,0,3
uc1.b3477099,139,0,0,Catskill Morning,PERSON,0,16
uc1.b3477099,139,5,0,Emily,PERSON,6,11
uc1.b3477099,139,13,0,New York,GPE,19,27
uc1.b3477099,139,14,0,Capezio's,ORG,79,88
uc1.b3477099,139,22,0,Mark,PERSON,1,5
uc1.b3477099,140,0,0,Two,CARDINAL,0,3
uc1.b3477099,140,23,0,Emily,PERSON,11,16
uc1.b3477099,140,25,0,Mexican,NORP,43,50
uc1.b3477099,140,27,0,130,CARDINAL,85,88
uc1.b3477099,141,0,0,Catskill Morning,PERSON,0,16
uc1.b3477099,141,8,0,a hundred,CARDINAL,12,21
uc1.b3477099,141,24,0,morning,TIME,4,11
uc1.b3477099,142,0,0,Two,CARDINAL,0,3
uc1.b3477099,143,0,0,Catskill,PERSON,0,8
uc1.b3477099,143,5,0,two,CARDINAL,40,43
uc1.b3477099,143,6,0,Mark,PERSON,1,5
uc1.b3477099,143,19,0,133,CARDINAL,0,3
uc1.b3477099,144,0,0,Two,CARDINAL,0,3
uc1.b3477099,144,4,0,Emily,PERSON,21,26
uc1.b3477099,144,10,0,yesterday,DATE,38,47
uc1.b3477099,144,10,1,morning,TIME,48,55
uc1.b3477099,144,10,2,the morning,TIME,60,71
uc1.b3477099,144,11,0,today,DATE,4,9
uc1.b3477099,144,17,0,every morning,TIME,51,64
uc1.b3477099,144,18,0,Mark,PERSON,5,9
uc1.b3477099,144,30,0,134,CARDINAL,0,3
uc1.b3477099,145,0,0,Catskill Morning,PERSON,0,16
uc1.b3477099,145,7,0,Emily,PERSON,64,69
uc1.b3477099,145,8,0,Europe,LOC,15,21
uc1.b3477099,145,14,0,fourth,ORDINAL,38,44
uc1.b3477099,145,17,0,three,CARDINAL,30,35
uc1.b3477099,145,21,0,one,CARDINAL,25,28
uc1.b3477099,145,23,0,Mark,PERSON,1,5
uc1.b3477099,145,32,0,two,CARDINAL,45,48
uc1.b3477099,145,32,1,Coke,PRODUCT,63,67
uc1.b3477099,145,32,2,135,CARDINAL,104,107
uc1.b3477099,146,0,0,Two,CARDINAL,0,3
uc1.b3477099,146,14,0,4°,PERCENT,0,2
uc1.b3477099,146,14,1,that morning,TIME,9,21
uc1.b3477099,146,15,0,Mexican,NORP,156,163
uc1.b3477099,146,17,0,Emily Emily,PERSON,100,111
uc1.b3477099,146,17,1,Emily Emily,PERSON,151,162
uc1.b3477099,146,19,0,Emily,PERSON,0,5
uc1.b3477099,146,19,1,Emily,PERSON,6,11
uc1.b3477099,146,19,2,Emily,PERSON,12,17
uc1.b3477099,146,19,3,Emily,PERSON,34,39
uc1.b3477099,146,19,4,Emily,PERSON,50,55
uc1.b3477099,147,0,0,Catskill Morning,LOC,0,16
uc1.b3477099,147,1,0,Emily,PERSON,8,13
uc1.b3477099,147,1,1,Mark,PERSON,25,29
uc1.b3477099,147,5,0,The days,DATE,0,8
uc1.b3477099,147,6,0,every day,DATE,34,43
uc1.b3477099,147,6,1,one morning,TIME,74,85
uc1.b3477099,147,6,2,Catskill,LOC,106,114
uc1.b3477099,147,7,0,New York,GPE,62,70
uc1.b3477099,147,7,1,Cloisters,FAC,184,193
uc1.b3477099,147,7,2,autumn Sunday,DATE,197,210
uc1.b3477099,147,7,3,the Metropolitan Museum,ORG,265,288
uc1.b3477099,147,7,4,Rodins,PERSON,304,310
uc1.b3477099,147,8,0,Christmas,DATE,60,69
uc1.b3477099,147,8,1,Rockefeller Center,FAC,78,96
uc1.b3477099,147,8,2,Saks,ORG,144,148
uc1.b3477099,147,9,0,four,CARDINAL,84,88
uc1.b3477099,147,11,0,afternoons,TIME,30,40
uc1.b3477099,147,12,0,the many hours,TIME,39,53
uc1.b3477099,147,12,1,these past weeks,DATE,98,114
uc1.b3477099,147,13,0,the weekends,DATE,44,56
uc1.b3477099,147,14,0,second,ORDINAL,25,31
uc1.b3477099,147,14,1,Vermont,GPE,131,138
uc1.b3477099,147,15,0,137,CARDINAL,55,58
uc1.b3477099,148,0,0,Two,CARDINAL,0,3
uc1.b3477099,148,5,0,every day,DATE,52,61
uc1.b3477099,148,11,0,Mark,PERSON,5,9
uc1.b3477099,148,12,0,morning,TIME,73,80
uc1.b3477099,148,13,0,Emily,PERSON,27,32
uc1.b3477099,148,14,0,Joyce,PERSON,18,23
uc1.b3477099,148,15,0,a minute,TIME,9,17
uc1.b3477099,148,17,0,Echo Lake,LOC,60,69
uc1.b3477099,148,17,1,this summer,DATE,70,81
uc1.b3477099,148,20,0,138,CARDINAL,28,31
uc1.b3477099,149,0,0,Catskill Morning,PERSON,0,16
uc1.b3477099,149,2,0,tonight,TIME,33,40
uc1.b3477099,149,4,0,twenty,CARDINAL,18,24
uc1.b3477099,149,7,0,next weekend,DATE,15,27
uc1.b3477099,149,9,0,tomorrow,DATE,13,21
uc1.b3477099,149,11,0,Woodsman,PERSON,11,19
uc1.b3477099,149,12,0,one,CARDINAL,4,7
uc1.b3477099,149,13,0,Al,PERSON,9,11
uc1.b3477099,149,20,0,Echo Lake,LOC,70,79
uc1.b3477099,149,20,1,last summer,DATE,80,91
uc1.b3477099,149,22,0,Echo Lake,LOC,25,34
uc1.b3477099,149,22,1,seven days,DATE,44,54
uc1.b3477099,149,29,0,Echo Lake,LOC,13,22
uc1.b3477099,149,29,1,seven days,DATE,32,42
uc1.b3477099,149,30,0,Tough,PERSON,11,16
uc1.b3477099,149,32,0,twenty,CARDINAL,31,37
uc1.b3477099,149,32,1,139,CARDINAL,81,84
uc1.b3477099,150,0,0,Two,CARDINAL,0,3
uc1.b3477099,150,1,0,past summers,DATE,33,45
uc1.b3477099,150,1,1,Echo Lake,LOC,54,63
uc1.b3477099,150,2,0,five days,DATE,10,19
uc1.b3477099,150,3,0,Mark,PERSON,99,103
uc1.b3477099,150,7,0,Past summers,DATE,0,12
uc1.b3477099,150,7,1,Rattlesnake Ridge,LOC,100,117
uc1.b3477099,150,8,0,first,ORDINAL,52,57
uc1.b3477099,150,10,0,The next days,DATE,0,13
uc1.b3477099,150,10,1,Echo Lake,LOC,76,85
uc1.b3477099,150,11,0,the five days,DATE,14,27
uc1.b3477099,150,12,0,three,CARDINAL,178,183
uc1.b3477099,150,12,1,months,DATE,255,261
uc1.b3477099,150,17,0,Emily,PERSON,5,10
uc1.b3477099,150,17,1,that afternoon,TIME,16,30
uc1.b3477099,150,17,2,the next weekend,DATE,58,74
uc1.b3477099,150,19,0,140,CARDINAL,0,3
uc1.b3477099,151,0,0,Catskill Morning,PERSON,0,16
uc1.b3477099,151,5,0,mornings,TIME,18,26
uc1.b3477099,151,5,1,afternoons,TIME,30,40
uc1.b3477099,151,6,0,a thousand,CARDINAL,40,50
uc1.b3477099,151,17,0,Emily,PERSON,1,6
uc1.b3477099,151,28,0,sixteen years,DATE,81,94
uc1.b3477099,151,28,1,my last summer,DATE,135,149
uc1.b3477099,151,29,0,Devieux,PERSON,42,49
uc1.b3477099,151,33,0,141,CARDINAL,0,3
uc1.b3477099,152,0,0,Two,CARDINAL,0,3
uc1.b3477099,152,1,0,one,CARDINAL,124,127
uc1.b3477099,152,2,0,Emily,PERSON,0,5
uc1.b3477099,152,8,0,Devieux,PERSON,7,14
uc1.b3477099,152,8,1,one,CARDINAL,67,70
uc1.b3477099,152,19,0,Emily,PERSON,12,17
uc1.b3477099,152,24,0,summer,DATE,69,75
uc1.b3477099,152,24,1,January,DATE,89,96
uc1.b3477099,152,29,0,Emily,PERSON,0,5
uc1.b3477099,152,30,0,one,CARDINAL,65,68
uc1.b3477099,153,0,0,Catskill,PERSON,0,8
uc1.b3477099,153,3,0,Emily,PERSON,10,15
uc1.b3477099,153,4,0,Debbie,PERSON,12,18
uc1.b3477099,153,4,1,second,ORDINAL,70,76
uc1.b3477099,153,8,0,Debbie,PERSON,0,6
uc1.b3477099,153,9,0,Emily,PERSON,0,5
uc1.b3477099,153,10,0,Mark,PERSON,20,24
uc1.b3477099,153,11,0,morning,TIME,6,13
uc1.b3477099,153,11,1,Mark,PERSON,16,20
uc1.b3477099,153,13,0,Debbie,PERSON,0,6
uc1.b3477099,153,14,0,Emily,PERSON,1,6
uc1.b3477099,153,16,0,Debbie,PERSON,19,25
uc1.b3477099,153,17,0,Mark,PERSON,1,5
uc1.b3477099,153,22,0,Debbie,PERSON,0,6
uc1.b3477099,153,27,0,Emily,PERSON,0,5
uc1.b3477099,153,29,0,Debbie,PERSON,0,6
uc1.b3477099,153,30,0,Mark,PERSON,5,9
uc1.b3477099,153,33,0,Last summer,DATE,0,11
uc1.b3477099,153,37,0,Deb,PERSON,6,9
uc1.b3477099,153,38,0,143,CARDINAL,16,19
uc1.b3477099,154,0,0,Two,CARDINAL,0,3
uc1.b3477099,154,4,0,Joyce,PERSON,15,20
uc1.b3477099,154,8,0,nine,TIME,44,48
uc1.b3477099,154,8,1,hour,TIME,63,67
uc1.b3477099,154,10,0,seven thirty,TIME,14,26
uc1.b3477099,154,13,0,Emily,PERSON,13,18
uc1.b3477099,154,14,0,Emily,PERSON,18,23
uc1.b3477099,154,16,0,Emily,PERSON,0,5
uc1.b3477099,154,16,1,Debbie,PERSON,25,31
uc1.b3477099,154,18,0,every year,DATE,10,20
uc1.b3477099,154,22,0,one day,DATE,6,13
uc1.b3477099,154,26,0,the next five days,DATE,84,102
uc1.b3477099,154,26,1,Debbie,PERSON,125,131
uc1.b3477099,154,26,2,first,ORDINAL,152,157
uc1.b3477099,154,28,0,144,CARDINAL,0,3
uc1.b3477099,155,0,0,Catskill Morning,PERSON,0,16
uc1.b3477099,155,2,0,Mark,PERSON,0,4
uc1.b3477099,155,3,0,midmorning,TIME,25,35
uc1.b3477099,155,3,1,late afternoon,TIME,86,100
uc1.b3477099,155,5,0,Joyce,PERSON,24,29
uc1.b3477099,155,5,1,Mark,PERSON,57,61
uc1.b3477099,155,5,2,Emily,PERSON,73,78
uc1.b3477099,155,10,0,Echo Lake,LOC,13,22
uc1.b3477099,155,15,0,nine thirty,TIME,5,16
uc1.b3477099,155,16,0,no later than twelve,TIME,33,53
uc1.b3477099,155,17,0,Mark,PERSON,20,24
uc1.b3477099,155,20,0,Joyce,PERSON,7,12
uc1.b3477099,155,21,0,three hours,TIME,27,38
uc1.b3477099,155,21,1,five o'clock,TIME,73,85
uc1.b3477099,155,23,0,Emily,PERSON,46,51
uc1.b3477099,155,23,1,Al,PERSON,114,116
uc1.b3477099,156,0,0,Two,CARDINAL,0,3
uc1.b3477099,156,1,0,Al,PERSON,10,12
uc1.b3477099,156,6,0,Joyce,PERSON,19,24
uc1.b3477099,156,9,0,noon,TIME,30,34
uc1.b3477099,156,12,0,Emily,PERSON,0,5
uc1.b3477099,156,15,0,Al,PERSON,10,12
uc1.b3477099,156,18,0,Joyce,PERSON,12,17
uc1.b3477099,156,30,0,Mark,PERSON,22,26
uc1.b3477099,156,32,0,Joyce,PERSON,17,22
uc1.b3477099,156,33,0,146,CARDINAL,0,3
uc1.b3477099,157,0,0,Catskill Morning Twenty,WORK_OF_ART,0,23
uc1.b3477099,157,1,0,Two,CARDINAL,0,3
uc1.b3477099,157,4,0,fourteen,DATE,40,48
uc1.b3477099,157,4,1,fifteen,DATE,50,57
uc1.b3477099,157,4,2,sixteen,DATE,62,69
uc1.b3477099,157,8,0,one,CARDINAL,287,290
uc1.b3477099,157,9,0,two,CARDINAL,41,44
uc1.b3477099,157,10,0,Emily,PERSON,42,47
uc1.b3477099,157,11,0,first,ORDINAL,36,41
uc1.b3477099,157,12,0,Emily,PERSON,12,17
uc1.b3477099,157,17,0,first,ORDINAL,26,31
uc1.b3477099,157,18,0,the summer,DATE,53,63
uc1.b3477099,157,19,0,a few minutes before noon,TIME,7,32
uc1.b3477099,157,20,0,Emily,PERSON,0,5
uc1.b3477099,157,20,1,Mark,PERSON,38,42
uc1.b3477099,157,22,0,Joyce,PERSON,4,9
uc1.b3477099,157,22,1,Debbie,PERSON,11,17
uc1.b3477099,157,22,2,Roger,PERSON,23,28
uc1.b3477099,157,22,3,147,CARDINAL,74,77
uc1.b3477099,158,0,0,Two,CARDINAL,0,3
uc1.b3477099,158,2,0,all morning,TIME,33,44
uc1.b3477099,158,6,0,about a half hour,TIME,12,29
uc1.b3477099,158,16,0,the Hudson River,LOC,67,83
uc1.b3477099,159,0,0,Catskill,PERSON,0,8
uc1.b3477099,159,0,1,that morning,TIME,47,59
uc1.b3477099,159,1,0,Mark,PERSON,3,7
uc1.b3477099,159,3,0,Joyce,PERSON,63,68
uc1.b3477099,159,7,0,Mark,PERSON,5,9
uc1.b3477099,159,9,0,a half hour,TIME,10,21
uc1.b3477099,159,10,0,ten minutes,TIME,26,37
uc1.b3477099,159,15,0,Roger,PERSON,0,5
uc1.b3477099,159,18,0,Emily,PERSON,25,30
uc1.b3477099,159,20,0,Roger,PERSON,1,6
uc1.b3477099,159,21,0,Joyce,PERSON,0,5
uc1.b3477099,159,21,1,Debbie,PERSON,28,34
uc1.b3477099,159,25,0,Mark,PERSON,7,11
uc1.b3477099,159,26,0,Debbie,PERSON,0,6
uc1.b3477099,159,27,0,five minutes,TIME,19,31
uc1.b3477099,159,29,0,Emily,PERSON,0,5
uc1.b3477099,159,32,0,Roger,PERSON,14,19
uc1.b3477099,159,33,0,Em,PERSON,9,11
uc1.b3477099,160,0,0,Two,CARDINAL,0,3
uc1.b3477099,160,5,0,Mark,PERSON,5,9
uc1.b3477099,160,7,0,Roger,PERSON,22,27
uc1.b3477099,160,7,1,Debbie,PERSON,31,37
uc1.b3477099,160,9,0,Roger,PERSON,12,17
uc1.b3477099,160,12,0,Rattlesnake Ridge,LOC,62,79
uc1.b3477099,160,13,0,Debbie,PERSON,4,10
uc1.b3477099,160,17,0,Catskill Mountain,LOC,0,17
uc1.b3477099,160,18,0,twenty,CARDINAL,48,54
uc1.b3477099,160,20,0,morning,TIME,20,27
uc1.b3477099,160,21,0,years,DATE,22,27
uc1.b3477099,160,24,0,Roger,PERSON,62,67
uc1.b3477099,160,27,0,Today,DATE,0,5
uc1.b3477099,160,28,0,summer,DATE,62,68
uc1.b3477099,160,29,0,Mark,PERSON,56,60
uc1.b3477099,160,30,0,150,CARDINAL,101,104
uc1.b3477099,161,0,0,Catskill,GPE,0,8
uc1.b3477099,161,1,0,Roger,PERSON,7,12
uc1.b3477099,161,4,0,Mark,PERSON,0,4
uc1.b3477099,161,5,0,a good day,DATE,7,17
uc1.b3477099,161,9,0,August,DATE,50,56
uc1.b3477099,161,11,0,the night,TIME,55,64
uc1.b3477099,161,12,0,Rattlesnake Ridge,LOC,19,36
uc1.b3477099,161,14,0,Mark,PERSON,24,28
uc1.b3477099,161,16,0,two,CARDINAL,52,55
uc1.b3477099,161,18,0,His first year,DATE,0,14
uc1.b3477099,161,18,1,the summer,DATE,79,89
uc1.b3477099,161,21,0,Rattlesnake Ridge,LOC,22,39
uc1.b3477099,161,21,1,Roger,PERSON,60,65
uc1.b3477099,161,21,2,Joyce,PERSON,69,74
uc1.b3477099,161,22,0,twenty,CARDINAL,15,21
uc1.b3477099,161,22,1,that quarter mile,QUANTITY,53,70
uc1.b3477099,161,22,2,twentieth,ORDINAL,155,164
uc1.b3477099,161,23,0,151,CARDINAL,0,3
uc1.b3477099,162,0,0,Two,CARDINAL,0,3
uc1.b3477099,162,1,0,Roger,PERSON,25,30
uc1.b3477099,162,2,0,Joyce,PERSON,36,41
uc1.b3477099,162,4,0,only a few hundred yards,QUANTITY,14,38
uc1.b3477099,162,5,0,Mark,PERSON,14,18
uc1.b3477099,162,10,0,all day,DATE,30,37
uc1.b3477099,162,15,0,less than an hour,TIME,7,24
uc1.b3477099,162,15,1,Roger,PERSON,94,99
uc1.b3477099,162,17,0,Emily,PERSON,7,12
uc1.b3477099,162,17,1,Mark,PERSON,42,46
uc1.b3477099,162,19,0,Debbie,PERSON,5,11
uc1.b3477099,162,21,0,a couple of hundred,CARDINAL,5,24
uc1.b3477099,162,25,0,three,CARDINAL,33,38
uc1.b3477099,162,26,0,Joyce,PERSON,47,52
uc1.b3477099,162,26,1,152,CARDINAL,69,72
uc1.b3477099,163,0,0,Catskill Morning,PERSON,0,16
uc1.b3477099,163,1,0,Roger,PERSON,0,5
uc1.b3477099,163,1,1,three,CARDINAL,16,21
uc1.b3477099,163,10,0,Mark,PERSON,0,4
uc1.b3477099,163,10,1,Roger,PERSON,9,14
uc1.b3477099,163,10,2,three,CARDINAL,74,79
uc1.b3477099,163,11,0,Mark,PERSON,0,4
uc1.b3477099,163,11,1,Roger,PERSON,64,69
uc1.b3477099,163,12,0,fifteen minutes,TIME,3,18
uc1.b3477099,163,12,1,several hundred yards,QUANTITY,55,76
uc1.b3477099,163,14,0,Mark,PERSON,27,31
uc1.b3477099,163,14,1,Roger,PERSON,90,95
uc1.b3477099,163,14,2,two,CARDINAL,107,110
uc1.b3477099,163,15,0,Mark,PERSON,30,34
uc1.b3477099,163,15,1,seven,CARDINAL,182,187
uc1.b3477099,163,16,0,Mark,PERSON,50,54
uc1.b3477099,164,0,0,Two,CARDINAL,0,3
uc1.b3477099,164,0,1,Mark,PERSON,25,29
uc1.b3477099,164,2,0,first,ORDINAL,8,13
uc1.b3477099,164,2,1,that morning,TIME,51,63
uc1.b3477099,164,4,0,Joyce,PERSON,16,21
uc1.b3477099,164,8,0,Nazi,NORP,25,29
uc1.b3477099,164,20,0,Mark,PERSON,0,4
uc1.b3477099,164,28,0,154,CARDINAL,50,53
uc1.b3477099,165,2,0,first,ORDINAL,27,32
uc1.b3477099,165,13,0,Emily,PERSON,27,32
uc1.b3477099,165,15,0,Mark,PERSON,10,14
uc1.b3477099,165,18,0,Joyce,PERSON,1,6
uc1.b3477099,165,22,0,morning,TIME,16,23
uc1.b3477099,165,26,0,Mark,PERSON,0,4
uc1.b3477099,165,26,1,Echo Lake,LOC,38,47
uc1.b3477099,166,0,0,Two,CARDINAL,0,3
uc1.b3477099,166,1,0,Mark,PERSON,46,50
uc1.b3477099,166,4,0,Mark,PERSON,67,71
uc1.b3477099,166,6,0,Emily,PERSON,43,48
uc1.b3477099,166,8,0,Joyce,PERSON,25,30
uc1.b3477099,166,13,0,Emily,PERSON,14,19
uc1.b3477099,166,14,0,Debbie,PERSON,0,6
uc1.b3477099,166,16,0,tomorrow,DATE,29,37
uc1.b3477099,166,17,0,tomorrow,DATE,24,32
uc1.b3477099,166,23,0,today,DATE,20,25
uc1.b3477099,166,23,1,156,CARDINAL,28,31
uc1.b3477099,167,0,0,Catskill Morning,PERSON,0,16
uc1.b3477099,167,1,0,a couple of years,DATE,33,50
uc1.b3477099,167,10,0,Debbie,PERSON,0,6
uc1.b3477099,167,11,0,this year,DATE,39,48
uc1.b3477099,167,13,0,every year,DATE,32,42
uc1.b3477099,167,19,0,Mark,PERSON,9,13
uc1.b3477099,167,21,0,Mark,PERSON,1,5
uc1.b3477099,167,22,0,Mark,PERSON,7,11
uc1.b3477099,167,23,0,Mark,PERSON,5,9
uc1.b3477099,167,23,1,Joyce,PERSON,21,26
uc1.b3477099,167,32,0,Emily,PERSON,41,46
uc1.b3477099,167,35,0,a moment,TIME,10,18
uc1.b3477099,167,37,0,Shandaken,GPE,15,24
uc1.b3477099,167,38,0,157,CARDINAL,0,3
uc1.b3477099,168,0,0,Two,CARDINAL,0,3
uc1.b3477099,168,2,0,Shandaken,GPE,29,38
uc1.b3477099,168,5,0,several summers ago,DATE,6,25
uc1.b3477099,168,6,0,Camp Lookout Mountain,LOC,10,31
uc1.b3477099,168,6,1,a few miles,QUANTITY,49,60
uc1.b3477099,168,7,0,Camp Meadowlark,FAC,1,16
uc1.b3477099,168,9,0,Marilyn,PERSON,13,20
uc1.b3477099,168,9,1,fourteen,DATE,33,41
uc1.b3477099,168,10,0,Marilyn,PERSON,16,23
uc1.b3477099,168,10,1,first,ORDINAL,26,31
uc1.b3477099,168,13,0,One,CARDINAL,0,3
uc1.b3477099,168,14,0,Mark,PERSON,35,39
uc1.b3477099,168,15,0,Marilyn,PERSON,40,47
uc1.b3477099,168,16,0,each morning,TIME,30,42
uc1.b3477099,168,24,0,no more than two weeks old,DATE,10,36
uc1.b3477099,168,25,0,Nevin,PERSON,13,18
uc1.b3477099,168,25,1,sixteen,DATE,30,37
uc1.b3477099,169,0,0,Catskill Morning,PERSON,0,16
uc1.b3477099,169,0,1,Nevin,PERSON,56,61
uc1.b3477099,169,0,2,Marilyn,PERSON,66,73
uc1.b3477099,169,1,0,two,CARDINAL,11,14
uc1.b3477099,169,2,0,Nevin,PERSON,19,24
uc1.b3477099,169,2,1,Marilyn,PERSON,29,36
uc1.b3477099,169,5,0,Marilyn,PERSON,4,11
uc1.b3477099,169,6,0,Mark,PERSON,0,4
uc1.b3477099,169,7,0,Emily,PERSON,20,25
uc1.b3477099,169,7,1,summer,DATE,89,95
uc1.b3477099,169,15,0,a warm day,DATE,7,17
uc1.b3477099,169,16,0,A day,DATE,0,5
uc1.b3477099,169,16,1,today,DATE,11,16
uc1.b3477099,169,17,0,Nevin,PERSON,0,5
uc1.b3477099,169,17,1,Marilyn,PERSON,10,17
uc1.b3477099,169,21,0,That night,TIME,1,11
uc1.b3477099,169,22,0,Nevin,PERSON,0,5
uc1.b3477099,169,23,0,Marilyn,PERSON,0,7
uc1.b3477099,169,25,0,The morning,TIME,1,12
uc1.b3477099,169,25,1,Marilyn,PERSON,28,35
uc1.b3477099,169,26,0,Nevin,PERSON,7,12
uc1.b3477099,169,28,0,Marilyn,PERSON,3,10
uc1.b3477099,169,28,1,Nevin,PERSON,48,53
uc1.b3477099,169,29,0,One,CARDINAL,0,3
uc1.b3477099,169,29,1,159,CARDINAL,44,47
uc1.b3477099,170,0,0,Two,CARDINAL,0,3
uc1.b3477099,170,2,0,Marilyn,PERSON,33,40
uc1.b3477099,170,2,1,Nevin,PERSON,45,50
uc1.b3477099,170,5,0,two,CARDINAL,4,7
uc1.b3477099,170,7,0,Nevin,PERSON,29,34
uc1.b3477099,170,9,0,Nevin,PERSON,0,5
uc1.b3477099,170,10,0,less than a quarter of a mile,QUANTITY,8,37
uc1.b3477099,170,10,1,Nevin,PERSON,62,67
uc1.b3477099,170,11,0,two,CARDINAL,73,76
uc1.b3477099,170,13,0,several hours later,TIME,8,27
uc1.b3477099,170,14,0,Nevin,PERSON,73,78
uc1.b3477099,170,14,1,Marilyn,PERSON,83,90
uc1.b3477099,170,16,0,two,CARDINAL,38,41
uc1.b3477099,170,18,0,two summers ago,DATE,32,47
uc1.b3477099,170,19,0,two,CARDINAL,144,147
uc1.b3477099,171,0,0,Catskill Morning,LOC,0,16
uc1.b3477099,171,3,0,early morning,TIME,134,147
uc1.b3477099,171,4,0,A few weeks later,DATE,1,18
uc1.b3477099,171,4,1,the night,TIME,77,86
uc1.b3477099,171,5,0,all summer,DATE,80,90
uc1.b3477099,171,6,0,just a few days before,DATE,43,65
uc1.b3477099,171,7,0,two,CARDINAL,81,84
uc1.b3477099,171,7,1,Marilyn,PERSON,139,146
uc1.b3477099,171,7,2,Nevin,PERSON,151,156
uc1.b3477099,171,10,0,Emily,PERSON,55,60
uc1.b3477099,171,11,0,Roman,NORP,105,110
uc1.b3477099,171,13,0,Mark,PERSON,26,30
uc1.b3477099,172,0,0,Two,CARDINAL,0,3
uc1.b3477099,172,5,0,Joyce,PERSON,34,39
uc1.b3477099,172,5,1,Mark,PERSON,41,45
uc1.b3477099,172,5,2,Roger,PERSON,51,56
uc1.b3477099,172,7,0,Joyce,PERSON,0,5
uc1.b3477099,172,8,0,Mark,PERSON,22,26
uc1.b3477099,172,10,0,Mark,PERSON,0,4
uc1.b3477099,172,10,1,the morning,TIME,65,76
uc1.b3477099,172,12,0,the middle of next week,DATE,28,51
uc1.b3477099,172,13,0,Joyce,PERSON,0,5
uc1.b3477099,172,16,0,Joyce,PERSON,0,5
uc1.b3477099,172,17,0,Mark,PERSON,21,25
uc1.b3477099,172,17,1,tonight,TIME,31,38
uc1.b3477099,172,21,0,Mark,PERSON,4,8
uc1.b3477099,172,21,1,tonight,TIME,25,32
uc1.b3477099,172,22,0,last summer,DATE,69,80
uc1.b3477099,172,25,0,night,TIME,11,16
uc1.b3477099,172,25,1,Pavlova,PERSON,18,25
uc1.b3477099,172,26,0,162,CARDINAL,0,3
uc1.b3477099,173,0,0,Catskill Morning,PERSON,0,16
uc1.b3477099,173,1,0,night,TIME,6,11
uc1.b3477099,173,1,1,Emily,PERSON,14,19
uc1.b3477099,173,2,0,Emily,PERSON,0,5
uc1.b3477099,173,2,1,Mark,PERSON,14,18
uc1.b3477099,173,2,2,Roger,PERSON,23,28
uc1.b3477099,173,4,0,Mark,PERSON,68,72
uc1.b3477099,173,5,0,every day,DATE,57,66
uc1.b3477099,173,6,0,that day,DATE,16,24
uc1.b3477099,173,7,0,a few feet,QUANTITY,14,24
uc1.b3477099,173,12,0,Mark,PERSON,0,4
uc1.b3477099,173,12,1,Roger,PERSON,9,14
uc1.b3477099,173,13,0,Joyce,PERSON,0,5
uc1.b3477099,173,13,1,Emily,PERSON,21,26
uc1.b3477099,173,21,0,the morning,TIME,90,101
uc1.b3477099,173,21,1,Emily,PERSON,147,152
uc1.b3477099,174,0,0,Two,CARDINAL,0,3
uc1.b3477099,174,0,1,Emily,PERSON,25,30
uc1.b3477099,174,1,0,two,CARDINAL,40,43
uc1.b3477099,174,2,0,Catskill,LOC,2,10
uc1.b3477099,174,6,0,3,CARDINAL,0,1
uc1.b3477099,174,7,0,Emily,PERSON,0,5
uc1.b3477099,174,13,0,Joyce,PERSON,0,5
uc1.b3477099,174,13,1,Emily,PERSON,21,26
uc1.b3477099,174,14,0,first,ORDINAL,46,51
uc1.b3477099,174,15,0,Mark,PERSON,103,107
uc1.b3477099,174,18,0,Emily,PERSON,1,6
uc1.b3477099,174,19,0,Emily,PERSON,0,5
uc1.b3477099,175,0,0,Catskill,PERSON,0,8
uc1.b3477099,175,4,0,Emily,PERSON,12,17
uc1.b3477099,175,6,0,two months,DATE,53,63
uc1.b3477099,175,10,0,Mark,PERSON,1,5
uc1.b3477099,175,18,0,Mark,PERSON,9,13
uc1.b3477099,175,20,0,morning,TIME,18,25
uc1.b3477099,175,23,0,Mark,PERSON,33,37
uc1.b3477099,175,27,0,Nevin,PERSON,28,33
uc1.b3477099,175,27,1,Marilyn,PERSON,38,45
uc1.b3477099,175,32,0,two,CARDINAL,4,7
uc1.b3477099,175,32,1,one,CARDINAL,20,23
uc1.b3477099,175,32,2,165,CARDINAL,31,34
uc1.b3477099,176,0,0,Two,CARDINAL,0,3
uc1.b3477099,176,24,0,Emily,PERSON,1,6
uc1.b3477099,176,36,0,166,CARDINAL,0,3
uc1.b3477099,177,0,0,Catskill,GPE,0,8
uc1.b3477099,177,5,0,Mark,PERSON,26,30
uc1.b3477099,177,6,0,Adam,PERSON,5,9
uc1.b3477099,177,6,1,Eve,PERSON,14,17
uc1.b3477099,177,8,0,Emily,PERSON,1,6
uc1.b3477099,177,9,0,this morning,TIME,41,53
uc1.b3477099,177,12,0,Emily,PERSON,1,6
uc1.b3477099,177,13,0,Mark,PERSON,1,5
uc1.b3477099,177,15,0,Mark,PERSON,1,5
uc1.b3477099,177,17,0,Emily,PERSON,1,6
uc1.b3477099,177,18,0,Mark,PERSON,5,9
uc1.b3477099,177,24,0,Marilyn,PERSON,0,7
uc1.b3477099,177,25,0,Mark,PERSON,15,19
uc1.b3477099,177,27,0,Mark,PERSON,11,15
uc1.b3477099,177,28,0,Emily,PERSON,1,6
uc1.b3477099,177,30,0,two,CARDINAL,55,58
uc1.b3477099,177,31,0,167,CARDINAL,5,8
uc1.b3477099,178,0,0,Two,CARDINAL,0,3
uc1.b3477099,178,0,1,Mark,PERSON,32,36
uc1.b3477099,178,3,0,JOYCE,PERSON,1,6
uc1.b3477099,178,4,0,Joyce,PERSON,0,5
uc1.b3477099,178,6,0,JOYCE,PERSON,1,6
uc1.b3477099,178,7,0,Joyce,PERSON,0,5
uc1.b3477099,178,8,0,Mark,PERSON,1,5
uc1.b3477099,178,9,0,Emily,PERSON,0,5
uc1.b3477099,178,13,0,MAAAARK,PERSON,1,8
uc1.b3477099,178,24,0,Mark,PERSON,9,13
uc1.b3477099,178,25,0,Emily,PERSON,0,5
uc1.b3477099,178,32,0,Mark,PERSON,17,21
uc1.b3477099,178,33,0,Emily,PERSON,0,5
uc1.b3477099,178,34,0,Emily,PERSON,6,11
uc1.b3477099,178,35,0,Mark,PERSON,1,5
uc1.b3477099,178,35,1,168,CARDINAL,8,11
uc1.b3477099,179,0,0,Catskill,PERSON,0,8
uc1.b3477099,179,2,0,two,CARDINAL,16,19
uc1.b3477099,179,7,0,Mark,PERSON,23,27
uc1.b3477099,179,7,1,Emily,PERSON,30,35
uc1.b3477099,179,9,0,MARK,PERSON,1,5
uc1.b3477099,179,12,0,Emily,PERSON,0,5
uc1.b3477099,179,12,1,Joyce,PERSON,23,28
uc1.b3477099,179,13,0,Mark,PERSON,1,5
uc1.b3477099,179,13,1,two,CARDINAL,51,54
uc1.b3477099,179,14,0,Mark,PERSON,0,4
uc1.b3477099,179,14,1,seconds,TIME,66,73
uc1.b3477099,179,16,0,Joyce,PERSON,17,22
uc1.b3477099,179,17,0,Half,CARDINAL,1,5
uc1.b3477099,179,21,0,Joyce,PERSON,0,5
uc1.b3477099,179,21,1,a minute,TIME,17,25
uc1.b3477099,179,24,0,Mark,PERSON,0,4
uc1.b3477099,179,24,1,Emily,PERSON,10,15
uc1.b3477099,179,25,0,Emily,PERSON,0,5
uc1.b3477099,179,25,1,Joyce,PERSON,63,68
uc1.b3477099,179,25,2,Mark,PERSON,92,96
uc1.b3477099,180,0,0,Two,CARDINAL,0,3
uc1.b3477099,180,1,0,Mark,PERSON,0,4
uc1.b3477099,180,1,1,Joyce,PERSON,54,59
uc1.b3477099,180,5,0,Roger,PERSON,0,5
uc1.b3477099,180,7,0,Roger,PERSON,1,6
uc1.b3477099,180,9,0,About a quarter of a mile,QUANTITY,0,25
uc1.b3477099,180,10,0,Larry,PERSON,31,36
uc1.b3477099,180,11,0,Kingston Hospital,ORG,46,63
uc1.b3477099,180,19,0,Larry,PERSON,91,96
uc1.b3477099,180,21,0,Debbie,PERSON,8,14
uc1.b3477099,180,22,0,Larry,PERSON,10,15
uc1.b3477099,180,22,1,tonight,DATE,74,81
uc1.b3477099,180,22,2,tomorrow,DATE,85,93
uc1.b3477099,180,24,0,Emily,PERSON,14,19
uc1.b3477099,180,27,0,Mark,PERSON,35,39
uc1.b3477099,180,32,0,170,CARDINAL,0,3
uc1.b3477099,181,0,0,Catskill Morning,PERSON,0,16
uc1.b3477099,181,2,0,Emily,PERSON,0,5
uc1.b3477099,181,3,0,Joyce,PERSON,15,20
uc1.b3477099,181,3,1,first,ORDINAL,47,52
uc1.b3477099,181,6,0,Roger,PERSON,9,14
uc1.b3477099,181,9,0,Joyce,PERSON,0,5
uc1.b3477099,181,9,1,a few minutes later,TIME,36,55
uc1.b3477099,181,9,2,Mark,PERSON,56,60
uc1.b3477099,181,11,0,night,TIME,7,12
uc1.b3477099,181,12,0,that day,DATE,214,222
uc1.b3477099,181,15,0,Joyce,PERSON,58,63
uc1.b3477099,181,19,0,Mark,PERSON,19,23
uc1.b3477099,181,21,0,Larry,PERSON,14,19
uc1.b3477099,181,23,0,just two,CARDINAL,44,52
uc1.b3477099,181,24,0,Al,PERSON,13,15
uc1.b3477099,181,24,1,Mark,PERSON,17,21
uc1.b3477099,181,25,0,171,CARDINAL,0,3
uc1.b3477099,182,0,0,Two,CARDINAL,0,3
uc1.b3477099,182,1,0,Mark,PERSON,1,5
uc1.b3477099,182,1,1,three,CARDINAL,15,20
uc1.b3477099,182,2,0,Mark,PERSON,27,31
uc1.b3477099,182,4,0,Mark,PERSON,0,4
uc1.b3477099,182,5,0,Mark,PERSON,0,4
uc1.b3477099,182,6,0,Larry,PERSON,4,9
uc1.b3477099,182,8,0,Larry,PERSON,8,13
uc1.b3477099,182,10,0,Mark,PERSON,11,15
uc1.b3477099,182,14,0,Mark,PERSON,0,4
uc1.b3477099,182,16,0,Joyce,PERSON,32,37
uc1.b3477099,182,17,0,Tonight,TIME,1,8
uc1.b3477099,182,18,0,Joyce,PERSON,0,5
uc1.b3477099,182,19,0,Mark,PERSON,21,25
uc1.b3477099,182,19,1,Larry,PERSON,31,36
uc1.b3477099,182,23,0,Al,PERSON,21,23
uc1.b3477099,182,24,0,Rattlesnake Ridge,LOC,59,76
uc1.b3477099,182,26,0,twenty,CARDINAL,50,56
uc1.b3477099,182,26,1,only two,CARDINAL,66,74
uc1.b3477099,182,27,0,Mark,PERSON,0,4
uc1.b3477099,182,28,0,the past four summers,DATE,32,53
uc1.b3477099,182,29,0,a few summers ago,DATE,45,62
uc1.b3477099,182,30,0,Larry,PERSON,22,27
uc1.b3477099,182,32,0,Three summers ago,DATE,0,17
uc1.b3477099,183,0,0,Catskill Morning and,PERSON,0,20
uc1.b3477099,183,4,0,Al,PERSON,0,2
uc1.b3477099,183,5,0,Emily,PERSON,1,6
uc1.b3477099,183,16,0,Mark,PERSON,40,44
uc1.b3477099,183,18,0,Larry,PERSON,8,13
uc1.b3477099,183,25,0,Larry,PERSON,0,5
uc1.b3477099,183,25,1,Mark,PERSON,13,17
uc1.b3477099,183,28,0,the day,DATE,5,12
uc1.b3477099,183,28,1,tomorrow,DATE,17,25
uc1.b3477099,183,31,0,Larry,PERSON,0,5
uc1.b3477099,183,31,1,173,CARDINAL,113,116
uc1.b3477099,184,0,0,Two,CARDINAL,0,3
uc1.b3477099,184,3,0,tomorrow,DATE,29,37
uc1.b3477099,184,4,0,Larry,PERSON,9,14
uc1.b3477099,184,5,0,Mark,PERSON,16,20
uc1.b3477099,184,6,0,Joyce,PERSON,13,18
uc1.b3477099,184,7,0,Al,PERSON,0,2
uc1.b3477099,184,7,1,Joyce,PERSON,13,18
uc1.b3477099,184,10,0,a few minutes,TIME,24,37
uc1.b3477099,184,11,0,Al,PERSON,8,10
uc1.b3477099,184,11,1,Mark,PERSON,61,65
uc1.b3477099,184,12,0,night,TIME,6,11
uc1.b3477099,184,13,0,night,TIME,6,11
uc1.b3477099,184,13,1,Joyce,PERSON,14,19
uc1.b3477099,184,14,0,Mark,PERSON,0,4
uc1.b3477099,184,15,0,a minute,TIME,19,27
uc1.b3477099,184,15,1,Joyce,PERSON,30,35
uc1.b3477099,184,21,0,a couple of minutes,TIME,3,22
uc1.b3477099,184,22,0,Mark,PERSON,50,54
uc1.b3477099,184,29,0,174,CARDINAL,21,24
uc1.b3477099,185,0,0,Catskill Morning,PERSON,0,16
uc1.b3477099,185,3,0,Devieux,PERSON,36,43
uc1.b3477099,185,3,1,three,CARDINAL,44,49
uc1.b3477099,185,3,2,all three,CARDINAL,76,85
uc1.b3477099,185,4,0,ten years,DATE,60,69
uc1.b3477099,185,5,0,Ten years,DATE,0,9
uc1.b3477099,185,12,0,Mark,PERSON,24,28
uc1.b3477099,185,13,0,Devieux,PERSON,13,20
uc1.b3477099,185,14,0,Saturday,DATE,83,91
uc1.b3477099,185,15,0,Emily,PERSON,15,20
uc1.b3477099,185,16,0,Devieux,PERSON,17,24
uc1.b3477099,185,23,0,Emily,PERSON,20,25
uc1.b3477099,185,25,0,Joyce,PERSON,0,5
uc1.b3477099,185,28,0,Joyce,PERSON,0,5
uc1.b3477099,185,31,0,Mark,PERSON,0,4
uc1.b3477099,185,35,0,two,CARDINAL,15,18
uc1.b3477099,185,35,1,this morning,TIME,26,38
uc1.b3477099,186,0,0,Two,CARDINAL,0,3
uc1.b3477099,186,1,0,two,CARDINAL,46,49
uc1.b3477099,186,3,0,last night,TIME,33,43
uc1.b3477099,186,5,0,today,DATE,25,30
uc1.b3477099,186,5,1,Larry,PERSON,60,65
uc1.b3477099,186,12,0,two,CARDINAL,37,40
uc1.b3477099,186,23,0,Joyce,PERSON,19,24
uc1.b3477099,186,26,0,Mark,PERSON,0,4
uc1.b3477099,186,28,0,night,TIME,5,10
uc1.b3477099,186,28,1,Joyce,PERSON,12,17
uc1.b3477099,186,29,0,a few days later,DATE,7,23
uc1.b3477099,186,29,1,Emily,PERSON,29,34
uc1.b3477099,187,0,0,Catskill,PERSON,0,8
uc1.b3477099,187,1,0,Debbie,PERSON,5,11
uc1.b3477099,187,1,1,Emily,PERSON,38,43
uc1.b3477099,187,2,0,The next morning,TIME,0,16
uc1.b3477099,187,2,1,first,ORDINAL,44,49
uc1.b3477099,187,5,0,first,ORDINAL,16,21
uc1.b3477099,187,14,0,autumn,DATE,98,104
uc1.b3477099,187,19,0,Mark,PERSON,10,14
uc1.b3477099,187,21,0,God,PERSON,5,8
uc1.b3477099,187,24,0,177,CARDINAL,0,3
uc1.b3477099,188,0,0,Two,CARDINAL,0,3
uc1.b3477099,188,7,0,Emily,PERSON,1,6
uc1.b3477099,188,8,0,Mark,PERSON,1,5
uc1.b3477099,188,8,1,Mark,PERSON,7,11
uc1.b3477099,188,8,2,Mark,PERSON,13,17
uc1.b3477099,188,11,0,this morning,TIME,42,54
uc1.b3477099,188,16,0,that day,DATE,65,73
uc1.b3477099,188,26,0,Mark,PERSON,46,50
uc1.b3477099,188,27,0,178,CARDINAL,42,45
uc1.b3477099,189,0,0,Catskill,PERSON,0,8
uc1.b3477099,189,0,1,Emily,PERSON,41,46
uc1.b3477099,189,9,0,Mark,PERSON,0,4
uc1.b3477099,189,11,0,one,CARDINAL,18,21
uc1.b3477099,189,13,0,Mark,PERSON,0,4
uc1.b3477099,189,13,1,Mark,PERSON,6,10
uc1.b3477099,189,16,0,Mark,PERSON,4,8
uc1.b3477099,189,20,0,first,ORDINAL,56,61
uc1.b3477099,189,29,0,Larry,PERSON,8,13
uc1.b3477099,189,29,1,last night,TIME,14,24
uc1.b3477099,189,29,2,only two more weeks,DATE,67,86
uc1.b3477099,189,32,0,179,CARDINAL,24,27
uc1.b3477099,190,0,0,Two,CARDINAL,0,3
uc1.b3477099,190,17,0,An hour later,TIME,0,13
uc1.b3477099,190,18,0,Catskill,LOC,82,90
uc1.b3477099,190,18,1,morning,TIME,91,98
uc1.b3477099,190,23,0,morning,TIME,12,19
uc1.b3477099,190,25,0,180,CARDINAL,0,3
uc1.b3477099,193,0,0,JULIUS LESTER,PERSON,0,13
uc1.b3477099,193,0,1,Search for the New Land,WORK_OF_ART,61,84
uc1.b3477099,193,0,2,The Seventh Son,WORK_OF_ART,86,101
uc1.b3477099,193,0,3,Look out Whitey! Black Power's Gon' Get Your Mama,WORK_OF_ART,107,156
uc1.b3477099,193,1,0,To Be a Slave,WORK_OF_ART,20,33
uc1.b3477099,193,1,1,1969,DATE,37,41
uc1.b3477099,193,1,2,Newbery Honor Book,ORG,42,60
uc1.b3477099,193,2,0,Long Journey Home: Stories from Black History,WORK_OF_ART,44,89
uc1.b3477099,193,2,1,The Knee-High Man and Other Tales,WORK_OF_ART,94,127
uc1.b3477099,193,3,0,Lester,PERSON,4,10
uc1.b3477099,193,3,1,St. Louis,GPE,23,32
uc1.b3477099,193,3,2,Methodist,NORP,47,56
uc1.b3477099,193,4,0,fourteen,DATE,12,20
uc1.b3477099,193,4,1,Nashville,GPE,33,42
uc1.b3477099,193,4,2,Tennessee,GPE,44,53
uc1.b3477099,193,4,3,Basketball Game,WORK_OF_ART,72,87
uc1.b3477099,193,4,4,New York City,GPE,123,136
uc1.b3477099,193,4,5,the early 1960s,DATE,140,155
uc1.b3477099,193,5,0,weekly,DATE,26,32
uc1.b3477099,193,5,1,Afro-American,NORP,70,83
uc1.b3477099,193,5,2,The New School for Social Research,ORG,119,153
uc1.b3477099,193,5,3,New York City,GPE,157,170
uc1.b3477099,193,6,0,the University of Massachusetts,ORG,93,124
uc1.b3477099,193,7,0,two,CARDINAL,14,17
uc1.b3477099,193,7,1,Lester,PERSON,38,44
uc1.b3477099,193,7,2,New York City,GPE,54,67
uc1.b3477099,194,0,0,1,CARDINAL,0,1
uc1.b3477099,194,0,1,1,CARDINAL,2,3
uc1.b3477099,194,0,2,1,CARDINAL,4,5
uc1.b3477099,195,0,0,Janson,PERSON,33,39
uc1.b3477099,195,0,1,Linotype,ORG,43,51
uc1.b3477099,195,0,2,Antonius Janson,PERSON,89,104
uc1.b3477099,195,0,3,Dutch,NORP,108,113
uc1.b3477099,195,0,4,Frankfort,GPE,156,165
uc1.b3477099,195,0,5,Leipzig,GPE,170,177
uc1.b3477099,195,0,6,1651 to 1687,DATE,183,195
uc1.b3477099,195,1,0,Linotype,ORG,4,12
uc1.b3477099,195,1,1,Janson,PERSON,26,32
uc1.b3477099,195,1,2,1932,DATE,48,52
uc1.b3477099,195,1,3,the Mergenthaler Linotype Company,ORG,65,98
uc1.b3477099,195,1,4,C. H. Griffith,PERSON,122,136
uc1.b3477099,195,2,0,Janson,PERSON,0,6
uc1.b3477099,195,3,0,Atha Tehon,PERSON,10,20
uc1.b3477099,195,4,0,"Connecticut Printers, Inc.",ORG,15,41
uc1.b3477099,195,5,0,Haddon Craftsmen,ORG,21,37
uc1.b3477099,198,2,0,1-month,DATE,0,7
uc1.b3477099,198,2,1,642-3405,CARDINAL,40,48
uc1.b3477099,198,3,0,6-month,DATE,0,7
uc1.b3477099,198,3,1,Circulation Desk,ORG,52,68
uc1.b3477099,198,4,0,4 days prior,DATE,35,47
uc1.b3477099,198,5,0,7 DAYS,DATE,32,38
uc1.b3477099,198,6,0,October 12,DATE,0,10
uc1.b3477099,198,6,1,BAY 1,DATE,16,21
uc1.b3477099,198,6,2,JAN 27 1982,DATE,43,54
uc1.b3477099,198,6,3,JAN 6,DATE,63,68
uc1.b3477099,198,6,4,General Library,ORG,110,125
uc1.b3477099,198,6,5,University of California Berkeley,ORG,126,159
