vol_id,page,sentence_id,ent_id,entity,entity_type,start_char,end_char
uc1.$b399329,2,0,0,BERKELEY LIBRARY UNIVERSITY OF CALIFORNIA,ORG,0,41
uc1.$b399329,5,0,0,ETHIOPIA,GPE,0,8
uc1.$b399329,5,0,1,PROMISE,GPE,21,28
uc1.$b399329,5,0,2,NEW YORK,GPE,39,47
uc1.$b399329,7,0,0,ETHIOPIA,GPE,0,8
uc1.$b399329,7,0,1,CLAYTON ADAMS,PERSON,54,67
uc1.$b399329,7,0,2,Charles Henry Holmes,PERSON,76,96
uc1.$b399329,7,0,3,Ethiopia,GPE,100,108
uc1.$b399329,7,6,0,COSMOPOLITAN,NORP,4,16
uc1.$b399329,7,7,0,NEW YORK,GPE,0,8
uc1.$b399329,8,0,0,Library of Congress,ORG,0,19
uc1.$b399329,8,0,1,Holmes,PERSON,51,57
uc1.$b399329,8,0,2,Charles Henry,PERSON,59,72
uc1.$b399329,8,0,3,1874Ethiopia,GPE,74,86
uc1.$b399329,8,3,0,"5x7 5/16""",QUANTITY,31,40
uc1.$b399329,8,3,1,AMS,ORG,54,57
uc1.$b399329,8,3,2,"5 1/2 x 8 1/2""",QUANTITY,67,81
uc1.$b399329,8,4,0,1917,DATE,20,24
uc1.$b399329,8,4,1,New York,GPE,26,34
uc1.$b399329,8,4,2,1973,DATE,66,70
uc1.$b399329,8,4,3,the United States of America,GPE,87,115
uc1.$b399329,8,4,4,AMS PRESS INC,ORG,116,129
uc1.$b399329,8,5,0,NEW YORK,GPE,0,8
uc1.$b399329,8,5,1,N. Y.,GPE,10,15
uc1.$b399329,9,1,0,Ethiopian,NORP,139,148
uc1.$b399329,9,4,0,Unionland,LOC,76,85
uc1.$b399329,9,4,1,Atlanta,GPE,105,112
uc1.$b399329,9,4,2,Springfield,GPE,114,125
uc1.$b399329,9,4,3,New Orleans,GPE,127,138
uc1.$b399329,9,4,4,Mississippi,GPE,164,175
uc1.$b399329,9,4,5,Oklahoma,GPE,180,188
uc1.$b399329,9,5,0,Ethiopian,NORP,123,132
uc1.$b399329,9,6,0,Ethiop,NORP,171,177
uc1.$b399329,9,7,0,2969,CARDINAL,0,4
uc1.$b399329,10,1,0,Ethiop,NORP,165,171
uc1.$b399329,10,1,1,Magnolia,WORK_OF_ART,241,249
uc1.$b399329,10,2,0,Allan Dune,PERSON,68,78
uc1.$b399329,10,4,0,one,CARDINAL,168,171
uc1.$b399329,10,6,0,Donald Bleeker,PERSON,81,95
uc1.$b399329,10,8,0,one,CARDINAL,9,12
uc1.$b399329,11,5,0,CLAYTON ADAMS.,PERSON,0,14
uc1.$b399329,12,0,0,1,CARDINAL,0,1
uc1.$b399329,12,0,1,1,CARDINAL,2,3
uc1.$b399329,13,5,0,16 22,CARDINAL,116,121
uc1.$b399329,14,0,0,1,CARDINAL,0,1
uc1.$b399329,15,1,0,Ephraim Johnston,PERSON,0,16
uc1.$b399329,15,1,1,Lasalle Street,FAC,167,181
uc1.$b399329,15,1,2,Cargo City,GPE,183,193
uc1.$b399329,15,1,3,Unionland,GPE,230,239
uc1.$b399329,15,2,0,Saturday,DATE,7,15
uc1.$b399329,15,2,1,the fifth of,DATE,17,29
uc1.$b399329,15,4,0,Ephraim,PERSON,0,7
uc1.$b399329,15,6,0,Ephraim,PERSON,10,17
uc1.$b399329,15,8,0,four o'clock,TIME,9,21
uc1.$b399329,15,8,1,Ephraim,PERSON,78,85
uc1.$b399329,15,8,2,three,CARDINAL,88,93
uc1.$b399329,15,8,3,the past five days,DATE,168,186
uc1.$b399329,15,10,0,days,DATE,4,8
uc1.$b399329,16,0,0,12,CARDINAL,0,2
uc1.$b399329,16,0,1,Ephraim,PERSON,40,47
uc1.$b399329,16,1,0,an hour,TIME,169,176
uc1.$b399329,16,3,0,Ephraim,PERSON,72,79
uc1.$b399329,16,3,1,first,ORDINAL,96,101
uc1.$b399329,16,5,0,Eph,PERSON,20,23
uc1.$b399329,16,7,0,the last five days,DATE,24,42
uc1.$b399329,16,7,1,Sherlock Holmes,PERSON,70,85
uc1.$b399329,16,7,2,one,CARDINAL,129,132
uc1.$b399329,16,8,0,Jack,PERSON,13,17
uc1.$b399329,16,8,1,5,CARDINAL,35,36
uc1.$b399329,16,8,2,Eph,PERSON,45,48
uc1.$b399329,16,10,0,the past five days,DATE,61,79
uc1.$b399329,17,0,0,ETHIOPIA 13 ber 5,PERSON,0,17
uc1.$b399329,17,1,0,Eph,PERSON,39,42
uc1.$b399329,17,1,1,a few days before this Saturday,DATE,43,74
uc1.$b399329,17,1,2,Allan Dune,PERSON,95,105
uc1.$b399329,17,2,0,Eph,PERSON,3,6
uc1.$b399329,17,7,0,Adolph G. Mangus,PERSON,15,31
uc1.$b399329,17,9,0,Eph,PERSON,0,3
uc1.$b399329,17,10,0,one,CARDINAL,76,79
uc1.$b399329,18,0,0,ETHIOPIA Bishop,PERSON,3,18
uc1.$b399329,18,0,1,Roseburg,GPE,90,98
uc1.$b399329,18,2,0,Eph,PERSON,4,7
uc1.$b399329,18,2,1,Jacob Whiteside,PERSON,22,37
uc1.$b399329,18,2,2,Africa,LOC,109,115
uc1.$b399329,18,3,0,Eph,PERSON,9,12
uc1.$b399329,18,4,0,Chester A. Grant,PERSON,72,88
uc1.$b399329,18,4,1,one,CARDINAL,89,92
uc1.$b399329,18,5,0,Eph,PERSON,7,10
uc1.$b399329,18,6,0,only one,CARDINAL,104,112
uc1.$b399329,18,8,0,66,CARDINAL,0,2
uc1.$b399329,18,8,1,One,CARDINAL,3,6
uc1.$b399329,18,8,2,Two,CARDINAL,8,11
uc1.$b399329,18,9,0,Three,CARDINAL,0,5
uc1.$b399329,18,10,0,Four,CARDINAL,0,4
uc1.$b399329,18,10,1,Five,CARDINAL,6,10
uc1.$b399329,18,11,0,Allan Dune,PERSON,160,170
uc1.$b399329,18,13,0,Allan Dune,PERSON,90,100
uc1.$b399329,18,13,1,66,CARDINAL,108,110
uc1.$b399329,19,0,0,ETHIOPIA,PERSON,0,8
uc1.$b399329,19,1,0,Adolph G. Mangus,PERSON,59,75
uc1.$b399329,19,1,1,Jacob Whiteside,PERSON,91,106
uc1.$b399329,19,1,2,Chester A. Grant,PERSON,119,135
uc1.$b399329,19,1,3,Ephraim Johnston,PERSON,160,176
uc1.$b399329,19,1,4,Allan Dune,PERSON,281,291
uc1.$b399329,19,2,0,Eph,PERSON,5,8
uc1.$b399329,19,2,1,an hour before,TIME,188,202
uc1.$b399329,19,6,0,Eph,PERSON,107,110
uc1.$b399329,20,0,0,II,CARDINAL,8,10
uc1.$b399329,20,2,0,Allan Dune,PERSON,186,196
uc1.$b399329,20,6,0,Allan Dune,PERSON,67,77
uc1.$b399329,20,8,0,Whiteside,PERSON,102,111
uc1.$b399329,20,9,0,Dune,PERSON,28,32
uc1.$b399329,20,9,1,16,CARDINAL,48,50
uc1.$b399329,21,0,0,nearly a half-century,DATE,41,62
uc1.$b399329,21,5,0,Allan Dune,PERSON,218,228
uc1.$b399329,21,6,0,Mangus,PERSON,31,37
uc1.$b399329,21,8,0,Unionland,GPE,59,68
uc1.$b399329,21,8,1,Constitution,LAW,87,99
uc1.$b399329,21,9,0,Eph,PERSON,141,144
uc1.$b399329,22,2,0,Eph,PERSON,35,38
uc1.$b399329,22,3,0,Chester A. Grant,PERSON,30,46
uc1.$b399329,22,4,0,Whiteside,PERSON,87,96
uc1.$b399329,22,7,0,Whiteside,PERSON,32,41
uc1.$b399329,22,9,0,five months ago,DATE,7,22
uc1.$b399329,22,9,1,Whiteside,PERSON,31,40
uc1.$b399329,22,9,2,first,ORDINAL,51,56
uc1.$b399329,22,9,3,the fifth day of every month,DATE,80,108
uc1.$b399329,22,12,0,one,CARDINAL,13,16
uc1.$b399329,22,14,0,Whiteside,PERSON,0,9
uc1.$b399329,22,14,1,first,ORDINAL,46,51
uc1.$b399329,23,0,0,19,CARDINAL,9,11
uc1.$b399329,23,3,0,Allan Dune,PERSON,60,70
uc1.$b399329,23,4,0,one,CARDINAL,3,6
uc1.$b399329,23,4,1,half,CARDINAL,35,39
uc1.$b399329,23,6,0,Three days ago,DATE,0,14
uc1.$b399329,23,6,1,Arvada,GPE,60,66
uc1.$b399329,23,6,2,a mile,QUANTITY,83,89
uc1.$b399329,23,8,0,Cargo City,GPE,25,35
uc1.$b399329,23,8,1,the night of the fifth,TIME,39,61
uc1.$b399329,23,14,0,this afternoon,TIME,22,36
uc1.$b399329,23,15,0,Grant,PERSON,27,32
uc1.$b399329,24,0,0,20,CARDINAL,0,2
uc1.$b399329,24,0,1,ETHIOPIA,PERSON,3,11
uc1.$b399329,24,0,2,Whiteside,PERSON,36,45
uc1.$b399329,24,0,3,two,CARDINAL,69,72
uc1.$b399329,24,1,0,99,CARDINAL,0,2
uc1.$b399329,24,4,0,Whiteside,PERSON,83,92
uc1.$b399329,24,5,0,Cargo City,GPE,14,24
uc1.$b399329,24,7,0,5,CARDINAL,29,30
uc1.$b399329,24,8,0,second,TIME,10,16
uc1.$b399329,24,10,0,Greek,NORP,34,39
uc1.$b399329,24,15,0,April 25,DATE,18,26
uc1.$b399329,24,15,1,Springville,GPE,28,39
uc1.$b399329,24,15,2,May 1,DATE,41,46
uc1.$b399329,24,15,3,Blackwood,GPE,48,57
uc1.$b399329,24,15,4,5th,ORDINAL,103,106
uc1.$b399329,24,15,5,Lasalle,GPE,108,115
uc1.$b399329,24,16,0,Blackwood,GPE,30,39
uc1.$b399329,24,17,0,Whiteside,PERSON,22,31
uc1.$b399329,24,17,1,99,CARDINAL,72,74
uc1.$b399329,25,0,0,ETHIOPIA,PERSON,0,8
uc1.$b399329,25,1,0,Eph,PERSON,6,9
uc1.$b399329,25,2,0,Eph,PERSON,16,19
uc1.$b399329,25,3,0,this day,DATE,122,130
uc1.$b399329,25,4,0,Whiteside,PERSON,87,96
uc1.$b399329,25,5,0,66,CARDINAL,0,2
uc1.$b399329,25,7,0,Daniel,PERSON,10,16
uc1.$b399329,25,7,1,Joseph,PERSON,22,28
uc1.$b399329,25,9,0,Allan Dune,PERSON,53,63
uc1.$b399329,25,12,0,Whiteside,PERSON,50,59
uc1.$b399329,25,12,1,5,CARDINAL,112,113
uc1.$b399329,25,13,0,Ethiopia,GPE,1,9
uc1.$b399329,25,13,1,one,CARDINAL,20,23
uc1.$b399329,25,13,2,four,CARDINAL,39,43
uc1.$b399329,25,14,0,Dixie,WORK_OF_ART,69,74
uc1.$b399329,25,14,1,Irish,NORP,149,154
uc1.$b399329,26,1,0,Grant,PERSON,47,52
uc1.$b399329,26,1,1,first,ORDINAL,108,113
uc1.$b399329,26,2,0,The Union of Ethiopia,ORG,74,95
uc1.$b399329,26,3,0,Allan Dune,PERSON,0,10
uc1.$b399329,26,3,1,Ephraim Johnston,PERSON,36,52
uc1.$b399329,26,3,2,three,CARDINAL,79,84
uc1.$b399329,26,4,0,the Union of Ethiopia,ORG,16,37
uc1.$b399329,26,4,1,Unionland,GPE,159,168
uc1.$b399329,26,6,0,Union,ORG,171,176
uc1.$b399329,26,7,0,five days,DATE,22,31
uc1.$b399329,26,7,1,22,DATE,52,54
uc1.$b399329,27,3,0,Union,ORG,122,127
uc1.$b399329,27,3,1,weekly,DATE,156,162
uc1.$b399329,27,3,2,Union,ORG,270,275
uc1.$b399329,27,3,3,Unionland,GPE,360,369
uc1.$b399329,27,5,0,Jack,PERSON,0,4
uc1.$b399329,27,5,1,Cuban,NORP,156,161
uc1.$b399329,27,7,0,the last day's,DATE,17,31
uc1.$b399329,27,7,1,the Union of Ethiopia,ORG,102,123
uc1.$b399329,28,5,0,Chester A. Grant,PERSON,84,100
uc1.$b399329,28,12,0,the Constitution of Unionland,LAW,83,112
uc1.$b399329,29,2,0,ten to fifteen millions,CARDINAL,97,120
uc1.$b399329,29,5,0,Washington,PERSON,35,45
uc1.$b399329,30,4,0,five months,DATE,54,65
uc1.$b399329,30,5,0,Ethiopians,NORP,65,75
uc1.$b399329,30,6,0,the closing hours,TIME,15,32
uc1.$b399329,30,7,0,first,ORDINAL,119,124
uc1.$b399329,30,7,1,The Union of Ethiopia,ORG,160,181
uc1.$b399329,31,0,0,IV,CARDINAL,8,10
uc1.$b399329,31,1,0,the Province of Illicia,GPE,21,44
uc1.$b399329,31,1,1,Allan Dune,PERSON,46,56
uc1.$b399329,31,3,0,the age of,DATE,45,55
uc1.$b399329,31,3,1,fifteen,DATE,56,63
uc1.$b399329,31,4,0,Allan Dune's,PERSON,0,12
uc1.$b399329,31,5,0,the age of,DATE,3,13
uc1.$b399329,31,5,1,sixteen,DATE,14,21
uc1.$b399329,31,5,2,Allan,PERSON,22,27
uc1.$b399329,31,8,0,Allan,PERSON,36,41
uc1.$b399329,32,3,0,Union,ORG,30,35
uc1.$b399329,32,3,1,Cargo City,GPE,63,73
uc1.$b399329,32,4,0,Allan Dune,PERSON,4,14
uc1.$b399329,32,5,0,the Union of Ethiopia,ORG,89,110
uc1.$b399329,32,7,0,Allan Dune,PERSON,40,50
uc1.$b399329,32,8,0,The day,DATE,0,7
uc1.$b399329,32,8,1,Eph,PERSON,35,38
uc1.$b399329,32,9,0,One,CARDINAL,0,3
uc1.$b399329,32,9,1,Morris Bleecker,PERSON,44,59
uc1.$b399329,32,10,0,Eph,PERSON,0,3
uc1.$b399329,32,11,0,Allan Dune,PERSON,29,39
uc1.$b399329,33,0,0,ETHIOPIA 29,PERSON,0,11
uc1.$b399329,33,0,1,Bleecker,PERSON,46,54
uc1.$b399329,33,0,2,Allan,PERSON,124,129
uc1.$b399329,33,1,0,Allan,PERSON,0,5
uc1.$b399329,33,1,1,Cargo City,GPE,101,111
uc1.$b399329,33,3,0,about thirty,DATE,66,78
uc1.$b399329,33,7,0,Allan,PERSON,83,88
uc1.$b399329,33,8,0,half,CARDINAL,81,85
uc1.$b399329,33,9,0,Kate,PERSON,6,10
uc1.$b399329,33,11,0,Allan,PERSON,46,51
uc1.$b399329,33,13,0,Bleecker,PERSON,26,34
uc1.$b399329,33,14,0,Bleecker,PERSON,5,13
uc1.$b399329,33,14,1,Allan,PERSON,124,129
uc1.$b399329,33,15,0,Bleecker,PERSON,21,29
uc1.$b399329,34,0,0,30,CARDINAL,0,2
uc1.$b399329,34,0,1,ETHIOPIA,PERSON,3,11
uc1.$b399329,34,1,0,Bleecker,PERSON,10,18
uc1.$b399329,34,1,1,Allan,PERSON,35,40
uc1.$b399329,34,1,2,eighteen,DATE,63,71
uc1.$b399329,34,1,3,the Indian Ocean,LOC,126,142
uc1.$b399329,34,1,4,only one,CARDINAL,264,272
uc1.$b399329,34,2,0,three weeks,DATE,24,35
uc1.$b399329,34,3,0,Savna,GPE,25,30
uc1.$b399329,34,3,1,Unionland,GPE,73,82
uc1.$b399329,34,4,0,South,LOC,30,35
uc1.$b399329,34,7,0,Magnolia,LOC,40,48
uc1.$b399329,34,7,1,Southern,NORP,94,102
uc1.$b399329,34,8,0,Southern,NORP,202,210
uc1.$b399329,34,9,0,Allan,PERSON,0,5
uc1.$b399329,34,10,0,Bleecker,PERSON,15,23
uc1.$b399329,35,2,0,Allan,PERSON,0,5
uc1.$b399329,35,7,0,the Cargo National Bank,ORG,83,106
uc1.$b399329,35,8,0,the day after to-morrow,DATE,134,157
uc1.$b399329,35,10,0,Bleecker,PERSON,9,17
uc1.$b399329,35,10,1,Allan,PERSON,22,27
uc1.$b399329,35,11,0,Allan,PERSON,55,60
uc1.$b399329,35,12,0,Allan,PERSON,0,5
uc1.$b399329,35,14,0,Allan,PERSON,0,5
uc1.$b399329,35,15,0,Harold,PERSON,1,7
uc1.$b399329,35,15,1,Bleecker,PERSON,20,28
uc1.$b399329,35,15,2,Allan,PERSON,89,94
uc1.$b399329,36,0,0,Allan Dune,PERSON,21,31
uc1.$b399329,36,2,0,first,ORDINAL,8,13
uc1.$b399329,36,2,1,many months,DATE,22,33
uc1.$b399329,36,3,0,Harold,PERSON,52,58
uc1.$b399329,36,3,1,Harold,PERSON,60,66
uc1.$b399329,36,5,0,Allan,PERSON,22,27
uc1.$b399329,36,6,0,Allan,PERSON,0,5
uc1.$b399329,36,7,0,Bleecker,PERSON,19,27
uc1.$b399329,36,7,1,Allan,PERSON,60,65
uc1.$b399329,37,0,0,V,CARDINAL,8,9
uc1.$b399329,37,1,0,Ephraim Johnston,PERSON,78,94
uc1.$b399329,37,1,1,Allan,PERSON,122,127
uc1.$b399329,37,2,0,Bleeckers,PERSON,36,45
uc1.$b399329,37,2,1,the hour,TIME,120,128
uc1.$b399329,37,2,2,Bleecker,PERSON,212,220
uc1.$b399329,37,4,0,"the ""Gulf Limited",PRODUCT,25,42
uc1.$b399329,37,4,1,springtime,DATE,125,135
uc1.$b399329,37,5,0,Allan,PERSON,109,114
uc1.$b399329,37,7,0,evening,TIME,14,21
uc1.$b399329,37,8,0,Allan,PERSON,0,5
uc1.$b399329,37,9,0,Allan,PERSON,24,29
uc1.$b399329,38,0,0,ETHIOPIA,PERSON,3,11
uc1.$b399329,38,0,1,Allan,PERSON,97,102
uc1.$b399329,38,1,0,Bleecker,PERSON,5,13
uc1.$b399329,38,1,1,two,CARDINAL,91,94
uc1.$b399329,38,2,0,the morning,TIME,65,76
uc1.$b399329,38,2,1,Allan,PERSON,112,117
uc1.$b399329,38,3,0,Allan,PERSON,28,33
uc1.$b399329,38,3,1,Mangus,PERSON,153,159
uc1.$b399329,38,7,0,Elsa,PERSON,17,21
uc1.$b399329,38,7,1,Dune,PERSON,27,31
uc1.$b399329,38,8,0,Allan,PERSON,0,5
uc1.$b399329,38,8,1,Dune,PERSON,141,145
uc1.$b399329,38,12,0,Allan,PERSON,35,40
uc1.$b399329,38,12,1,Mangus,PERSON,59,65
uc1.$b399329,38,12,2,Savna,GPE,113,118
uc1.$b399329,38,12,3,Elias College,ORG,187,200
uc1.$b399329,38,15,0,Allan,PERSON,0,5
uc1.$b399329,39,0,0,ETHIOPIA,PERSON,0,8
uc1.$b399329,39,1,0,Allan,PERSON,5,10
uc1.$b399329,39,1,1,Bleecker,PERSON,48,56
uc1.$b399329,39,1,2,Harold,PERSON,186,192
uc1.$b399329,39,1,3,Allan,PERSON,208,213
uc1.$b399329,39,2,0,two,CARDINAL,62,65
uc1.$b399329,39,6,0,Allan,PERSON,73,78
uc1.$b399329,40,2,0,Unionland,GPE,122,131
uc1.$b399329,40,10,0,Elsa,PERSON,0,4
uc1.$b399329,40,10,1,Allan,PERSON,84,89
uc1.$b399329,40,11,0,Dune,PERSON,135,139
uc1.$b399329,40,13,0,Magnolia,GPE,59,67
uc1.$b399329,41,3,0,Bishop,PERSON,15,21
uc1.$b399329,41,3,1,Allan,PERSON,32,37
uc1.$b399329,41,9,0,Mangus,PERSON,56,62
uc1.$b399329,41,9,1,Allan,PERSON,106,111
uc1.$b399329,42,0,0,38,CARDINAL,0,2
uc1.$b399329,42,1,0,Allan,PERSON,0,5
uc1.$b399329,42,2,0,Allan,PERSON,43,48
uc1.$b399329,42,5,0,G'wan,PERSON,0,5
uc1.$b399329,42,6,0,Allan,PERSON,94,99
uc1.$b399329,42,6,1,the day,DATE,147,154
uc1.$b399329,42,11,0,THIS CAR FOR NEGROES,WORK_OF_ART,64,84
uc1.$b399329,42,13,0,Elsa,PERSON,0,4
uc1.$b399329,43,0,0,ETHIOPIA 39 ductor,PERSON,0,18
uc1.$b399329,43,2,0,Allan,PERSON,0,5
uc1.$b399329,43,5,0,Elsa,PERSON,0,4
uc1.$b399329,43,7,0,Allan,PERSON,0,5
uc1.$b399329,44,0,0,VI,CARDINAL,8,10
uc1.$b399329,44,4,0,Elsa,PERSON,0,4
uc1.$b399329,44,5,0,Allan Dune,PERSON,50,60
uc1.$b399329,44,6,0,twenty,CARDINAL,233,239
uc1.$b399329,44,7,0,Allan,PERSON,10,15
uc1.$b399329,44,8,0,40,CARDINAL,3,5
uc1.$b399329,45,0,0,ETHIOPIA 4I,PERSON,0,11
uc1.$b399329,45,1,0,Allan,PERSON,78,83
uc1.$b399329,45,4,0,Bleecker,PERSON,5,13
uc1.$b399329,45,8,0,Allan,PERSON,49,54
uc1.$b399329,45,9,0,Harold,PERSON,107,113
uc1.$b399329,45,11,0,Bleecker,PERSON,5,13
uc1.$b399329,46,0,0,42,CARDINAL,0,2
uc1.$b399329,46,0,1,ETHIOPIA,GPE,3,11
uc1.$b399329,46,2,0,Abe,PERSON,25,28
uc1.$b399329,46,3,0,winter,DATE,35,41
uc1.$b399329,46,3,1,Savna,GPE,50,55
uc1.$b399329,46,3,2,years,DATE,60,65
uc1.$b399329,46,4,0,Morris Bleecker's,PERSON,0,17
uc1.$b399329,46,4,1,summer,DATE,18,24
uc1.$b399329,46,4,2,Nain,GPE,56,60
uc1.$b399329,46,4,3,South,LOC,107,112
uc1.$b399329,46,4,4,North,LOC,246,251
uc1.$b399329,46,8,0,Bleecker,PERSON,5,13
uc1.$b399329,46,9,0,Allan,PERSON,0,5
uc1.$b399329,46,12,0,at least sixty feet,QUANTITY,16,35
uc1.$b399329,47,0,0,ETHIOPIA 43,PERSON,0,11
uc1.$b399329,47,4,0,one,CARDINAL,8,11
uc1.$b399329,47,15,0,one,CARDINAL,87,90
uc1.$b399329,47,17,0,One,CARDINAL,0,3
uc1.$b399329,48,0,0,ETHIOPIA,GPE,3,11
uc1.$b399329,48,1,0,Bleecker,PERSON,12,20
uc1.$b399329,48,4,0,Allan,PERSON,53,58
uc1.$b399329,48,6,0,nearly three o'clock in the afternoon,TIME,7,44
uc1.$b399329,48,7,0,Savna,FAC,26,31
uc1.$b399329,48,9,0,Allan,PERSON,0,5
uc1.$b399329,48,11,0,Bleecker,PRODUCT,4,12
uc1.$b399329,48,11,1,Abe,PERSON,45,48
uc1.$b399329,48,11,2,more than a year,DATE,97,113
uc1.$b399329,48,12,0,Bleecker,PERSON,21,29
uc1.$b399329,48,12,1,Harold,PERSON,226,232
uc1.$b399329,48,13,0,nearly two year ago,DATE,52,71
uc1.$b399329,48,14,0,Bleecker,PERSON,8,16
uc1.$b399329,48,14,1,Allan,PERSON,89,94
uc1.$b399329,49,0,0,ETHIOPIA,PERSON,0,8
uc1.$b399329,49,0,1,Abe,PERSON,22,25
uc1.$b399329,49,1,0,Allan,PERSON,82,87
uc1.$b399329,49,1,1,first,ORDINAL,111,116
uc1.$b399329,49,1,2,Harold,PERSON,146,152
uc1.$b399329,49,2,0,Bleecker,PERSON,25,33
uc1.$b399329,49,2,1,Allan,PERSON,64,69
uc1.$b399329,49,2,2,Bleecker,PERSON,103,111
uc1.$b399329,49,2,3,about two miles,QUANTITY,141,156
uc1.$b399329,49,4,0,Abe,PERSON,40,43
uc1.$b399329,49,4,1,Allan,PERSON,57,62
uc1.$b399329,49,4,2,Mangus,PERSON,178,184
uc1.$b399329,49,4,3,Elsa,PERSON,202,206
uc1.$b399329,49,5,0,Allan,PERSON,73,78
uc1.$b399329,49,7,0,Negro,NORP,15,20
uc1.$b399329,49,9,0,one,CARDINAL,56,59
uc1.$b399329,50,0,0,ETHIOPIA,PERSON,3,11
uc1.$b399329,50,1,0,Allan Dune,PERSON,7,17
uc1.$b399329,50,1,1,two,CARDINAL,67,70
uc1.$b399329,50,1,2,one day,DATE,82,89
uc1.$b399329,50,3,0,Allan,PERSON,98,103
uc1.$b399329,50,4,0,Allan,PERSON,30,35
uc1.$b399329,50,5,0,dozen,CARDINAL,54,59
uc1.$b399329,50,8,0,Bleecker,PERSON,12,20
uc1.$b399329,50,9,0,Harold,PERSON,113,119
uc1.$b399329,50,10,0,Allan,PERSON,82,87
uc1.$b399329,51,0,0,ETHIOPIA,PERSON,0,8
uc1.$b399329,51,3,0,Allan,PERSON,7,12
uc1.$b399329,51,4,0,Coon,PERSON,31,35
uc1.$b399329,51,4,1,one,CARDINAL,44,47
uc1.$b399329,51,5,0,Allan,PERSON,17,22
uc1.$b399329,51,5,1,first,ORDINAL,25,30
uc1.$b399329,51,6,0,Jack Carter,PERSON,0,11
uc1.$b399329,51,6,1,the Savna Times,ORG,28,43
uc1.$b399329,51,6,2,the next day's,DATE,84,98
uc1.$b399329,51,7,0,NEGRO DESPERADO ASSAULTS GENTLEMAN,PERSON,33,67
uc1.$b399329,52,0,0,VII,CARDINAL,8,11
uc1.$b399329,52,8,0,Two weeks,DATE,0,9
uc1.$b399329,52,9,0,48,CARDINAL,29,31
uc1.$b399329,53,1,0,Allan,PERSON,0,5
uc1.$b399329,53,1,1,daily,DATE,37,42
uc1.$b399329,53,2,0,Harold,PERSON,27,33
uc1.$b399329,53,2,1,daily,DATE,139,144
uc1.$b399329,53,3,0,Allan,PERSON,53,58
uc1.$b399329,53,4,0,Allan,PERSON,17,22
uc1.$b399329,53,4,1,Savna,GPE,167,172
uc1.$b399329,53,5,0,Mangus,PERSON,26,32
uc1.$b399329,53,6,0,the morning,TIME,25,36
uc1.$b399329,53,6,1,Bleecker,PERSON,62,70
uc1.$b399329,53,6,2,Allan,PERSON,105,110
uc1.$b399329,53,8,0,Allan Dune,PERSON,18,28
uc1.$b399329,53,9,0,Allan,PERSON,0,5
uc1.$b399329,53,14,0,Mangus,PERSON,13,19
uc1.$b399329,53,14,1,Allan,PERSON,39,44
uc1.$b399329,53,16,0,that morning,TIME,10,22
uc1.$b399329,53,16,1,Allan,PERSON,52,57
uc1.$b399329,53,16,2,Mangus,PERSON,80,86
uc1.$b399329,53,17,0,Elsa,PERSON,60,64
uc1.$b399329,53,17,1,Jane,PERSON,190,194
uc1.$b399329,54,0,0,50,CARDINAL,0,2
uc1.$b399329,54,0,1,ETHIOPIA,PERSON,3,11
uc1.$b399329,54,1,0,first,ORDINAL,9,14
uc1.$b399329,54,1,1,Elsa,PERSON,25,29
uc1.$b399329,54,1,2,Allan,PERSON,39,44
uc1.$b399329,54,3,0,Allan,PERSON,0,5
uc1.$b399329,54,4,0,Ephraim Johnston,PERSON,32,48
uc1.$b399329,54,4,1,Cargo City,GPE,52,62
uc1.$b399329,54,4,2,Eph,PERSON,94,97
uc1.$b399329,54,4,3,the Union of Ethiopia,ORG,138,159
uc1.$b399329,54,5,0,Elsa,PERSON,5,9
uc1.$b399329,54,6,0,Savna,GPE,53,58
uc1.$b399329,54,8,0,Allan,PERSON,46,51
uc1.$b399329,54,8,1,Elsa,PERSON,56,60
uc1.$b399329,54,8,2,Jane,PERSON,141,145
uc1.$b399329,54,9,0,Harold,PERSON,59,65
uc1.$b399329,54,10,0,Harold,PERSON,10,16
uc1.$b399329,54,10,1,Allan,PERSON,99,104
uc1.$b399329,54,10,2,Elsa,PERSON,109,113
uc1.$b399329,54,11,0,Allan,PERSON,53,58
uc1.$b399329,55,0,0,ETHIOPIA,PERSON,0,8
uc1.$b399329,55,1,0,two,CARDINAL,11,14
uc1.$b399329,55,1,1,Allan,PERSON,17,22
uc1.$b399329,55,1,2,Elsa,PERSON,27,31
uc1.$b399329,55,4,0,Elsa,PERSON,0,4
uc1.$b399329,55,9,0,a hundred,CARDINAL,103,112
uc1.$b399329,55,10,0,Allan,PERSON,12,17
uc1.$b399329,55,12,0,Elsa,PERSON,14,18
uc1.$b399329,55,13,0,Elsa,PERSON,29,33
uc1.$b399329,56,0,0,52,CARDINAL,0,2
uc1.$b399329,56,1,0,Allan,PERSON,145,150
uc1.$b399329,56,3,0,Indian,NORP,28,34
uc1.$b399329,56,3,1,Indian,NORP,78,84
uc1.$b399329,56,8,0,a half-dozen,CARDINAL,57,69
uc1.$b399329,56,8,1,Elsa,PERSON,87,91
uc1.$b399329,56,9,0,Mangus,PERSON,4,10
uc1.$b399329,56,10,0,Luke Dean,PERSON,24,33
uc1.$b399329,56,10,1,Bleecker,PERSON,57,65
uc1.$b399329,56,11,0,Dean,PERSON,5,9
uc1.$b399329,56,11,1,Allan,PERSON,53,58
uc1.$b399329,56,11,2,Allan,PERSON,82,87
uc1.$b399329,56,12,0,Dean,PERSON,7,11
uc1.$b399329,56,12,1,Allan,PERSON,16,21
uc1.$b399329,57,0,0,ETHIOPIA 53,ORG,0,11
uc1.$b399329,57,1,0,terpsichorean,NORP,47,60
uc1.$b399329,57,1,1,Jane,PERSON,75,79
uc1.$b399329,57,1,2,Elsa,PERSON,139,143
uc1.$b399329,57,1,3,Missy,PERSON,158,163
uc1.$b399329,57,2,0,Jane,PERSON,47,51
uc1.$b399329,57,4,0,nearly dusk,TIME,7,18
uc1.$b399329,57,4,1,Allan,PERSON,24,29
uc1.$b399329,57,6,0,three,CARDINAL,41,46
uc1.$b399329,57,8,0,One,CARDINAL,0,3
uc1.$b399329,57,8,1,Babe Ellis,PERSON,32,42
uc1.$b399329,57,9,0,Allan,PERSON,14,19
uc1.$b399329,57,10,0,One,CARDINAL,0,3
uc1.$b399329,57,12,0,Allan,PERSON,0,5
uc1.$b399329,57,12,1,Harold,PERSON,34,40
uc1.$b399329,57,14,0,two,CARDINAL,4,7
uc1.$b399329,57,14,1,Allan,PERSON,9,14
uc1.$b399329,57,14,2,Harold,PERSON,19,25
uc1.$b399329,57,14,3,Bleecker,PERSON,67,75
uc1.$b399329,57,15,0,Allan,PERSON,0,5
uc1.$b399329,57,15,1,three,CARDINAL,74,79
uc1.$b399329,57,15,2,one-two-three,CARDINAL,123,136
uc1.$b399329,57,16,0,Allan,PERSON,0,5
uc1.$b399329,58,0,0,ETHIOPIA,PERSON,3,11
uc1.$b399329,58,2,0,Harold,PERSON,7,13
uc1.$b399329,58,5,0,Allan,PERSON,0,5
uc1.$b399329,59,0,0,VIII,CARDINAL,8,12
uc1.$b399329,59,1,0,Morris Bleecker,PERSON,0,15
uc1.$b399329,59,3,0,Unionland,GPE,34,43
uc1.$b399329,59,4,0,Harold,PERSON,19,25
uc1.$b399329,59,4,1,Orient,LOC,146,152
uc1.$b399329,59,4,2,Bleecker,PERSON,158,166
uc1.$b399329,59,5,0,Morris Bleecker,PERSON,53,68
uc1.$b399329,59,5,1,Harold,PERSON,113,119
uc1.$b399329,59,7,0,Cargo City,GPE,54,64
uc1.$b399329,59,8,0,Harold,PERSON,39,45
uc1.$b399329,60,0,0,56,CARDINAL,0,2
uc1.$b399329,60,0,1,Abe,PERSON,57,60
uc1.$b399329,60,1,0,Allan Dune,PERSON,56,66
uc1.$b399329,60,1,1,Morris Bleecker,PERSON,72,87
uc1.$b399329,60,2,0,that eventful night,TIME,3,22
uc1.$b399329,60,2,1,Allan,PERSON,39,44
uc1.$b399329,60,3,0,that evening,TIME,52,64
uc1.$b399329,60,3,1,Harold,PERSON,108,114
uc1.$b399329,60,4,0,Allan,PERSON,9,14
uc1.$b399329,60,4,1,the morning,TIME,99,110
uc1.$b399329,60,5,0,The next day,DATE,0,12
uc1.$b399329,60,5,1,Harold,PERSON,50,56
uc1.$b399329,60,5,2,Harold,PERSON,66,72
uc1.$b399329,60,5,3,last night,TIME,111,121
uc1.$b399329,60,6,0,Harold,PERSON,0,6
uc1.$b399329,60,9,0,the night,TIME,55,64
uc1.$b399329,60,10,0,Bleecker,PERSON,22,30
uc1.$b399329,60,10,1,Allan,PERSON,41,46
uc1.$b399329,60,10,2,daily,DATE,81,86
uc1.$b399329,60,11,0,Allan,PERSON,0,5
uc1.$b399329,60,11,1,Harold,PERSON,20,26
uc1.$b399329,60,11,2,Union,ORG,84,89
uc1.$b399329,60,11,3,Allan,PERSON,186,191
uc1.$b399329,60,11,4,Elsa,PERSON,205,209
uc1.$b399329,60,12,0,Allan,PERSON,0,5
uc1.$b399329,60,13,0,Allan,PERSON,13,18
uc1.$b399329,60,13,1,K.K.K.,PERSON,49,55
uc1.$b399329,60,13,2,Savna,GPE,143,148
uc1.$b399329,60,13,3,twenty-four hours,TIME,156,173
uc1.$b399329,60,14,0,Bleecker,ORG,34,42
uc1.$b399329,60,14,1,the night,TIME,59,68
uc1.$b399329,60,15,0,Allan,PERSON,0,5
uc1.$b399329,60,15,1,Harold,PERSON,27,33
uc1.$b399329,61,2,0,Allan,PERSON,44,49
uc1.$b399329,61,3,0,Harold,PERSON,0,6
uc1.$b399329,61,4,0,Bleecker,PERSON,5,13
uc1.$b399329,61,4,1,several days,DATE,39,51
uc1.$b399329,61,4,2,Magnolia,LOC,280,288
uc1.$b399329,61,5,0,Luke Dean,PERSON,0,9
uc1.$b399329,61,5,1,Allan,PERSON,101,106
uc1.$b399329,61,5,2,Harold,PERSON,174,180
uc1.$b399329,61,6,0,Luke,PERSON,0,4
uc1.$b399329,61,6,1,Bleecker,PERSON,55,63
uc1.$b399329,61,6,2,Babe Ellis,PERSON,95,105
uc1.$b399329,61,6,3,Allan,PERSON,125,130
uc1.$b399329,61,7,0,Ellis,PERSON,47,52
uc1.$b399329,61,7,1,that night,TIME,83,93
uc1.$b399329,61,7,2,Allan,PERSON,133,138
uc1.$b399329,61,8,0,Bleecker,PERSON,41,49
uc1.$b399329,61,8,1,Allan,PERSON,89,94
uc1.$b399329,61,8,2,only a few days ago,DATE,210,229
uc1.$b399329,61,8,3,Allan,PERSON,291,296
uc1.$b399329,61,9,0,Harold,PERSON,40,46
uc1.$b399329,62,1,0,Bleecker,PERSON,32,40
uc1.$b399329,62,1,1,Allan,PERSON,94,99
uc1.$b399329,62,4,0,Magnolia,LOC,70,78
uc1.$b399329,62,5,0,Bleecker,PERSON,30,38
uc1.$b399329,62,7,0,Bleecker,PERSON,5,13
uc1.$b399329,62,7,1,Allan,PERSON,41,46
uc1.$b399329,62,8,0,one,CARDINAL,9,12
uc1.$b399329,62,9,0,Morris,PERSON,6,12
uc1.$b399329,62,9,1,Harold,PERSON,54,60
uc1.$b399329,62,13,0,Bleecker,PERSON,5,13
uc1.$b399329,62,13,1,one,CARDINAL,40,43
uc1.$b399329,62,16,0,Bleecker,PERSON,4,12
uc1.$b399329,62,20,0,Bleecker,PERSON,4,12
uc1.$b399329,63,1,0,Harold,PERSON,62,68
uc1.$b399329,63,2,0,Harold,PERSON,63,69
uc1.$b399329,63,2,1,Allan,PERSON,117,122
uc1.$b399329,63,5,0,Harold,PERSON,0,6
uc1.$b399329,63,6,0,Bleecker,PERSON,32,40
uc1.$b399329,63,8,0,Harold,PERSON,0,6
uc1.$b399329,63,8,1,Scriptures,WORK_OF_ART,170,180
uc1.$b399329,63,8,2,Harold,PERSON,194,200
uc1.$b399329,63,10,0,Bleecker,PERSON,4,12
uc1.$b399329,63,11,0,Allan,PERSON,7,12
uc1.$b399329,63,11,1,Harold,PERSON,67,73
uc1.$b399329,63,13,0,Bleecker,PERSON,4,12
uc1.$b399329,63,13,1,the following night,TIME,36,55
uc1.$b399329,63,13,2,Allan,PERSON,84,89
uc1.$b399329,63,13,3,Harold,PERSON,112,118
uc1.$b399329,63,14,0,Allan,PERSON,92,97
uc1.$b399329,63,15,0,Bleecker,PERSON,29,37
uc1.$b399329,64,0,0,Harold,PERSON,84,90
uc1.$b399329,64,1,0,Harold,PERSON,44,50
uc1.$b399329,64,2,0,The day,DATE,0,7
uc1.$b399329,64,2,1,Bleecker,PERSON,39,47
uc1.$b399329,64,2,2,Thomas Stickley,PERSON,80,95
uc1.$b399329,64,2,3,Bleecker,PERSON,111,119
uc1.$b399329,64,2,4,fourteen,DATE,224,232
uc1.$b399329,64,3,0,Bleecker,PERSON,5,13
uc1.$b399329,64,4,0,Bleecker,PERSON,15,23
uc1.$b399329,64,7,0,Harold,PERSON,29,35
uc1.$b399329,64,12,0,Bleecker,PERSON,38,46
uc1.$b399329,64,14,0,Stickley,PERSON,17,25
uc1.$b399329,65,0,0,ETHIOPIA 61,PERSON,0,11
uc1.$b399329,65,3,0,Bleecker,PERSON,5,13
uc1.$b399329,65,6,0,Allan,PERSON,10,15
uc1.$b399329,65,6,1,Harold,PERSON,33,39
uc1.$b399329,65,7,0,Stickley,PERSON,40,48
uc1.$b399329,65,9,0,Allan,PERSON,64,69
uc1.$b399329,65,12,0,Allan,PERSON,0,5
uc1.$b399329,65,14,0,Allan,PERSON,0,5
uc1.$b399329,65,14,1,Stickley,PERSON,77,85
uc1.$b399329,66,0,0,ETHIOPIA,PERSON,3,11
uc1.$b399329,66,1,0,Allan,PERSON,35,40
uc1.$b399329,66,2,0,Allan,PERSON,51,56
uc1.$b399329,66,6,0,Allan,PERSON,0,5
uc1.$b399329,66,7,0,Harold,PERSON,8,14
uc1.$b399329,67,0,0,IX,CARDINAL,8,10
uc1.$b399329,67,1,0,Savna,GPE,94,99
uc1.$b399329,67,3,0,nearly dusk,TIME,13,24
uc1.$b399329,67,3,1,one,CARDINAL,30,33
uc1.$b399329,67,4,0,the hours,TIME,12,21
uc1.$b399329,67,6,0,66 6,CARDINAL,83,87
uc1.$b399329,67,9,0,a day,DATE,33,38
uc1.$b399329,67,9,1,Cargo City,GPE,80,90
uc1.$b399329,67,9,2,second,ORDINAL,102,108
uc1.$b399329,67,9,3,The Union of Ethiopia,ORG,123,144
uc1.$b399329,67,10,0,Elsa,PERSON,141,145
uc1.$b399329,67,11,0,63,CARDINAL,17,19
uc1.$b399329,68,0,0,ETHIOPIA,PERSON,3,11
uc1.$b399329,68,2,0,two,CARDINAL,6,9
uc1.$b399329,68,3,0,French,NORP,34,40
uc1.$b399329,68,3,1,Elsa,PERSON,113,117
uc1.$b399329,68,3,2,Russia,GPE,174,180
uc1.$b399329,68,3,3,Magnolia,LOC,256,264
uc1.$b399329,68,3,4,one,CARDINAL,273,276
uc1.$b399329,68,5,0,Thomas Stickley,PERSON,17,32
uc1.$b399329,68,5,1,Allan,PERSON,82,87
uc1.$b399329,68,7,0,Magnolia,LOC,79,87
uc1.$b399329,68,8,0,Allan,PERSON,0,5
uc1.$b399329,68,8,1,Elsa,PERSON,10,14
uc1.$b399329,68,8,2,night,TIME,172,177
uc1.$b399329,68,8,3,Bleeckers,PERSON,186,195
uc1.$b399329,68,9,0,Harold,PERSON,12,18
uc1.$b399329,68,10,0,Harold,PERSON,0,6
uc1.$b399329,68,10,1,Allan,PERSON,26,31
uc1.$b399329,68,10,2,Cargo City,GPE,49,59
uc1.$b399329,68,11,0,Bleecker,PERSON,4,12
uc1.$b399329,68,11,1,this evening,TIME,76,88
uc1.$b399329,68,11,2,Magnolia,GPE,110,118
uc1.$b399329,68,11,3,Stickley,PERSON,137,145
uc1.$b399329,68,11,4,His Excellency,PERSON,166,180
uc1.$b399329,69,0,0,65,CARDINAL,9,11
uc1.$b399329,69,1,0,Allan,PERSON,18,23
uc1.$b399329,69,1,1,Elsa,PERSON,28,32
uc1.$b399329,69,9,0,a few paces,QUANTITY,15,26
uc1.$b399329,69,9,1,two,CARDINAL,45,48
uc1.$b399329,69,10,0,Allan,PERSON,26,31
uc1.$b399329,69,14,0,Elsa,PERSON,41,45
uc1.$b399329,69,15,0,Elsa,PERSON,14,18
uc1.$b399329,69,16,0,Jane,PERSON,49,53
uc1.$b399329,69,18,0,Elsa,PERSON,22,26
uc1.$b399329,70,0,0,one,CARDINAL,16,19
uc1.$b399329,70,3,0,Jane,PERSON,20,24
uc1.$b399329,70,5,0,two,CARDINAL,36,39
uc1.$b399329,70,7,0,Elsa,PERSON,17,21
uc1.$b399329,70,7,1,one,CARDINAL,23,26
uc1.$b399329,70,11,0,one,CARDINAL,57,60
uc1.$b399329,70,16,0,Elsa,PERSON,15,19
uc1.$b399329,70,17,0,Allan,PERSON,23,28
uc1.$b399329,70,18,0,two,CARDINAL,17,20
uc1.$b399329,70,18,1,one,CARDINAL,123,126
uc1.$b399329,70,18,2,one,CARDINAL,141,144
uc1.$b399329,70,18,3,99,CARDINAL,158,160
uc1.$b399329,71,0,0,Allan,PERSON,90,95
uc1.$b399329,71,2,0,one,CARDINAL,39,42
uc1.$b399329,71,3,0,Allan,PERSON,76,81
uc1.$b399329,71,5,0,Allan,PERSON,84,89
uc1.$b399329,71,5,1,Elsa,PERSON,100,104
uc1.$b399329,71,7,0,Allan,PERSON,32,37
uc1.$b399329,71,7,1,Jane,PERSON,57,61
uc1.$b399329,71,7,2,the night,TIME,71,80
uc1.$b399329,71,7,3,Stevens,PERSON,92,99
uc1.$b399329,71,9,0,Stevens,PERSON,8,15
uc1.$b399329,71,9,1,Elsa,PERSON,44,48
uc1.$b399329,71,10,0,two,CARDINAL,4,7
uc1.$b399329,71,10,1,Allan,PERSON,24,29
uc1.$b399329,71,11,0,Allan,PERSON,12,17
uc1.$b399329,71,12,0,first,ORDINAL,59,64
uc1.$b399329,71,13,0,Allan,PERSON,0,5
uc1.$b399329,71,13,1,Allan,PERSON,205,210
uc1.$b399329,72,0,0,ETHIOPIA,PERSON,3,11
uc1.$b399329,72,1,0,Harold,PERSON,4,10
uc1.$b399329,72,6,0,Allan,PERSON,0,5
uc1.$b399329,72,8,0,Hark,PERSON,1,5
uc1.$b399329,72,10,0,Allan,PERSON,19,24
uc1.$b399329,72,12,0,Babe Ellis's,PERSON,6,18
uc1.$b399329,72,13,0,Allan,PERSON,8,13
uc1.$b399329,72,13,1,Magnolia,LOC,81,89
uc1.$b399329,72,13,2,Elsa,PERSON,120,124
uc1.$b399329,72,14,0,two,CARDINAL,9,12
uc1.$b399329,72,15,0,Allan,PERSON,4,9
uc1.$b399329,73,2,0,Jim Crow,ORG,265,273
uc1.$b399329,73,2,1,Negro,NORP,717,722
uc1.$b399329,73,3,0,69,CARDINAL,51,53
uc1.$b399329,74,1,0,Bleeckers,PERSON,76,85
uc1.$b399329,74,1,1,only one,CARDINAL,102,110
uc1.$b399329,74,2,0,Bleecker,PERSON,4,12
uc1.$b399329,74,4,0,Bleecker,PERSON,8,16
uc1.$b399329,74,4,1,Magnolia,GPE,36,44
uc1.$b399329,74,4,2,Stickley,PERSON,76,84
uc1.$b399329,74,8,0,Bleecker,PERSON,61,69
uc1.$b399329,74,8,1,Bleecker,PERSON,131,139
uc1.$b399329,74,9,0,Stickley,PERSON,65,73
uc1.$b399329,74,11,0,one,CARDINAL,36,39
uc1.$b399329,75,0,0,ETHIOPIA,GPE,0,8
uc1.$b399329,75,3,0,Bleecker,PERSON,28,36
uc1.$b399329,75,4,0,Magnolia,LOC,52,60
uc1.$b399329,75,6,0,Bleecker,PERSON,4,12
uc1.$b399329,75,8,0,State,ORG,50,55
uc1.$b399329,75,8,1,any day,DATE,56,63
uc1.$b399329,75,9,0,Morris Bleecker,PERSON,61,76
uc1.$b399329,75,10,0,Jack Carter,PERSON,138,149
uc1.$b399329,75,10,1,the Savna Times,ORG,168,183
uc1.$b399329,75,11,0,Abe,PERSON,20,23
uc1.$b399329,75,12,0,Bleecker,PERSON,120,128
uc1.$b399329,76,0,0,72,CARDINAL,0,2
uc1.$b399329,76,0,1,ETHIOPIA,NORP,3,11
uc1.$b399329,76,0,2,Negroes,NORP,99,106
uc1.$b399329,76,3,0,Elsa,PERSON,46,50
uc1.$b399329,76,3,1,Allan,PERSON,73,78
uc1.$b399329,76,3,2,Stevens,PERSON,117,124
uc1.$b399329,76,5,0,Stevens,PERSON,5,12
uc1.$b399329,76,5,1,a half-dozen,CARDINAL,90,102
uc1.$b399329,76,6,0,Babe Ellis,PERSON,0,10
uc1.$b399329,76,8,0,Southern,NORP,53,61
uc1.$b399329,76,10,0,Stevens,PERSON,40,47
uc1.$b399329,76,11,0,Babe Ellis,PERSON,23,33
uc1.$b399329,76,13,0,Allan,PERSON,20,25
uc1.$b399329,76,14,0,Elsa,PERSON,76,80
uc1.$b399329,76,18,0,Babe,PERSON,20,24
uc1.$b399329,77,0,0,ETHIOPIA 73,PERSON,0,11
uc1.$b399329,77,1,0,Babe,PERSON,80,84
uc1.$b399329,77,3,0,Nero,PERSON,8,12
uc1.$b399329,77,4,0,Babe,PERSON,28,32
uc1.$b399329,77,5,0,two,CARDINAL,7,10
uc1.$b399329,77,7,0,Elsa,PERSON,0,4
uc1.$b399329,77,7,1,Stevens,PERSON,26,33
uc1.$b399329,77,7,2,two,CARDINAL,49,52
uc1.$b399329,77,7,3,Stevens,PERSON,77,84
uc1.$b399329,77,8,0,the hour,TIME,149,157
uc1.$b399329,77,10,0,Allan,PERSON,176,181
uc1.$b399329,78,0,0,ETHIOPIA,PERSON,3,11
uc1.$b399329,78,1,0,Stevens,PERSON,78,85
uc1.$b399329,78,2,0,Allan,PERSON,17,22
uc1.$b399329,78,2,1,Bleecker,PERSON,73,81
uc1.$b399329,78,2,2,one,CARDINAL,143,146
uc1.$b399329,78,2,3,two,CARDINAL,201,204
uc1.$b399329,78,3,0,Henry Sage,PERSON,10,20
uc1.$b399329,78,3,1,Allan,PERSON,36,41
uc1.$b399329,78,3,2,the Union of Ethiopia,ORG,95,116
uc1.$b399329,78,4,0,Bleecker,PERSON,38,46
uc1.$b399329,78,5,0,His Excellency,PERSON,153,167
uc1.$b399329,78,7,0,Stevens,PERSON,17,24
uc1.$b399329,78,7,1,the evening,TIME,104,115
uc1.$b399329,78,7,2,Allan,PERSON,155,160
uc1.$b399329,79,3,0,Allan,PERSON,38,43
uc1.$b399329,79,3,1,only two,CARDINAL,59,67
uc1.$b399329,79,5,0,One moment,TIME,1,11
uc1.$b399329,79,7,0,only one,CARDINAL,179,187
uc1.$b399329,80,0,0,76,CARDINAL,0,2
uc1.$b399329,80,0,1,ETHIOPIA,NORP,3,11
uc1.$b399329,80,2,0,the Savna Guards,ORG,39,55
uc1.$b399329,80,3,0,twenty minutes,TIME,4,18
uc1.$b399329,81,0,0,XI,CARDINAL,8,10
uc1.$b399329,81,0,1,PANDEMONIUM,PERSON,11,22
uc1.$b399329,81,1,0,thirty,CARDINAL,67,73
uc1.$b399329,81,2,0,Magnolia,GPE,236,244
uc1.$b399329,81,3,0,Magnolia,GPE,723,731
uc1.$b399329,82,0,0,78,CARDINAL,0,2
uc1.$b399329,82,0,1,ETHIOPIA,NORP,3,11
uc1.$b399329,82,0,2,midnight,TIME,237,245
uc1.$b399329,82,0,3,Legree,PERSON,423,429
uc1.$b399329,82,0,4,Marks,PERSON,447,452
uc1.$b399329,82,0,5,Caucasian,NORP,471,480
uc1.$b399329,82,1,0,Southern,NORP,13,21
uc1.$b399329,82,1,1,Magnolia,GPE,82,90
uc1.$b399329,82,1,2,Unionland,GPE,108,117
uc1.$b399329,82,4,0,the Avenue of the Bastille,FAC,94,120
uc1.$b399329,82,7,0,March,DATE,0,5
uc1.$b399329,82,10,0,Luke Dean,PERSON,0,9
uc1.$b399329,83,1,0,about eighteen,CARDINAL,21,35
uc1.$b399329,83,1,1,Ethiops,NORP,36,43
uc1.$b399329,83,1,2,Henry Sage,PERSON,70,80
uc1.$b399329,83,1,3,Allan,PERSON,82,87
uc1.$b399329,83,2,0,thirty,CARDINAL,60,66
uc1.$b399329,83,4,0,Henry Sage,PERSON,46,56
uc1.$b399329,83,8,0,Henry,PERSON,36,41
uc1.$b399329,83,11,0,third,ORDINAL,23,28
uc1.$b399329,83,13,0,Henry Sage,PERSON,0,10
uc1.$b399329,83,14,0,Henry,PERSON,89,94
uc1.$b399329,83,15,0,99,CARDINAL,0,2
uc1.$b399329,84,0,0,80 ETHIOPIA,PERSON,0,11
uc1.$b399329,84,4,0,Henry,PERSON,19,24
uc1.$b399329,84,4,1,eighteen,CARDINAL,199,207
uc1.$b399329,84,9,0,Henry,PERSON,26,31
uc1.$b399329,85,0,0,ETHIOPIA 81,PERSON,0,11
uc1.$b399329,85,3,0,Henry,PERSON,46,51
uc1.$b399329,85,9,0,second,ORDINAL,54,60
uc1.$b399329,85,9,1,Henry,PERSON,118,123
uc1.$b399329,85,10,0,Magnolia,GPE,33,41
uc1.$b399329,85,10,1,Henry,PERSON,50,55
uc1.$b399329,85,11,0,Magnolia,GPE,31,39
uc1.$b399329,85,12,0,Henry,PERSON,22,27
uc1.$b399329,86,0,0,82,CARDINAL,0,2
uc1.$b399329,86,0,1,ETHIOPIA,NORP,3,11
uc1.$b399329,86,0,2,Ethiop,NORP,12,18
uc1.$b399329,86,5,0,Henry Sage,PERSON,41,51
uc1.$b399329,86,6,0,Henry,PERSON,141,146
uc1.$b399329,86,8,0,nearly a half-hour,TIME,62,80
uc1.$b399329,86,10,0,Elsa,PERSON,36,40
uc1.$b399329,86,10,1,Stevens,PERSON,88,95
uc1.$b399329,86,11,0,one,CARDINAL,49,52
uc1.$b399329,86,12,0,one,CARDINAL,8,11
uc1.$b399329,86,13,0,a dozen,CARDINAL,23,30
uc1.$b399329,86,16,0,Stevens,PERSON,5,12
uc1.$b399329,86,16,1,Elsa,PERSON,39,43
uc1.$b399329,87,0,0,ETHIOPIA,PERSON,0,8
uc1.$b399329,87,2,0,Elsa,PERSON,106,110
uc1.$b399329,87,2,1,Stevens,PERSON,120,127
uc1.$b399329,87,3,0,Elsa,PERSON,8,12
uc1.$b399329,87,3,1,Allan,PERSON,72,77
uc1.$b399329,87,4,0,Stevens,PERSON,5,12
uc1.$b399329,87,4,1,Elsa,PERSON,52,56
uc1.$b399329,87,4,2,noon,TIME,147,151
uc1.$b399329,87,5,0,three o'clock in the morning,TIME,10,38
uc1.$b399329,87,7,0,Elsa,PERSON,4,8
uc1.$b399329,87,12,0,Stevens,PERSON,26,33
uc1.$b399329,87,13,0,Elsa,PERSON,0,4
uc1.$b399329,88,0,0,84,CARDINAL,0,2
uc1.$b399329,88,4,0,Elsa,PERSON,137,141
uc1.$b399329,88,10,0,Peruvian,NORP,50,58
uc1.$b399329,88,11,0,a Blue Beard,PERSON,40,52
uc1.$b399329,88,11,1,a Prince of Bagdad,PERSON,60,78
uc1.$b399329,88,11,2,Persian,NORP,99,106
uc1.$b399329,88,12,0,day,DATE,33,36
uc1.$b399329,88,12,1,Unionland,ORG,114,123
uc1.$b399329,89,4,0,the Sabbath,DATE,7,18
uc1.$b399329,89,5,0,Savna,GPE,83,88
uc1.$b399329,89,6,0,the early morning,TIME,11,28
uc1.$b399329,89,6,1,four,CARDINAL,106,110
uc1.$b399329,89,6,2,five,CARDINAL,114,118
uc1.$b399329,89,6,3,one,CARDINAL,158,161
uc1.$b399329,89,8,0,Sabbath,DATE,17,24
uc1.$b399329,89,8,1,Ethiop,NORP,184,190
uc1.$b399329,89,9,0,the morning,TIME,3,14
uc1.$b399329,89,11,0,Ethiop,NORP,19,25
uc1.$b399329,89,12,0,Ethiops,NORP,12,19
uc1.$b399329,90,0,0,86,CARDINAL,0,2
uc1.$b399329,90,0,1,ETHIOPIA,GPE,3,11
uc1.$b399329,90,2,0,Ethiop,NORP,8,14
uc1.$b399329,90,3,0,one,CARDINAL,44,47
uc1.$b399329,90,4,0,Ethiop,NORP,8,14
uc1.$b399329,90,5,0,Luke Dean,PERSON,7,16
uc1.$b399329,90,7,0,hundreds,CARDINAL,202,210
uc1.$b399329,90,8,0,Cain,PERSON,103,107
uc1.$b399329,90,9,0,centuries,DATE,26,35
uc1.$b399329,90,9,1,one day's,DATE,74,83
uc1.$b399329,90,10,0,centuries,DATE,4,13
uc1.$b399329,90,10,1,Christian,NORP,69,78
uc1.$b399329,90,10,2,medieval days,DATE,146,159
uc1.$b399329,90,11,0,midday,TIME,3,9
uc1.$b399329,90,11,1,Savna,GPE,77,82
uc1.$b399329,90,13,0,Mangus,PERSON,14,20
uc1.$b399329,91,0,0,Stevens,PERSON,23,30
uc1.$b399329,91,3,0,Jane,PERSON,53,57
uc1.$b399329,91,8,0,Henry Sage,PERSON,46,56
uc1.$b399329,91,8,1,dozen,CARDINAL,91,96
uc1.$b399329,92,0,0,ETHIOPIA,PERSON,3,11
uc1.$b399329,92,8,0,Elsa,PERSON,27,31
uc1.$b399329,92,16,0,Jacob Whiteside,PERSON,7,22
uc1.$b399329,93,0,0,ETHIOPIA,GPE,0,8
uc1.$b399329,93,1,0,night,TIME,8,13
uc1.$b399329,93,2,0,morning,TIME,12,19
uc1.$b399329,93,3,0,Whiteside,PERSON,42,51
uc1.$b399329,93,5,0,Whiteside,PERSON,7,16
uc1.$b399329,93,6,0,Mangus,PERSON,48,54
uc1.$b399329,93,7,0,the Union of Ethiopia,ORG,65,86
uc1.$b399329,94,0,0,XII,CARDINAL,8,11
uc1.$b399329,94,4,0,Allan Dune,PERSON,32,42
uc1.$b399329,94,5,0,Allan,PERSON,0,5
uc1.$b399329,94,8,0,Allan,PERSON,148,153
uc1.$b399329,95,0,0,ETHIOPIA,PERSON,0,8
uc1.$b399329,95,0,1,some miles,QUANTITY,80,90
uc1.$b399329,95,3,0,Allan,PERSON,0,5
uc1.$b399329,95,6,0,Allan,PERSON,0,5
uc1.$b399329,95,8,0,Allan,PERSON,36,41
uc1.$b399329,95,9,0,Magnolia,GPE,47,55
uc1.$b399329,95,12,0,about twenty,DATE,22,34
uc1.$b399329,95,13,0,Allan,PERSON,3,8
uc1.$b399329,96,0,0,92,CARDINAL,0,2
uc1.$b399329,96,0,1,ETHIOPIA,NORP,3,11
uc1.$b399329,96,1,0,Allan,PERSON,0,5
uc1.$b399329,96,2,0,Allan,PERSON,57,62
uc1.$b399329,96,2,1,Lawdy,PERSON,122,127
uc1.$b399329,96,4,0,Allan,PERSON,19,24
uc1.$b399329,96,4,1,about twenty miles,QUANTITY,41,59
uc1.$b399329,96,4,2,Savna,GPE,77,82
uc1.$b399329,96,5,0,about a mile,QUANTITY,18,30
uc1.$b399329,96,9,0,Allan,PERSON,52,57
uc1.$b399329,96,10,0,about one hundred yards,QUANTITY,11,34
uc1.$b399329,96,11,0,Allan,PERSON,91,96
uc1.$b399329,96,13,0,one,CARDINAL,47,50
uc1.$b399329,96,13,1,Allan,PERSON,161,166
uc1.$b399329,96,14,0,Paddy the Bum,PERSON,7,20
uc1.$b399329,97,2,0,Lonesome Bill,PERSON,1,14
uc1.$b399329,97,2,1,Paddy,PERSON,77,82
uc1.$b399329,97,3,0,Lonesome Bill,PERSON,58,71
uc1.$b399329,97,6,0,Allan,PERSON,81,86
uc1.$b399329,97,7,0,Allan,PERSON,53,58
uc1.$b399329,97,9,0,Paddy,PERSON,28,33
uc1.$b399329,97,14,0,Allan,PERSON,0,5
uc1.$b399329,97,14,1,Paddy,PERSON,62,67
uc1.$b399329,97,18,0,Bill,PERSON,16,20
uc1.$b399329,97,19,0,Allan,PERSON,38,43
uc1.$b399329,97,21,0,Allan,PERSON,25,30
uc1.$b399329,98,0,0,ETHIOPIA,PERSON,3,11
uc1.$b399329,98,2,0,Paddy,PERSON,0,5
uc1.$b399329,98,2,1,Allan,PERSON,127,132
uc1.$b399329,98,3,0,Allan,PERSON,44,49
uc1.$b399329,98,3,1,Paddy,PERSON,158,163
uc1.$b399329,98,4,0,Paddy,PERSON,0,5
uc1.$b399329,98,5,0,"66 ""Tin dollars",MONEY,0,15
uc1.$b399329,98,6,0,Lonesome Bill,PERSON,121,134
uc1.$b399329,98,6,1,Paddy,PERSON,208,213
uc1.$b399329,98,7,0,Allan,PERSON,116,121
uc1.$b399329,98,10,0,Bale's Siding,FAC,134,147
uc1.$b399329,98,11,0,Cale Bale,PERSON,0,9
uc1.$b399329,98,11,1,George,PERSON,19,25
uc1.$b399329,98,11,2,Ethiop,NORP,34,40
uc1.$b399329,98,11,3,sixty,DATE,46,51
uc1.$b399329,98,12,0,one,CARDINAL,5,8
uc1.$b399329,98,13,0,Allan,PERSON,32,37
uc1.$b399329,99,0,0,Bale,PERSON,70,74
uc1.$b399329,99,1,0,Allan,PERSON,0,5
uc1.$b399329,99,3,0,Bale,PERSON,42,46
uc1.$b399329,99,4,0,Paddy,PERSON,22,27
uc1.$b399329,99,10,0,Bale,PERSON,25,29
uc1.$b399329,99,12,0,Paddy,PERSON,50,55
uc1.$b399329,99,13,0,the Commercial Club,ORG,70,89
uc1.$b399329,99,13,1,Louisburg,GPE,93,102
uc1.$b399329,99,13,2,this very noight,DATE,103,119
uc1.$b399329,99,14,0,two,CARDINAL,25,28
uc1.$b399329,99,14,1,Bale,PERSON,47,51
uc1.$b399329,99,17,0,Raley,PERSON,1,6
uc1.$b399329,99,17,1,hanner,PERSON,32,38
uc1.$b399329,99,19,0,Paddy,PERSON,0,5
uc1.$b399329,99,19,1,Allan,PERSON,43,48
uc1.$b399329,99,20,0,the busy season,DATE,7,22
uc1.$b399329,99,20,1,the year,DATE,26,34
uc1.$b399329,99,20,2,Bale,PERSON,36,40
uc1.$b399329,99,21,0,Allan,PERSON,0,5
uc1.$b399329,99,21,1,one,CARDINAL,104,107
uc1.$b399329,99,22,0,Bale,PERSON,40,44
uc1.$b399329,99,22,1,Allan,PERSON,171,176
uc1.$b399329,100,0,0,ETHIOPIA 66,PERSON,3,14
uc1.$b399329,100,1,0,Allan,PERSON,34,39
uc1.$b399329,100,2,0,66,CARDINAL,0,2
uc1.$b399329,100,3,0,Bale,PERSON,18,22
uc1.$b399329,100,4,0,Six months,DATE,1,11
uc1.$b399329,100,5,0,Ethiop,NORP,24,30
uc1.$b399329,100,5,1,35,CARDINAL,90,92
uc1.$b399329,100,5,2,Bill,PERSON,94,98
uc1.$b399329,100,8,0,Allan,PERSON,24,29
uc1.$b399329,100,9,0,Allan,PERSON,7,12
uc1.$b399329,100,10,0,Allan,PERSON,0,5
uc1.$b399329,100,11,0,Cargo City,GPE,14,24
uc1.$b399329,100,11,1,five days,DATE,28,37
uc1.$b399329,100,13,0,Bill,PERSON,21,25
uc1.$b399329,100,23,0,nearly a halfcentury previous,DATE,40,69
uc1.$b399329,100,23,1,Magnolia,LOC,148,156
uc1.$b399329,100,24,0,Allan,PERSON,65,70
uc1.$b399329,101,0,0,ETHIOPIA,PERSON,0,8
uc1.$b399329,101,2,0,Bill,PERSON,44,48
uc1.$b399329,101,3,0,Allan,PERSON,66,71
uc1.$b399329,101,4,0,Bill,PERSON,80,84
uc1.$b399329,101,4,1,Allan,PERSON,94,99
uc1.$b399329,101,5,0,three hours',TIME,10,22
uc1.$b399329,101,5,1,Allan,PERSON,54,59
uc1.$b399329,101,7,0,Allan,PERSON,71,76
uc1.$b399329,101,9,0,One,CARDINAL,0,3
uc1.$b399329,101,9,1,Ethiop,NORP,49,55
uc1.$b399329,101,9,2,seven years,DATE,63,74
uc1.$b399329,101,10,0,Allan,PERSON,0,5
uc1.$b399329,101,10,1,Bill,PERSON,62,66
uc1.$b399329,102,1,0,Unionland,GPE,176,185
uc1.$b399329,102,2,0,Allan,PERSON,12,17
uc1.$b399329,102,2,1,Bill,PERSON,49,53
uc1.$b399329,102,3,0,Allan,PERSON,10,15
uc1.$b399329,102,4,0,Cale Bale,PERSON,142,151
uc1.$b399329,102,5,0,Allan,PERSON,24,29
uc1.$b399329,102,5,1,Bill,PERSON,116,120
uc1.$b399329,102,5,2,half,CARDINAL,152,156
uc1.$b399329,102,6,0,Allan,PERSON,15,20
uc1.$b399329,102,7,0,Bale,PERSON,192,196
uc1.$b399329,102,8,0,annual,DATE,10,16
uc1.$b399329,102,8,1,Bale,PERSON,33,37
uc1.$b399329,102,8,2,Bale,PERSON,104,108
uc1.$b399329,102,11,0,sixty dollars,MONEY,17,30
uc1.$b399329,102,12,0,99 99,CARDINAL,0,5
uc1.$b399329,103,0,0,ETHIOPIA 99,PERSON,0,11
uc1.$b399329,103,1,0,Bale,PERSON,9,13
uc1.$b399329,103,1,1,Bill,PERSON,92,96
uc1.$b399329,103,2,0,one,CARDINAL,12,15
uc1.$b399329,103,2,1,Bill,PERSON,44,48
uc1.$b399329,103,2,2,another year,DATE,80,92
uc1.$b399329,103,3,0,Allan,PERSON,15,20
uc1.$b399329,103,4,0,Bale,PERSON,49,53
uc1.$b399329,103,4,1,Bill,PERSON,99,103
uc1.$b399329,103,4,2,daily,DATE,106,111
uc1.$b399329,103,5,0,one,CARDINAL,41,44
uc1.$b399329,103,6,0,Bill,PERSON,0,4
uc1.$b399329,103,6,1,night,TIME,27,32
uc1.$b399329,103,7,0,Allan,PERSON,16,21
uc1.$b399329,103,10,0,Bale,PERSON,4,8
uc1.$b399329,103,10,1,Allan,PERSON,19,24
uc1.$b399329,103,12,0,the morning,TIME,21,32
uc1.$b399329,103,14,0,Allan,PERSON,46,51
uc1.$b399329,103,16,0,Savna,GPE,18,23
uc1.$b399329,103,18,0,Allan,PERSON,24,29
uc1.$b399329,103,19,0,Bunyan,PERSON,12,18
uc1.$b399329,103,19,1,St. Paul,PERSON,26,34
uc1.$b399329,104,0,0,100,CARDINAL,0,3
uc1.$b399329,104,1,0,Cargo City,GPE,188,198
uc1.$b399329,104,2,0,nine o'clock at night,TIME,7,28
uc1.$b399329,104,2,1,Allan,PERSON,34,39
uc1.$b399329,104,2,2,Bill,PERSON,156,160
uc1.$b399329,104,4,0,Allan,PERSON,0,5
uc1.$b399329,104,4,1,one,CARDINAL,83,86
uc1.$b399329,104,5,0,Bill,PERSON,0,4
uc1.$b399329,104,5,1,one,CARDINAL,54,57
uc1.$b399329,104,6,0,Allan,PERSON,29,34
uc1.$b399329,104,7,0,Bill,PERSON,0,4
uc1.$b399329,104,8,0,Allan,PERSON,0,5
uc1.$b399329,104,10,0,first,ORDINAL,11,16
uc1.$b399329,104,11,0,Allan,PERSON,46,51
uc1.$b399329,104,11,1,Savna,GPE,115,120
uc1.$b399329,105,0,0,· ETHIOPIA IOI,PERSON,0,14
uc1.$b399329,105,1,0,Bill,PERSON,16,20
uc1.$b399329,105,1,1,Allan,PERSON,24,29
uc1.$b399329,105,4,0,Henry Margan,PERSON,18,30
uc1.$b399329,105,4,1,fifteen miles,QUANTITY,42,55
uc1.$b399329,105,5,0,Bill,PERSON,0,4
uc1.$b399329,105,5,1,some years,DATE,63,73
uc1.$b399329,105,6,0,twelve thousand acres,QUANTITY,15,36
uc1.$b399329,105,7,0,Allan,PERSON,0,5
uc1.$b399329,105,8,0,Mohgan,PERSON,17,23
uc1.$b399329,105,12,0,Bill,PERSON,0,4
uc1.$b399329,105,13,0,sixty dollars,MONEY,20,33
uc1.$b399329,105,14,0,Allan,PERSON,0,5
uc1.$b399329,105,15,0,twenty-two,CARDINAL,9,19
uc1.$b399329,105,16,0,Fifteen thousand four hundred dollars,MONEY,1,38
uc1.$b399329,105,16,1,Allan,PERSON,51,56
uc1.$b399329,105,17,0,Allan,PERSON,5,10
uc1.$b399329,105,17,1,Bale,PERSON,109,113
uc1.$b399329,105,17,2,only twenty-five dollars,MONEY,127,151
uc1.$b399329,106,0,0,each year,DATE,39,48
uc1.$b399329,106,1,0,Bill,PERSON,50,54
uc1.$b399329,106,2,0,66,CARDINAL,0,2
uc1.$b399329,106,2,1,Fifteen thousand four hundred dollars,MONEY,3,40
uc1.$b399329,106,3,0,Fifteen thousand dollars,MONEY,1,25
uc1.$b399329,106,3,1,Bill,PERSON,37,41
uc1.$b399329,106,4,0,Bill,PERSON,32,36
uc1.$b399329,106,4,1,the night,TIME,48,57
uc1.$b399329,106,5,0,morning,TIME,7,14
uc1.$b399329,106,7,0,nearly eight o'clock,TIME,7,27
uc1.$b399329,106,8,0,his entire twenty years',DATE,7,31
uc1.$b399329,106,8,1,one,CARDINAL,98,101
uc1.$b399329,106,8,2,annual,DATE,109,115
uc1.$b399329,106,10,0,Allan,PERSON,0,5
uc1.$b399329,106,11,0,Bill,PERSON,0,4
uc1.$b399329,106,12,0,Bale,PERSON,0,4
uc1.$b399329,106,12,1,daily,DATE,77,82
uc1.$b399329,106,12,2,Bill,PERSON,106,110
uc1.$b399329,106,13,0,Bale,PERSON,0,4
uc1.$b399329,106,13,1,Bill,PERSON,70,74
uc1.$b399329,106,16,0,Bill,PERSON,0,4
uc1.$b399329,106,17,0,Bale,PERSON,18,22
uc1.$b399329,106,18,0,Bale,PERSON,30,34
uc1.$b399329,106,19,0,66,CARDINAL,0,2
uc1.$b399329,107,0,0,ETHIOPIA,GPE,0,8
uc1.$b399329,107,2,0,Bale,PERSON,14,18
uc1.$b399329,107,4,0,Bale,PERSON,28,32
uc1.$b399329,107,4,1,Bale,PERSON,49,53
uc1.$b399329,107,4,2,first,ORDINAL,82,87
uc1.$b399329,107,5,0,Bale,PERSON,24,28
uc1.$b399329,107,8,0,Bill,PERSON,3,7
uc1.$b399329,107,9,0,Bale,PERSON,0,4
uc1.$b399329,107,11,0,Bill,PERSON,0,4
uc1.$b399329,107,13,0,Fifteen thousand dollars,MONEY,3,27
uc1.$b399329,107,14,0,Bale,PERSON,10,14
uc1.$b399329,107,17,0,a few hundred dollars,MONEY,22,43
uc1.$b399329,107,18,0,Bale,PERSON,0,4
uc1.$b399329,107,18,1,Bill,PERSON,45,49
uc1.$b399329,107,18,2,Allan,PERSON,86,91
uc1.$b399329,107,19,0,this evening,TIME,112,124
uc1.$b399329,107,19,1,Bill,PERSON,126,130
uc1.$b399329,107,21,0,Bale,PERSON,46,50
uc1.$b399329,107,22,0,Bale,PERSON,27,31
uc1.$b399329,108,0,0,104 ETHIOPIA,PERSON,0,12
uc1.$b399329,108,3,0,Bale,PERSON,0,4
uc1.$b399329,108,4,0,Bill,PERSON,4,8
uc1.$b399329,108,5,0,Bale,PERSON,0,4
uc1.$b399329,108,8,0,Bill,PERSON,0,4
uc1.$b399329,108,10,0,Bale,PERSON,39,43
uc1.$b399329,108,11,0,Bill,PERSON,81,85
uc1.$b399329,108,14,0,Allan Dune,PERSON,68,78
uc1.$b399329,108,15,0,one,CARDINAL,3,6
uc1.$b399329,108,15,1,Jacob Whiteside,PERSON,74,89
uc1.$b399329,108,16,0,Cale Bale,PERSON,0,9
uc1.$b399329,108,16,1,Bill,PERSON,26,30
uc1.$b399329,108,17,0,Magnolia,GPE,78,86
uc1.$b399329,109,0,0,XIII,CARDINAL,8,12
uc1.$b399329,109,0,1,ETHIOPIA Ephraim Johnston,PERSON,32,57
uc1.$b399329,109,2,0,Union,ORG,34,39
uc1.$b399329,109,3,0,the Union of Ethiopia,ORG,41,62
uc1.$b399329,109,4,0,Eph,PERSON,114,117
uc1.$b399329,109,5,0,Eph,PERSON,0,3
uc1.$b399329,109,5,1,Union,ORG,86,91
uc1.$b399329,109,6,0,a half-dozen,CARDINAL,154,166
uc1.$b399329,109,6,1,all day long,DATE,235,247
uc1.$b399329,109,7,0,Eph,PERSON,0,3
uc1.$b399329,109,7,1,the Cargo City National Bank,ORG,13,41
uc1.$b399329,109,7,2,million-dollar,MONEY,131,145
uc1.$b399329,109,8,0,Eph,PERSON,0,3
uc1.$b399329,110,2,0,second,ORDINAL,16,22
uc1.$b399329,110,2,1,the Union of Ethiopia,ORG,34,55
uc1.$b399329,110,2,2,the fifth of October,DATE,80,100
uc1.$b399329,110,2,3,Eph,PERSON,119,122
uc1.$b399329,110,3,0,Allan,PERSON,0,5
uc1.$b399329,110,3,1,Mangus,PERSON,14,20
uc1.$b399329,110,3,2,Whiteside,PERSON,26,35
uc1.$b399329,110,4,0,Whiteside,PERSON,0,9
uc1.$b399329,110,4,1,Allan,PERSON,26,31
uc1.$b399329,110,4,2,Elsa,PERSON,44,48
uc1.$b399329,110,5,0,Allan,PERSON,121,126
uc1.$b399329,110,5,1,Allan,PERSON,182,187
uc1.$b399329,110,7,0,two,CARDINAL,61,64
uc1.$b399329,110,8,0,Chester A. Grant,PERSON,12,28
uc1.$b399329,110,8,1,four,CARDINAL,93,97
uc1.$b399329,110,8,2,Eph,PERSON,140,143
uc1.$b399329,110,9,0,Allan,PERSON,0,5
uc1.$b399329,111,3,0,Union,ORG,82,87
uc1.$b399329,111,5,0,Unionland,GPE,36,45
uc1.$b399329,111,5,1,fifteen million,CARDINAL,72,87
uc1.$b399329,111,5,2,eight hundred thousand,CARDINAL,88,110
uc1.$b399329,111,5,3,Ethiopian,NORP,122,131
uc1.$b399329,111,6,0,seventy per cent,PERCENT,80,96
uc1.$b399329,111,7,0,Eph,PERSON,113,116
uc1.$b399329,111,7,1,"958,000,that",MONEY,172,184
uc1.$b399329,111,9,0,one dollar,MONEY,97,107
uc1.$b399329,112,0,0,108,CARDINAL,0,3
uc1.$b399329,112,0,1,ETHIOPIA,ORG,4,12
uc1.$b399329,112,0,2,monthly,DATE,69,76
uc1.$b399329,112,3,0,One,CARDINAL,0,3
uc1.$b399329,112,3,1,the Bank of Ethiopia,ORG,38,58
uc1.$b399329,112,3,2,Union,ORG,84,89
uc1.$b399329,112,4,0,Union,ORG,50,55
uc1.$b399329,112,4,1,Grant,PERSON,113,118
uc1.$b399329,112,4,2,The Decemvirate of Ethiopia,ORG,221,248
uc1.$b399329,112,7,0,Boyd Lindon,PERSON,47,58
uc1.$b399329,112,8,0,Caucasian,NORP,93,102
uc1.$b399329,113,0,0,ETHIOPIA 109,PERSON,0,12
uc1.$b399329,113,1,0,Grant,PERSON,53,58
uc1.$b399329,113,3,0,Unionland,GPE,80,89
uc1.$b399329,113,6,0,seventy per cent,PERCENT,298,314
uc1.$b399329,113,7,0,Chester A. Grant,PERSON,55,71
uc1.$b399329,113,7,1,66,CARDINAL,140,142
uc1.$b399329,113,9,0,first,ORDINAL,43,48
uc1.$b399329,113,10,0,thirty-five years,DATE,59,76
uc1.$b399329,114,1,0,Christianity,ORG,166,178
uc1.$b399329,114,3,0,antebellum days,DATE,53,68
uc1.$b399329,114,5,0,Christian,NORP,352,361
uc1.$b399329,114,7,0,Allan,PERSON,4,9
uc1.$b399329,114,8,0,five,CARDINAL,46,50
uc1.$b399329,115,0,0,ETHIOPIA III days each week,EVENT,0,27
uc1.$b399329,115,0,1,the Bank of Ethiopia,ORG,33,53
uc1.$b399329,115,1,0,a year,DATE,5,11
uc1.$b399329,115,2,0,sixteen million,CARDINAL,47,62
uc1.$b399329,115,2,1,Ethiopians,NORP,63,73
uc1.$b399329,115,2,2,Unionland,GPE,77,86
uc1.$b399329,115,2,3,ten million,CARDINAL,87,98
uc1.$b399329,115,2,4,at least one dollar,MONEY,115,134
uc1.$b399329,115,2,5,annually,DATE,135,143
uc1.$b399329,115,3,0,Ilo,LOC,99,102
uc1.$b399329,115,3,1,Isis,LOC,119,123
uc1.$b399329,115,4,0,Unionland,GPE,17,26
uc1.$b399329,115,5,0,Jacob Whiteside,PERSON,77,92
uc1.$b399329,115,9,0,centuries,DATE,135,144
uc1.$b399329,115,13,0,Allan,PERSON,48,53
uc1.$b399329,116,0,0,XIV,CARDINAL,8,11
uc1.$b399329,116,1,0,Donald Bleecker,PERSON,0,15
uc1.$b399329,116,1,1,the Cargo City National Bank,ORG,43,71
uc1.$b399329,116,1,2,Allan,PERSON,140,145
uc1.$b399329,116,1,3,one,CARDINAL,193,196
uc1.$b399329,116,4,0,Donald,PERSON,0,6
uc1.$b399329,116,4,1,Unionland,GPE,112,121
uc1.$b399329,116,5,0,the Cargo City University,ORG,53,78
uc1.$b399329,116,5,1,Donald,PERSON,159,165
uc1.$b399329,116,5,2,Bleecker,PERSON,184,192
uc1.$b399329,116,6,0,A month previous,DATE,8,24
uc1.$b399329,116,6,1,Donald,PERSON,37,43
uc1.$b399329,116,7,0,two,CARDINAL,77,80
uc1.$b399329,117,0,0,ETHIOPIA,ORG,0,8
uc1.$b399329,117,1,0,Donald,PERSON,0,6
uc1.$b399329,117,7,0,two,CARDINAL,6,9
uc1.$b399329,117,8,0,Donald,PERSON,100,106
uc1.$b399329,117,10,0,Donald,PERSON,67,73
uc1.$b399329,117,11,0,nightly,TIME,100,107
uc1.$b399329,117,12,0,The Bank of Ethiopia,ORG,0,20
uc1.$b399329,117,12,1,millions,CARDINAL,115,123
uc1.$b399329,117,12,2,the Cargo City Bank,ORG,145,164
uc1.$b399329,117,13,0,Donald,PERSON,4,10
uc1.$b399329,117,14,0,two,CARDINAL,4,7
uc1.$b399329,117,14,1,the three days',DATE,37,52
uc1.$b399329,118,0,0,ETHIOPIA,GPE,4,12
uc1.$b399329,118,1,0,three days,DATE,17,27
uc1.$b399329,118,3,0,Bleecker,PERSON,5,13
uc1.$b399329,118,3,1,Harold,PERSON,26,32
uc1.$b399329,118,3,2,Cargo City,GPE,45,55
uc1.$b399329,118,3,3,Bleecker,PERSON,157,165
uc1.$b399329,118,3,4,Donald,PERSON,191,197
uc1.$b399329,118,4,0,Allan,PERSON,0,5
uc1.$b399329,118,5,0,Bleecker,PERSON,77,85
uc1.$b399329,118,5,1,Donald,PERSON,97,103
uc1.$b399329,118,6,0,Donald,PERSON,0,6
uc1.$b399329,118,7,0,Bleecker,PERSON,4,12
uc1.$b399329,118,7,1,Donald,PERSON,83,89
uc1.$b399329,118,7,2,Allan,PERSON,111,116
uc1.$b399329,118,8,0,Bleeckers,PERSON,36,45
uc1.$b399329,118,9,0,Allan,PERSON,0,5
uc1.$b399329,118,9,1,Bleecker,PERSON,18,26
uc1.$b399329,118,11,0,Allan,PERSON,61,66
uc1.$b399329,119,3,0,Allan,PERSON,0,5
uc1.$b399329,119,4,0,Bill,PERSON,10,14
uc1.$b399329,119,6,0,Donald,PERSON,16,22
uc1.$b399329,119,7,0,the millions,CARDINAL,141,153
uc1.$b399329,119,7,1,the Cargo City Bank,ORG,199,218
uc1.$b399329,119,10,0,Bleecker,PERSON,49,57
uc1.$b399329,119,11,0,Donald,PERSON,0,6
uc1.$b399329,119,11,1,Allan,PERSON,39,44
uc1.$b399329,119,11,2,Bleecker,PERSON,61,69
uc1.$b399329,119,12,0,Allan,PERSON,110,115
uc1.$b399329,119,13,0,Bleecker,PERSON,15,23
uc1.$b399329,119,13,1,Donald,PERSON,45,51
uc1.$b399329,120,0,0,116,CARDINAL,0,3
uc1.$b399329,120,0,1,ETHIOPIA,PERSON,4,12
uc1.$b399329,120,0,2,Morris Bleecker,PERSON,118,133
uc1.$b399329,120,1,0,Allan,PERSON,0,5
uc1.$b399329,120,1,1,Bleecker,PERSON,41,49
uc1.$b399329,120,2,0,Bleecker,PERSON,13,21
uc1.$b399329,120,2,1,Allan,PERSON,66,71
uc1.$b399329,120,3,0,Allan,PERSON,3,8
uc1.$b399329,120,3,1,Bleecker,PERSON,145,153
uc1.$b399329,120,5,0,Bleecker,PERSON,12,20
uc1.$b399329,120,5,1,Allan,PERSON,36,41
uc1.$b399329,120,5,2,Donald,PERSON,99,105
uc1.$b399329,120,6,0,Allan,PERSON,20,25
uc1.$b399329,120,6,1,Bleecker,PERSON,64,72
uc1.$b399329,120,8,0,Donald,PERSON,18,24
uc1.$b399329,120,8,1,Bleecker,PERSON,90,98
uc1.$b399329,120,9,0,Allan,PERSON,0,5
uc1.$b399329,121,2,0,daily,DATE,181,186
uc1.$b399329,121,3,0,Allan,PERSON,24,29
uc1.$b399329,121,3,1,Bleecker,PERSON,71,79
uc1.$b399329,121,4,0,Allan,PERSON,9,14
uc1.$b399329,121,4,1,Allan,PERSON,68,73
uc1.$b399329,121,4,2,Donald,PERSON,129,135
uc1.$b399329,121,6,0,Allan,PERSON,9,14
uc1.$b399329,121,6,1,Bleecker,PERSON,83,91
uc1.$b399329,121,7,0,Allan,PERSON,88,93
uc1.$b399329,121,7,1,Bleecker,PERSON,102,110
uc1.$b399329,121,9,0,first,ORDINAL,69,74
uc1.$b399329,121,9,1,Allan,PERSON,85,90
uc1.$b399329,121,9,2,Donald Bleecker,PERSON,152,167
uc1.$b399329,121,10,0,Nigger,PERSON,123,129
uc1.$b399329,121,11,0,Allan,PERSON,0,5
uc1.$b399329,121,11,1,first,ORDINAL,49,54
uc1.$b399329,122,0,0,118 ETHIOPIA,DATE,0,12
uc1.$b399329,122,1,0,the close of,TIME,3,15
uc1.$b399329,122,1,1,Bleecker,PERSON,34,42
uc1.$b399329,122,2,0,some days later,DATE,59,74
uc1.$b399329,122,2,1,the Cargo City Chronicle,ORG,75,99
uc1.$b399329,122,2,2,Donald Bleecker,PERSON,128,143
uc1.$b399329,122,2,3,Cargo City National bank,ORG,180,204
uc1.$b399329,122,2,4,Magnolia,GPE,257,265
uc1.$b399329,122,3,0,Allan,PERSON,0,5
uc1.$b399329,122,3,1,Decemvirate,ORG,54,65
uc1.$b399329,122,5,0,Allan,PERSON,46,51
uc1.$b399329,122,6,0,Candia,GPE,136,142
uc1.$b399329,122,7,0,Allan,PERSON,41,46
uc1.$b399329,122,9,0,Unionland,GPE,72,81
uc1.$b399329,123,0,0,ETHIOPIA,PERSON,0,8
uc1.$b399329,123,1,0,Unionland,GPE,60,69
uc1.$b399329,123,6,0,The following day,DATE,5,22
uc1.$b399329,123,6,1,Allan Dune,PERSON,23,33
uc1.$b399329,123,6,2,Savna,GPE,55,60
uc1.$b399329,123,6,3,Magnolia,GPE,81,89
uc1.$b399329,124,0,0,XV,CARDINAL,8,10
uc1.$b399329,124,1,0,Harold Bleecker,PERSON,0,15
uc1.$b399329,124,1,1,Allan,PERSON,22,27
uc1.$b399329,124,1,2,Savna,GPE,71,76
uc1.$b399329,124,1,3,his invalid days,DATE,164,180
uc1.$b399329,124,2,0,Harold,PERSON,0,6
uc1.$b399329,124,3,0,Allan Dune,PERSON,97,107
uc1.$b399329,124,3,1,Magnolia,GPE,116,124
uc1.$b399329,124,4,0,Savna,GPE,32,37
uc1.$b399329,124,4,1,Allan,PERSON,95,100
uc1.$b399329,124,4,2,Harold,PERSON,130,136
uc1.$b399329,124,6,0,Harold,PERSON,5,11
uc1.$b399329,124,6,1,two,CARDINAL,70,73
uc1.$b399329,124,7,0,two years,DATE,12,21
uc1.$b399329,124,7,1,Allan,PERSON,28,33
uc1.$b399329,124,7,2,Savna,GPE,64,69
uc1.$b399329,124,7,3,Magnolia,GPE,153,161
uc1.$b399329,124,8,0,Allan,PERSON,14,19
uc1.$b399329,124,8,1,Babe Ellis,PERSON,37,47
uc1.$b399329,124,8,2,Harold,PERSON,54,60
uc1.$b399329,124,9,0,Allan,PERSON,0,5
uc1.$b399329,124,9,1,Elsa,PERSON,193,197
uc1.$b399329,124,10,0,Allan,PERSON,27,32
uc1.$b399329,125,0,0,ETHIOPIA,PERSON,0,8
uc1.$b399329,125,2,0,Harold,PERSON,5,11
uc1.$b399329,125,2,1,his invalid days,DATE,56,72
uc1.$b399329,125,2,2,Allan,PERSON,98,103
uc1.$b399329,125,2,3,Allan,PERSON,207,212
uc1.$b399329,125,4,0,Harold,PERSON,11,17
uc1.$b399329,125,5,0,Ellis,PERSON,56,61
uc1.$b399329,125,5,1,that day,DATE,75,83
uc1.$b399329,125,6,0,Stickley,PERSON,81,89
uc1.$b399329,125,6,1,Harold,PERSON,120,126
uc1.$b399329,125,7,0,Harold,PERSON,86,92
uc1.$b399329,125,7,1,Donald Bleecker,PERSON,125,140
uc1.$b399329,125,7,2,Gertie Stickley,PERSON,217,232
uc1.$b399329,125,8,0,Allan,PERSON,32,37
uc1.$b399329,125,10,0,Allan,PERSON,35,40
uc1.$b399329,125,11,0,Harold,PERSON,0,6
uc1.$b399329,125,12,0,Allan,PERSON,0,5
uc1.$b399329,125,12,1,Bleeckers,PERSON,37,46
uc1.$b399329,125,12,2,Harold,PERSON,63,69
uc1.$b399329,125,13,0,at least two weeks,DATE,17,35
uc1.$b399329,126,0,0,122,CARDINAL,0,3
uc1.$b399329,126,0,1,ETHIOPIA,PERSON,4,12
uc1.$b399329,126,1,0,A week,DATE,0,6
uc1.$b399329,126,1,1,Allan,PERSON,43,48
uc1.$b399329,126,1,2,Donald Bleecker,PERSON,69,84
uc1.$b399329,126,1,3,Savna,GPE,164,169
uc1.$b399329,126,2,0,Saturday,DATE,9,17
uc1.$b399329,126,2,1,morning,TIME,18,25
uc1.$b399329,126,3,0,Allan,PERSON,0,5
uc1.$b399329,126,3,1,Harold,PERSON,53,59
uc1.$b399329,126,5,0,Harold,PERSON,0,6
uc1.$b399329,126,5,1,Allan,PERSON,186,191
uc1.$b399329,126,8,0,Gertie Stickley,PERSON,20,35
uc1.$b399329,126,9,0,Allan,PERSON,43,48
uc1.$b399329,126,10,0,Harold,PERSON,0,6
uc1.$b399329,126,10,1,Donald,PERSON,19,25
uc1.$b399329,126,10,2,Gertie,PERSON,50,56
uc1.$b399329,126,11,0,Allan,PERSON,13,18
uc1.$b399329,126,12,0,ten o'clock in the morning,TIME,7,33
uc1.$b399329,126,15,0,Stickly,PERSON,50,57
uc1.$b399329,127,0,0,ETHIOPIA 123,PERSON,0,12
uc1.$b399329,127,3,0,Allan,PERSON,0,5
uc1.$b399329,127,5,0,Nigger,PERSON,66,72
uc1.$b399329,127,5,1,Donald Bleecker,PERSON,112,127
uc1.$b399329,127,8,0,Harold,PERSON,41,47
uc1.$b399329,127,9,0,Allan,PERSON,101,106
uc1.$b399329,127,11,0,Allan,PERSON,46,51
uc1.$b399329,127,12,0,Harold,PERSON,29,35
uc1.$b399329,127,13,0,one,CARDINAL,36,39
uc1.$b399329,127,15,0,Harold,PERSON,19,25
uc1.$b399329,127,15,1,Allan,PERSON,81,86
uc1.$b399329,127,17,0,Stickley,PERSON,5,13
uc1.$b399329,127,17,1,Allan,PERSON,60,65
uc1.$b399329,128,0,0,ETHIOPIA,GPE,4,12
uc1.$b399329,128,0,1,some festal day,DATE,13,28
uc1.$b399329,128,2,0,that day,DATE,122,130
uc1.$b399329,128,4,0,six o'clock,TIME,30,41
uc1.$b399329,128,4,1,Magnolia,GPE,71,79
uc1.$b399329,128,5,0,The Savna Times,ORG,0,15
uc1.$b399329,128,5,1,first,ORDINAL,74,79
uc1.$b399329,128,6,0,Jack Carter,PERSON,0,11
uc1.$b399329,128,7,0,linnet,PERSON,85,91
uc1.$b399329,128,10,0,one,CARDINAL,38,41
uc1.$b399329,128,10,1,Magnolia,LOC,61,69
uc1.$b399329,128,12,0,Harold,PERSON,0,6
uc1.$b399329,128,12,1,Allan,PERSON,45,50
uc1.$b399329,128,12,2,Cargo City,GPE,96,106
uc1.$b399329,128,12,3,Donald,PERSON,143,149
uc1.$b399329,129,0,0,ETHIOPIA,GPE,0,8
uc1.$b399329,129,4,0,Magnolia,LOC,27,35
uc1.$b399329,129,5,0,Magnolia,GPE,27,35
uc1.$b399329,129,7,0,Harold,PERSON,40,46
uc1.$b399329,129,8,0,Gertie,PERSON,65,71
uc1.$b399329,129,9,0,Bleecker,PERSON,12,20
uc1.$b399329,129,9,1,Gertie,PERSON,188,194
uc1.$b399329,129,10,0,Harold,PERSON,46,52
uc1.$b399329,129,11,0,Bleecker,PERSON,9,17
uc1.$b399329,129,11,1,Donald Bleecker,PERSON,55,70
uc1.$b399329,129,14,0,half-past five in the afternoon,TIME,11,42
uc1.$b399329,129,14,1,Allan,PERSON,48,53
uc1.$b399329,129,15,0,Allan,PERSON,7,12
uc1.$b399329,130,0,0,126,CARDINAL,0,3
uc1.$b399329,130,0,1,ETHIOPIA,NORP,4,12
uc1.$b399329,130,1,0,Hindu,NORP,28,33
uc1.$b399329,130,2,0,a few moments,TIME,221,234
uc1.$b399329,130,3,0,Allan,PERSON,19,24
uc1.$b399329,130,4,0,Hamitic,NORP,92,99
uc1.$b399329,130,6,0,Allan,PERSON,7,12
uc1.$b399329,130,8,0,Allan,PERSON,5,10
uc1.$b399329,131,0,0,ETHIOPIA,ORG,0,8
uc1.$b399329,131,2,0,Allan,PERSON,9,14
uc1.$b399329,131,2,1,Elsa,PERSON,36,40
uc1.$b399329,131,2,2,Elsa,PERSON,71,75
uc1.$b399329,131,2,3,Elsa,PERSON,76,80
uc1.$b399329,131,2,4,dozen,CARDINAL,351,356
uc1.$b399329,131,4,0,Allan,PERSON,0,5
uc1.$b399329,131,5,0,Harold,PERSON,0,6
uc1.$b399329,131,5,1,Allan,PERSON,134,139
uc1.$b399329,131,6,0,Allan,PERSON,53,58
uc1.$b399329,131,7,0,Donald Bleecker,PERSON,0,15
uc1.$b399329,131,7,1,Harold,PERSON,116,122
uc1.$b399329,131,8,0,Stickley,PERSON,219,227
uc1.$b399329,131,8,1,Bleecker,PERSON,251,259
uc1.$b399329,131,9,0,Harold,PERSON,6,12
uc1.$b399329,131,9,1,Allan,PERSON,41,46
uc1.$b399329,131,10,0,Wall,PERSON,1,5
uc1.$b399329,131,12,0,Harold,PERSON,37,43
uc1.$b399329,132,0,0,ETHIOPIA,PERSON,4,12
uc1.$b399329,132,4,0,Donald Bleecker,PERSON,28,43
uc1.$b399329,132,4,1,Gertie,PERSON,67,73
uc1.$b399329,132,7,0,Gertie Stickley,PERSON,0,15
uc1.$b399329,132,7,1,Donald Bleecker's,PERSON,36,53
uc1.$b399329,132,8,0,two,CARDINAL,7,10
uc1.$b399329,132,9,0,Harold Bleecker,PERSON,39,54
uc1.$b399329,132,9,1,Allan Dune,PERSON,72,82
uc1.$b399329,132,10,0,Bleecker,PERSON,5,13
uc1.$b399329,132,11,0,Allan,PERSON,0,5
uc1.$b399329,132,13,0,Donald Bleecker,PERSON,56,71
uc1.$b399329,132,15,0,half,CARDINAL,126,130
uc1.$b399329,133,0,0,Allan Dune,PERSON,121,131
uc1.$b399329,133,1,0,Elsa Mangus,PERSON,66,77
uc1.$b399329,133,1,1,Allan Dune,PERSON,125,135
uc1.$b399329,133,3,0,129,CARDINAL,8,11
