vol_id,page,sentence_id,ent_id,entity,entity_type,start_char,end_char
uc1.b4350620,7,0,0,RICHARD PERRY,PERSON,11,24
uc1.b4350620,7,0,1,"THE BOBBS-MERRILL COMPANY, INC.",ORG,25,56
uc1.b4350620,7,0,2,INDIANAPOLIS,GPE,57,69
uc1.b4350620,7,0,3,NEW YORK,GPE,70,78
uc1.b4350620,8,0,0,Univ. Library,ORG,0,13
uc1.b4350620,8,0,1,Univ.,GPE,15,20
uc1.b4350620,8,0,2,Calif.,GPE,21,27
uc1.b4350620,8,0,3,Santa Cru,GPE,29,38
uc1.b4350620,8,0,4,1974,DATE,49,53
uc1.b4350620,8,0,5,Richard Perry,PERSON,57,70
uc1.b4350620,8,1,0,"the Bobbs-Merrill Company, Inc.",ORG,101,132
uc1.b4350620,8,1,1,Indianapolis,GPE,133,145
uc1.b4350620,8,1,2,New York,GPE,146,154
uc1.b4350620,8,1,3,672-51850-3,CARDINAL,162,173
uc1.b4350620,8,1,4,Library of Congress,ORG,174,193
uc1.b4350620,8,1,5,73,CARDINAL,214,216
uc1.b4350620,8,1,6,Jack Jaget,PERSON,235,245
uc1.b4350620,8,1,7,the United States of America,GPE,262,290
uc1.b4350620,8,1,8,First,ORDINAL,291,296
uc1.b4350620,9,0,0,Henry Evans,PERSON,21,32
uc1.b4350620,11,0,0,1,CARDINAL,21,22
uc1.b4350620,11,1,0,2,CARDINAL,0,1
uc1.b4350620,15,13,0,first,ORDINAL,35,40
uc1.b4350620,15,15,0,1,CARDINAL,0,1
uc1.b4350620,16,4,0,Bukay,PERSON,5,10
uc1.b4350620,16,26,0,King,PERSON,5,9
uc1.b4350620,17,0,0,one,CARDINAL,15,18
uc1.b4350620,17,1,0,America,GPE,17,24
uc1.b4350620,17,1,1,King,PERSON,72,76
uc1.b4350620,17,8,0,King,PERSON,31,35
uc1.b4350620,17,9,0,Christ,PERSON,43,49
uc1.b4350620,17,14,0,3,CARDINAL,7,8
uc1.b4350620,19,2,0,One,CARDINAL,0,3
uc1.b4350620,19,7,0,5,CARDINAL,0,1
uc1.b4350620,20,0,0,One,CARDINAL,8,11
uc1.b4350620,20,1,0,Pepper,PERSON,39,45
uc1.b4350620,20,1,1,Midstown,GPE,99,107
uc1.b4350620,20,2,0,winter,DATE,16,22
uc1.b4350620,20,3,0,two days,DATE,46,54
uc1.b4350620,20,5,0,first,ORDINAL,24,29
uc1.b4350620,20,5,1,Bill Taylor,PERSON,46,57
uc1.b4350620,20,7,0,Catskills,LOC,124,133
uc1.b4350620,20,7,1,a mile,QUANTITY,135,141
uc1.b4350620,20,10,0,New Holland,GPE,39,50
uc1.b4350620,20,11,0,6,CARDINAL,0,1
uc1.b4350620,21,0,0,Bill Taylor,PERSON,0,11
uc1.b4350620,21,4,0,The day,DATE,0,7
uc1.b4350620,21,4,1,"Friday, January 15, the birthday of",DATE,11,46
uc1.b4350620,21,4,2,Martin Luther King,PERSON,47,65
uc1.b4350620,21,5,0,The day,DATE,3,10
uc1.b4350620,21,5,1,King,PERSON,11,15
uc1.b4350620,21,5,2,Bill,PERSON,27,31
uc1.b4350620,21,6,0,Jake,PERSON,0,4
uc1.b4350620,21,6,1,New York City,GPE,27,40
uc1.b4350620,21,7,0,two,CARDINAL,4,7
uc1.b4350620,21,7,1,Haley's Tavern,ORG,16,30
uc1.b4350620,21,8,0,two,CARDINAL,99,102
uc1.b4350620,21,9,0,King,PERSON,18,22
uc1.b4350620,21,11,0,Malcolm,PERSON,0,7
uc1.b4350620,21,12,0,John,PERSON,0,4
uc1.b4350620,21,14,0,Jake,PERSON,41,45
uc1.b4350620,21,15,0,America,GPE,0,7
uc1.b4350620,21,16,0,America,GPE,0,7
uc1.b4350620,21,16,1,Martin Luther King,PERSON,25,43
uc1.b4350620,21,20,0,Bill,PERSON,0,4
uc1.b4350620,21,21,0,about seven,TIME,14,25
uc1.b4350620,21,23,0,early spring,DATE,76,88
uc1.b4350620,21,23,1,evening,TIME,98,105
uc1.b4350620,21,24,0,Bill,PERSON,23,27
uc1.b4350620,21,26,0,Jake,PERSON,0,4
uc1.b4350620,21,30,0,7,CARDINAL,47,48
uc1.b4350620,22,3,0,King,PERSON,11,15
uc1.b4350620,22,4,0,Haley's,ORG,0,7
uc1.b4350620,22,5,0,one,CARDINAL,48,51
uc1.b4350620,22,5,1,one,CARDINAL,168,171
uc1.b4350620,22,6,0,one,CARDINAL,72,75
uc1.b4350620,22,8,0,Half,CARDINAL,0,4
uc1.b4350620,22,10,0,Three,CARDINAL,0,5
uc1.b4350620,22,10,1,one,CARDINAL,40,43
uc1.b4350620,22,11,0,Two,CARDINAL,0,3
uc1.b4350620,22,11,1,third,ORDINAL,34,39
uc1.b4350620,22,12,0,Bill,PERSON,0,4
uc1.b4350620,22,13,0,Jake,PERSON,0,4
uc1.b4350620,22,14,0,Bill,PERSON,0,4
uc1.b4350620,22,16,0,spring,DATE,81,87
uc1.b4350620,22,16,1,two,CARDINAL,135,138
uc1.b4350620,22,18,0,Rachel,PERSON,0,6
uc1.b4350620,23,3,0,Jake,PERSON,0,4
uc1.b4350620,23,7,0,Jake,PERSON,0,4
uc1.b4350620,23,10,0,Jake,PERSON,0,4
uc1.b4350620,23,11,0,all afternoon,TIME,22,35
uc1.b4350620,23,12,0,Bill,PERSON,15,19
uc1.b4350620,23,13,0,one,CARDINAL,58,61
uc1.b4350620,23,15,0,morning,TIME,5,12
uc1.b4350620,23,16,0,a minute,TIME,9,17
uc1.b4350620,23,17,0,Jake,PERSON,0,4
uc1.b4350620,23,18,0,Bill,PERSON,7,11
uc1.b4350620,23,18,1,six-foot,QUANTITY,14,22
uc1.b4350620,23,20,0,Bill,PERSON,30,34
uc1.b4350620,23,23,0,Jake,PERSON,0,4
uc1.b4350620,23,24,0,Bill,PERSON,25,29
uc1.b4350620,23,25,0,Jake,PERSON,0,4
uc1.b4350620,23,29,0,Dutch,NORP,43,48
uc1.b4350620,23,30,0,9,CARDINAL,0,1
uc1.b4350620,24,3,0,this morning,TIME,29,41
uc1.b4350620,24,4,0,first,ORDINAL,9,14
uc1.b4350620,24,6,0,South,LOC,26,31
uc1.b4350620,24,14,0,Smokey,PERSON,0,6
uc1.b4350620,24,17,0,Jake,PERSON,0,4
uc1.b4350620,24,18,0,three,CARDINAL,19,24
uc1.b4350620,24,22,0,half,CARDINAL,45,49
uc1.b4350620,24,27,0,Bill,PERSON,0,4
uc1.b4350620,24,28,0,One,CARDINAL,0,3
uc1.b4350620,24,34,0,Bill,PERSON,36,40
uc1.b4350620,24,35,0,Jake,PERSON,0,4
uc1.b4350620,24,37,0,10,CARDINAL,8,10
uc1.b4350620,25,1,0,Jake,PERSON,1,5
uc1.b4350620,25,6,0,Bill,PERSON,16,20
uc1.b4350620,25,12,0,Jake,PERSON,0,4
uc1.b4350620,25,14,0,Jake,PERSON,0,4
uc1.b4350620,25,15,0,Bill,PERSON,0,4
uc1.b4350620,25,18,0,Jake,PERSON,54,58
uc1.b4350620,25,21,0,Bill,PERSON,0,4
uc1.b4350620,25,22,0,second,ORDINAL,20,26
uc1.b4350620,25,26,0,Maroon Jacket,PERSON,35,48
uc1.b4350620,25,27,0,Bill,PERSON,37,41
uc1.b4350620,25,28,0,one,CARDINAL,11,14
uc1.b4350620,25,28,1,Al Jolson,PERSON,36,45
uc1.b4350620,25,29,0,Bill,PERSON,0,4
uc1.b4350620,25,30,0,Jake,PERSON,11,15
uc1.b4350620,25,30,1,11,CARDINAL,57,59
uc1.b4350620,26,2,0,Jake,PERSON,77,81
uc1.b4350620,26,3,0,Jake,PERSON,1,5
uc1.b4350620,26,4,0,Maroon Jacket,PERSON,12,25
uc1.b4350620,26,5,0,Bill,PERSON,28,32
uc1.b4350620,26,7,0,Maroon Jacket,PERSON,0,13
uc1.b4350620,26,7,1,Bill,PERSON,29,33
uc1.b4350620,26,9,0,Bill,PERSON,0,4
uc1.b4350620,26,10,0,Maroon Jacket's,PERSON,46,61
uc1.b4350620,26,12,0,Maroon Jacket,PERSON,69,82
uc1.b4350620,26,18,0,Bill,PERSON,0,4
uc1.b4350620,26,23,0,Bill,PERSON,15,19
uc1.b4350620,26,26,0,Jake,PERSON,0,4
uc1.b4350620,26,34,0,Billy,PERSON,1,6
uc1.b4350620,26,35,0,Jake,PERSON,0,4
uc1.b4350620,26,36,0,Sycamore,FAC,67,75
uc1.b4350620,26,37,0,12,CARDINAL,4,6
uc1.b4350620,27,2,0,Jake,PERSON,0,4
uc1.b4350620,27,6,0,Bill,PERSON,0,4
uc1.b4350620,27,9,0,Jake,PERSON,1,5
uc1.b4350620,27,15,0,Jake,PERSON,0,4
uc1.b4350620,27,18,0,Jake,PERSON,47,51
uc1.b4350620,27,18,1,Bill,PERSON,63,67
uc1.b4350620,27,20,0,Jake,PERSON,11,15
uc1.b4350620,27,23,0,Jake,PERSON,0,4
uc1.b4350620,27,30,0,13,CARDINAL,0,2
uc1.b4350620,28,0,0,Rachel,PERSON,30,36
uc1.b4350620,28,2,0,Malcolm,PERSON,23,30
uc1.b4350620,28,6,0,Bill,PERSON,0,4
uc1.b4350620,28,14,0,Bill,PERSON,0,4
uc1.b4350620,28,15,0,IV February 15,DATE,0,14
uc1.b4350620,28,16,0,Evening,TIME,0,7
uc1.b4350620,28,17,0,Rachel,PERSON,38,44
uc1.b4350620,28,18,0,Jake,PERSON,1,5
uc1.b4350620,28,22,0,Bill,PERSON,0,4
uc1.b4350620,28,24,0,Jake,PERSON,21,25
uc1.b4350620,28,24,1,six months,DATE,29,39
uc1.b4350620,28,24,2,Algiers,GPE,74,81
uc1.b4350620,28,25,0,New York,GPE,14,22
uc1.b4350620,28,30,0,Africa,LOC,24,30
uc1.b4350620,28,31,0,14,CARDINAL,24,26
uc1.b4350620,29,1,0,Bill,PERSON,0,4
uc1.b4350620,29,3,0,"October 15, 1945",DATE,3,19
uc1.b4350620,29,3,1,New York,GPE,39,47
uc1.b4350620,29,4,0,the World War,EVENT,59,72
uc1.b4350620,29,5,0,Riker's Island,LOC,14,28
uc1.b4350620,29,5,1,Mattewan State Hospital,ORG,57,80
uc1.b4350620,29,6,0,thirteen years,DATE,6,20
uc1.b4350620,29,6,1,Central Islip,LOC,43,56
uc1.b4350620,29,6,2,Long Island,GPE,58,69
uc1.b4350620,29,6,3,nine years,DATE,85,95
uc1.b4350620,29,7,0,Midstown,GPE,12,20
uc1.b4350620,29,11,0,NODDAMAN BUKAY,PERSON,0,14
uc1.b4350620,29,11,1,Midstown State Hospital,ORG,24,47
uc1.b4350620,29,11,2,Jake,PERSON,95,99
uc1.b4350620,29,12,0,Black Scholar,ORG,29,42
uc1.b4350620,29,13,0,Rachel,PERSON,0,6
uc1.b4350620,29,13,1,Malcolm,PERSON,12,19
uc1.b4350620,29,14,0,Bill,PERSON,0,4
uc1.b4350620,29,18,0,Malcolm,PERSON,43,50
uc1.b4350620,29,19,0,Rachel,PERSON,50,56
uc1.b4350620,29,20,0,Bill,PERSON,0,4
uc1.b4350620,29,21,0,Jake,PERSON,0,4
uc1.b4350620,29,22,0,Bill,PERSON,0,4
uc1.b4350620,29,24,0,15,CARDINAL,50,52
uc1.b4350620,30,3,0,Two,CARDINAL,0,3
uc1.b4350620,30,3,1,Bette Davis,PERSON,39,50
uc1.b4350620,30,5,0,today,DATE,27,32
uc1.b4350620,30,7,0,Betty,PERSON,7,12
uc1.b4350620,30,11,0,Josh,PERSON,0,4
uc1.b4350620,30,11,1,Josh,PERSON,11,15
uc1.b4350620,30,16,0,Irish,NORP,17,22
uc1.b4350620,30,17,0,first,ORDINAL,13,18
uc1.b4350620,30,18,0,Irishmen,NORP,5,13
uc1.b4350620,30,18,1,Rachel,PERSON,27,33
uc1.b4350620,30,21,0,Betty,PERSON,1,6
uc1.b4350620,30,23,0,Martha,PERSON,5,11
uc1.b4350620,30,23,1,Jim Harding's,PERSON,12,25
uc1.b4350620,30,23,2,Betty,PERSON,60,65
uc1.b4350620,30,24,0,Martha,PERSON,0,6
uc1.b4350620,30,25,0,Malcolm,PERSON,0,7
uc1.b4350620,30,26,0,Rachel,PERSON,20,26
uc1.b4350620,30,28,0,A day,DATE,1,6
uc1.b4350620,30,29,0,Pinchbottom,PERSON,1,12
uc1.b4350620,30,31,0,Malcolm,PERSON,11,18
uc1.b4350620,30,31,1,Bill,PERSON,43,47
uc1.b4350620,30,32,0,One,CARDINAL,0,3
uc1.b4350620,30,32,1,Jake,PERSON,7,11
uc1.b4350620,30,33,0,Jake,PERSON,0,4
uc1.b4350620,30,33,1,first,ORDINAL,44,49
uc1.b4350620,30,35,0,Rachel,PERSON,18,24
uc1.b4350620,30,35,1,Malcolm,PERSON,54,61
uc1.b4350620,30,36,0,Bill 16,PERSON,0,7
uc1.b4350620,31,0,0,half,CARDINAL,34,38
uc1.b4350620,31,0,1,Bill,PERSON,71,75
uc1.b4350620,31,3,0,Rachel,PERSON,0,6
uc1.b4350620,31,8,0,Jake,PERSON,8,12
uc1.b4350620,31,15,0,Half an hour,TIME,0,12
uc1.b4350620,31,16,0,first,ORDINAL,24,29
uc1.b4350620,31,17,0,Bill,PERSON,1,5
uc1.b4350620,31,24,0,India,GPE,31,36
uc1.b4350620,31,40,0,17,CARDINAL,11,13
uc1.b4350620,32,7,0,Malcolm,PERSON,18,25
uc1.b4350620,32,10,0,"Yesterday, February 23",DATE,2,24
uc1.b4350620,32,10,1,Saturday,DATE,30,38
uc1.b4350620,32,10,2,all day,DATE,50,57
uc1.b4350620,32,10,3,an hour before darkness,TIME,64,87
uc1.b4350620,32,11,0,Bill,PERSON,40,44
uc1.b4350620,32,12,0,Today,DATE,0,5
uc1.b4350620,32,12,1,Sunday,DATE,9,15
uc1.b4350620,33,0,0,Two,CARDINAL,8,11
uc1.b4350620,33,0,1,"Monday, February 25",DATE,14,33
uc1.b4350620,33,2,0,the day,DATE,22,29
uc1.b4350620,33,3,0,Bill,PERSON,0,4
uc1.b4350620,33,5,0,Taylor,PERSON,0,6
uc1.b4350620,33,6,0,half,CARDINAL,79,83
uc1.b4350620,33,7,0,Pinchbottom,PERSON,0,11
uc1.b4350620,33,7,1,European,NORP,26,34
uc1.b4350620,33,9,0,six feet,QUANTITY,5,13
uc1.b4350620,33,9,1,one,CARDINAL,34,37
uc1.b4350620,33,9,2,This jolly morning,TIME,62,80
uc1.b4350620,33,9,3,winter,DATE,82,88
uc1.b4350620,33,10,0,a fine morning,TIME,67,81
uc1.b4350620,33,10,1,19,CARDINAL,84,86
uc1.b4350620,34,0,0,Bill,PERSON,0,4
uc1.b4350620,34,3,0,Bill,PERSON,26,30
uc1.b4350620,34,4,0,Pinchbottom,PERSON,21,32
uc1.b4350620,34,5,0,the winter of 1939,DATE,29,47
uc1.b4350620,34,6,0,Bill,PERSON,0,4
uc1.b4350620,34,7,0,a few months,DATE,24,36
uc1.b4350620,34,7,1,New Holland,GPE,51,62
uc1.b4350620,34,7,2,Midwest,LOC,84,91
uc1.b4350620,34,7,3,the beginning of fall semester,DATE,95,125
uc1.b4350620,34,8,0,Pinchbottom,PERSON,16,27
uc1.b4350620,34,9,0,Bill,PERSON,51,55
uc1.b4350620,34,10,0,five minutes,TIME,6,18
uc1.b4350620,34,10,1,British,NORP,49,56
uc1.b4350620,34,10,2,Bill,PERSON,76,80
uc1.b4350620,34,10,3,Pinchbottom,PERSON,95,106
uc1.b4350620,34,13,0,Morning,TIME,0,7
uc1.b4350620,34,14,0,morning,TIME,242,249
uc1.b4350620,34,15,0,Bill,PERSON,21,25
uc1.b4350620,34,15,1,Pinchbottom,PERSON,39,50
uc1.b4350620,34,19,0,third,ORDINAL,4,9
uc1.b4350620,34,27,0,20,CARDINAL,22,24
uc1.b4350620,35,7,0,Louisiana,GPE,27,36
uc1.b4350620,35,14,0,Pinchbottom,PERSON,0,11
uc1.b4350620,35,14,1,five,CARDINAL,134,138
uc1.b4350620,35,23,0,Bill,PERSON,71,75
uc1.b4350620,35,25,0,Taylor,PERSON,46,52
uc1.b4350620,35,28,0,Pinchbottom,PERSON,10,21
uc1.b4350620,35,33,0,21,CARDINAL,0,2
uc1.b4350620,36,0,0,Bill,PERSON,13,17
uc1.b4350620,36,2,0,Pinchbottom,PERSON,26,37
uc1.b4350620,36,12,0,Pinchbottom,PERSON,0,11
uc1.b4350620,36,13,0,Africa,LOC,86,92
uc1.b4350620,36,20,0,Jews,NORP,9,13
uc1.b4350620,36,22,0,Taylor,PERSON,39,45
uc1.b4350620,36,27,0,last night,TIME,20,30
uc1.b4350620,36,28,0,America,GPE,89,96
uc1.b4350620,37,2,0,Bill,PERSON,0,4
uc1.b4350620,37,5,0,New Orleans,GPE,13,24
uc1.b4350620,37,9,0,last night,TIME,34,44
uc1.b4350620,37,23,0,Pinchbottom,PERSON,0,11
uc1.b4350620,37,28,0,last night,TIME,34,44
uc1.b4350620,37,32,0,Bill,PERSON,15,19
uc1.b4350620,37,33,0,Pinchbottom,PERSON,14,25
uc1.b4350620,37,34,0,Bill,PERSON,0,4
uc1.b4350620,37,35,0,Bill,PERSON,101,105
uc1.b4350620,37,35,1,23,CARDINAL,137,139
uc1.b4350620,38,8,0,Pinchbottom,PERSON,0,11
uc1.b4350620,38,9,0,Second,ORDINAL,1,7
uc1.b4350620,38,9,1,Louisiana,GPE,27,36
uc1.b4350620,38,14,0,more than sixty,CARDINAL,24,39
uc1.b4350620,38,16,0,Bill Taylor,PERSON,12,23
uc1.b4350620,38,17,0,Afternoon,TIME,0,9
uc1.b4350620,38,20,0,three,CARDINAL,16,21
uc1.b4350620,38,20,1,three,CARDINAL,25,30
uc1.b4350620,38,21,0,one,CARDINAL,68,71
uc1.b4350620,38,22,0,24,CARDINAL,20,22
uc1.b4350620,39,0,0,Africa,LOC,26,32
uc1.b4350620,39,0,1,one day,DATE,42,49
uc1.b4350620,39,0,2,miles,CARDINAL,92,97
uc1.b4350620,39,4,0,one morning,TIME,104,115
uc1.b4350620,39,4,1,America,GPE,164,171
uc1.b4350620,39,7,0,Bible,WORK_OF_ART,71,76
uc1.b4350620,39,13,0,Europeans,NORP,49,58
uc1.b4350620,39,16,0,America,GPE,32,39
uc1.b4350620,39,21,0,25,CARDINAL,13,15
uc1.b4350620,40,4,0,Moments later,TIME,0,13
uc1.b4350620,40,5,0,Taylor,PERSON,5,11
uc1.b4350620,40,15,0,half,CARDINAL,47,51
uc1.b4350620,40,17,0,Glick,PERSON,6,11
uc1.b4350620,40,19,0,Sharon Glick,PERSON,1,13
uc1.b4350620,40,21,0,26,CARDINAL,100,102
uc1.b4350620,41,1,0,this age eighteen years ago,DATE,54,81
uc1.b4350620,41,2,0,that fraction,TIME,15,28
uc1.b4350620,41,2,1,a second,TIME,32,40
uc1.b4350620,41,6,0,today,DATE,34,39
uc1.b4350620,41,9,0,Bill,PERSON,0,4
uc1.b4350620,41,10,0,Sharon,PERSON,57,63
uc1.b4350620,41,10,1,Bill,PERSON,209,213
uc1.b4350620,41,12,0,Today,DATE,0,5
uc1.b4350620,41,12,1,Demby,PERSON,26,31
uc1.b4350620,41,12,2,Marilyn Monroe,PERSON,64,78
uc1.b4350620,41,12,3,Arthur Miller,PERSON,83,96
uc1.b4350620,41,21,0,Demby,PERSON,52,57
uc1.b4350620,41,22,0,27,CARDINAL,25,27
uc1.b4350620,42,4,0,Puritan,NORP,93,100
uc1.b4350620,42,11,0,Doris,PERSON,0,5
uc1.b4350620,42,14,0,Demby,PERSON,11,16
uc1.b4350620,42,15,0,Marilyn,PERSON,15,22
uc1.b4350620,42,22,0,two,CARDINAL,61,64
uc1.b4350620,42,26,0,Bill,PERSON,17,21
uc1.b4350620,43,0,0,afternoon,TIME,131,140
uc1.b4350620,43,2,0,Demby,PERSON,13,18
uc1.b4350620,43,10,0,night,TIME,46,51
uc1.b4350620,43,10,1,two,CARDINAL,76,79
uc1.b4350620,43,10,2,one,CARDINAL,94,97
uc1.b4350620,43,15,0,two,CARDINAL,17,20
uc1.b4350620,43,15,1,two,CARDINAL,33,36
uc1.b4350620,43,16,0,Bill,PERSON,34,38
uc1.b4350620,43,19,0,a normal day,DATE,14,26
uc1.b4350620,43,22,0,29,CARDINAL,116,118
uc1.b4350620,44,3,0,two,CARDINAL,16,19
uc1.b4350620,44,5,0,Sharon,PERSON,7,13
uc1.b4350620,44,5,1,African,NORP,53,60
uc1.b4350620,44,6,0,Bill,PERSON,9,13
uc1.b4350620,44,7,0,30,CARDINAL,0,2
uc1.b4350620,45,0,0,"Friday, March 8",DATE,16,31
uc1.b4350620,45,1,0,Rachel,PERSON,44,50
uc1.b4350620,45,6,0,five o'clock,TIME,20,32
uc1.b4350620,45,9,0,three,CARDINAL,12,17
uc1.b4350620,45,10,0,one,CARDINAL,5,8
uc1.b4350620,45,15,0,NAACP Awards,ORG,4,16
uc1.b4350620,45,21,0,31,CARDINAL,12,14
uc1.b4350620,46,0,0,Midstown,GPE,4,12
uc1.b4350620,46,4,0,Malcolm,PERSON,8,15
uc1.b4350620,46,6,0,an hour,TIME,25,32
uc1.b4350620,46,7,0,Bill,PERSON,3,7
uc1.b4350620,46,16,0,Rachel,PERSON,32,38
uc1.b4350620,46,17,0,NAACP,ORG,46,51
uc1.b4350620,46,25,0,Rachel,PERSON,0,6
uc1.b4350620,46,28,0,Sesame Street,WORK_OF_ART,60,73
uc1.b4350620,46,30,0,Bill,PERSON,0,4
uc1.b4350620,47,2,0,Sharon,PERSON,22,28
uc1.b4350620,47,3,0,today,DATE,9,14
uc1.b4350620,47,6,0,six years,DATE,3,12
uc1.b4350620,47,7,0,Rachel,PERSON,7,13
uc1.b4350620,47,7,1,first,ORDINAL,36,41
uc1.b4350620,47,10,0,Sharon,PERSON,38,44
uc1.b4350620,47,11,0,Jackie,PERSON,47,53
uc1.b4350620,47,12,0,Jackie,PERSON,57,63
uc1.b4350620,47,12,1,years,DATE,67,72
uc1.b4350620,47,14,0,Coke,PRODUCT,23,27
uc1.b4350620,47,14,1,the day,DATE,123,130
uc1.b4350620,47,18,0,Bill,PERSON,0,4
uc1.b4350620,47,19,0,Bill,PERSON,50,54
uc1.b4350620,47,21,0,Bill,PERSON,0,4
uc1.b4350620,47,21,1,Rachel,PERSON,19,25
uc1.b4350620,47,22,0,one,CARDINAL,102,105
uc1.b4350620,48,1,0,Jackie,PERSON,3,9
uc1.b4350620,48,1,1,years later,DATE,103,114
uc1.b4350620,48,1,2,Greenwich Village,LOC,120,137
uc1.b4350620,48,3,0,dusk,TIME,7,11
uc1.b4350620,48,6,0,Bea,PERSON,34,37
uc1.b4350620,48,6,1,that evening,TIME,38,50
uc1.b4350620,48,6,2,spring,DATE,88,94
uc1.b4350620,48,6,3,Jackie,PERSON,100,106
uc1.b4350620,48,15,0,Rachel,PERSON,0,6
uc1.b4350620,48,20,0,night,TIME,30,35
uc1.b4350620,48,22,0,Caramel,PERSON,26,33
uc1.b4350620,48,22,1,Bill,PERSON,46,50
uc1.b4350620,49,7,0,two,CARDINAL,32,35
uc1.b4350620,49,14,0,inches,CARDINAL,69,75
uc1.b4350620,49,39,0,35,CARDINAL,0,2
uc1.b4350620,50,4,0,NAACP,ORG,19,24
uc1.b4350620,50,9,0,Revolutionary,PERSON,23,36
uc1.b4350620,50,10,0,St. Louis,GPE,1,10
uc1.b4350620,50,25,0,thirty-three years old,DATE,8,30
uc1.b4350620,51,7,0,Caramel,EVENT,87,94
uc1.b4350620,51,8,0,Bill,PERSON,0,4
uc1.b4350620,51,8,1,Rachel,PERSON,14,20
uc1.b4350620,51,12,0,Bill,PERSON,0,4
uc1.b4350620,51,12,1,Rachel,PERSON,12,18
uc1.b4350620,51,18,0,Manhattan,GPE,3,12
uc1.b4350620,51,20,0,three,CARDINAL,42,47
uc1.b4350620,51,20,1,two,CARDINAL,56,59
uc1.b4350620,51,20,2,one,CARDINAL,97,100
uc1.b4350620,51,21,0,Rachel,PERSON,18,24
uc1.b4350620,51,23,0,Franklin,PERSON,5,13
uc1.b4350620,51,25,0,37,CARDINAL,0,2
uc1.b4350620,52,0,0,tonight,TIME,16,23
uc1.b4350620,52,0,1,Bill,PERSON,26,30
uc1.b4350620,52,1,0,Franklin,PERSON,0,8
uc1.b4350620,52,7,0,Franklin,PERSON,34,42
uc1.b4350620,52,8,0,Bill,PERSON,0,4
uc1.b4350620,52,9,0,Half,CARDINAL,0,4
uc1.b4350620,52,9,1,Franklin,PERSON,8,16
uc1.b4350620,52,10,0,Franklin,PERSON,26,34
uc1.b4350620,52,12,0,Bill,PERSON,11,15
uc1.b4350620,52,16,0,Mississippi,GPE,1,12
uc1.b4350620,52,16,1,nineteen sixty-two,DATE,14,32
uc1.b4350620,52,20,0,Bill,PERSON,0,4
uc1.b4350620,52,20,1,second,ORDINAL,16,22
uc1.b4350620,52,21,0,Rachel,PERSON,0,6
uc1.b4350620,52,25,0,Rachel,PERSON,0,6
uc1.b4350620,52,25,1,Bill,PERSON,71,75
uc1.b4350620,52,28,0,Franklin,PERSON,13,21
uc1.b4350620,52,28,1,Payne,PERSON,64,69
uc1.b4350620,52,31,0,Beasly,PERSON,8,14
uc1.b4350620,52,31,1,Christmas,DATE,57,66
uc1.b4350620,52,32,0,Holmes,PERSON,7,13
uc1.b4350620,52,33,0,Jane Elder,PERSON,3,13
uc1.b4350620,52,33,1,1 38,CARDINAL,19,23
uc1.b4350620,53,0,0,Dean,PERSON,19,23
uc1.b4350620,53,1,0,Edwards,PERSON,30,37
uc1.b4350620,53,2,0,Bill,PERSON,1,5
uc1.b4350620,53,3,0,Richman,PERSON,17,24
uc1.b4350620,53,4,0,Rachel,PERSON,0,6
uc1.b4350620,53,5,0,A dozen,CARDINAL,0,7
uc1.b4350620,53,5,1,two,CARDINAL,80,83
uc1.b4350620,53,6,0,Richman,PERSON,53,60
uc1.b4350620,53,6,1,a second,TIME,111,119
uc1.b4350620,53,7,0,first,ORDINAL,17,22
uc1.b4350620,53,9,0,Payne,PERSON,4,9
uc1.b4350620,53,11,0,eleven,CARDINAL,14,20
uc1.b4350620,53,11,1,seven,CARDINAL,22,27
uc1.b4350620,53,12,0,winter,DATE,52,58
uc1.b4350620,53,13,0,Payne,PERSON,30,35
uc1.b4350620,53,16,0,Payne,PERSON,30,35
uc1.b4350620,53,17,0,Franklin,PERSON,104,112
uc1.b4350620,53,20,0,Franklin,PERSON,0,8
uc1.b4350620,53,23,0,two,CARDINAL,96,99
uc1.b4350620,54,2,0,Franklin,PERSON,41,49
uc1.b4350620,54,4,0,evening,TIME,42,49
uc1.b4350620,54,7,0,tonight,TIME,25,32
uc1.b4350620,54,17,0,Six months ago,DATE,0,14
uc1.b4350620,54,18,0,Six months ago,DATE,0,14
uc1.b4350620,54,19,0,American,NORP,77,85
uc1.b4350620,54,20,0,today,DATE,42,47
uc1.b4350620,54,20,1,yesterday,DATE,60,69
uc1.b4350620,54,20,2,tomorrow,DATE,96,104
uc1.b4350620,54,23,0,40,CARDINAL,0,2
uc1.b4350620,55,0,0,David Edwards,PERSON,5,18
uc1.b4350620,55,0,1,twenty-six,DATE,20,30
uc1.b4350620,55,0,2,Carmen Malone,PERSON,97,110
uc1.b4350620,55,0,3,five years old,DATE,112,126
uc1.b4350620,55,0,4,Geraldine Sims,PERSON,186,200
uc1.b4350620,55,0,5,seventeen,DATE,202,211
uc1.b4350620,55,0,6,Martha Ames,PERSON,279,290
uc1.b4350620,55,0,7,thirty-seven,DATE,292,304
uc1.b4350620,55,0,8,six,CARDINAL,316,319
uc1.b4350620,55,0,9,two,CARDINAL,332,335
uc1.b4350620,55,0,10,Mark Rand,PERSON,412,421
uc1.b4350620,55,0,11,twenty-two,DATE,423,433
uc1.b4350620,55,0,12,Bobby Duke,PERSON,525,535
uc1.b4350620,55,0,13,thirty,DATE,537,543
uc1.b4350620,55,0,14,James Cox,PERSON,633,642
uc1.b4350620,55,0,15,twenty-four,DATE,644,655
uc1.b4350620,55,0,16,Rockland State Hospital,FAC,669,692
uc1.b4350620,55,3,0,Bill,PERSON,0,4
uc1.b4350620,55,7,0,two,CARDINAL,51,54
uc1.b4350620,55,8,0,Franklin,PERSON,53,61
uc1.b4350620,55,8,1,Rachel,PERSON,169,175
uc1.b4350620,55,9,0,Bill,PERSON,0,4
uc1.b4350620,56,3,0,Richman,PERSON,127,134
uc1.b4350620,56,14,0,Rachel,PERSON,0,6
uc1.b4350620,56,34,0,Rachel,PERSON,0,6
uc1.b4350620,56,38,0,9,CARDINAL,31,32
uc1.b4350620,57,2,0,Rachel,PERSON,14,20
uc1.b4350620,57,17,0,Rachel,PERSON,36,42
uc1.b4350620,57,18,0,Bill,PERSON,0,4
uc1.b4350620,57,29,0,43,CARDINAL,0,2
uc1.b4350620,58,2,0,Rachel,PERSON,44,50
uc1.b4350620,58,23,0,this hour,TIME,8,17
uc1.b4350620,58,33,0,66,CARDINAL,0,2
uc1.b4350620,59,2,0,Rachel,PERSON,44,50
uc1.b4350620,60,0,0,Four,CARDINAL,8,12
uc1.b4350620,60,1,0,Late morning,TIME,0,12
uc1.b4350620,60,1,1,the last Saturday,DATE,14,31
uc1.b4350620,60,1,2,March,DATE,35,40
uc1.b4350620,60,2,0,three days,DATE,20,30
uc1.b4350620,60,2,1,the week,DATE,38,46
uc1.b4350620,60,3,0,Bill,PERSON,0,4
uc1.b4350620,60,3,1,Midstown,GPE,23,31
uc1.b4350620,60,4,0,Bukay,PERSON,0,5
uc1.b4350620,60,4,1,Bill,PERSON,40,44
uc1.b4350620,60,9,0,Rachel,PERSON,5,11
uc1.b4350620,60,10,0,night,TIME,48,53
uc1.b4350620,60,10,1,two,CARDINAL,88,91
uc1.b4350620,60,12,0,46,DATE,38,40
uc1.b4350620,61,3,0,Jake,PERSON,0,4
uc1.b4350620,61,4,0,Rachel,PERSON,0,6
uc1.b4350620,61,6,0,three nights,DATE,31,43
uc1.b4350620,61,7,0,the World of Mathematics,WORK_OF_ART,8,32
uc1.b4350620,61,8,0,Hudson,LOC,64,70
uc1.b4350620,61,8,1,afternoon,TIME,104,113
uc1.b4350620,61,9,0,Sage Street,FAC,36,47
uc1.b4350620,61,15,0,two,CARDINAL,24,27
uc1.b4350620,61,16,0,Bill,PERSON,0,4
uc1.b4350620,61,17,0,eight,CARDINAL,24,29
uc1.b4350620,61,17,1,ten,CARDINAL,33,36
uc1.b4350620,62,5,0,afternoon,TIME,6,15
uc1.b4350620,62,9,0,Midstown State Hospital,ORG,1,24
uc1.b4350620,62,10,0,one moment,TIME,6,16
uc1.b4350620,62,20,0,Sixty-four,CARDINAL,1,11
uc1.b4350620,62,24,0,next week,DATE,52,61
uc1.b4350620,62,29,0,48,CARDINAL,0,2
uc1.b4350620,63,5,0,Sometime next week,DATE,1,19
uc1.b4350620,63,6,0,first,ORDINAL,25,30
uc1.b4350620,63,9,0,Bill,PERSON,0,4
uc1.b4350620,63,10,0,Rachel,PERSON,4,10
uc1.b4350620,63,10,1,Malcolm,PERSON,15,22
uc1.b4350620,63,13,0,Pinchbottom,PERSON,14,25
uc1.b4350620,63,14,0,Pinchbottom,PERSON,0,11
uc1.b4350620,63,15,0,Pinchbottom,PERSON,35,46
uc1.b4350620,63,16,0,Jake,PERSON,59,63
uc1.b4350620,63,20,0,second,ORDINAL,14,20
uc1.b4350620,63,23,0,Taylor,PERSON,1,7
uc1.b4350620,63,25,0,49,CARDINAL,0,2
uc1.b4350620,64,0,0,Saturday,DATE,18,26
uc1.b4350620,64,0,1,afternoon,TIME,27,36
uc1.b4350620,64,4,0,Pinchbottom,PERSON,0,11
uc1.b4350620,64,4,1,three seconds,TIME,44,57
uc1.b4350620,64,6,0,Bill,PERSON,21,25
uc1.b4350620,64,14,0,One,CARDINAL,0,3
uc1.b4350620,64,15,0,Twentieth Century,DATE,0,17
uc1.b4350620,64,15,1,European,NORP,18,26
uc1.b4350620,64,16,0,Africa,LOC,25,31
uc1.b4350620,64,16,1,Caucasian,NORP,79,88
uc1.b4350620,64,21,0,Abuthat,PERSON,28,35
uc1.b4350620,64,23,0,Dean,PERSON,0,4
uc1.b4350620,64,23,1,spring recess a few days,DATE,13,37
uc1.b4350620,64,26,0,approximately thirty-seven minutes,TIME,31,65
uc1.b4350620,64,29,0,Pinchbottom,PERSON,0,11
uc1.b4350620,64,30,0,this morning,TIME,30,42
uc1.b4350620,65,4,0,Bill,PERSON,0,4
uc1.b4350620,65,7,0,Thirty minutes later,TIME,0,20
uc1.b4350620,65,7,1,one hundred and fifty,CARDINAL,49,70
uc1.b4350620,65,8,0,two,CARDINAL,148,151
uc1.b4350620,65,8,1,three's,CARDINAL,158,165
uc1.b4350620,65,10,0,Bill,PERSON,0,4
uc1.b4350620,65,10,1,Pinchbottom,PERSON,30,41
uc1.b4350620,65,11,0,the afternoon,TIME,54,67
uc1.b4350620,65,15,0,Taylor,PERSON,5,11
uc1.b4350620,65,16,0,Abu,PERSON,9,12
uc1.b4350620,65,18,0,Bill,PERSON,0,4
uc1.b4350620,65,25,0,Bill,PERSON,0,4
uc1.b4350620,65,26,0,Pepper,PERSON,5,11
uc1.b4350620,65,27,0,Bill,PERSON,55,59
uc1.b4350620,66,0,0,first,ORDINAL,37,42
uc1.b4350620,66,5,0,Bill,PERSON,75,79
uc1.b4350620,66,6,0,the day,DATE,26,33
uc1.b4350620,66,7,0,A hundred and fifty,CARDINAL,0,19
uc1.b4350620,66,7,1,one hundred and fifty,CARDINAL,76,97
uc1.b4350620,66,10,0,Bill,PERSON,17,21
uc1.b4350620,66,15,0,one,CARDINAL,9,12
uc1.b4350620,66,15,1,Rodin,PERSON,61,66
uc1.b4350620,66,15,2,Thinker,WORK_OF_ART,69,76
uc1.b4350620,66,17,0,Bill,PERSON,7,11
uc1.b4350620,66,17,1,five,CARDINAL,56,60
uc1.b4350620,66,18,0,Bill,PERSON,0,4
uc1.b4350620,66,18,1,Pinchbottom,PERSON,27,38
uc1.b4350620,66,19,0,Pinchbottom,PERSON,31,42
uc1.b4350620,67,2,0,Bill,PERSON,136,140
uc1.b4350620,67,3,0,Pinchbottom,PERSON,20,31
uc1.b4350620,67,3,1,three,CARDINAL,33,38
uc1.b4350620,67,3,2,five,CARDINAL,56,60
uc1.b4350620,67,3,3,Harding,PERSON,73,80
uc1.b4350620,67,3,4,McClain,PERSON,110,117
uc1.b4350620,67,3,5,Phillips,PERSON,149,157
uc1.b4350620,67,3,6,one,CARDINAL,172,175
uc1.b4350620,67,3,7,two,CARDINAL,179,182
uc1.b4350620,67,3,8,Pinchbottom,PERSON,222,233
uc1.b4350620,67,7,0,two,CARDINAL,20,23
uc1.b4350620,67,7,1,Bill,PERSON,40,44
uc1.b4350620,67,9,0,Rupert Bond,PERSON,52,63
uc1.b4350620,67,10,0,Years,DATE,0,5
uc1.b4350620,67,10,1,Rupert,PERSON,36,42
uc1.b4350620,67,11,0,Robert Steele,PERSON,21,34
uc1.b4350620,67,13,0,Taylor,PERSON,4,10
uc1.b4350620,67,20,0,Bill,PERSON,0,4
uc1.b4350620,67,21,0,Pinchbottom,PERSON,0,11
uc1.b4350620,68,0,0,Joseph Abu,PERSON,5,15
uc1.b4350620,68,0,1,America,GPE,25,32
uc1.b4350620,68,1,0,the evening,TIME,3,14
uc1.b4350620,68,1,1,morning,TIME,26,33
uc1.b4350620,68,2,0,66,CARDINAL,0,2
uc1.b4350620,68,5,0,four hours,TIME,6,16
uc1.b4350620,68,6,0,winter,DATE,27,33
uc1.b4350620,68,6,1,Joseph Abu,PERSON,35,45
uc1.b4350620,68,6,2,Downer Hall,FAC,80,91
uc1.b4350620,68,9,0,winter,DATE,63,69
uc1.b4350620,68,10,0,Downer,ORG,3,9
uc1.b4350620,68,15,0,African,NORP,31,38
uc1.b4350620,68,16,0,many nights,DATE,52,63
uc1.b4350620,68,21,0,Abu,PERSON,52,55
uc1.b4350620,69,4,0,Pinchbottom,PERSON,0,11
uc1.b4350620,69,5,0,Pepper,PERSON,15,21
uc1.b4350620,69,9,0,Pepper,PERSON,10,16
uc1.b4350620,69,9,1,Harding,PERSON,48,55
uc1.b4350620,69,10,0,night,TIME,37,42
uc1.b4350620,69,11,0,Pinchbottom,PERSON,16,27
uc1.b4350620,69,11,1,Pepper,PERSON,49,55
uc1.b4350620,69,11,2,Abu,PERSON,98,101
uc1.b4350620,69,12,0,Pepper,PERSON,66,72
uc1.b4350620,69,16,0,Abu,PERSON,9,12
uc1.b4350620,69,17,0,Abu,PERSON,27,30
uc1.b4350620,69,22,0,Pinchbottom,PERSON,20,31
uc1.b4350620,69,24,0,Abu,PERSON,10,13
uc1.b4350620,69,27,0,Abu,PERSON,9,12
uc1.b4350620,69,28,0,Pepper,PERSON,5,11
uc1.b4350620,69,28,1,third,ORDINAL,44,49
uc1.b4350620,69,28,2,one year old,DATE,62,74
uc1.b4350620,69,28,3,next week,DATE,75,84
uc1.b4350620,69,30,0,decades,DATE,17,24
uc1.b4350620,69,31,0,summer,DATE,16,22
uc1.b4350620,69,31,1,55,DATE,31,33
uc1.b4350620,70,4,0,Meester,PERSON,1,8
uc1.b4350620,70,5,0,Meester,PERSON,0,7
uc1.b4350620,70,7,0,Milton,PERSON,1,7
uc1.b4350620,70,8,0,Meester,PERSON,1,8
uc1.b4350620,70,9,0,Milton,PERSON,1,7
uc1.b4350620,70,14,0,Stella,PERSON,24,30
uc1.b4350620,70,16,0,A minute ago,TIME,0,12
uc1.b4350620,70,19,0,Milton,PERSON,1,7
uc1.b4350620,70,29,0,about two-thirds,CARDINAL,28,44
uc1.b4350620,70,31,0,Milton,PERSON,1,7
uc1.b4350620,70,32,0,Milton,PERSON,17,23
uc1.b4350620,70,35,0,56,CARDINAL,27,29
uc1.b4350620,71,6,0,Milton,PERSON,125,131
uc1.b4350620,71,10,0,Pinchbottom,PERSON,0,11
uc1.b4350620,71,15,0,McClain,PERSON,18,25
uc1.b4350620,71,15,1,Abu,PERSON,66,69
uc1.b4350620,71,20,0,Abu,PERSON,17,20
uc1.b4350620,72,2,0,Abu,PERSON,155,158
uc1.b4350620,72,2,1,Pepper,PERSON,196,202
uc1.b4350620,72,4,0,Harding,PERSON,22,29
uc1.b4350620,72,6,0,Harding,PERSON,52,59
uc1.b4350620,72,13,0,Harding,PERSON,0,7
uc1.b4350620,72,16,0,Phillips,PERSON,41,49
uc1.b4350620,72,18,0,Abu,PERSON,0,3
uc1.b4350620,72,19,0,Abu,PERSON,4,7
uc1.b4350620,72,20,0,Dean,PERSON,18,22
uc1.b4350620,72,25,0,Phillips,PERSON,5,13
uc1.b4350620,72,29,0,only one,CARDINAL,8,16
uc1.b4350620,72,32,0,Abu,PERSON,34,37
uc1.b4350620,72,34,0,58,CARDINAL,0,2
uc1.b4350620,73,0,0,Phillips,PERSON,38,46
uc1.b4350620,73,4,0,Taylor,PERSON,5,11
uc1.b4350620,73,8,0,Taylor,PERSON,5,11
uc1.b4350620,73,9,0,Pinchbottom,PERSON,45,56
uc1.b4350620,73,10,0,Abu,PERSON,63,66
uc1.b4350620,73,10,1,Pepper,PERSON,88,94
uc1.b4350620,73,16,0,Pepper,PERSON,4,10
uc1.b4350620,73,17,0,Abu,PERSON,4,7
uc1.b4350620,73,20,0,two,CARDINAL,110,113
uc1.b4350620,73,21,0,One,CARDINAL,0,3
uc1.b4350620,73,21,1,Abu,PERSON,28,31
uc1.b4350620,73,22,0,Two,CARDINAL,0,3
uc1.b4350620,73,30,0,one,CARDINAL,25,28
uc1.b4350620,73,31,0,six,CARDINAL,58,61
uc1.b4350620,74,0,0,Rupert Bond,PERSON,16,27
uc1.b4350620,74,0,1,first,ORDINAL,66,71
uc1.b4350620,74,2,0,Steele,PERSON,0,6
uc1.b4350620,74,5,0,60,CARDINAL,0,2
uc1.b4350620,75,0,0,Five,CARDINAL,8,12
uc1.b4350620,75,1,0,Betty,PERSON,24,29
uc1.b4350620,75,2,0,Pinchbottom,PERSON,8,19
uc1.b4350620,75,4,0,every day,DATE,9,18
uc1.b4350620,75,4,1,Josh,PERSON,21,25
uc1.b4350620,75,6,0,Rachel,PERSON,0,6
uc1.b4350620,75,8,0,Josh,PERSON,10,14
uc1.b4350620,75,14,0,Bill,PERSON,10,14
uc1.b4350620,75,22,0,61,CARDINAL,0,2
uc1.b4350620,76,3,0,Pepper,PERSON,1,7
uc1.b4350620,76,5,0,Betty,PERSON,0,5
uc1.b4350620,76,6,0,Josh,PERSON,0,4
uc1.b4350620,76,6,1,two,CARDINAL,13,16
uc1.b4350620,76,7,0,one,CARDINAL,26,29
uc1.b4350620,76,9,0,Josh,PERSON,12,16
uc1.b4350620,76,12,0,Josh,PERSON,0,4
uc1.b4350620,76,14,0,Betty,PERSON,39,44
uc1.b4350620,76,14,1,the day,DATE,91,98
uc1.b4350620,76,14,2,only two,CARDINAL,142,150
uc1.b4350620,76,14,3,ten o'clock in the morning,TIME,187,213
uc1.b4350620,76,15,0,Josh,PERSON,0,4
uc1.b4350620,76,16,0,Bill,PERSON,0,4
uc1.b4350620,76,16,1,Rachel,PERSON,16,22
uc1.b4350620,76,17,0,first,ORDINAL,13,18
uc1.b4350620,76,17,1,NAACP,ORG,64,69
uc1.b4350620,76,18,0,all evening,TIME,21,32
uc1.b4350620,76,19,0,Josh,PERSON,35,39
uc1.b4350620,77,2,0,Betty,PERSON,0,5
uc1.b4350620,77,2,1,Siamese,NORP,8,15
uc1.b4350620,77,3,0,Bill,PERSON,0,4
uc1.b4350620,77,4,0,Betty,PERSON,24,29
uc1.b4350620,77,6,0,Rachel,PERSON,58,64
uc1.b4350620,77,8,0,Rachel,PERSON,0,6
uc1.b4350620,77,13,0,Josh,PERSON,1,5
uc1.b4350620,77,14,0,Bill,PERSON,55,59
uc1.b4350620,77,15,0,Betty,PERSON,74,79
uc1.b4350620,77,15,1,Josh,PERSON,170,174
uc1.b4350620,77,17,0,God,PERSON,5,8
uc1.b4350620,77,17,1,Rachel,PERSON,11,17
uc1.b4350620,77,18,0,Betty,PERSON,42,47
uc1.b4350620,77,22,0,Betty,PERSON,0,5
uc1.b4350620,77,25,0,63,CARDINAL,32,34
uc1.b4350620,78,0,0,Josh,PERSON,1,5
uc1.b4350620,78,2,0,Bill,PERSON,0,4
uc1.b4350620,78,2,1,Betty,PERSON,18,23
uc1.b4350620,78,9,0,Rachel,PERSON,0,6
uc1.b4350620,78,10,0,Betty,PERSON,11,16
uc1.b4350620,78,11,0,Bill,PERSON,0,4
uc1.b4350620,78,13,0,Rachel,PERSON,0,6
uc1.b4350620,78,23,0,half,CARDINAL,8,12
uc1.b4350620,78,31,0,Josh,PERSON,0,4
uc1.b4350620,78,31,1,Betty,PERSON,9,14
uc1.b4350620,78,32,0,two,CARDINAL,10,13
uc1.b4350620,79,4,0,Josh,PERSON,85,89
uc1.b4350620,79,4,1,Betty,PERSON,94,99
uc1.b4350620,79,5,0,Josh,PERSON,0,4
uc1.b4350620,79,5,1,Betty,PERSON,9,14
uc1.b4350620,79,6,0,Bill,PERSON,35,39
uc1.b4350620,79,13,0,Josh,PERSON,0,4
uc1.b4350620,79,14,0,Josh,PERSON,58,62
uc1.b4350620,79,17,0,Betty,PERSON,90,95
uc1.b4350620,79,19,0,Josh,PERSON,57,61
uc1.b4350620,79,19,1,first,ORDINAL,64,69
uc1.b4350620,79,22,0,Bill,PERSON,0,4
uc1.b4350620,79,23,0,65,CARDINAL,0,2
uc1.b4350620,80,1,0,Josh,PERSON,21,25
uc1.b4350620,80,1,1,Ireland,GPE,51,58
uc1.b4350620,80,3,0,Betty,PERSON,0,5
uc1.b4350620,80,4,0,Josh,PERSON,0,4
uc1.b4350620,80,4,1,Ireland,GPE,13,20
uc1.b4350620,80,5,0,Englishman,NORP,36,46
uc1.b4350620,80,5,1,Josh,PERSON,106,110
uc1.b4350620,80,9,0,Josh,PERSON,24,28
uc1.b4350620,80,10,0,Betty,PERSON,0,5
uc1.b4350620,80,12,0,nine,DATE,11,15
uc1.b4350620,80,15,0,Betty,PERSON,31,36
uc1.b4350620,80,19,0,Josh,PERSON,0,4
uc1.b4350620,80,19,1,all day,DATE,91,98
uc1.b4350620,80,21,0,Bill,PERSON,0,4
uc1.b4350620,80,21,1,the night,TIME,42,51
uc1.b4350620,80,21,2,Betty,PERSON,53,58
uc1.b4350620,80,21,3,Rachel,PERSON,68,74
uc1.b4350620,80,21,4,Josh,PERSON,92,96
uc1.b4350620,80,25,0,night,TIME,19,24
uc1.b4350620,81,3,0,Betty,PERSON,21,26
uc1.b4350620,81,3,1,Josh,PERSON,34,38
uc1.b4350620,81,18,0,five,CARDINAL,105,109
uc1.b4350620,81,19,0,Bill,PERSON,0,4
uc1.b4350620,81,19,1,Rachel,PERSON,33,39
uc1.b4350620,81,19,2,Betty,PERSON,91,96
uc1.b4350620,81,19,3,Josh,PERSON,114,118
uc1.b4350620,81,21,0,second,ORDINAL,60,66
uc1.b4350620,81,21,1,as many days,DATE,75,87
uc1.b4350620,81,22,0,66,CARDINAL,0,2
uc1.b4350620,81,23,0,an hour,TIME,31,38
uc1.b4350620,81,23,1,Betty,PERSON,47,52
uc1.b4350620,81,24,0,first,ORDINAL,31,36
uc1.b4350620,81,25,0,two,CARDINAL,11,14
uc1.b4350620,81,25,1,one,CARDINAL,24,27
uc1.b4350620,82,5,0,Betty,PERSON,0,5
uc1.b4350620,82,9,0,Bobby,PERSON,62,67
uc1.b4350620,82,11,0,Bobby,PERSON,38,43
uc1.b4350620,82,13,0,Betty,PERSON,0,5
uc1.b4350620,82,18,0,about two hours,TIME,12,27
uc1.b4350620,82,22,0,McDermot,PERSON,82,90
uc1.b4350620,82,27,0,McDermot,PERSON,10,18
uc1.b4350620,82,30,0,Rachel,PERSON,18,24
uc1.b4350620,82,32,0,Betty,PERSON,24,29
uc1.b4350620,82,34,0,68,CARDINAL,0,2
uc1.b4350620,83,4,0,Rachel,PERSON,0,6
uc1.b4350620,83,4,1,Betty,PERSON,16,21
uc1.b4350620,83,6,0,Josh,PERSON,0,4
uc1.b4350620,83,7,0,Bill,PERSON,0,4
uc1.b4350620,83,8,0,Josh,PERSON,0,4
uc1.b4350620,83,8,1,Bill,PERSON,86,90
uc1.b4350620,83,8,2,Bobby McDermot,PERSON,168,182
uc1.b4350620,83,8,3,Pepper,PERSON,191,197
uc1.b4350620,83,8,4,Joseph Abu,PERSON,216,226
uc1.b4350620,83,10,0,Bill,PERSON,9,13
uc1.b4350620,83,11,0,Josh,PERSON,7,11
uc1.b4350620,83,11,1,Betty,PERSON,27,32
uc1.b4350620,83,11,2,Rachel,PERSON,37,43
uc1.b4350620,83,12,0,Josh,PERSON,111,115
uc1.b4350620,83,13,0,Bobby McDermot,PERSON,21,35
uc1.b4350620,83,13,1,Josh,PERSON,38,42
uc1.b4350620,83,17,0,Bill,PERSON,0,4
uc1.b4350620,83,18,0,Josh,PERSON,23,27
uc1.b4350620,83,18,1,Ireland,GPE,64,71
uc1.b4350620,83,22,0,Rachel,PERSON,58,64
uc1.b4350620,83,25,0,69,CARDINAL,56,58
uc1.b4350620,84,2,0,years ago,DATE,6,15
uc1.b4350620,84,2,1,a half-hour,TIME,117,128
uc1.b4350620,84,19,0,Bill,PERSON,7,11
uc1.b4350620,84,22,0,the morning,TIME,23,34
uc1.b4350620,85,9,0,71,CARDINAL,0,2
uc1.b4350620,86,0,0,Six,CARDINAL,8,11
uc1.b4350620,86,1,0,Sunday,DATE,9,15
uc1.b4350620,86,2,0,Monday,DATE,0,6
uc1.b4350620,86,2,1,Bill,PERSON,8,12
uc1.b4350620,86,2,2,Bukay,PERSON,36,41
uc1.b4350620,86,3,0,one,CARDINAL,21,24
uc1.b4350620,86,9,0,Bill,PERSON,0,4
uc1.b4350620,86,9,1,Rachel,PERSON,111,117
uc1.b4350620,86,13,0,Wednesday,DATE,0,9
uc1.b4350620,86,13,1,afternoon,TIME,10,19
uc1.b4350620,86,13,2,Bill,PERSON,20,24
uc1.b4350620,86,13,3,Pinchbottom,PERSON,29,40
uc1.b4350620,86,14,0,Abu,PERSON,30,33
uc1.b4350620,86,14,1,foot-high letters on the fence surrounding the parking lot,QUANTITY,44,102
uc1.b4350620,86,14,2,72,CARDINAL,120,122
uc1.b4350620,87,0,0,Bill,PERSON,10,14
uc1.b4350620,87,1,0,Abu,PERSON,20,23
uc1.b4350620,87,1,1,Albany,GPE,63,69
uc1.b4350620,87,2,0,Bill,PERSON,0,4
uc1.b4350620,87,5,0,Abu,PERSON,29,32
uc1.b4350620,87,8,0,one,CARDINAL,35,38
uc1.b4350620,87,8,1,that evening,TIME,61,73
uc1.b4350620,87,8,2,the day,DATE,85,92
uc1.b4350620,87,8,3,King,PERSON,96,100
uc1.b4350620,87,8,4,thirty-three years,DATE,186,204
uc1.b4350620,87,9,0,Pinchbottom,PERSON,0,11
uc1.b4350620,87,10,0,Bill,PERSON,64,68
uc1.b4350620,87,10,1,Sharon,PERSON,159,165
uc1.b4350620,87,11,0,yesterday,DATE,17,26
uc1.b4350620,87,13,0,Albany,GPE,7,13
uc1.b4350620,87,14,0,Annual,DATE,0,6
uc1.b4350620,87,15,0,Pinchbottom,PERSON,31,42
uc1.b4350620,87,16,0,twenty feet,QUANTITY,38,49
uc1.b4350620,87,17,0,Bill,PERSON,0,4
uc1.b4350620,87,18,0,two,CARDINAL,4,7
uc1.b4350620,87,19,0,Pinchbottom,PERSON,20,31
uc1.b4350620,87,20,0,Pinch73,PERSON,68,75
uc1.b4350620,88,0,0,Bill,PERSON,181,185
uc1.b4350620,88,2,0,Pinchbottom,PERSON,0,11
uc1.b4350620,88,4,0,Bill,PERSON,12,16
uc1.b4350620,88,4,1,two,CARDINAL,22,25
uc1.b4350620,88,8,0,Bill,PERSON,0,4
uc1.b4350620,88,8,1,one,CARDINAL,51,54
uc1.b4350620,88,10,0,a hundred feet,QUANTITY,68,82
uc1.b4350620,88,12,0,Abu,PERSON,29,32
uc1.b4350620,88,13,0,Abu,PERSON,1,4
uc1.b4350620,88,20,0,Chap,PERSON,0,4
uc1.b4350620,88,22,0,Bill,PERSON,0,4
uc1.b4350620,88,23,0,Pinchbottom,PERSON,0,11
uc1.b4350620,88,27,0,years later,DATE,117,128
uc1.b4350620,88,30,0,74,CARDINAL,0,2
uc1.b4350620,89,0,0,Nineteen forty-five,DATE,1,20
uc1.b4350620,89,1,0,Third,ORDINAL,1,6
uc1.b4350620,89,9,0,Pinchbottom,PERSON,0,11
uc1.b4350620,89,14,0,this weekend,DATE,8,20
uc1.b4350620,89,17,0,99,CARDINAL,0,2
uc1.b4350620,89,19,0,Bill,PERSON,18,22
uc1.b4350620,89,22,0,Bill,PERSON,0,4
uc1.b4350620,89,23,0,Pinchbottom,PERSON,0,11
uc1.b4350620,89,25,0,Bill,PERSON,11,15
uc1.b4350620,89,25,1,two,CARDINAL,38,41
uc1.b4350620,89,28,0,Bill,PERSON,16,20
uc1.b4350620,89,31,0,half,CARDINAL,2,6
uc1.b4350620,89,41,0,Fifty-one,DATE,0,9
uc1.b4350620,89,41,1,Taylor,PERSON,28,34
uc1.b4350620,89,43,0,thirty years younger,DATE,10,30
uc1.b4350620,89,44,0,Bill,PERSON,14,18
uc1.b4350620,89,45,0,half,CARDINAL,49,53
uc1.b4350620,89,45,1,75,DATE,71,73
uc1.b4350620,90,6,0,Bill,PERSON,6,10
uc1.b4350620,90,6,1,Pinchbottom,PERSON,44,55
uc1.b4350620,90,9,0,Taylor,PERSON,39,45
uc1.b4350620,90,24,0,Bill,PERSON,15,19
uc1.b4350620,90,25,0,Taylor,PERSON,17,23
uc1.b4350620,90,33,0,Bill,PERSON,0,4
uc1.b4350620,90,37,0,Pinchbottom,PERSON,17,28
uc1.b4350620,90,42,0,Bill,PERSON,33,37
uc1.b4350620,91,4,0,Bill,PERSON,0,4
uc1.b4350620,91,7,0,Taylor,PERSON,1,7
uc1.b4350620,91,11,0,Pinchbottom,PERSON,67,78
uc1.b4350620,91,12,0,Bill,PERSON,94,98
uc1.b4350620,91,13,0,Bill,PERSON,0,4
uc1.b4350620,91,13,1,Pinchbottom,PERSON,47,58
uc1.b4350620,91,14,0,two,CARDINAL,193,196
uc1.b4350620,91,14,1,Pinchbottom,PERSON,206,217
uc1.b4350620,91,16,0,Pinchbottom,PERSON,35,46
uc1.b4350620,91,16,1,three,CARDINAL,100,105
uc1.b4350620,91,17,0,Pinchbottom,PERSON,20,31
uc1.b4350620,92,1,0,Bill,PERSON,50,54
uc1.b4350620,92,14,0,Bill,PERSON,0,4
uc1.b4350620,92,17,0,Taylor,PERSON,32,38
uc1.b4350620,92,24,0,one,CARDINAL,16,19
uc1.b4350620,92,25,0,two,CARDINAL,151,154
uc1.b4350620,92,27,0,two,CARDINAL,36,39
uc1.b4350620,92,27,1,only feet,QUANTITY,48,57
uc1.b4350620,92,27,2,78,CARDINAL,110,112
uc1.b4350620,93,0,0,the afternoon,TIME,66,79
uc1.b4350620,93,1,0,Pinchbottom,PERSON,0,11
uc1.b4350620,93,3,0,Bill,PERSON,23,27
uc1.b4350620,93,4,0,Spring,DATE,1,7
uc1.b4350620,93,4,1,Pinchbottom,PERSON,10,21
uc1.b4350620,93,13,0,Christian,NORP,27,36
uc1.b4350620,93,18,0,Bill,PERSON,102,106
uc1.b4350620,93,22,0,Pinchbottom,PERSON,31,42
uc1.b4350620,93,24,0,Bill,PERSON,11,15
uc1.b4350620,93,26,0,Bill,PERSON,0,4
uc1.b4350620,94,4,0,Bill,PERSON,0,4
uc1.b4350620,94,5,0,the day,DATE,47,54
uc1.b4350620,94,11,0,Pinchbottom,PERSON,26,37
uc1.b4350620,94,12,0,Pinchbottom,PERSON,0,11
uc1.b4350620,94,13,0,Taylor,PERSON,1,7
uc1.b4350620,94,15,0,Bill,PERSON,0,4
uc1.b4350620,94,15,1,Pinchbottom,PERSON,95,106
uc1.b4350620,94,21,0,Rachel,PERSON,11,17
uc1.b4350620,94,23,0,Bill,PERSON,0,4
uc1.b4350620,94,23,1,Pinchbottom,PERSON,76,87
uc1.b4350620,95,2,0,81,CARDINAL,0,2
uc1.b4350620,96,0,0,Seven,CARDINAL,8,13
uc1.b4350620,96,1,0,Bill,PERSON,0,4
uc1.b4350620,96,2,0,Five-ten,TIME,0,8
uc1.b4350620,96,4,0,Rachel,PERSON,0,6
uc1.b4350620,96,6,0,Bill,PERSON,1,5
uc1.b4350620,96,8,0,Malcolm,PERSON,12,19
uc1.b4350620,96,17,0,82,CARDINAL,12,14
uc1.b4350620,97,0,0,Rachel,PERSON,0,6
uc1.b4350620,97,2,0,Malcolm,PERSON,9,16
uc1.b4350620,97,5,0,Baltimore,GPE,14,23
uc1.b4350620,97,7,0,David,PERSON,1,6
uc1.b4350620,97,14,0,David,PERSON,10,15
uc1.b4350620,97,20,0,Bill,PERSON,1,5
uc1.b4350620,97,24,0,first,ORDINAL,21,26
uc1.b4350620,97,27,0,Tonight,TIME,1,8
uc1.b4350620,97,29,0,Albany,GPE,0,6
uc1.b4350620,97,29,1,tomorrow,DATE,35,43
uc1.b4350620,97,30,0,New York,GPE,24,32
uc1.b4350620,97,33,0,an hour and a half,TIME,6,24
uc1.b4350620,97,35,0,Pinchbottom,PERSON,25,36
uc1.b4350620,97,37,0,Yesterday,DATE,2,11
uc1.b4350620,97,37,1,morning,TIME,12,19
uc1.b4350620,97,37,2,Mary Ann Evans,PERSON,21,35
uc1.b4350620,97,37,3,thirty-six years old,DATE,37,57
uc1.b4350620,98,0,0,hour,TIME,0,4
uc1.b4350620,98,4,0,La Guardia Airport,FAC,60,78
uc1.b4350620,98,4,1,Rachel,PERSON,80,86
uc1.b4350620,98,4,2,Malcolm,PERSON,100,107
uc1.b4350620,98,5,0,evening,TIME,152,159
uc1.b4350620,98,7,0,Pinchbottom,PERSON,0,11
uc1.b4350620,98,8,0,Bill,PERSON,0,4
uc1.b4350620,98,8,1,Rachel,PERSON,75,81
uc1.b4350620,98,9,0,Mary Ann,PERSON,23,31
uc1.b4350620,98,10,0,The last week,DATE,0,13
uc1.b4350620,98,11,0,Bill,PERSON,1,5
uc1.b4350620,98,16,0,Bill,PERSON,0,4
uc1.b4350620,98,22,0,Pinchbottom,PERSON,52,63
uc1.b4350620,99,2,0,Bill,PERSON,0,4
uc1.b4350620,99,2,1,Rachel,PERSON,16,22
uc1.b4350620,99,6,0,Bill,PERSON,14,18
uc1.b4350620,99,8,0,Rachel,PERSON,0,6
uc1.b4350620,99,9,0,Bill,PERSON,88,92
uc1.b4350620,99,10,0,three,CARDINAL,206,211
uc1.b4350620,99,11,0,Bill,PERSON,1,5
uc1.b4350620,99,13,0,Malcolm,PERSON,0,7
uc1.b4350620,99,14,0,Baltimore,GPE,14,23
uc1.b4350620,99,14,1,David,PERSON,40,45
uc1.b4350620,99,15,0,Martin,PERSON,21,27
uc1.b4350620,99,15,1,Pearle,PERSON,32,38
uc1.b4350620,99,16,0,Mary Ann,PERSON,5,13
uc1.b4350620,99,17,0,Coke,PRODUCT,16,20
uc1.b4350620,99,19,0,85,CARDINAL,0,2
uc1.b4350620,100,2,0,One,CARDINAL,0,3
uc1.b4350620,100,2,1,some forty feet,QUANTITY,119,134
uc1.b4350620,100,4,0,a few feet,QUANTITY,106,116
uc1.b4350620,100,5,0,Bill,PERSON,3,7
uc1.b4350620,100,5,1,some six or eight yards,QUANTITY,15,38
uc1.b4350620,100,5,2,one,CARDINAL,60,63
uc1.b4350620,100,5,3,Bill,PERSON,148,152
uc1.b4350620,101,0,0,a New Yorker,WORK_OF_ART,66,78
uc1.b4350620,101,1,0,Bill,PERSON,0,4
uc1.b4350620,101,3,0,Rachel,PERSON,4,10
uc1.b4350620,101,4,0,Bill,PERSON,42,46
uc1.b4350620,101,6,0,Bill,PERSON,38,42
uc1.b4350620,101,7,0,two,CARDINAL,81,84
uc1.b4350620,101,9,0,Bill,PERSON,74,78
uc1.b4350620,101,12,0,Rachel,PERSON,19,25
uc1.b4350620,101,12,1,Bill,PERSON,113,117
uc1.b4350620,101,12,2,Rachel,PERSON,159,165
uc1.b4350620,101,12,3,14,CARDINAL,285,287
uc1.b4350620,101,14,0,Bill,PERSON,0,4
uc1.b4350620,101,15,0,Rachel,PERSON,0,6
uc1.b4350620,101,15,1,87,CARDINAL,57,59
uc1.b4350620,102,3,0,twenty minutes,TIME,11,25
uc1.b4350620,102,5,0,Bill,PERSON,0,4
uc1.b4350620,102,5,1,Malcolm,PERSON,18,25
uc1.b4350620,102,5,2,Coke,PRODUCT,28,32
uc1.b4350620,102,5,3,Rachel,PERSON,90,96
uc1.b4350620,102,14,0,the weekend,DATE,42,53
uc1.b4350620,102,19,0,Bill,PERSON,0,4
uc1.b4350620,102,20,0,The day,DATE,0,7
uc1.b4350620,102,20,1,Pinchbottom,PERSON,9,20
uc1.b4350620,102,20,2,Mary Ann,PERSON,30,38
uc1.b4350620,102,25,0,Chicago,GPE,22,29
uc1.b4350620,102,25,1,Washington Heights,GPE,33,51
uc1.b4350620,102,27,0,Rachel,PERSON,0,6
uc1.b4350620,102,29,0,Mary Ann,PERSON,6,14
uc1.b4350620,102,31,0,88,CARDINAL,18,20
uc1.b4350620,103,1,0,Pinchbottom,PERSON,15,26
uc1.b4350620,103,1,1,Mary Ann's,PERSON,74,84
uc1.b4350620,103,2,0,Pfc,ORG,39,42
uc1.b4350620,103,2,1,winter,DATE,46,52
uc1.b4350620,103,2,2,AWOL,ORG,73,77
uc1.b4350620,103,3,0,six days before,DATE,90,105
uc1.b4350620,103,8,0,French,LANGUAGE,36,42
uc1.b4350620,103,9,0,Pinchbottom,PERSON,0,11
uc1.b4350620,103,9,1,Mary Ann,PERSON,31,39
uc1.b4350620,103,10,0,Bill,PERSON,12,16
uc1.b4350620,103,13,0,Pinchbottom,PERSON,9,20
uc1.b4350620,103,14,0,a Sunday,TIME,12,20
uc1.b4350620,103,19,0,89,CARDINAL,0,2
uc1.b4350620,104,0,0,Bill,PERSON,1,5
uc1.b4350620,104,2,0,Rachel,PERSON,0,6
uc1.b4350620,104,5,0,Rachel,PERSON,44,50
uc1.b4350620,104,6,0,Bill,PERSON,55,59
uc1.b4350620,104,7,0,Bill,PERSON,26,30
uc1.b4350620,104,11,0,the Triborough Bridge,FAC,32,53
uc1.b4350620,104,11,1,several years,DATE,271,284
uc1.b4350620,104,13,0,90,CARDINAL,114,116
uc1.b4350620,105,0,0,125th Street,FAC,7,19
uc1.b4350620,105,0,1,the West Side Highway,FAC,23,44
uc1.b4350620,105,0,2,the George Washington Bridge,FAC,61,89
uc1.b4350620,105,0,3,New Jersey,GPE,104,114
uc1.b4350620,105,3,0,New York,GPE,46,54
uc1.b4350620,105,9,0,First Avenue,FAC,27,39
uc1.b4350620,105,10,0,Hundred and twentyfifth Street,FAC,45,75
uc1.b4350620,105,13,0,91,CARDINAL,0,2
uc1.b4350620,106,0,0,Eight,CARDINAL,8,13
uc1.b4350620,106,1,0,eighteen,DATE,17,25
uc1.b4350620,106,5,0,Bill,PERSON,112,116
uc1.b4350620,107,3,0,Bea,PERSON,9,12
uc1.b4350620,107,4,0,one,CARDINAL,17,20
uc1.b4350620,107,4,1,one,CARDINAL,24,27
uc1.b4350620,107,14,0,half,CARDINAL,133,137
uc1.b4350620,107,15,0,St. Nicholas Avenue,FAC,21,40
uc1.b4350620,107,15,1,126th Street,FAC,52,64
uc1.b4350620,107,19,0,Bill,PERSON,15,19
uc1.b4350620,107,23,0,Smokey Robinson,PERSON,0,15
uc1.b4350620,107,23,1,Miracles,ORG,24,32
uc1.b4350620,107,23,2,Apollo,FAC,45,51
uc1.b4350620,107,23,3,Easter Sunday,DATE,109,122
uc1.b4350620,107,24,0,Bill,PERSON,0,4
uc1.b4350620,107,24,1,St. Nicholas Avenue,FAC,17,36
uc1.b4350620,107,26,0,93,CARDINAL,27,29
uc1.b4350620,108,1,0,C.T.,PERSON,1,5
uc1.b4350620,108,1,1,ten,CARDINAL,56,59
uc1.b4350620,108,1,2,twelve,CARDINAL,63,69
uc1.b4350620,108,2,0,128th Street,FAC,48,60
uc1.b4350620,108,3,0,St. Nicholas Park,FAC,44,61
uc1.b4350620,108,11,0,Bill,PERSON,0,4
uc1.b4350620,108,11,1,two,CARDINAL,24,27
uc1.b4350620,108,11,2,three,CARDINAL,102,107
uc1.b4350620,108,12,0,One,CARDINAL,0,3
uc1.b4350620,108,12,1,Muhammad Speaks,WORK_OF_ART,38,53
uc1.b4350620,108,13,0,Bill,PERSON,0,4
uc1.b4350620,108,14,0,tonight,TIME,12,19
uc1.b4350620,108,16,0,Bill,PERSON,0,4
uc1.b4350620,109,0,0,C.T.,PERSON,4,8
uc1.b4350620,109,3,0,C.T.,PERSON,1,5
uc1.b4350620,109,7,0,C.T.,PERSON,0,4
uc1.b4350620,109,12,0,C.T.,PERSON,19,23
uc1.b4350620,109,13,0,around fourteen,DATE,14,29
uc1.b4350620,109,14,0,"ten, eleven years ago",DATE,7,28
uc1.b4350620,109,22,0,Bill,PERSON,19,23
uc1.b4350620,109,29,0,C.T.,PERSON,1,5
uc1.b4350620,109,35,0,C.T.,PERSON,26,30
uc1.b4350620,109,36,0,Marvin,PERSON,4,10
uc1.b4350620,109,38,0,Marvin,PERSON,9,15
uc1.b4350620,109,38,1,95,DATE,55,57
uc1.b4350620,110,1,0,the summer,DATE,24,34
uc1.b4350620,110,3,0,One,CARDINAL,0,3
uc1.b4350620,110,4,0,all day,DATE,123,130
uc1.b4350620,110,5,0,one evening,TIME,7,18
uc1.b4350620,110,5,1,seven years,DATE,29,40
uc1.b4350620,110,5,2,next August twenty-first,DATE,41,65
uc1.b4350620,110,6,0,Marvin,PERSON,0,6
uc1.b4350620,110,7,0,two,CARDINAL,99,102
uc1.b4350620,110,8,0,one,CARDINAL,88,91
uc1.b4350620,110,8,1,two,CARDINAL,96,99
uc1.b4350620,110,8,2,four,CARDINAL,127,131
uc1.b4350620,110,9,0,a hot night,TIME,52,63
uc1.b4350620,110,13,0,One,CARDINAL,0,3
uc1.b4350620,110,14,0,Marvin,PERSON,0,6
uc1.b4350620,110,14,1,two,CARDINAL,87,90
uc1.b4350620,110,14,2,Marvin,PERSON,129,135
uc1.b4350620,110,18,0,C.T.,PERSON,16,20
uc1.b4350620,110,21,0,96,CARDINAL,4,6
uc1.b4350620,111,3,0,the afternoon,TIME,32,45
uc1.b4350620,111,3,1,the evening,TIME,50,61
uc1.b4350620,111,6,0,the evening,TIME,31,42
uc1.b4350620,111,8,0,Hundred Twenty-seventh Street,FAC,31,60
uc1.b4350620,111,11,0,C.T.,PERSON,0,4
uc1.b4350620,111,14,0,two or three weeks,DATE,12,30
uc1.b4350620,111,15,0,One night,TIME,0,9
uc1.b4350620,111,15,1,C.T.,PERSON,32,36
uc1.b4350620,111,15,2,six,CARDINAL,108,111
uc1.b4350620,111,21,0,South,LOC,17,22
uc1.b4350620,111,21,1,the West Coast,LOC,44,58
uc1.b4350620,111,26,0,C.T.,PERSON,100,104
uc1.b4350620,111,30,0,Transit Authority,ORG,35,52
uc1.b4350620,111,31,0,Mabel,PERSON,6,11
uc1.b4350620,111,32,0,97,CARDINAL,0,2
uc1.b4350620,112,0,0,Ralph,PERSON,16,21
uc1.b4350620,112,1,0,a minute,TIME,15,23
uc1.b4350620,112,2,0,Bill,PERSON,35,39
uc1.b4350620,112,4,0,One,CARDINAL,0,3
uc1.b4350620,112,4,1,three,CARDINAL,11,16
uc1.b4350620,112,6,0,Just a minute,TIME,1,14
uc1.b4350620,112,9,0,Mabel,PERSON,42,47
uc1.b4350620,112,14,0,Bill,PERSON,40,44
uc1.b4350620,112,16,0,two,CARDINAL,33,36
uc1.b4350620,112,20,0,Bill,PERSON,8,12
uc1.b4350620,112,20,1,Muhammad Speaks,WORK_OF_ART,45,60
uc1.b4350620,112,21,0,two,CARDINAL,55,58
uc1.b4350620,112,22,0,One,CARDINAL,0,3
uc1.b4350620,112,23,0,Bill,PERSON,15,19
uc1.b4350620,112,23,1,Benjy,PERSON,57,62
uc1.b4350620,112,26,0,Mordecai,PERSON,25,33
uc1.b4350620,112,28,0,Elijah,PERSON,0,6
uc1.b4350620,112,30,0,Abraham,PERSON,0,7
uc1.b4350620,112,34,0,98,CARDINAL,0,2
uc1.b4350620,113,1,0,Mordecai,PERSON,41,49
uc1.b4350620,113,2,0,Abraham,PERSON,31,38
uc1.b4350620,113,5,0,Abraham,PERSON,0,7
uc1.b4350620,113,5,1,Benjy,PERSON,18,23
uc1.b4350620,113,7,0,three,CARDINAL,43,48
uc1.b4350620,113,8,0,Annabelle,PERSON,0,9
uc1.b4350620,113,9,0,Mordecai,PERSON,0,8
uc1.b4350620,113,13,0,Muhammad,PERSON,10,18
uc1.b4350620,113,13,1,Benjamin Alexander Roosevelt Scott,PERSON,45,79
uc1.b4350620,113,15,0,Benjy,PERSON,14,19
uc1.b4350620,113,16,0,Benjy,PERSON,21,26
uc1.b4350620,113,17,0,Charlotte,PERSON,0,9
uc1.b4350620,113,17,1,Easter Sunday,EVENT,32,45
uc1.b4350620,113,20,0,Benjy,PERSON,0,5
uc1.b4350620,113,21,0,Today Wednesday,DATE,1,16
uc1.b4350620,113,22,0,Sunday morning,TIME,16,30
uc1.b4350620,113,23,0,Easter,DATE,18,24
uc1.b4350620,113,23,1,Second,ORDINAL,88,94
uc1.b4350620,113,28,0,Mordecai,PERSON,21,29
uc1.b4350620,113,32,0,Benjy,PERSON,13,18
uc1.b4350620,113,37,0,99,CARDINAL,7,9
uc1.b4350620,114,3,0,Abraham,PERSON,11,18
uc1.b4350620,114,3,1,Mordecai,PERSON,61,69
uc1.b4350620,114,4,0,Just the other day,DATE,0,18
uc1.b4350620,114,4,1,one,CARDINAL,40,43
uc1.b4350620,114,9,0,one,CARDINAL,5,8
uc1.b4350620,114,10,0,Mordecai,PERSON,0,8
uc1.b4350620,114,10,1,Benjy,PERSON,52,57
uc1.b4350620,114,11,0,two,CARDINAL,61,64
uc1.b4350620,114,12,0,Mordecai,PERSON,32,40
uc1.b4350620,114,15,0,Abraham,PERSON,9,16
uc1.b4350620,114,16,0,one,CARDINAL,44,47
uc1.b4350620,114,16,1,Mordecai,PERSON,54,62
uc1.b4350620,114,16,2,three,CARDINAL,98,103
uc1.b4350620,114,18,0,Bill,PERSON,13,17
uc1.b4350620,114,19,0,half,CARDINAL,316,320
uc1.b4350620,114,19,1,66,CARDINAL,339,341
uc1.b4350620,115,0,0,Pepper,PERSON,0,6
uc1.b4350620,115,0,1,Pinchbottom,PERSON,8,19
uc1.b4350620,115,0,2,Mary Ann,PERSON,21,29
uc1.b4350620,115,3,0,Mabel,PERSON,82,87
uc1.b4350620,115,4,0,Mordecai,PERSON,32,40
uc1.b4350620,115,6,0,Bill,PERSON,36,40
uc1.b4350620,115,9,0,a spare dime,MONEY,5,17
uc1.b4350620,115,11,0,Just a dime,MONEY,1,12
uc1.b4350620,115,16,0,Bill,PERSON,39,43
uc1.b4350620,115,22,0,Bill,PERSON,0,4
uc1.b4350620,115,27,0,One,CARDINAL,0,3
uc1.b4350620,116,0,0,Bill,PERSON,60,64
uc1.b4350620,116,2,0,a dime,MONEY,10,16
uc1.b4350620,116,3,0,quarter,MONEY,14,21
uc1.b4350620,116,10,0,Bill,PERSON,9,13
uc1.b4350620,116,15,0,102,CARDINAL,0,3
uc1.b4350620,117,0,0,Nine,CARDINAL,8,12
uc1.b4350620,117,1,0,Bill,PERSON,24,28
uc1.b4350620,117,1,1,the day,DATE,57,64
uc1.b4350620,117,1,2,"three-forty,",TIME,68,80
uc1.b4350620,117,1,3,ten minutes early,TIME,81,98
uc1.b4350620,117,3,0,More than a third,CARDINAL,0,17
uc1.b4350620,117,4,0,two-hour,TIME,32,40
uc1.b4350620,117,4,1,half,CARDINAL,113,117
uc1.b4350620,117,5,0,Bill,PERSON,57,61
uc1.b4350620,117,6,0,Rachel,PERSON,15,21
uc1.b4350620,117,7,0,This morning,TIME,0,12
uc1.b4350620,117,8,0,This afternoon,TIME,0,14
uc1.b4350620,118,0,0,late that evening,TIME,87,104
uc1.b4350620,118,4,0,the day,DATE,26,33
uc1.b4350620,118,4,1,two-fifty,CARDINAL,88,97
uc1.b4350620,118,6,0,three-fifty,CARDINAL,23,34
uc1.b4350620,118,6,1,the split,TIME,68,77
uc1.b4350620,118,7,0,Glick,PERSON,6,11
uc1.b4350620,118,8,0,Taylor,PERSON,5,11
uc1.b4350620,118,13,0,Mulligan,PERSON,19,27
uc1.b4350620,118,16,0,a few minutes,TIME,31,44
uc1.b4350620,118,27,0,104,CARDINAL,45,48
uc1.b4350620,119,6,0,Boston,GPE,1,7
uc1.b4350620,119,7,0,Cambridge,GPE,0,9
uc1.b4350620,119,10,0,that day,DATE,88,96
uc1.b4350620,119,11,0,today,DATE,36,41
uc1.b4350620,119,13,0,Sharon,PERSON,0,6
uc1.b4350620,120,3,0,Cambridge,GPE,14,23
uc1.b4350620,120,5,0,Bill,PERSON,0,4
uc1.b4350620,120,13,0,Willoughby Street,FAC,4,21
uc1.b4350620,120,18,0,the holidays,DATE,23,35
uc1.b4350620,120,20,0,Mary Ann,PERSON,18,26
uc1.b4350620,120,25,0,One,CARDINAL,1,4
uc1.b4350620,120,25,1,Malcolm,PERSON,13,20
uc1.b4350620,120,25,2,four years old,DATE,22,36
uc1.b4350620,120,26,0,Malcolm X,PERSON,13,22
uc1.b4350620,120,28,0,Main Street,FAC,37,48
uc1.b4350620,120,31,0,Malcolm X.,PERSON,76,86
uc1.b4350620,121,4,0,Malcolm X,PERSON,19,28
uc1.b4350620,121,9,0,Main Street,FAC,31,42
uc1.b4350620,121,13,0,third,ORDINAL,5,10
uc1.b4350620,121,18,0,a few minutes,TIME,22,35
uc1.b4350620,121,21,0,France,GPE,29,35
uc1.b4350620,121,21,1,Spain,GPE,49,54
uc1.b4350620,121,23,0,Germany,GPE,20,27
uc1.b4350620,121,29,0,Bill,PERSON,0,4
uc1.b4350620,121,30,0,107,CARDINAL,0,3
uc1.b4350620,122,5,0,Bill,PERSON,0,4
uc1.b4350620,122,19,0,fifteen dollars,MONEY,38,53
uc1.b4350620,122,37,0,this morning,TIME,18,30
uc1.b4350620,122,39,0,108,CARDINAL,0,3
uc1.b4350620,123,3,0,Sharon,PERSON,0,6
uc1.b4350620,123,3,1,one,CARDINAL,20,23
uc1.b4350620,123,3,2,Bill,PERSON,30,34
uc1.b4350620,123,15,0,Jew,NORP,64,67
uc1.b4350620,123,16,0,Sharon,PERSON,0,6
uc1.b4350620,123,20,0,Sherry,PERSON,1,7
uc1.b4350620,124,4,0,Cambridge,GPE,24,33
uc1.b4350620,124,5,0,Harvard,ORG,27,34
uc1.b4350620,124,6,0,COOP,ORG,20,24
uc1.b4350620,124,16,0,Bill,PERSON,0,4
uc1.b4350620,124,18,0,Bill,PERSON,99,103
uc1.b4350620,125,0,0,half,CARDINAL,52,56
uc1.b4350620,125,5,0,two,CARDINAL,222,225
uc1.b4350620,125,6,0,Bill,PERSON,0,4
uc1.b4350620,125,14,0,Rachel,PERSON,7,13
uc1.b4350620,125,21,0,one,CARDINAL,25,28
uc1.b4350620,125,33,0,Bill,PERSON,0,4
uc1.b4350620,126,0,0,two,CARDINAL,80,83
uc1.b4350620,126,0,1,three,CARDINAL,87,92
uc1.b4350620,126,8,0,Two,CARDINAL,1,4
uc1.b4350620,126,14,0,Two,CARDINAL,1,4
uc1.b4350620,126,15,0,First,ORDINAL,0,5
uc1.b4350620,126,30,0,112,CARDINAL,0,3
uc1.b4350620,127,40,0,Bill,PERSON,1,5
uc1.b4350620,127,41,0,113,CARDINAL,0,3
uc1.b4350620,128,5,0,Sharon,PERSON,1,7
uc1.b4350620,128,6,0,That first day,DATE,1,15
uc1.b4350620,128,14,0,Jackie,PERSON,0,6
uc1.b4350620,128,29,0,thirty-three years old,DATE,7,29
uc1.b4350620,129,3,0,Jackie,PERSON,22,28
uc1.b4350620,129,5,0,Jackie,PERSON,9,15
uc1.b4350620,129,20,0,Jackie,PERSON,6,12
uc1.b4350620,129,21,0,Jackie,PERSON,10,16
uc1.b4350620,129,25,0,Jackie,PERSON,1,7
uc1.b4350620,129,34,0,115,CARDINAL,0,3
uc1.b4350620,130,4,0,Jackie,PERSON,6,12
uc1.b4350620,130,10,0,Jackie,PERSON,13,19
uc1.b4350620,130,25,0,Today,DATE,1,6
uc1.b4350620,130,48,0,116,CARDINAL,0,3
uc1.b4350620,131,11,0,Jackie,PERSON,30,36
uc1.b4350620,131,24,0,One,CARDINAL,0,3
uc1.b4350620,131,42,0,117,CARDINAL,0,3
uc1.b4350620,132,6,0,one,CARDINAL,30,33
uc1.b4350620,132,7,0,one,CARDINAL,34,37
uc1.b4350620,132,17,0,one,CARDINAL,19,22
uc1.b4350620,132,17,1,four,CARDINAL,77,81
uc1.b4350620,132,23,0,William Demby's,PERSON,77,92
uc1.b4350620,132,23,1,The Catacombs,WORK_OF_ART,93,106
uc1.b4350620,132,24,0,first,ORDINAL,33,38
uc1.b4350620,132,24,1,Christian,NORP,122,131
uc1.b4350620,132,25,0,118,CARDINAL,0,3
uc1.b4350620,133,6,0,119,CARDINAL,0,3
uc1.b4350620,134,0,0,Ten,CARDINAL,8,11
uc1.b4350620,134,5,0,Bukay,PERSON,0,5
uc1.b4350620,134,8,0,The hour,TIME,0,8
uc1.b4350620,134,10,0,Five-thirty,TIME,0,11
uc1.b4350620,134,11,0,afternoon,TIME,22,31
uc1.b4350620,134,12,0,Rachel,PERSON,15,21
uc1.b4350620,135,6,0,Rachel,PERSON,0,6
uc1.b4350620,135,9,0,Five,CARDINAL,0,4
uc1.b4350620,135,9,1,six,CARDINAL,12,15
uc1.b4350620,135,9,2,seven,CARDINAL,17,22
uc1.b4350620,135,12,0,half,CARDINAL,25,29
uc1.b4350620,135,15,0,Bukay,PERSON,26,31
uc1.b4350620,135,16,0,The hour,TIME,0,8
uc1.b4350620,135,18,0,Rachel,PERSON,15,21
uc1.b4350620,135,22,0,Bukay,PERSON,16,21
uc1.b4350620,135,28,0,ten-thirty,TIME,3,13
uc1.b4350620,135,28,1,Baltimore,GPE,24,33
uc1.b4350620,135,32,0,121,CARDINAL,0,3
uc1.b4350620,136,0,0,the morning,TIME,6,17
uc1.b4350620,136,2,0,seven-thirty,TIME,26,38
uc1.b4350620,136,4,0,another two hours,TIME,39,56
uc1.b4350620,136,5,0,yesterday,DATE,40,49
uc1.b4350620,136,6,0,two,CARDINAL,20,23
uc1.b4350620,136,7,0,the next three hours,TIME,73,93
uc1.b4350620,136,10,0,Rachel,PERSON,17,23
uc1.b4350620,136,10,1,Baltimore,GPE,43,52
uc1.b4350620,136,11,0,first,ORDINAL,4,9
uc1.b4350620,136,11,1,Bukay,PERSON,44,49
uc1.b4350620,136,12,0,Pinchbottom,PERSON,17,28
uc1.b4350620,136,12,1,Mary Ann,PERSON,45,53
uc1.b4350620,136,13,0,Midstown,GPE,31,39
uc1.b4350620,136,24,0,Noddaman Bukay,PERSON,0,14
uc1.b4350620,137,1,0,Bill,PERSON,0,4
uc1.b4350620,137,1,1,two,CARDINAL,22,25
uc1.b4350620,137,2,0,Bill,PERSON,19,23
uc1.b4350620,137,13,0,Three,CARDINAL,0,5
uc1.b4350620,137,13,1,Bill,PERSON,62,66
uc1.b4350620,137,13,2,Homburg,NORP,112,119
uc1.b4350620,137,13,3,about fifteen,DATE,243,256
uc1.b4350620,137,26,0,Noddaman Bukay,PERSON,1,15
uc1.b4350620,137,26,1,Bill,PERSON,65,69
uc1.b4350620,137,26,2,Albert Miller,PERSON,95,108
uc1.b4350620,137,27,0,Ameri123,PRODUCT,34,42
uc1.b4350620,138,1,0,Bill,PERSON,15,19
uc1.b4350620,138,2,0,Bukay,PERSON,10,15
uc1.b4350620,138,4,0,Bill,PERSON,50,54
uc1.b4350620,138,4,1,a half dollar,MONEY,110,123
uc1.b4350620,138,6,0,Seven,CARDINAL,0,5
uc1.b4350620,138,7,0,Bill,PERSON,0,4
uc1.b4350620,138,10,0,seventh,ORDINAL,20,27
uc1.b4350620,138,10,1,six inches,QUANTITY,59,69
uc1.b4350620,138,11,0,Lysol,ORG,9,14
uc1.b4350620,138,11,1,American,NORP,131,139
uc1.b4350620,138,12,0,Bill,PERSON,0,4
uc1.b4350620,138,14,0,Bill,PERSON,13,17
uc1.b4350620,138,15,0,Bukay,PERSON,1,6
uc1.b4350620,138,19,0,yesterday,DATE,31,40
uc1.b4350620,138,21,0,Bill,PERSON,0,4
uc1.b4350620,138,21,1,Pinchbottom,PERSON,14,25
uc1.b4350620,138,24,0,the Supreme One,PERSON,50,65
uc1.b4350620,138,25,0,Bill,PERSON,13,17
uc1.b4350620,138,29,0,124,CARDINAL,19,22
uc1.b4350620,139,6,0,twentyfour,CARDINAL,45,55
uc1.b4350620,139,13,0,Bill,PERSON,13,17
uc1.b4350620,139,20,0,Bill,PERSON,0,4
uc1.b4350620,139,31,0,Bill,PERSON,7,11
uc1.b4350620,139,32,0,two,CARDINAL,33,36
uc1.b4350620,139,41,0,125,CARDINAL,0,3
uc1.b4350620,140,0,0,One,CARDINAL,1,4
uc1.b4350620,140,2,0,Brooklyn,GPE,49,57
uc1.b4350620,140,2,1,Bowery,LOC,100,106
uc1.b4350620,140,3,0,one,CARDINAL,14,17
uc1.b4350620,140,8,0,thirteen,DATE,6,14
uc1.b4350620,140,19,0,Vietnam,GPE,1,8
uc1.b4350620,140,24,0,one,CARDINAL,29,32
uc1.b4350620,140,25,0,Matilda,PERSON,1,8
uc1.b4350620,140,27,0,Matilda,PERSON,1,8
uc1.b4350620,140,29,0,Matilda,PERSON,1,8
uc1.b4350620,140,29,1,Matilda,PERSON,10,17
uc1.b4350620,140,31,0,126,CARDINAL,0,3
uc1.b4350620,141,5,0,Harry,PERSON,1,6
uc1.b4350620,141,9,0,Harry,PERSON,0,5
uc1.b4350620,141,13,0,Harry,PERSON,0,5
uc1.b4350620,141,15,0,one,CARDINAL,11,14
uc1.b4350620,141,18,0,Harry,PERSON,10,15
uc1.b4350620,141,20,0,first,ORDINAL,19,24
uc1.b4350620,141,22,0,Harry,PERSON,15,20
uc1.b4350620,141,24,0,Harry,PERSON,0,5
uc1.b4350620,141,26,0,Harry,PERSON,10,15
uc1.b4350620,141,27,0,Harry,PERSON,6,11
uc1.b4350620,141,31,0,Harry,PERSON,29,34
uc1.b4350620,141,33,0,Belafonte,PERSON,13,22
uc1.b4350620,141,33,1,Bill,PERSON,48,52
uc1.b4350620,142,4,0,Bill,PERSON,82,86
uc1.b4350620,142,5,0,Two,CARDINAL,0,3
uc1.b4350620,142,6,0,Bill,PERSON,45,49
uc1.b4350620,142,6,1,one,CARDINAL,222,225
uc1.b4350620,142,7,0,Tyrus Dalton,PERSON,8,20
uc1.b4350620,142,10,0,'forty-six,DATE,58,68
uc1.b4350620,142,13,0,the morning,TIME,14,25
uc1.b4350620,142,15,0,Tyrus,PERSON,4,9
uc1.b4350620,142,18,0,Tyrus,PERSON,15,20
uc1.b4350620,142,20,0,Harry,PERSON,0,5
uc1.b4350620,142,21,0,half,CARDINAL,69,73
uc1.b4350620,142,21,1,Bill,PERSON,91,95
uc1.b4350620,142,24,0,Bill,PERSON,0,4
uc1.b4350620,142,26,0,Bill,PERSON,0,4
uc1.b4350620,143,0,0,today,DATE,19,24
uc1.b4350620,143,0,1,the past week,DATE,167,180
uc1.b4350620,143,0,2,only yesterday,DATE,285,299
uc1.b4350620,143,3,0,Yesterday,DATE,0,9
uc1.b4350620,143,3,1,years ago,DATE,17,26
uc1.b4350620,143,7,0,Bill,PERSON,0,4
uc1.b4350620,143,8,0,Bukay,PERSON,9,14
uc1.b4350620,143,12,0,half,CARDINAL,149,153
uc1.b4350620,143,17,0,seconds,TIME,13,20
uc1.b4350620,143,18,0,five minutes,TIME,14,26
uc1.b4350620,143,18,1,three or four hours,TIME,38,57
uc1.b4350620,143,20,0,one,CARDINAL,15,18
uc1.b4350620,143,21,0,Forty-five,CARDINAL,0,10
uc1.b4350620,143,21,1,fifty,CARDINAL,14,19
uc1.b4350620,143,22,0,seventy-two,CARDINAL,33,44
uc1.b4350620,143,26,0,Bill,PERSON,20,24
uc1.b4350620,143,30,0,first,ORDINAL,8,13
uc1.b4350620,143,31,0,129,CARDINAL,22,25
uc1.b4350620,144,3,0,My Fair Lady,WORK_OF_ART,101,113
uc1.b4350620,144,10,0,Taylor,PERSON,12,18
uc1.b4350620,144,11,0,Bill Taylor,PERSON,0,11
uc1.b4350620,144,13,0,one,CARDINAL,4,7
uc1.b4350620,144,13,1,Baptist,ORG,118,125
uc1.b4350620,144,15,0,Bill,PERSON,26,30
uc1.b4350620,144,16,0,Bukay,PERSON,25,30
uc1.b4350620,144,19,0,one,CARDINAL,13,16
uc1.b4350620,144,20,0,Muhammad,PERSON,10,18
uc1.b4350620,144,20,1,Moses,PERSON,30,35
uc1.b4350620,144,20,2,Jesus,PERSON,40,45
uc1.b4350620,144,21,0,Bukay,PERSON,1,6
uc1.b4350620,144,22,0,Taylor,PERSON,4,10
uc1.b4350620,144,24,0,the hour,TIME,4,12
uc1.b4350620,144,26,0,Bill,PERSON,15,19
uc1.b4350620,144,26,1,only about five feet 130,QUANTITY,36,60
uc1.b4350620,145,0,0,five,CARDINAL,0,4
uc1.b4350620,145,2,0,Bill,PERSON,51,55
uc1.b4350620,145,5,0,131,CARDINAL,64,67
uc1.b4350620,146,0,0,Eleven,CARDINAL,8,14
uc1.b4350620,146,4,0,Bill,PERSON,57,61
uc1.b4350620,146,5,0,one,CARDINAL,22,25
uc1.b4350620,146,5,1,one,CARDINAL,64,67
uc1.b4350620,146,5,2,three,CARDINAL,75,80
uc1.b4350620,146,7,0,Bukay,PERSON,0,5
uc1.b4350620,146,7,1,Bill,PERSON,78,82
uc1.b4350620,146,8,0,Bill,PERSON,22,26
uc1.b4350620,147,0,0,Bukay,PERSON,60,65
uc1.b4350620,147,1,0,Bill,PERSON,22,26
uc1.b4350620,147,2,0,Bukay,PERSON,6,11
uc1.b4350620,147,3,0,Bill,PERSON,0,4
uc1.b4350620,147,6,0,the Supreme One,ORG,36,51
uc1.b4350620,147,10,0,the Supreme One,ORG,26,41
uc1.b4350620,147,15,0,East,LOC,22,26
uc1.b4350620,147,16,0,Bill,PERSON,0,4
uc1.b4350620,147,17,0,Bukay,PERSON,0,5
uc1.b4350620,147,18,0,Taylor,PERSON,28,34
uc1.b4350620,147,21,0,Bill,PERSON,9,13
uc1.b4350620,147,24,0,one,CARDINAL,14,17
uc1.b4350620,147,26,0,Bill,PERSON,0,4
uc1.b4350620,147,27,0,Bukay,PERSON,0,5
uc1.b4350620,147,28,0,Taylor,PERSON,62,68
uc1.b4350620,147,30,0,Bill,PERSON,8,12
uc1.b4350620,147,31,0,Bukay,PERSON,23,28
uc1.b4350620,147,32,0,133,CARDINAL,0,3
uc1.b4350620,148,8,0,Taylor,PERSON,27,33
uc1.b4350620,148,10,0,Bill,PERSON,19,23
uc1.b4350620,148,11,0,Taylor,PERSON,5,11
uc1.b4350620,148,11,1,Bukay,PERSON,18,23
uc1.b4350620,148,13,0,Bill,PERSON,5,9
uc1.b4350620,148,14,0,Taylor,PERSON,5,11
uc1.b4350620,148,15,0,Bill,PERSON,0,4
uc1.b4350620,148,16,0,Miller,PERSON,0,6
uc1.b4350620,148,19,0,Taylor,PERSON,15,21
uc1.b4350620,148,26,0,Bill,PERSON,66,70
uc1.b4350620,148,27,0,Miller,PERSON,75,81
uc1.b4350620,148,35,0,Bukay,PERSON,6,11
uc1.b4350620,148,36,0,six thousand years old,DATE,5,27
uc1.b4350620,148,37,0,the Supreme One,ORG,15,30
uc1.b4350620,148,38,0,134,CARDINAL,0,3
uc1.b4350620,149,1,0,Today,DATE,0,5
uc1.b4350620,149,5,0,Africa,LOC,43,49
uc1.b4350620,149,6,0,Bukay,PERSON,0,5
uc1.b4350620,149,10,0,Taylor,PERSON,15,21
uc1.b4350620,149,11,0,two,CARDINAL,4,7
uc1.b4350620,149,11,1,Greeks,NORP,48,54
uc1.b4350620,149,12,0,many years,DATE,8,18
uc1.b4350620,149,12,1,four,CARDINAL,43,47
uc1.b4350620,149,17,0,Bill,PERSON,12,16
uc1.b4350620,149,17,1,Indians,NORP,68,75
uc1.b4350620,149,17,2,Asians,NORP,77,83
uc1.b4350620,149,17,3,Orientals,NORP,88,97
uc1.b4350620,149,21,0,The Supreme One,ORG,0,15
uc1.b4350620,149,22,0,Bill,PERSON,0,4
uc1.b4350620,149,24,0,Bukay,PERSON,14,19
uc1.b4350620,150,2,0,Christian,NORP,45,54
uc1.b4350620,150,2,1,Bible,WORK_OF_ART,55,60
uc1.b4350620,150,2,2,Eden,LOC,67,71
uc1.b4350620,150,7,0,Taylor,PERSON,16,22
uc1.b4350620,150,8,0,Alexander,PERSON,11,20
uc1.b4350620,150,8,1,Persia,GPE,36,42
uc1.b4350620,150,9,0,Alps,LOC,29,33
uc1.b4350620,150,9,1,Hannibal,PERSON,39,47
uc1.b4350620,150,10,0,Tiber,LOC,14,19
uc1.b4350620,150,10,1,Julius Caesar,PERSON,25,38
uc1.b4350620,150,10,2,Roman,NORP,46,51
uc1.b4350620,150,10,3,Christ,PERSON,77,83
uc1.b4350620,150,11,0,Masai,NORP,8,13
uc1.b4350620,150,12,0,Jackson,PERSON,11,18
uc1.b4350620,150,12,1,New Orleans,GPE,22,33
uc1.b4350620,150,13,0,Dresden,GPE,26,33
uc1.b4350620,150,13,1,Normandy,GPE,60,68
uc1.b4350620,150,19,0,Bill,PERSON,0,4
uc1.b4350620,150,24,0,The Supreme One,ORG,0,15
uc1.b4350620,150,36,0,The Supreme One,ORG,0,15
uc1.b4350620,150,36,1,136,CARDINAL,33,36
uc1.b4350620,151,2,0,Bukay,PERSON,0,5
uc1.b4350620,151,3,0,Taylor,PERSON,5,11
uc1.b4350620,151,6,0,Bukay,PERSON,0,5
uc1.b4350620,151,11,0,Pepper,PERSON,4,10
uc1.b4350620,151,13,0,Joseph Abu,PERSON,0,10
uc1.b4350620,151,13,1,the Supreme One,ORG,23,38
uc1.b4350620,151,14,0,Joseph Abu,PERSON,1,11
uc1.b4350620,151,15,0,Taylor,PERSON,5,11
uc1.b4350620,151,24,0,One,CARDINAL,0,3
uc1.b4350620,151,24,1,Pinchbottom,PERSON,26,37
uc1.b4350620,151,30,0,Pinchbottom,PERSON,1,12
uc1.b4350620,151,32,0,Bill,PERSON,0,4
uc1.b4350620,151,34,0,Taylor,PERSON,26,32
uc1.b4350620,151,41,0,Miller,PERSON,18,24
uc1.b4350620,152,4,0,six,CARDINAL,19,22
uc1.b4350620,152,4,1,Bukay,PERSON,45,50
uc1.b4350620,152,4,2,three,CARDINAL,63,68
uc1.b4350620,152,6,0,one,CARDINAL,64,67
uc1.b4350620,152,7,0,Taylor,PERSON,5,11
uc1.b4350620,152,10,0,Bill,PERSON,14,18
uc1.b4350620,152,17,0,Taylor,PERSON,29,35
uc1.b4350620,152,22,0,Bill,PERSON,7,11
uc1.b4350620,152,24,0,New Holland,GPE,21,32
uc1.b4350620,152,26,0,Bill,PERSON,0,4
uc1.b4350620,152,29,0,138,CARDINAL,143,146
uc1.b4350620,153,3,0,Joseph Abu,PERSON,0,10
uc1.b4350620,153,3,1,Albany,GPE,31,37
uc1.b4350620,153,22,0,Baltimore,GPE,15,24
uc1.b4350620,153,24,0,Mary Ann,PERSON,0,8
uc1.b4350620,153,31,0,Rachel,PERSON,0,6
uc1.b4350620,153,33,0,Rachel,PERSON,10,16
uc1.b4350620,153,34,0,Rachel,PERSON,0,6
uc1.b4350620,154,0,0,moments,TIME,26,33
uc1.b4350620,154,2,0,Taylor,PERSON,5,11
uc1.b4350620,154,4,0,Taylor,PERSON,5,11
uc1.b4350620,154,5,0,Bukay,PERSON,34,39
uc1.b4350620,154,7,0,Bill,PERSON,90,94
uc1.b4350620,154,8,0,Taylor,PERSON,5,11
uc1.b4350620,154,10,0,Bill,PERSON,0,4
uc1.b4350620,154,16,0,Bukay,PERSON,38,43
uc1.b4350620,154,17,0,Bukay,PERSON,11,16
uc1.b4350620,154,17,1,Bukay,PERSON,23,28
uc1.b4350620,154,17,2,Bill,PERSON,47,51
uc1.b4350620,154,17,3,Bea,PERSON,62,65
uc1.b4350620,154,19,0,Bill,PERSON,0,4
uc1.b4350620,154,19,1,Bukay,PERSON,76,81
uc1.b4350620,154,19,2,Bea,PERSON,86,89
uc1.b4350620,154,24,0,Bukay,PERSON,0,5
uc1.b4350620,155,0,0,dermic,PERSON,0,6
uc1.b4350620,155,1,0,Bea,PERSON,0,3
uc1.b4350620,155,2,0,Bill,PERSON,40,44
uc1.b4350620,155,4,0,141,CARDINAL,0,3
uc1.b4350620,156,0,0,Twelve,CARDINAL,8,14
uc1.b4350620,156,3,0,Bea,PERSON,0,3
uc1.b4350620,156,5,0,morning,TIME,6,13
uc1.b4350620,156,6,0,the day,DATE,42,49
uc1.b4350620,157,0,0,one,CARDINAL,485,488
uc1.b4350620,157,0,1,Amy Katz,PERSON,499,507
uc1.b4350620,157,1,0,March,DATE,11,16
uc1.b4350620,157,1,1,Washington,GPE,20,30
uc1.b4350620,158,16,0,March,DATE,0,5
uc1.b4350620,158,16,1,Hudson,LOC,72,78
uc1.b4350620,158,16,2,day,DATE,90,93
uc1.b4350620,158,20,0,144,CARDINAL,30,33
uc1.b4350620,159,1,0,Bea,PERSON,1,4
uc1.b4350620,159,17,0,spring,DATE,20,26
uc1.b4350620,159,19,0,this spring,DATE,17,28
uc1.b4350620,159,19,1,half,CARDINAL,213,217
uc1.b4350620,159,19,2,two,CARDINAL,492,495
uc1.b4350620,159,19,3,Days weeks,DATE,544,554
uc1.b4350620,160,0,0,Bea,PERSON,235,238
uc1.b4350620,160,0,1,Riverside,LOC,392,401
uc1.b4350620,160,0,2,Summer,DATE,592,598
uc1.b4350620,160,2,0,winter,DATE,272,278
uc1.b4350620,160,2,1,March day,DATE,285,294
uc1.b4350620,161,1,0,Yesterday,DATE,0,9
uc1.b4350620,161,6,0,eight twenty-nine,TIME,15,32
uc1.b4350620,162,0,0,Two,CARDINAL,0,3
uc1.b4350620,162,0,1,three,CARDINAL,14,19
uc1.b4350620,162,25,0,Only one,CARDINAL,1,9
uc1.b4350620,163,4,0,Bill,PERSON,4,8
uc1.b4350620,163,13,0,Pepper,PERSON,4,10
uc1.b4350620,163,26,0,Beatles,ORG,45,52
uc1.b4350620,163,27,0,Some Billie Holiday,PERSON,0,19
uc1.b4350620,163,40,0,149,CARDINAL,0,3
uc1.b4350620,164,3,0,Bukay,PERSON,0,5
uc1.b4350620,164,3,1,one,CARDINAL,60,63
uc1.b4350620,164,3,2,Bea,PERSON,115,118
uc1.b4350620,164,4,0,Swiss,NORP,189,194
uc1.b4350620,164,5,0,Bunsen,PRODUCT,90,96
uc1.b4350620,164,7,0,Bill,PERSON,0,4
uc1.b4350620,164,9,0,Bukay,PERSON,3,8
uc1.b4350620,164,9,1,Bill,PERSON,45,49
uc1.b4350620,164,11,0,Four,CARDINAL,0,4
uc1.b4350620,164,13,0,morning,TIME,6,13
uc1.b4350620,164,13,1,Taylor,PERSON,19,25
uc1.b4350620,164,15,0,Bukay,PERSON,0,5
uc1.b4350620,164,17,0,Bill,PERSON,0,4
uc1.b4350620,164,18,0,Bukay,PERSON,0,5
uc1.b4350620,164,18,1,Bea,PERSON,30,33
uc1.b4350620,164,22,0,half,CARDINAL,8,12
uc1.b4350620,164,24,0,150,CARDINAL,14,17
uc1.b4350620,165,0,0,Bukay,PERSON,0,5
uc1.b4350620,165,0,1,Bill,PERSON,19,23
uc1.b4350620,165,1,0,Bill,PERSON,23,27
uc1.b4350620,165,2,0,Bill,PERSON,51,55
uc1.b4350620,165,8,0,Bukay,PERSON,0,5
uc1.b4350620,165,9,0,Taylor,PERSON,11,17
uc1.b4350620,165,10,0,Bill,PERSON,7,11
uc1.b4350620,165,14,0,Bea,PERSON,0,3
uc1.b4350620,165,14,1,Bukay,PERSON,23,28
uc1.b4350620,165,14,2,Bill,PERSON,49,53
uc1.b4350620,165,20,0,Taylor,PERSON,5,11
uc1.b4350620,165,21,0,Bill,PERSON,0,4
uc1.b4350620,165,24,0,Bill,PERSON,0,4
uc1.b4350620,165,26,0,two,CARDINAL,4,7
uc1.b4350620,165,28,0,Taylor,PERSON,5,11
uc1.b4350620,165,32,0,Miller,PERSON,7,13
uc1.b4350620,165,33,0,Albert Miller,PERSON,0,13
uc1.b4350620,166,3,0,Bill,PERSON,30,34
uc1.b4350620,166,13,0,Bill,PERSON,21,25
uc1.b4350620,166,15,0,American,NORP,62,70
uc1.b4350620,166,21,0,one,CARDINAL,5,8
uc1.b4350620,166,27,0,Bukay,PERSON,5,10
uc1.b4350620,166,27,1,Taylor,PERSON,64,70
uc1.b4350620,166,28,0,Bill,PERSON,36,40
uc1.b4350620,166,31,0,Bea,PERSON,0,3
uc1.b4350620,167,4,0,Bea,PERSON,0,3
uc1.b4350620,167,6,0,tomorrow,DATE,12,20
uc1.b4350620,167,7,0,Tomorrow,DATE,1,9
uc1.b4350620,167,9,0,Tonight,TIME,0,7
uc1.b4350620,167,10,0,eight-to twelve-hour,TIME,12,32
uc1.b4350620,167,11,0,tomorrow,DATE,11,19
uc1.b4350620,167,12,0,Tomorrow,DATE,0,8
uc1.b4350620,167,16,0,Bukay,PERSON,0,5
uc1.b4350620,167,20,0,Bukay,PERSON,0,5
uc1.b4350620,167,21,0,the Supreme One,ORG,23,38
uc1.b4350620,167,21,1,Taylor,PERSON,44,50
uc1.b4350620,167,23,0,six thousand years ago,DATE,23,45
uc1.b4350620,167,29,0,Bea,PERSON,0,3
uc1.b4350620,167,35,0,Rachel,PERSON,13,19
uc1.b4350620,167,39,0,153,CARDINAL,16,19
uc1.b4350620,168,13,0,Bill,PERSON,0,4
uc1.b4350620,168,15,0,C.T.,PERSON,0,4
uc1.b4350620,168,15,1,Pinchbottom,PERSON,6,17
uc1.b4350620,168,15,2,Sharon,PERSON,19,25
uc1.b4350620,168,15,3,Abu,PERSON,27,30
uc1.b4350620,168,15,4,Bill,PERSON,44,48
uc1.b4350620,168,15,5,that night,TIME,71,81
uc1.b4350620,168,15,6,Harlem,GPE,85,91
uc1.b4350620,168,16,0,"J. P. Suggs""-he",PERSON,8,23
uc1.b4350620,168,19,0,Taylor,PERSON,1,7
uc1.b4350620,168,20,0,Pinchbottom,PERSON,0,11
uc1.b4350620,168,22,0,Billy,PERSON,24,29
uc1.b4350620,168,23,0,Abu,PERSON,0,3
uc1.b4350620,168,25,0,Pinchbottom,PERSON,0,11
uc1.b4350620,168,30,0,Pinchbottom,PERSON,15,26
uc1.b4350620,168,33,0,Bea,PERSON,10,13
uc1.b4350620,168,34,0,Suggs,PERSON,0,5
uc1.b4350620,168,36,0,Abu,PERSON,0,3
uc1.b4350620,168,37,0,Sharon,PERSON,0,6
uc1.b4350620,168,37,1,154,CARDINAL,31,34
uc1.b4350620,169,0,0,Bill,PERSON,5,9
uc1.b4350620,169,0,1,Pinchbottom,PERSON,40,51
uc1.b4350620,169,0,2,Bea,PERSON,56,59
uc1.b4350620,169,2,0,Bill,PERSON,0,4
uc1.b4350620,169,2,1,Abu,PERSON,16,19
uc1.b4350620,169,4,0,Sharon,PERSON,19,25
uc1.b4350620,169,5,0,Pinchbottom,PERSON,0,11
uc1.b4350620,169,10,0,Bea,PERSON,0,3
uc1.b4350620,169,14,0,C.T.,PERSON,0,4
uc1.b4350620,169,15,0,Bill,PERSON,0,4
uc1.b4350620,169,15,1,Sharon,PERSON,25,31
uc1.b4350620,169,17,0,C.T.,PERSON,11,15
uc1.b4350620,169,19,0,Abu,PERSON,0,3
uc1.b4350620,169,21,0,English,LANGUAGE,4,11
uc1.b4350620,169,23,0,Sharon,PERSON,0,6
uc1.b4350620,169,29,0,Suggs,PERSON,0,5
uc1.b4350620,169,35,0,eleven hours,TIME,34,46
uc1.b4350620,169,40,0,Scarsdale,GPE,7,16
uc1.b4350620,170,1,0,the Count of Monte Crisco,PERSON,38,63
uc1.b4350620,170,2,0,one,CARDINAL,37,40
uc1.b4350620,170,4,0,one,CARDINAL,22,25
uc1.b4350620,170,9,0,Bea,PERSON,7,10
uc1.b4350620,170,10,0,C.T.,PERSON,0,4
uc1.b4350620,170,10,1,Sharon,PERSON,16,22
uc1.b4350620,170,11,0,Suggs,PERSON,11,16
uc1.b4350620,170,14,0,Suggs,PERSON,23,28
uc1.b4350620,170,16,0,Moses,PERSON,0,5
uc1.b4350620,170,16,1,the Red Sea,LOC,13,24
uc1.b4350620,170,19,0,Christ,PERSON,0,6
uc1.b4350620,170,24,0,Abu,PERSON,58,61
uc1.b4350620,170,27,0,Ashanti,NORP,8,15
uc1.b4350620,170,30,0,Suggs,PERSON,22,27
uc1.b4350620,170,32,0,Bill,PERSON,0,4
uc1.b4350620,170,32,1,Abu,PERSON,27,30
uc1.b4350620,170,33,0,Sharon,PERSON,37,43
uc1.b4350620,170,34,0,156,CARDINAL,0,3
uc1.b4350620,171,7,0,Bea,PERSON,0,3
uc1.b4350620,171,8,0,Pinchbottom,PERSON,20,31
uc1.b4350620,171,10,0,three,CARDINAL,4,9
uc1.b4350620,171,10,1,Abu,PERSON,31,34
uc1.b4350620,171,11,0,Suggs,PERSON,0,5
uc1.b4350620,171,12,0,C.T.,PERSON,0,4
uc1.b4350620,171,13,0,Bill,PERSON,26,30
uc1.b4350620,171,13,1,summer,DATE,133,139
uc1.b4350620,171,14,0,Suggs,PERSON,10,15
uc1.b4350620,171,16,0,eighty-six,DATE,11,21
uc1.b4350620,171,18,0,C.T.,PERSON,0,4
uc1.b4350620,171,20,0,Abu,PERSON,30,33
uc1.b4350620,171,23,0,Pinchbottom,PERSON,0,11
uc1.b4350620,171,23,1,Bea,PERSON,17,20
uc1.b4350620,171,24,0,Suggs,PERSON,7,12
uc1.b4350620,171,30,0,one,CARDINAL,8,11
uc1.b4350620,171,30,1,Bea,PERSON,33,36
uc1.b4350620,171,31,0,Sharon,PERSON,0,6
uc1.b4350620,171,32,0,C.T.,PERSON,15,19
uc1.b4350620,171,33,0,C.T.,PERSON,19,23
uc1.b4350620,171,37,0,157,CARDINAL,61,64
uc1.b4350620,172,3,0,Bill,PERSON,20,24
uc1.b4350620,172,4,0,J.P.,PERSON,33,37
uc1.b4350620,172,13,0,Abu,PERSON,17,20
uc1.b4350620,172,13,1,Bea,PERSON,23,26
uc1.b4350620,172,18,0,Bill,PERSON,10,14
uc1.b4350620,172,19,0,Sharon,PERSON,0,6
uc1.b4350620,172,20,0,Suggs,PERSON,59,64
uc1.b4350620,172,26,0,Bill,PERSON,21,25
uc1.b4350620,172,28,0,Pinchbottom,PERSON,0,11
uc1.b4350620,172,28,1,Bea,PERSON,24,27
uc1.b4350620,172,29,0,Suggs,PERSON,8,13
uc1.b4350620,172,31,0,Abu,PERSON,0,3
uc1.b4350620,172,31,1,Sharon,PERSON,60,66
uc1.b4350620,172,32,0,Pinchbottom,PERSON,58,69
uc1.b4350620,172,32,1,Bea,PERSON,74,77
uc1.b4350620,173,0,0,9 5 1,CARDINAL,18,23
uc1.b4350620,173,10,0,Methodists,NORP,11,21
uc1.b4350620,173,11,0,Jew,NORP,16,19
uc1.b4350620,173,11,1,Bukay,PERSON,39,44
uc1.b4350620,173,12,0,Jake,PERSON,13,17
uc1.b4350620,173,16,0,Bukay,PERSON,0,5
uc1.b4350620,174,0,0,Thirteen I,CARDINAL,8,18
uc1.b4350620,174,2,0,Abu,PERSON,0,3
uc1.b4350620,174,3,0,Bea,PERSON,0,3
uc1.b4350620,174,4,0,Pinchbottom,PERSON,0,11
uc1.b4350620,174,4,1,two,CARDINAL,16,19
uc1.b4350620,174,5,0,Sharon,PERSON,0,6
uc1.b4350620,174,6,0,Bill,PERSON,23,27
uc1.b4350620,174,8,0,Sharon,PERSON,0,6
uc1.b4350620,174,8,1,Bukay,PERSON,62,67
uc1.b4350620,174,9,0,Suggs,PERSON,12,17
uc1.b4350620,174,11,0,two hours,TIME,30,39
uc1.b4350620,174,13,0,the necessary eight to twelve hours,TIME,12,47
uc1.b4350620,174,15,0,tomorrow,DATE,3,11
uc1.b4350620,174,15,1,afternoon,TIME,12,21
uc1.b4350620,174,15,2,New York City,GPE,26,39
uc1.b4350620,175,4,0,Bea,PERSON,0,3
uc1.b4350620,175,6,0,Bukay,PERSON,0,5
uc1.b4350620,175,8,0,America,GPE,55,62
uc1.b4350620,175,10,0,Europeans,NORP,58,67
uc1.b4350620,175,13,0,One,CARDINAL,0,3
uc1.b4350620,175,16,0,Sharon,PERSON,0,6
uc1.b4350620,175,19,0,first,ORDINAL,36,41
uc1.b4350620,175,24,0,C.T.,PERSON,0,4
uc1.b4350620,175,25,0,Bukay,PERSON,8,13
uc1.b4350620,175,26,0,one,CARDINAL,78,81
uc1.b4350620,175,26,1,at least four,CARDINAL,102,115
uc1.b4350620,175,27,0,his mid,DATE,14,21
uc1.b4350620,175,27,1,forties,DATE,22,29
uc1.b4350620,175,27,2,European,NORP,43,51
uc1.b4350620,175,27,3,mid,DATE,68,71
uc1.b4350620,175,27,4,-,DATE,71,72
uc1.b4350620,175,27,5,thirties,DATE,72,80
uc1.b4350620,175,27,6,American,NORP,82,90
uc1.b4350620,175,28,0,European,NORP,25,33
uc1.b4350620,175,28,1,thirteen,DATE,80,88
uc1.b4350620,175,29,0,One,CARDINAL,0,3
uc1.b4350620,175,29,1,four,CARDINAL,38,42
uc1.b4350620,175,29,2,European,NORP,61,69
uc1.b4350620,175,29,3,American,NORP,74,82
uc1.b4350620,175,30,0,161,CARDINAL,0,3
uc1.b4350620,176,0,0,Pinchbottom,PERSON,21,32
uc1.b4350620,176,1,0,less than,PERCENT,15,24
uc1.b4350620,176,2,0,Pinchbottom,PERSON,0,11
uc1.b4350620,176,3,0,fifteen percent,PERCENT,15,30
uc1.b4350620,176,3,1,another twenty-five percent,PERCENT,48,75
uc1.b4350620,176,3,2,Puerto Rican,NORP,76,88
uc1.b4350620,176,3,3,Mexican,NORP,90,97
uc1.b4350620,176,3,4,Oriental,NORP,99,107
uc1.b4350620,176,3,5,Indian,NORP,109,115
uc1.b4350620,176,4,0,less than twenty percent,PERCENT,0,24
uc1.b4350620,176,5,0,Bukay,PERSON,23,28
uc1.b4350620,176,5,1,more than three-fourths,CARDINAL,41,64
uc1.b4350620,176,6,0,Taylor,PERSON,15,21
uc1.b4350620,176,13,0,McDermot,PERSON,0,8
uc1.b4350620,176,14,0,Joshua McDermot,PERSON,0,15
uc1.b4350620,176,16,0,Bill,PERSON,110,114
uc1.b4350620,176,20,0,one half,CARDINAL,10,18
uc1.b4350620,176,20,1,half,CARDINAL,77,81
uc1.b4350620,176,21,0,Pinchbottom,PERSON,19,30
uc1.b4350620,176,21,1,162,CARDINAL,54,57
uc1.b4350620,177,2,0,Bill,PERSON,0,4
uc1.b4350620,177,3,0,Bea,PERSON,0,3
uc1.b4350620,177,6,0,Abu,PERSON,77,80
uc1.b4350620,177,6,1,Abu,PERSON,140,143
uc1.b4350620,177,7,0,C.T.,PERSON,24,28
uc1.b4350620,177,7,1,Bukay,PERSON,71,76
uc1.b4350620,177,17,0,Bukay,PERSON,0,5
uc1.b4350620,177,17,1,one,CARDINAL,45,48
uc1.b4350620,177,19,0,Bukay,PERSON,0,5
uc1.b4350620,177,20,0,Bill,PERSON,26,30
uc1.b4350620,177,21,0,Bukay,PERSON,0,5
uc1.b4350620,177,22,0,Bill,PERSON,37,41
uc1.b4350620,177,22,1,Bukay,PERSON,121,126
uc1.b4350620,177,23,0,Pinchbottom,PERSON,157,168
uc1.b4350620,177,26,0,four twenty-six,CARDINAL,49,64
uc1.b4350620,178,7,0,Pinchbottom,PERSON,0,11
uc1.b4350620,178,7,1,Malcolm,PERSON,101,108
uc1.b4350620,178,9,0,Bill,PERSON,16,20
uc1.b4350620,178,20,0,Bill,PERSON,0,4
uc1.b4350620,178,21,0,Pinchbottom,PERSON,37,48
uc1.b4350620,178,34,0,164,CARDINAL,26,29
uc1.b4350620,179,6,0,Bill,PERSON,0,4
uc1.b4350620,179,15,0,Pinchbottom,PERSON,0,11
uc1.b4350620,179,15,1,one,CARDINAL,23,26
uc1.b4350620,179,15,2,Bill,PERSON,132,136
uc1.b4350620,179,15,3,almost five o'clock in the morning,TIME,241,275
uc1.b4350620,179,16,0,Bill,PERSON,0,4
uc1.b4350620,179,18,0,Pinchbottom,PERSON,33,44
uc1.b4350620,179,26,0,Pinchbottom,PERSON,0,11
uc1.b4350620,179,34,0,Pinchbottom,PERSON,21,32
uc1.b4350620,180,1,0,two days ago,DATE,31,43
uc1.b4350620,180,2,0,six thousand years old,DATE,20,42
uc1.b4350620,180,3,0,Happy Easter,DATE,1,13
uc1.b4350620,180,5,0,Easter Sunday,DATE,6,19
uc1.b4350620,180,12,0,two,CARDINAL,38,41
uc1.b4350620,180,14,0,Bukay,PERSON,1,6
uc1.b4350620,180,16,0,Bill,PERSON,13,17
uc1.b4350620,180,17,0,Taylor,PERSON,1,7
uc1.b4350620,180,20,0,Mary,PERSON,10,14
uc1.b4350620,180,22,0,Mary,PERSON,13,17
uc1.b4350620,180,24,0,Mary,PERSON,1,5
uc1.b4350620,180,24,1,Christ,PERSON,21,27
uc1.b4350620,180,34,0,Pinchbottom,PERSON,11,22
uc1.b4350620,180,34,1,166,CARDINAL,47,50
uc1.b4350620,181,2,0,one,CARDINAL,12,15
uc1.b4350620,181,7,0,Bill,PERSON,12,16
uc1.b4350620,181,14,0,one,CARDINAL,14,17
uc1.b4350620,181,19,0,Bukay,PERSON,13,18
uc1.b4350620,181,22,0,first,ORDINAL,10,15
uc1.b4350620,181,30,0,Bill,PERSON,13,17
uc1.b4350620,181,33,0,Taylor,PERSON,31,37
uc1.b4350620,181,34,0,Bill,PERSON,0,4
uc1.b4350620,181,35,0,Pinchbottom,PERSON,23,34
uc1.b4350620,181,39,0,one,CARDINAL,23,26
uc1.b4350620,181,40,0,167,CARDINAL,0,3
uc1.b4350620,182,2,0,Pinchbottom,PERSON,0,11
uc1.b4350620,182,5,0,Taylor,PERSON,30,36
uc1.b4350620,182,6,0,Bill,PERSON,0,4
uc1.b4350620,182,7,0,Pinchbottom,PERSON,20,31
uc1.b4350620,182,11,0,Bill,PERSON,0,4
uc1.b4350620,182,12,0,Pinchbottom,PERSON,0,11
uc1.b4350620,182,13,0,Bill,PERSON,0,4
uc1.b4350620,182,14,0,two,CARDINAL,145,148
uc1.b4350620,182,14,1,one,CARDINAL,159,162
uc1.b4350620,182,21,0,Bill,PERSON,0,4
uc1.b4350620,182,22,0,Bukay,PERSON,5,10
uc1.b4350620,182,30,0,Bill,PERSON,0,4
uc1.b4350620,182,34,0,168,CARDINAL,2,5
uc1.b4350620,183,0,0,Bill,PERSON,58,62
uc1.b4350620,183,0,1,Pinchbottom,PERSON,90,101
uc1.b4350620,183,7,0,first,ORDINAL,27,32
uc1.b4350620,183,8,0,Nat Turner,PERSON,8,18
uc1.b4350620,183,8,1,Vesey,PERSON,20,25
uc1.b4350620,183,8,2,Prosser,PERSON,27,34
uc1.b4350620,183,8,3,Garvey,PERSON,69,75
uc1.b4350620,183,8,4,Malcolm,PERSON,77,84
uc1.b4350620,183,11,0,Martin,PERSON,0,6
uc1.b4350620,183,20,0,Survival,WORK_OF_ART,7,15
uc1.b4350620,183,36,0,169,CARDINAL,0,3
uc1.b4350620,184,0,0,Pinchbottom,PERSON,0,11
uc1.b4350620,184,3,0,Pinchbottom,PERSON,0,11
uc1.b4350620,184,5,0,Taylor,PERSON,1,7
uc1.b4350620,184,6,0,Bill,PERSON,0,4
uc1.b4350620,184,7,0,Pinchbottom,PERSON,0,11
uc1.b4350620,184,8,0,Bill,PERSON,17,21
uc1.b4350620,184,12,0,Pinchbottom,PERSON,0,11
uc1.b4350620,184,13,0,Morning,TIME,1,8
uc1.b4350620,184,15,0,Six-twelve,TIME,1,11
uc1.b4350620,184,16,0,Pinchbottom,PERSON,0,11
uc1.b4350620,184,19,0,Pinchbottom,PERSON,18,29
uc1.b4350620,184,27,0,Bill,PERSON,0,4
uc1.b4350620,184,28,0,Bea,PERSON,9,12
uc1.b4350620,184,32,0,Pinchbottom,PERSON,0,11
uc1.b4350620,184,33,0,Taylor,PERSON,60,66
uc1.b4350620,184,37,0,Pinchbottom,PERSON,0,11
uc1.b4350620,184,39,0,Bill,PERSON,16,20
uc1.b4350620,185,8,0,Pinchbottom,PERSON,0,11
uc1.b4350620,185,8,1,Bea,PERSON,16,19
uc1.b4350620,185,9,0,C.T.,PERSON,0,4
uc1.b4350620,185,9,1,Suggs,PERSON,9,14
uc1.b4350620,185,11,0,Bill,PERSON,0,4
uc1.b4350620,185,11,1,Abu,PERSON,29,32
uc1.b4350620,185,11,2,Sharon,PERSON,45,51
uc1.b4350620,185,13,0,Pinchbottom,PERSON,0,11
uc1.b4350620,185,14,0,Bill,PERSON,0,4
uc1.b4350620,185,15,0,Bea,PERSON,0,3
uc1.b4350620,185,17,0,Pinchbottom,PERSON,0,11
uc1.b4350620,185,17,1,Bill,PERSON,30,34
uc1.b4350620,185,22,0,Bukay,PERSON,0,5
uc1.b4350620,185,25,0,Abu,PERSON,0,3
uc1.b4350620,185,25,1,Sharon,PERSON,8,14
uc1.b4350620,185,27,0,Bukay,PERSON,0,5
uc1.b4350620,185,28,0,Suggs,PERSON,0,5
uc1.b4350620,185,29,0,Bukay,PERSON,0,5
uc1.b4350620,185,31,0,Bea,PERSON,0,3
uc1.b4350620,185,32,0,Pinchbottom,PERSON,0,11
uc1.b4350620,185,33,0,Bukay,PERSON,0,5
uc1.b4350620,185,36,0,Bill,PERSON,0,4
uc1.b4350620,186,1,0,Bukay,PERSON,41,46
uc1.b4350620,186,3,0,Bill,PERSON,18,22
uc1.b4350620,186,6,0,over five years old,DATE,77,96
uc1.b4350620,186,13,0,Bukay,PERSON,0,5
uc1.b4350620,186,13,1,Sharon,PERSON,16,22
uc1.b4350620,186,16,0,Bea,PERSON,0,3
uc1.b4350620,186,18,0,Pinchbottom,PERSON,18,29
uc1.b4350620,186,27,0,Bea,PERSON,0,3
uc1.b4350620,186,27,1,Sharon,PERSON,11,17
uc1.b4350620,186,31,0,Abu,PERSON,0,3
uc1.b4350620,186,41,0,172,CARDINAL,46,49
uc1.b4350620,187,5,0,Sharon,PERSON,60,66
uc1.b4350620,187,5,1,one,CARDINAL,122,125
uc1.b4350620,187,8,0,Bea,PERSON,0,3
uc1.b4350620,187,9,0,Bukay,PERSON,0,5
uc1.b4350620,187,13,0,Pinchbottom,PERSON,0,11
uc1.b4350620,187,13,1,Bill,PERSON,36,40
uc1.b4350620,187,16,0,Suggs,PERSON,21,26
uc1.b4350620,187,19,0,Bukay,PERSON,0,5
uc1.b4350620,187,22,0,Bill,PERSON,32,36
uc1.b4350620,187,23,0,Bukay,PERSON,28,33
uc1.b4350620,187,26,0,New York,GPE,6,14
uc1.b4350620,187,27,0,Taylor,PERSON,29,35
uc1.b4350620,187,29,0,Bukay,PERSON,0,5
uc1.b4350620,187,36,0,Bukay,PERSON,0,5
uc1.b4350620,187,37,0,173,CARDINAL,20,23
uc1.b4350620,188,6,0,The Supreme One,ORG,1,16
uc1.b4350620,188,6,1,Taylor,PERSON,56,62
uc1.b4350620,188,8,0,The morning,TIME,1,12
uc1.b4350620,188,12,0,Bill,PERSON,0,4
uc1.b4350620,188,15,0,Bukay,PERSON,22,27
uc1.b4350620,188,18,0,Bill,PERSON,0,4
uc1.b4350620,188,21,0,one,CARDINAL,46,49
uc1.b4350620,188,23,0,Bill,PERSON,54,58
uc1.b4350620,188,26,0,Bill,PERSON,42,46
uc1.b4350620,188,29,0,Bill,PERSON,0,4
uc1.b4350620,188,33,0,Bill,PERSON,28,32
uc1.b4350620,188,36,0,Bill,PERSON,0,4
uc1.b4350620,188,40,0,Bill,PERSON,0,4
uc1.b4350620,188,41,0,Two,CARDINAL,0,3
uc1.b4350620,188,43,0,174,CARDINAL,30,33
uc1.b4350620,189,11,0,175,CARDINAL,0,3
uc1.b4350620,198,0,0,"THE UNIVERSITY LIBRARY UNIVERSITY OF CALIFORNIA,",ORG,2,50
uc1.b4350620,198,0,1,SANTA CRUZ,GPE,51,61
uc1.b4350620,198,2,0,429-2756,CARDINAL,24,32
uc1.b4350620,198,3,0,14 days,DATE,37,44
uc1.b4350620,198,4,0,Oct 2,DATE,4,9
uc1.b4350620,198,4,1,'82,DATE,18,21
uc1.b4350620,198,4,2,1982,DATE,29,33
uc1.b4350620,198,4,3,APR 2,DATE,40,45
uc1.b4350620,198,4,4,30'27 MAR 31,DATE,63,75
uc1.b4350620,198,4,5,1987,DATE,76,80
uc1.b4350620,198,4,6,2373,CARDINAL,94,98
