vol_id,page,sentence_id,ent_id,entity,entity_type,start_char,end_char
uc1.a0011554979,1,0,0,California,GPE,62,72
uc1.a0011554979,2,0,0,LOS ANGELES OF,GPE,0,14
uc1.a0011554979,2,2,0,LOS ANGELES,GPE,0,11
uc1.a0011554979,2,2,1,LOS ANGELES,GPE,22,33
uc1.a0011554979,2,3,0,LOS ANGELES,GPE,0,11
uc1.a0011554979,2,5,0,LOS ANGELES,GPE,0,11
uc1.a0011554979,3,3,0,SALOS ANGELES,GPE,0,13
uc1.a0011554979,4,0,0,1 1,CARDINAL,0,3
uc1.a0011554979,5,0,0,Wisdom's Call BY,WORK_OF_ART,12,28
uc1.a0011554979,5,0,1,Sutton E. Griggs,PERSON,29,45
uc1.a0011554979,5,2,0,Wisdom's Call,WORK_OF_ART,32,45
uc1.a0011554979,5,2,1,55 Cents,MONEY,75,83
uc1.a0011554979,5,2,2,The National Sentiment-Moulding Bureau,ORG,87,125
uc1.a0011554979,5,2,3,658,CARDINAL,127,130
uc1.a0011554979,5,2,4,Memphis,GPE,153,160
uc1.a0011554979,5,2,5,Tennessee,GPE,162,171
uc1.a0011554979,5,2,6,Wisdom's Call”,WORK_OF_ART,186,200
uc1.a0011554979,5,2,7,1.00,MONEY,220,224
uc1.a0011554979,6,0,0,one,CARDINAL,4,7
uc1.a0011554979,6,0,1,SUTTON E. GRIGGS,PERSON,35,51
uc1.a0011554979,6,0,2,NASHVILLE,GPE,56,65
uc1.a0011554979,6,0,3,TENN. 1911,DATE,67,77
uc1.a0011554979,7,1,0,one,CARDINAL,4,7
uc1.a0011554979,7,1,1,Texas,GPE,154,159
uc1.a0011554979,7,3,0,Texas,GPE,19,24
uc1.a0011554979,7,3,1,Texas,GPE,47,52
uc1.a0011554979,7,3,2,Texaš,NORP,84,89
uc1.a0011554979,7,3,3,Texas,GPE,121,126
uc1.a0011554979,8,0,0,SUTTON E. GRIGGS.,PERSON,9,26
uc1.a0011554979,9,1,0,South,LOC,140,145
uc1.a0011554979,9,1,1,four years,DATE,159,169
uc1.a0011554979,9,1,2,Bull Run's,LOC,214,224
uc1.a0011554979,9,1,3,Shiloh,GPE,254,260
uc1.a0011554979,9,1,4,Gettysburg,GPE,265,275
uc1.a0011554979,9,1,5,Antietam,GPE,280,288
uc1.a0011554979,9,1,6,Appomattox,GPE,373,383
uc1.a0011554979,9,1,7,South,LOC,463,468
uc1.a0011554979,9,2,0,South,LOC,20,25
uc1.a0011554979,9,2,1,the Civil War,EVENT,77,90
uc1.a0011554979,9,2,2,half,CARDINAL,359,363
uc1.a0011554979,10,0,0,South,LOC,16,21
uc1.a0011554979,10,0,1,that day,DATE,25,33
uc1.a0011554979,10,0,2,South,LOC,63,68
uc1.a0011554979,10,1,0,South,LOC,79,84
uc1.a0011554979,10,2,0,South,LOC,29,34
uc1.a0011554979,10,5,0,Wisdom's Call,WORK_OF_ART,4,17
uc1.a0011554979,10,5,1,South,LOC,127,132
uc1.a0011554979,10,5,2,the years,DATE,249,258
uc1.a0011554979,10,6,0,SUTTON E. GRIGGS,PERSON,19,35
uc1.a0011554979,11,3,0,II,CARDINAL,8,10
uc1.a0011554979,11,5,0,III,CARDINAL,8,11
uc1.a0011554979,11,6,0,IV,CARDINAL,8,10
uc1.a0011554979,11,8,0,Two,CARDINAL,24,27
uc1.a0011554979,11,9,0,VI,CARDINAL,8,10
uc1.a0011554979,11,10,0,VII,CARDINAL,8,11
uc1.a0011554979,11,11,0,VIII,CARDINAL,8,12
uc1.a0011554979,11,12,0,IX,CARDINAL,51,53
uc1.a0011554979,12,0,0,1,CARDINAL,4,5
uc1.a0011554979,13,3,0,a day,DATE,17,22
uc1.a0011554979,13,4,0,a day,DATE,72,77
uc1.a0011554979,13,5,0,Pasteur,PERSON,6,13
uc1.a0011554979,14,0,0,12,CARDINAL,0,2
uc1.a0011554979,14,2,0,hundreds,CARDINAL,173,181
uc1.a0011554979,14,6,0,South,LOC,98,103
uc1.a0011554979,14,7,0,the Fifteenth Amendment to the Constitution of the United,LAW,65,122
uc1.a0011554979,15,1,0,13,CARDINAL,0,2
uc1.a0011554979,15,2,0,Negro,PERSON,26,31
uc1.a0011554979,15,2,1,one,CARDINAL,126,129
uc1.a0011554979,15,5,0,Negro,NORP,4,9
uc1.a0011554979,15,5,1,South,LOC,114,119
uc1.a0011554979,15,6,0,Negro,NORP,53,58
uc1.a0011554979,15,8,0,Negro,NORP,39,44
uc1.a0011554979,15,10,0,sixteen hundred and nineA Small,DATE,8,39
uc1.a0011554979,15,10,1,Virginia,GPE,154,162
uc1.a0011554979,15,11,0,Negroes,NORP,24,31
uc1.a0011554979,15,13,0,South,LOC,35,40
uc1.a0011554979,16,3,0,Guardianthe Fifteenth Amendment,LAW,35,66
uc1.a0011554979,16,5,0,South,LOC,81,86
uc1.a0011554979,17,0,0,15,CARDINAL,15,17
uc1.a0011554979,17,0,1,Negro,NORP,51,56
uc1.a0011554979,17,1,0,a thousand,CARDINAL,109,119
uc1.a0011554979,17,1,1,Negro,NORP,159,164
uc1.a0011554979,17,3,0,Negro,NORP,240,245
uc1.a0011554979,17,5,0,Negro,NORP,34,39
uc1.a0011554979,17,5,1,Negroes,NORP,58,65
uc1.a0011554979,17,5,2,Negro,NORP,171,176
uc1.a0011554979,17,5,3,Negroes,NORP,291,298
uc1.a0011554979,18,0,0,16 WISDOM'S CALL.,ORG,0,17
uc1.a0011554979,18,1,0,Negro,NORP,24,29
uc1.a0011554979,18,1,1,South,LOC,204,209
uc1.a0011554979,18,2,0,Negro,NORP,14,19
uc1.a0011554979,18,3,0,Negro,NORP,30,35
uc1.a0011554979,18,7,0,Negroes,NORP,17,24
uc1.a0011554979,18,10,0,Negro,NORP,110,115
uc1.a0011554979,19,2,0,one,CARDINAL,9,12
uc1.a0011554979,19,8,0,one,CARDINAL,200,203
uc1.a0011554979,19,8,1,two,CARDINAL,207,210
uc1.a0011554979,20,9,0,Negro,NORP,79,84
uc1.a0011554979,20,10,0,Negroes,NORP,173,180
uc1.a0011554979,20,11,0,Negroes,NORP,81,88
uc1.a0011554979,21,0,0,WISDOM'S CALL.,WORK_OF_ART,0,14
uc1.a0011554979,21,4,0,Negro,NORP,58,63
uc1.a0011554979,21,4,1,five-cent,MONEY,219,228
uc1.a0011554979,21,9,0,election day,DATE,179,191
uc1.a0011554979,22,0,0,20,CARDINAL,0,2
uc1.a0011554979,22,5,0,Down!,ORG,33,38
uc1.a0011554979,22,5,1,Negro,NORP,63,68
uc1.a0011554979,22,5,2,Negro,NORP,170,175
uc1.a0011554979,22,10,0,Negro,PERSON,9,14
uc1.a0011554979,22,12,0,Whites,NORP,86,92
uc1.a0011554979,22,12,1,Negro,NORP,150,155
uc1.a0011554979,23,1,0,21,CARDINAL,0,2
uc1.a0011554979,23,1,1,Negro,NORP,58,63
uc1.a0011554979,23,2,0,Negro,NORP,49,54
uc1.a0011554979,23,3,0,Southern,NORP,4,12
uc1.a0011554979,23,4,0,Negroes,NORP,176,183
uc1.a0011554979,23,5,0,South,LOC,13,18
uc1.a0011554979,23,6,0,one,CARDINAL,18,21
uc1.a0011554979,23,6,1,Southern,NORP,29,37
uc1.a0011554979,23,7,0,one,CARDINAL,181,184
uc1.a0011554979,23,7,1,South,LOC,192,197
uc1.a0011554979,23,10,0,four,CARDINAL,89,93
uc1.a0011554979,24,0,0,22,CARDINAL,0,2
uc1.a0011554979,24,1,0,Negroes,NORP,10,17
uc1.a0011554979,24,5,0,Negro,NORP,77,82
uc1.a0011554979,24,7,0,Negroes,NORP,66,73
uc1.a0011554979,24,8,0,Negro,NORP,36,41
uc1.a0011554979,24,9,0,one,CARDINAL,30,33
uc1.a0011554979,24,9,1,Negroes,NORP,89,96
uc1.a0011554979,24,9,2,annually,DATE,97,105
uc1.a0011554979,25,0,0,WISDOM'S CALL.,WORK_OF_ART,0,14
uc1.a0011554979,25,1,0,Southern,NORP,2,10
uc1.a0011554979,25,1,1,Appear,PERSON,82,88
uc1.a0011554979,25,2,0,South,LOC,189,194
uc1.a0011554979,25,3,0,a few years ago,DATE,49,64
uc1.a0011554979,25,3,1,the early hours of the morn,TIME,107,134
uc1.a0011554979,25,5,0,Southern,NORP,17,25
uc1.a0011554979,25,8,0,South,LOC,143,148
uc1.a0011554979,25,8,1,almost any day's,DATE,212,228
uc1.a0011554979,25,9,0,Thornton,GPE,1,9
uc1.a0011554979,25,9,1,Ark.,GPE,11,15
uc1.a0011554979,26,0,0,24 WISDOM'S CALL,WORK_OF_ART,0,16
uc1.a0011554979,26,2,0,Woodberry,GPE,29,38
uc1.a0011554979,26,2,1,less than a year ago,DATE,95,115
uc1.a0011554979,26,3,0,three,CARDINAL,54,59
uc1.a0011554979,26,5,0,Gainesville,GPE,8,19
uc1.a0011554979,26,6,0,two,CARDINAL,26,29
uc1.a0011554979,26,6,1,Negroes,NORP,68,75
uc1.a0011554979,26,7,0,Texas,GPE,35,40
uc1.a0011554979,26,7,1,Georgia,GPE,54,61
uc1.a0011554979,26,9,0,South,LOC,23,28
uc1.a0011554979,26,9,1,South,LOC,128,133
uc1.a0011554979,26,10,0,South,LOC,164,169
uc1.a0011554979,26,11,0,One,CARDINAL,1,4
uc1.a0011554979,26,11,1,Jamison,PERSON,56,63
uc1.a0011554979,26,11,2,Reasonover,PERSON,142,152
uc1.a0011554979,26,11,3,Jamison,PERSON,206,213
uc1.a0011554979,26,12,0,Jamison,PERSON,0,7
uc1.a0011554979,26,13,0,Reasonover,PERSON,4,14
uc1.a0011554979,26,13,1,Jamison,PERSON,27,34
uc1.a0011554979,26,14,0,Jamison,PERSON,0,7
uc1.a0011554979,27,0,0,WISDOM'S CALL,PERSON,0,13
uc1.a0011554979,27,0,1,Reasonover,PERSON,102,112
uc1.a0011554979,27,1,0,Reasonover,PERSON,4,14
uc1.a0011554979,27,1,1,about eight feet,QUANTITY,26,42
uc1.a0011554979,27,2,0,Jamison,PERSON,18,25
uc1.a0011554979,27,2,1,Reasonover,PERSON,58,68
uc1.a0011554979,27,3,0,Edington,PERSON,74,82
uc1.a0011554979,27,4,0,Columbia,GPE,8,16
uc1.a0011554979,27,4,1,"S. C.,-.WS",GPE,18,28
uc1.a0011554979,27,4,2,22,DATE,34,36
uc1.a0011554979,27,4,3,this afternoon,TIME,129,143
uc1.a0011554979,27,6,0,daily,DATE,124,129
uc1.a0011554979,27,7,0,a few years,DATE,51,62
uc1.a0011554979,27,7,1,South,LOC,162,167
uc1.a0011554979,27,10,0,South,LOC,45,50
uc1.a0011554979,28,0,0,26,CARDINAL,0,2
uc1.a0011554979,28,1,0,Negro,LOC,57,62
uc1.a0011554979,28,1,1,South,LOC,151,156
uc1.a0011554979,28,1,2,the sad and shameful days,DATE,181,206
uc1.a0011554979,28,2,0,SouthChivalry,LOC,32,45
uc1.a0011554979,28,4,0,Southern,NORP,21,29
uc1.a0011554979,28,7,0,Negro,NORP,39,44
uc1.a0011554979,28,7,1,South,LOC,207,212
uc1.a0011554979,28,8,0,Negro,NORP,56,61
uc1.a0011554979,28,8,1,South,LOC,116,121
uc1.a0011554979,28,10,0,South,LOC,24,29
uc1.a0011554979,28,10,1,one,CARDINAL,56,59
uc1.a0011554979,28,12,0,two,CARDINAL,10,13
uc1.a0011554979,29,1,0,one,CARDINAL,4,7
uc1.a0011554979,29,3,0,South,LOC,12,17
uc1.a0011554979,29,4,0,Southern,NORP,76,84
uc1.a0011554979,29,7,0,Southern,NORP,114,122
uc1.a0011554979,29,8,0,Tennessee,GPE,34,43
uc1.a0011554979,29,8,1,Kentucky,GPE,45,53
uc1.a0011554979,29,8,2,Indiana,GPE,70,77
uc1.a0011554979,30,0,0,28 WISDOM'S CALL.,WORK_OF_ART,0,17
uc1.a0011554979,30,2,0,Negro,NORP,172,177
uc1.a0011554979,30,3,0,South,LOC,43,48
uc1.a0011554979,30,8,0,South,LOC,112,117
uc1.a0011554979,31,0,0,29,CARDINAL,15,17
uc1.a0011554979,31,1,0,daily,DATE,144,149
uc1.a0011554979,31,1,1,South,LOC,184,189
uc1.a0011554979,31,7,0,the day,DATE,3,10
uc1.a0011554979,31,9,0,Negro,NORP,32,37
uc1.a0011554979,31,9,1,South,LOC,119,124
uc1.a0011554979,32,0,0,30 WISDOM'S CALL.,WORK_OF_ART,0,17
uc1.a0011554979,32,1,0,Tennessee,GPE,76,85
uc1.a0011554979,32,2,0,months,DATE,4,10
uc1.a0011554979,32,2,1,daily,DATE,15,20
uc1.a0011554979,32,3,0,one,CARDINAL,82,85
uc1.a0011554979,32,3,1,Tennessee,GPE,89,98
uc1.a0011554979,32,5,0,The Memphis NewsScimitar,ORG,0,24
uc1.a0011554979,32,5,1,one,CARDINAL,25,28
uc1.a0011554979,32,7,0,Tennessee,GPE,73,82
uc1.a0011554979,32,9,0,Negroes,NORP,46,53
uc1.a0011554979,32,10,0,only one,CARDINAL,9,17
uc1.a0011554979,32,13,0,Achilles,PERSON,50,58
uc1.a0011554979,33,0,0,WISDOM,PERSON,0,6
uc1.a0011554979,33,0,1,31,CARDINAL,15,17
uc1.a0011554979,33,2,0,Negro,PERSON,12,17
uc1.a0011554979,33,3,0,the Fifteenth Amendment,LAW,20,43
uc1.a0011554979,33,5,0,South,LOC,9,14
uc1.a0011554979,33,6,0,South,LOC,82,87
uc1.a0011554979,33,7,0,one,CARDINAL,4,7
uc1.a0011554979,33,7,1,Negro,NORP,71,76
uc1.a0011554979,33,7,2,two,CARDINAL,125,128
uc1.a0011554979,33,8,0,Negro,NORP,56,61
uc1.a0011554979,33,8,1,South,LOC,161,166
uc1.a0011554979,34,0,0,32,CARDINAL,0,2
uc1.a0011554979,34,1,0,South,LOC,48,53
uc1.a0011554979,34,1,1,Negro,NORP,121,126
uc1.a0011554979,34,2,0,Negroes,NORP,77,84
uc1.a0011554979,34,3,0,Maryland,GPE,0,8
uc1.a0011554979,34,3,1,West Virginia,GPE,10,23
uc1.a0011554979,34,3,2,Missouri,GPE,25,33
uc1.a0011554979,34,3,3,Kentucky,GPE,38,46
uc1.a0011554979,34,3,4,Negro,NORP,58,63
uc1.a0011554979,34,3,5,Negroes,NORP,88,95
uc1.a0011554979,34,3,6,Negroes,NORP,226,233
uc1.a0011554979,34,3,7,Mississippi,GPE,371,382
uc1.a0011554979,34,4,0,one,CARDINAL,54,57
uc1.a0011554979,34,4,1,South,LOC,96,101
uc1.a0011554979,34,4,2,Negro,NORP,302,307
uc1.a0011554979,34,4,3,Southern,NORP,550,558
uc1.a0011554979,34,5,0,Southern,NORP,23,31
uc1.a0011554979,34,6,0,Eliot,PERSON,13,18
uc1.a0011554979,34,6,1,Harvard UniThe Two,ORG,23,41
uc1.a0011554979,34,7,0,South,LOC,22,27
uc1.a0011554979,34,7,1,South,LOC,55,60
uc1.a0011554979,35,0,0,WISDOM,PERSON,0,6
uc1.a0011554979,35,1,0,Southern,NORP,124,132
uc1.a0011554979,35,2,0,Negroes,NORP,114,121
uc1.a0011554979,35,3,0,Southern,NORP,36,44
uc1.a0011554979,35,3,1,Southern,NORP,194,202
uc1.a0011554979,35,9,0,one,CARDINAL,33,36
uc1.a0011554979,36,0,0,34,CARDINAL,0,2
uc1.a0011554979,36,2,0,one,CARDINAL,32,35
uc1.a0011554979,36,3,0,South,LOC,11,16
uc1.a0011554979,36,3,1,South,LOC,245,250
uc1.a0011554979,36,3,2,Negro,NORP,277,282
uc1.a0011554979,36,4,0,South,LOC,245,250
uc1.a0011554979,36,5,0,South,LOC,201,206
uc1.a0011554979,36,5,1,Negro,PERSON,360,365
uc1.a0011554979,36,5,2,Southern,NORP,440,448
uc1.a0011554979,36,9,0,Negro,NORP,19,24
uc1.a0011554979,37,0,0,WISDOM,PERSON,0,6
uc1.a0011554979,37,1,0,35,CARDINAL,0,2
uc1.a0011554979,37,3,0,South,LOC,104,109
uc1.a0011554979,37,4,0,North,LOC,26,31
uc1.a0011554979,37,4,1,South,LOC,36,41
uc1.a0011554979,37,4,2,Negro,NORP,78,83
uc1.a0011554979,37,5,0,Negroes,NORP,8,15
uc1.a0011554979,37,6,0,South,LOC,174,179
uc1.a0011554979,41,0,0,II,CARDINAL,20,22
uc1.a0011554979,41,2,0,South,LOC,65,70
uc1.a0011554979,41,3,0,Negro,NORP,106,111
uc1.a0011554979,41,4,0,Negro,NORP,112,117
uc1.a0011554979,41,7,0,Benjamin Franklin,PERSON,0,17
uc1.a0011554979,41,7,1,American,NORP,40,48
uc1.a0011554979,41,8,0,one,CARDINAL,4,7
uc1.a0011554979,41,9,0,39,CARDINAL,30,32
uc1.a0011554979,42,0,0,40 WISDOM'S,PERSON,0,11
uc1.a0011554979,42,0,1,South,LOC,27,32
uc1.a0011554979,42,0,2,Franklin,PERSON,109,117
uc1.a0011554979,42,0,3,a million fold more,CARDINAL,152,171
uc1.a0011554979,42,1,0,South Carolina,GPE,13,27
uc1.a0011554979,42,2,0,the days,DATE,43,51
uc1.a0011554979,42,2,1,Andrew Jackson,PERSON,55,69
uc1.a0011554979,42,2,2,first,ORDINAL,83,88
uc1.a0011554979,42,2,3,a few years later,DATE,89,106
uc1.a0011554979,42,3,0,the United States Senate,ORG,69,93
uc1.a0011554979,42,3,1,South,LOC,280,285
uc1.a0011554979,42,3,2,one-third,CARDINAL,329,338
uc1.a0011554979,42,4,0,North,LOC,87,92
uc1.a0011554979,42,4,1,West,LOC,97,101
uc1.a0011554979,42,4,2,a million,CARDINAL,117,126
uc1.a0011554979,42,4,3,five,CARDINAL,233,237
uc1.a0011554979,42,4,4,South,LOC,298,303
uc1.a0011554979,42,5,0,North,LOC,9,14
uc1.a0011554979,42,5,1,West,LOC,23,27
uc1.a0011554979,42,5,2,two-thirds,CARDINAL,49,59
uc1.a0011554979,42,5,3,South,LOC,179,184
uc1.a0011554979,42,6,0,South,LOC,24,29
uc1.a0011554979,43,0,0,WISDOM,PERSON,0,6
uc1.a0011554979,43,0,1,millions,CARDINAL,120,128
uc1.a0011554979,43,0,2,South,LOC,210,215
uc1.a0011554979,43,0,3,South,LOC,289,294
uc1.a0011554979,43,1,0,South,LOC,30,35
uc1.a0011554979,43,2,0,the United States,GPE,182,199
uc1.a0011554979,43,3,0,Southland,LOC,84,93
uc1.a0011554979,43,6,0,South,LOC,113,118
uc1.a0011554979,43,7,0,South,LOC,67,72
uc1.a0011554979,44,1,0,Chicago,GPE,19,26
uc1.a0011554979,44,3,0,Negro,NORP,25,30
uc1.a0011554979,44,3,1,South,LOC,65,70
uc1.a0011554979,44,3,2,Negroes,NORP,113,120
uc1.a0011554979,44,6,0,Negro,NORP,68,73
uc1.a0011554979,44,6,1,Benedict Arnold,PERSON,275,290
uc1.a0011554979,44,6,2,American,NORP,332,340
uc1.a0011554979,44,7,0,ninety and nine,CARDINAL,59,74
uc1.a0011554979,44,7,1,Negroes,NORP,84,91
uc1.a0011554979,44,8,0,Southern,NORP,52,60
uc1.a0011554979,44,8,1,South,LOC,97,102
uc1.a0011554979,44,9,0,Negroes,NORP,125,132
uc1.a0011554979,44,9,1,Negroes,NORP,137,144
uc1.a0011554979,44,10,0,South,LOC,18,23
uc1.a0011554979,45,0,0,WISDOM'S CALL. 43,WORK_OF_ART,0,17
uc1.a0011554979,45,4,0,one,CARDINAL,71,74
uc1.a0011554979,45,5,0,Negro,NORP,56,61
uc1.a0011554979,45,5,1,Hotel,ORG,78,83
uc1.a0011554979,45,6,0,a Reelfoot Lake,LOC,44,59
uc1.a0011554979,45,8,0,night,TIME,5,10
uc1.a0011554979,45,9,0,Negro,NORP,126,131
uc1.a0011554979,45,10,0,A few moments later,TIME,0,19
uc1.a0011554979,45,12,0,midnight,TIME,82,90
uc1.a0011554979,45,14,0,night,TIME,5,10
uc1.a0011554979,46,2,0,the following morning,TIME,9,30
uc1.a0011554979,46,2,1,Tennessee,GPE,45,54
uc1.a0011554979,46,2,2,one,CARDINAL,133,136
uc1.a0011554979,46,2,3,first,ORDINAL,144,149
uc1.a0011554979,46,2,4,Quentin Rankin,PERSON,166,180
uc1.a0011554979,46,2,5,Negro,NORP,243,248
uc1.a0011554979,46,3,0,Negroes,NORP,261,268
uc1.a0011554979,46,3,1,Rankin,PERSON,341,347
uc1.a0011554979,46,3,2,Taylor,PERSON,357,363
uc1.a0011554979,46,3,3,Reelfoot,LOC,403,411
uc1.a0011554979,46,5,0,Kentucky,GPE,78,86
uc1.a0011554979,46,5,1,Tennessee,GPE,91,100
uc1.a0011554979,46,5,2,South,LOC,143,148
uc1.a0011554979,46,5,3,the Ku Klux Klan,ORG,178,194
uc1.a0011554979,46,6,0,Klan,ORG,140,144
uc1.a0011554979,47,0,0,WISDOM,PERSON,0,6
uc1.a0011554979,47,2,0,South,LOC,46,51
uc1.a0011554979,47,4,0,A few years ago,DATE,0,15
uc1.a0011554979,47,4,1,Negro,NORP,29,34
uc1.a0011554979,47,4,2,Negro,NORP,50,55
uc1.a0011554979,47,4,3,Americans,NORP,173,182
uc1.a0011554979,47,4,4,Americans,NORP,309,318
uc1.a0011554979,47,5,0,Americans,NORP,101,110
uc1.a0011554979,47,5,1,American,NORP,161,169
uc1.a0011554979,47,5,2,Negroes,NORP,488,495
uc1.a0011554979,48,0,0,46,CARDINAL,0,2
uc1.a0011554979,48,1,0,White the Southern Negro,PERSON,34,58
uc1.a0011554979,48,1,1,Southern,NORP,135,143
uc1.a0011554979,48,1,2,Negro,PERSON,156,161
uc1.a0011554979,48,2,0,AngloSaxon,NORP,7,17
uc1.a0011554979,48,2,1,Southern,NORP,51,59
uc1.a0011554979,48,3,0,Australia,GPE,3,12
uc1.a0011554979,48,3,1,New Zealand,GPE,14,25
uc1.a0011554979,48,3,2,Northwestern,NORP,45,57
uc1.a0011554979,48,3,3,the United States,GPE,68,85
uc1.a0011554979,48,4,0,Northern,NORP,15,23
uc1.a0011554979,48,4,1,Eastern,NORP,28,35
uc1.a0011554979,48,4,2,England,GPE,96,103
uc1.a0011554979,48,4,3,Parliament,ORG,180,190
uc1.a0011554979,48,4,4,one,CARDINAL,249,252
uc1.a0011554979,48,5,0,Finland,GPE,3,10
uc1.a0011554979,48,5,1,Russia,GPE,26,32
uc1.a0011554979,48,7,0,Negro,NORP,39,44
uc1.a0011554979,48,8,0,Negro,NORP,55,60
uc1.a0011554979,48,8,1,South,LOC,96,101
uc1.a0011554979,48,8,2,English,LANGUAGE,184,191
uc1.a0011554979,48,8,3,the twentieth,DATE,221,234
uc1.a0011554979,49,0,0,47 century,DATE,15,25
uc1.a0011554979,49,1,0,Southern,NORP,36,44
uc1.a0011554979,49,4,0,a few years,DATE,26,37
uc1.a0011554979,49,5,0,Anglo-Saxon,NORP,98,109
uc1.a0011554979,49,5,1,Southern,NORP,169,177
uc1.a0011554979,49,6,0,Southern,NORP,29,37
uc1.a0011554979,49,9,0,Rankin,PERSON,64,70
uc1.a0011554979,49,9,1,South,LOC,287,292
uc1.a0011554979,49,10,0,South,LOC,72,77
uc1.a0011554979,49,10,1,thousands,CARDINAL,111,120
uc1.a0011554979,50,0,0,48,CARDINAL,0,2
uc1.a0011554979,50,2,0,Americans,NORP,3,12
uc1.a0011554979,50,11,0,that dark hour,TIME,3,17
uc1.a0011554979,50,13,0,that day,DATE,181,189
uc1.a0011554979,50,15,0,England,GPE,0,7
uc1.a0011554979,51,0,0,WISDOM'S CALL.,WORK_OF_ART,0,14
uc1.a0011554979,51,2,0,South,LOC,68,73
uc1.a0011554979,51,2,1,Southern,NORP,144,152
uc1.a0011554979,51,3,0,Bible,WORK_OF_ART,18,23
uc1.a0011554979,51,6,0,hundreds,CARDINAL,89,97
uc1.a0011554979,51,7,0,Negro,NORP,15,20
uc1.a0011554979,51,7,1,South,LOC,94,99
uc1.a0011554979,51,8,0,South,LOC,25,30
uc1.a0011554979,51,9,0,South,LOC,8,13
uc1.a0011554979,51,9,1,Negroes,NORP,80,87
uc1.a0011554979,51,10,0,first,ORDINAL,18,23
uc1.a0011554979,51,10,1,second,ORDINAL,88,94
uc1.a0011554979,51,11,0,Negro,NORP,189,194
uc1.a0011554979,52,0,0,50,CARDINAL,0,2
uc1.a0011554979,52,1,0,South,NORP,51,56
uc1.a0011554979,52,1,1,Negro,NORP,192,197
uc1.a0011554979,52,2,0,South,LOC,61,66
uc1.a0011554979,52,3,0,our waking hours,TIME,66,82
uc1.a0011554979,52,4,0,the last day,DATE,7,19
uc1.a0011554979,52,4,1,Carmack,PERSON,88,95
uc1.a0011554979,52,4,2,Tennessee,GPE,100,109
uc1.a0011554979,53,3,0,one,CARDINAL,85,88
uc1.a0011554979,53,5,0,Tennessee,GPE,44,53
uc1.a0011554979,54,0,0,52,CARDINAL,0,2
uc1.a0011554979,54,2,0,two,CARDINAL,11,14
uc1.a0011554979,55,0,0,WISDOM'S CALL,WORK_OF_ART,0,13
uc1.a0011554979,55,1,0,Bible,WORK_OF_ART,17,22
uc1.a0011554979,55,2,0,Athens,GPE,30,36
uc1.a0011554979,55,2,1,South,LOC,44,49
uc1.a0011554979,55,3,0,Negro,NORP,89,94
uc1.a0011554979,55,4,0,Negro,NORP,74,79
uc1.a0011554979,55,6,0,Negro,NORP,35,40
uc1.a0011554979,55,6,1,five dollars,MONEY,61,73
uc1.a0011554979,55,6,2,one,CARDINAL,162,165
uc1.a0011554979,55,7,0,Negroes,NORP,55,62
uc1.a0011554979,56,0,0,54 WISDOM'S CALL,WORK_OF_ART,0,16
uc1.a0011554979,56,2,0,Reelfoot,LOC,22,30
uc1.a0011554979,56,2,1,Rankin,PERSON,42,48
uc1.a0011554979,56,3,0,Southland,GPE,12,21
uc1.a0011554979,56,3,1,Negro,PERSON,258,263
uc1.a0011554979,56,3,2,one,CARDINAL,292,295
uc1.a0011554979,56,3,3,Rankins,PERSON,446,453
uc1.a0011554979,56,3,4,Carmacks,PERSON,473,481
uc1.a0011554979,59,0,0,III,CARDINAL,12,15
uc1.a0011554979,59,1,0,Some few years ago,DATE,0,18
uc1.a0011554979,59,1,1,Southern,NORP,21,29
uc1.a0011554979,59,1,2,Effort,ORG,86,92
uc1.a0011554979,59,3,0,Southern,NORP,23,31
uc1.a0011554979,59,4,0,Southern,NORP,61,69
uc1.a0011554979,59,5,0,57,CARDINAL,1,3
uc1.a0011554979,60,0,0,58,CARDINAL,0,2
uc1.a0011554979,60,1,0,enRoosevelt,PERSON,33,44
uc1.a0011554979,60,2,0,Georgia,GPE,48,55
uc1.a0011554979,60,3,0,Roosevelt,PERSON,21,30
uc1.a0011554979,60,3,1,Georgian,NORP,51,59
uc1.a0011554979,60,3,2,the United States,GPE,164,181
uc1.a0011554979,60,4,0,the ninety millions,CARDINAL,90,109
uc1.a0011554979,60,5,0,One,CARDINAL,0,3
uc1.a0011554979,60,6,0,Theodore Roosevelt,PERSON,0,18
uc1.a0011554979,60,8,0,the Russo-Japanese war,EVENT,125,147
uc1.a0011554979,60,8,1,Americo-Japanese,NORP,253,269
uc1.a0011554979,60,9,0,Roosevelt,PERSON,32,41
uc1.a0011554979,61,0,0,WISDOM'S,PERSON,0,8
uc1.a0011554979,61,2,0,the South ing Force,ORG,76,95
uc1.a0011554979,61,4,0,the United States,GPE,110,127
uc1.a0011554979,61,5,0,one,CARDINAL,18,21
uc1.a0011554979,61,7,0,Democrat,NORP,51,59
uc1.a0011554979,61,8,0,Southern,NORP,17,25
uc1.a0011554979,61,8,1,Southerner,NORP,75,85
uc1.a0011554979,61,9,0,South,LOC,106,111
uc1.a0011554979,61,11,0,Washington,PERSON,0,10
uc1.a0011554979,61,11,1,Jefferson,PERSON,12,21
uc1.a0011554979,61,11,2,Marshall,PERSON,23,31
uc1.a0011554979,61,11,3,Jackson,PERSON,33,40
uc1.a0011554979,61,11,4,Calhoun,PERSON,45,52
uc1.a0011554979,61,11,5,South,LOC,77,82
uc1.a0011554979,61,12,0,South,LOC,16,21
uc1.a0011554979,62,0,0,60,CARDINAL,0,2
uc1.a0011554979,62,1,0,South,PERSON,0,5
uc1.a0011554979,62,4,0,South,LOC,63,68
uc1.a0011554979,62,4,1,Negro,NORP,137,142
uc1.a0011554979,62,6,0,Southerner,NORP,61,71
uc1.a0011554979,62,7,0,one,CARDINAL,4,7
uc1.a0011554979,62,7,1,South,LOC,28,33
uc1.a0011554979,62,7,2,Southern,NORP,198,206
uc1.a0011554979,62,9,0,South,LOC,119,124
uc1.a0011554979,62,10,0,South,LOC,41,46
uc1.a0011554979,62,10,1,Negroes,NORP,51,58
uc1.a0011554979,62,11,0,Indiana,GPE,41,48
uc1.a0011554979,62,11,1,West Virginia,GPE,50,63
uc1.a0011554979,63,1,0,Jersey,GPE,3,9
uc1.a0011554979,63,2,0,South,LOC,71,76
uc1.a0011554979,63,2,1,Negro,NORP,123,128
uc1.a0011554979,63,2,2,South,LOC,149,154
uc1.a0011554979,63,3,0,Missouri,GPE,0,8
uc1.a0011554979,63,3,1,Maryland,GPE,10,18
uc1.a0011554979,63,3,2,Kentucky,GPE,23,31
uc1.a0011554979,63,4,0,South,LOC,56,61
uc1.a0011554979,63,5,0,South,LOC,46,51
uc1.a0011554979,63,6,0,Negroes,NORP,30,37
uc1.a0011554979,63,6,1,South,LOC,45,50
uc1.a0011554979,63,6,2,Southern,NORP,135,143
uc1.a0011554979,63,7,0,South,LOC,20,25
uc1.a0011554979,63,7,1,for World,ORG,83,92
uc1.a0011554979,63,9,0,Haytian,NORP,20,27
uc1.a0011554979,63,9,1,Liberian,NORP,29,37
uc1.a0011554979,63,9,2,Abyssinian,NORP,42,52
uc1.a0011554979,63,9,3,Filipino,NORP,64,72
uc1.a0011554979,63,9,4,Japanese,NORP,77,85
uc1.a0011554979,63,9,5,Chinaman,NORP,102,110
uc1.a0011554979,63,10,0,Southerner,NORP,4,14
uc1.a0011554979,63,11,0,Philippines,GPE,22,33
uc1.a0011554979,63,11,1,Cuba,GPE,38,42
uc1.a0011554979,63,11,2,Panama,GPE,47,53
uc1.a0011554979,64,0,0,62,CARDINAL,0,2
uc1.a0011554979,64,2,0,Hobson,PERSON,36,42
uc1.a0011554979,64,2,1,Alabama,GPE,46,53
uc1.a0011554979,64,3,0,Japan,GPE,90,95
uc1.a0011554979,64,4,0,South,LOC,36,41
uc1.a0011554979,64,4,1,Alabamian,NORP,180,189
uc1.a0011554979,64,4,2,Haytian,NORP,264,271
uc1.a0011554979,64,4,3,Chinese,NORP,345,352
uc1.a0011554979,64,4,4,Japan,GPE,417,422
uc1.a0011554979,64,5,0,Negro,NORP,60,65
uc1.a0011554979,64,5,1,South,LOC,88,93
uc1.a0011554979,64,5,2,Southern,NORP,174,182
uc1.a0011554979,64,5,3,South,LOC,213,218
uc1.a0011554979,64,6,0,South,LOC,27,32
uc1.a0011554979,64,6,1,South,LOC,252,257
uc1.a0011554979,64,6,2,one,CARDINAL,299,302
uc1.a0011554979,67,0,0,IV,CARDINAL,16,18
uc1.a0011554979,67,1,0,one,CARDINAL,90,93
uc1.a0011554979,67,5,0,the United States,GPE,17,34
uc1.a0011554979,67,5,1,first,ORDINAL,290,295
uc1.a0011554979,67,6,0,America,GPE,141,148
uc1.a0011554979,67,7,0,65,CARDINAL,1,3
uc1.a0011554979,68,0,0,66 WISDOM'S CALL,WORK_OF_ART,0,16
uc1.a0011554979,68,1,0,American,NORP,48,56
uc1.a0011554979,69,1,0,67,CARDINAL,0,2
uc1.a0011554979,69,4,0,North,LOC,26,31
uc1.a0011554979,69,4,1,ElimWest,LOC,36,44
uc1.a0011554979,69,10,0,South,LOC,53,58
uc1.a0011554979,69,10,1,two,CARDINAL,65,68
uc1.a0011554979,69,10,2,those days,DATE,158,168
uc1.a0011554979,69,11,0,one,CARDINAL,17,20
uc1.a0011554979,69,11,1,South,LOC,41,46
uc1.a0011554979,69,12,0,South,LOC,22,27
uc1.a0011554979,69,13,0,One,CARDINAL,0,3
uc1.a0011554979,69,13,1,Southerners,NORP,51,62
uc1.a0011554979,69,13,2,Hannis Taylor,PERSON,73,86
uc1.a0011554979,69,13,3,South,LOC,105,110
uc1.a0011554979,69,13,4,Washington,ORG,143,153
uc1.a0011554979,69,13,5,one,CARDINAL,187,190
uc1.a0011554979,69,13,6,every year,DATE,228,238
uc1.a0011554979,69,14,0,Alderman,PERSON,10,18
uc1.a0011554979,69,14,1,the University of Virginia,ORG,22,48
uc1.a0011554979,69,14,2,the New South,LOC,94,107
uc1.a0011554979,69,14,3,South,LOC,150,155
uc1.a0011554979,69,14,4,former days,DATE,223,234
uc1.a0011554979,70,0,0,68,CARDINAL,0,2
uc1.a0011554979,70,1,0,the Republican party,ORG,131,151
uc1.a0011554979,70,1,1,Southerners,NORP,199,210
uc1.a0011554979,70,2,0,South,LOC,23,28
uc1.a0011554979,70,2,1,the Republican party,ORG,196,216
uc1.a0011554979,70,3,0,Southern,NORP,12,20
uc1.a0011554979,70,3,1,American,NORP,106,114
uc1.a0011554979,70,5,0,La Follette,PERSON,26,37
uc1.a0011554979,70,5,1,Cummins,PERSON,39,46
uc1.a0011554979,70,5,2,Dolliver,PERSON,48,56
uc1.a0011554979,70,5,3,Beveridge,PERSON,58,67
uc1.a0011554979,70,5,4,South,LOC,186,191
uc1.a0011554979,70,8,0,Tennessee,GPE,21,30
uc1.a0011554979,70,8,1,The Nashville American,ORG,78,100
uc1.a0011554979,70,8,2,weekly,DATE,179,185
uc1.a0011554979,71,0,0,WISDOM,PERSON,0,6
uc1.a0011554979,71,4,0,Wm. H. Taft,PERSON,14,25
uc1.a0011554979,71,4,1,South,LOC,196,201
uc1.a0011554979,71,4,2,the great days,DATE,235,249
uc1.a0011554979,71,4,3,Civil War,EVENT,264,273
uc1.a0011554979,71,5,0,later years,DATE,3,14
uc1.a0011554979,71,5,1,Taft,PERSON,19,23
uc1.a0011554979,71,5,2,South,LOC,100,105
uc1.a0011554979,71,5,3,South,LOC,189,194
uc1.a0011554979,71,6,0,Taft,PERSON,25,29
uc1.a0011554979,71,6,1,South,LOC,88,93
uc1.a0011554979,71,6,2,Washington,GPE,106,116
uc1.a0011554979,71,6,3,the days,DATE,139,147
uc1.a0011554979,71,7,0,Southerners,NORP,126,137
uc1.a0011554979,72,0,0,70,CARDINAL,0,2
uc1.a0011554979,72,1,0,South,LOC,98,103
uc1.a0011554979,72,2,0,Taft,PERSON,11,15
uc1.a0011554979,72,2,1,two,CARDINAL,58,61
uc1.a0011554979,72,2,2,one,CARDINAL,94,97
uc1.a0011554979,72,2,3,South,LOC,166,171
uc1.a0011554979,72,2,4,former days,DATE,240,251
uc1.a0011554979,72,3,0,South,LOC,32,37
uc1.a0011554979,72,3,1,South,LOC,63,68
uc1.a0011554979,72,3,2,North,LOC,98,103
uc1.a0011554979,72,3,3,one,CARDINAL,110,113
uc1.a0011554979,72,3,4,North,LOC,146,151
uc1.a0011554979,72,3,5,one,CARDINAL,225,228
uc1.a0011554979,72,3,6,Taft,PERSON,247,251
uc1.a0011554979,72,3,7,two,CARDINAL,336,339
uc1.a0011554979,72,3,8,North,LOC,365,370
uc1.a0011554979,72,3,9,South,LOC,375,380
uc1.a0011554979,72,4,0,days,DATE,20,24
uc1.a0011554979,72,8,0,South,LOC,39,44
uc1.a0011554979,72,8,1,Anglo-Saxon,NORP,197,208
uc1.a0011554979,73,0,0,WISDOM'S CALL.,WORK_OF_ART,0,14
uc1.a0011554979,73,1,0,71,CARDINAL,0,2
uc1.a0011554979,73,2,0,summer,DATE,239,245
uc1.a0011554979,73,2,1,winter,DATE,271,277
uc1.a0011554979,73,5,0,Charles Lamb,PERSON,0,12
uc1.a0011554979,73,5,1,two,CARDINAL,75,78
uc1.a0011554979,73,6,0,Two,CARDINAL,39,42
uc1.a0011554979,74,0,0,72,CARDINAL,0,2
uc1.a0011554979,74,2,0,two,CARDINAL,41,44
uc1.a0011554979,74,2,1,Alexander Hamilton,PERSON,71,89
uc1.a0011554979,74,2,2,Thomas Jefferson,PERSON,94,110
uc1.a0011554979,74,3,0,Jefferson,PERSON,8,17
uc1.a0011554979,74,4,0,Hamilton,PERSON,26,34
uc1.a0011554979,74,5,0,America,GPE,0,7
uc1.a0011554979,74,5,1,Nathaniel Hawthorne,PERSON,24,43
uc1.a0011554979,74,5,2,William Dean Howells,PERSON,103,123
uc1.a0011554979,74,6,0,two,CARDINAL,23,26
uc1.a0011554979,74,7,0,One,CARDINAL,0,3
uc1.a0011554979,74,11,0,South,LOC,51,56
uc1.a0011554979,75,1,0,73,CARDINAL,0,2
uc1.a0011554979,75,1,1,one,CARDINAL,3,6
uc1.a0011554979,75,2,0,Germans,NORP,4,11
uc1.a0011554979,75,2,1,French,NORP,17,23
uc1.a0011554979,75,2,2,Russians,NORP,29,37
uc1.a0011554979,75,2,3,English,NORP,43,50
uc1.a0011554979,75,2,4,Spanish,NORP,55,62
uc1.a0011554979,75,2,5,one,CARDINAL,107,110
uc1.a0011554979,75,3,0,South,LOC,4,9
uc1.a0011554979,75,3,1,one,CARDINAL,40,43
uc1.a0011554979,75,3,2,one,CARDINAL,92,95
uc1.a0011554979,75,4,0,South,LOC,21,26
uc1.a0011554979,75,4,1,One,CARDINAL,32,35
uc1.a0011554979,75,4,2,one,CARDINAL,48,51
uc1.a0011554979,75,6,0,one,CARDINAL,67,70
uc1.a0011554979,75,6,1,Anglo-Saxon,NORP,183,194
uc1.a0011554979,76,0,0,Wisdom,PERSON,3,9
uc1.a0011554979,76,0,1,CALL,ORG,12,16
uc1.a0011554979,76,5,0,one,CARDINAL,129,132
uc1.a0011554979,76,6,0,Alexander Hamilton,PERSON,3,21
uc1.a0011554979,76,6,1,Thomas Jefferson,PERSON,26,42
uc1.a0011554979,76,6,2,two,CARDINAL,48,51
uc1.a0011554979,76,6,3,Hamiltonian,NORP,125,136
uc1.a0011554979,76,6,4,Jeffersonian,NORP,158,170
uc1.a0011554979,76,6,5,South,LOC,202,207
uc1.a0011554979,76,6,6,present day,DATE,214,225
uc1.a0011554979,76,6,7,Jefferson,PERSON,242,251
uc1.a0011554979,76,6,8,Hamilton,PERSON,298,306
uc1.a0011554979,76,6,9,Jefferson,PERSON,362,371
uc1.a0011554979,76,6,10,one,CARDINAL,397,400
uc1.a0011554979,76,6,11,two,CARDINAL,533,536
uc1.a0011554979,76,7,0,Hamilton,PERSON,0,8
uc1.a0011554979,76,7,1,one,CARDINAL,40,43
uc1.a0011554979,76,7,2,Jefferson,PERSON,65,74
uc1.a0011554979,76,7,3,Hamilton,PERSON,95,103
uc1.a0011554979,76,7,4,one,CARDINAL,106,109
uc1.a0011554979,77,0,0,Wisdom,PERSON,0,6
uc1.a0011554979,77,2,0,Jefferson,PERSON,42,51
uc1.a0011554979,77,3,0,one,CARDINAL,162,165
uc1.a0011554979,77,4,0,South,LOC,24,29
uc1.a0011554979,77,4,1,one,CARDINAL,90,93
uc1.a0011554979,77,5,0,Discord Democratic party,ORG,36,60
uc1.a0011554979,77,5,1,For.,ORG,124,128
uc1.a0011554979,77,6,0,South,LOC,42,47
uc1.a0011554979,77,6,1,one,CARDINAL,60,63
uc1.a0011554979,77,9,0,3,CARDINAL,0,1
uc1.a0011554979,78,9,0,two,CARDINAL,16,19
uc1.a0011554979,78,9,1,the reserve,ORG,29,40
uc1.a0011554979,78,11,0,only one,CARDINAL,10,18
uc1.a0011554979,78,12,0,South,LOC,20,25
uc1.a0011554979,78,13,0,one,CARDINAL,111,114
uc1.a0011554979,78,13,1,South,LOC,189,194
uc1.a0011554979,79,2,0,Benjamin Harrison,PERSON,17,34
uc1.a0011554979,79,2,1,Latin,NORP,99,104
uc1.a0011554979,79,2,2,South America,LOC,118,131
uc1.a0011554979,79,2,3,the United States,GPE,139,156
uc1.a0011554979,79,2,4,the South Americans,NORP,165,184
uc1.a0011554979,79,2,5,the United States,GPE,219,236
uc1.a0011554979,79,4,0,Harrison,PERSON,19,27
uc1.a0011554979,79,5,0,South,LOC,18,23
uc1.a0011554979,79,7,0,South,LOC,83,88
uc1.a0011554979,79,7,1,Southern,NORP,141,149
uc1.a0011554979,79,9,0,Dink Hopkins,PERSON,107,119
uc1.a0011554979,79,9,1,Tom Sparrow,PERSON,121,132
uc1.a0011554979,79,9,2,Mink Bivins,PERSON,137,148
uc1.a0011554979,79,9,3,Aristotle,PERSON,209,218
uc1.a0011554979,80,0,0,78,CARDINAL,0,2
uc1.a0011554979,80,1,0,The Nashville Banner,ORG,0,20
uc1.a0011554979,80,1,1,one,CARDINAL,32,35
uc1.a0011554979,80,1,2,Bryan,PERSON,40,45
uc1.a0011554979,80,1,3,Southern,NORP,68,76
uc1.a0011554979,80,1,4,South,LOC,134,139
uc1.a0011554979,80,2,0,William Jennings Bryan,PERSON,17,39
uc1.a0011554979,80,2,1,South,LOC,49,54
uc1.a0011554979,80,3,0,South,LOC,60,65
uc1.a0011554979,80,3,1,Bryan,PERSON,73,78
uc1.a0011554979,80,4,0,South,LOC,91,96
uc1.a0011554979,80,4,1,years,DATE,109,114
uc1.a0011554979,80,4,2,South,LOC,144,149
uc1.a0011554979,80,4,3,Negro,NORP,172,177
uc1.a0011554979,80,4,4,South,LOC,188,193
uc1.a0011554979,80,4,5,one,CARDINAL,196,199
uc1.a0011554979,80,4,6,Bryan,PERSON,263,268
uc1.a0011554979,80,4,7,Senate,ORG,383,389
uc1.a0011554979,80,4,8,House of Representatives,ORG,394,418
uc1.a0011554979,80,4,9,Bryan,PERSON,476,481
uc1.a0011554979,80,5,0,English,LANGUAGE,116,123
uc1.a0011554979,80,6,0,South,LOC,163,168
uc1.a0011554979,80,6,1,Southern,NORP,244,252
uc1.a0011554979,81,0,0,WISDOM,PERSON,0,6
uc1.a0011554979,81,0,1,79,CARDINAL,15,17
uc1.a0011554979,81,0,2,Bryan,PERSON,34,39
uc1.a0011554979,81,1,0,South,LOC,29,34
uc1.a0011554979,81,1,1,South Americanized,NORP,46,64
uc1.a0011554979,81,4,0,South,LOC,26,31
uc1.a0011554979,81,7,0,South America,LOC,21,34
uc1.a0011554979,81,9,0,Wm. H. Seward,PERSON,0,13
uc1.a0011554979,81,9,1,Abraham Lincoln,PERSON,104,119
uc1.a0011554979,81,10,0,Lincoln,PERSON,0,7
uc1.a0011554979,81,11,0,Seward,PERSON,41,47
uc1.a0011554979,82,0,0,80,CARDINAL,0,2
uc1.a0011554979,82,1,0,Abraham Lincoln,PERSON,92,107
uc1.a0011554979,82,2,0,Lincoln,PERSON,78,85
uc1.a0011554979,82,2,1,Civil War,EVENT,254,263
uc1.a0011554979,82,2,2,North,LOC,339,344
uc1.a0011554979,82,2,3,South,LOC,356,361
uc1.a0011554979,82,3,0,South,LOC,32,37
uc1.a0011554979,82,3,1,Bryan,PERSON,167,172
uc1.a0011554979,82,3,2,Northerners,NORP,180,191
uc1.a0011554979,82,3,3,Seward,PERSON,203,209
uc1.a0011554979,82,4,0,one,CARDINAL,40,43
uc1.a0011554979,82,4,1,South,LOC,91,96
uc1.a0011554979,82,4,2,South,LOC,118,123
uc1.a0011554979,82,5,0,South,LOC,14,19
uc1.a0011554979,82,6,0,Campaign.,WORK_OF_ART,76,85
uc1.a0011554979,82,6,1,South,LOC,143,148
uc1.a0011554979,82,6,2,The Nashville American,ORG,187,209
uc1.a0011554979,82,6,3,Nashville,GPE,238,247
uc1.a0011554979,82,6,4,this year,DATE,248,257
uc1.a0011554979,82,6,5,one,CARDINAL,399,402
uc1.a0011554979,83,1,0,81,CARDINAL,0,2
uc1.a0011554979,83,3,0,continental,NORP,12,23
uc1.a0011554979,83,3,1,one,CARDINAL,73,76
uc1.a0011554979,83,4,0,the million and seven hundred thousand dollars,MONEY,64,110
uc1.a0011554979,83,4,1,every year,DATE,136,146
uc1.a0011554979,83,5,0,American,NORP,4,12
uc1.a0011554979,83,7,0,one,CARDINAL,11,14
uc1.a0011554979,83,7,1,Nashville,GPE,119,128
uc1.a0011554979,83,8,0,one,CARDINAL,65,68
uc1.a0011554979,83,9,0,One,CARDINAL,0,3
uc1.a0011554979,83,10,0,one,CARDINAL,51,54
uc1.a0011554979,83,11,0,Steenth,GPE,69,76
uc1.a0011554979,83,13,0,one,CARDINAL,32,35
uc1.a0011554979,84,0,0,82,CARDINAL,0,2
uc1.a0011554979,84,1,0,one,CARDINAL,32,35
uc1.a0011554979,84,2,0,American,NORP,8,16
uc1.a0011554979,84,2,1,Nashville,GPE,131,140
uc1.a0011554979,84,9,0,Tom,PERSON,82,85
uc1.a0011554979,84,9,1,Harry,PERSON,96,101
uc1.a0011554979,84,10,0,Nashville,GPE,0,9
uc1.a0011554979,84,10,1,Tennessee,GPE,11,20
uc1.a0011554979,84,10,2,South,LOC,64,69
uc1.a0011554979,85,0,0,WISDOM,PERSON,0,6
uc1.a0011554979,85,1,0,South,LOC,144,149
uc1.a0011554979,85,1,1,Isaac Newton,PERSON,306,318
uc1.a0011554979,85,2,0,Southern,NORP,30,38
uc1.a0011554979,85,7,0,the Memphis Commercial Appeal,ORG,74,103
uc1.a0011554979,85,8,0,Just Suppose,WORK_OF_ART,15,27
uc1.a0011554979,85,8,1,Over a thousand,CARDINAL,50,65
uc1.a0011554979,85,8,2,the Business Men's Club,ORG,91,114
uc1.a0011554979,85,8,3,yesterday,DATE,115,124
uc1.a0011554979,85,9,0,all day,DATE,38,45
uc1.a0011554979,85,9,1,sundown,TIME,129,136
uc1.a0011554979,85,10,0,Memphis,GPE,24,31
uc1.a0011554979,85,11,0,one-half,CARDINAL,8,16
uc1.a0011554979,85,12,0,Memphis,GPE,22,29
uc1.a0011554979,86,0,0,84,CARDINAL,0,2
uc1.a0011554979,86,0,1,the Business Men's Club,ORG,68,91
uc1.a0011554979,86,5,0,the Business Men's Club,ORG,53,76
uc1.a0011554979,86,10,0,Two,CARDINAL,0,3
uc1.a0011554979,86,11,0,South,LOC,4,9
uc1.a0011554979,86,11,1,South,LOC,337,342
uc1.a0011554979,86,11,2,one,CARDINAL,421,424
uc1.a0011554979,86,11,3,Dead Sea,LOC,425,433
uc1.a0011554979,87,0,0,WISDOM,PERSON,0,6
uc1.a0011554979,87,1,0,Memphis,GPE,74,81
uc1.a0011554979,87,1,1,Tenn.,GPE,90,95
uc1.a0011554979,87,1,2,"Washington, D.C.,",GPE,111,128
uc1.a0011554979,87,2,0,Wm. Jennings Bryan,PERSON,41,59
uc1.a0011554979,87,2,1,Nebraska,GPE,75,83
uc1.a0011554979,87,2,2,Memphis,GPE,101,108
uc1.a0011554979,87,3,0,South,LOC,10,15
uc1.a0011554979,87,3,1,Anglo-Saxon,NORP,44,55
uc1.a0011554979,87,3,2,Anglo-Saxon,NORP,96,107
uc1.a0011554979,87,3,3,American,NORP,123,131
uc1.a0011554979,87,5,0,Bryan,PERSON,4,9
uc1.a0011554979,87,5,1,Memphis,GPE,29,36
uc1.a0011554979,87,6,0,millions of dollars,MONEY,124,143
uc1.a0011554979,87,8,0,West,LOC,17,21
uc1.a0011554979,87,8,1,Bryan,PERSON,32,37
uc1.a0011554979,87,10,0,Darwinian,NORP,17,26
uc1.a0011554979,87,10,1,Bryan,PERSON,62,67
uc1.a0011554979,88,0,0,WISDOM,PERSON,3,9
uc1.a0011554979,88,1,0,Anglo-Saxon,NORP,145,156
uc1.a0011554979,88,2,0,South,LOC,53,58
uc1.a0011554979,88,2,1,Throne,LOC,180,186
uc1.a0011554979,88,2,2,South,LOC,205,210
uc1.a0011554979,88,2,3,AngloSaxon,NORP,408,418
uc1.a0011554979,88,3,0,South,LOC,114,119
uc1.a0011554979,88,4,0,South,LOC,87,92
uc1.a0011554979,88,4,1,the House of Representatives,ORG,162,190
uc1.a0011554979,88,5,0,South,LOC,47,52
uc1.a0011554979,88,6,0,first,ORDINAL,46,51
uc1.a0011554979,88,6,1,South,LOC,195,200
uc1.a0011554979,88,6,2,second,ORDINAL,212,218
uc1.a0011554979,89,0,0,WISDOM,PERSON,0,6
uc1.a0011554979,89,1,0,one,CARDINAL,76,79
uc1.a0011554979,89,2,0,South,LOC,17,22
uc1.a0011554979,89,3,0,the House of Representatives,ORG,99,127
uc1.a0011554979,89,3,1,the United States Senate,ORG,141,165
uc1.a0011554979,89,4,0,one,CARDINAL,37,40
uc1.a0011554979,89,4,1,South,LOC,70,75
uc1.a0011554979,89,6,0,South,LOC,140,145
uc1.a0011554979,89,6,1,one day,DATE,151,158
uc1.a0011554979,89,7,0,South,LOC,162,167
uc1.a0011554979,90,0,0,South,LOC,25,30
uc1.a0011554979,90,1,0,South,LOC,70,75
uc1.a0011554979,90,3,0,Anglo,NORP,13,18
uc1.a0011554979,90,3,1,Saxon,NORP,19,24
uc1.a0011554979,90,3,2,South,LOC,100,105
uc1.a0011554979,90,4,0,Jews,NORP,23,27
uc1.a0011554979,90,5,0,Jews,NORP,51,55
uc1.a0011554979,90,6,0,Christ,PERSON,76,82
uc1.a0011554979,91,0,0,WISDOM'S CALL. 89,WORK_OF_ART,0,17
uc1.a0011554979,91,0,1,Christ,PERSON,49,55
uc1.a0011554979,91,1,0,the Georgia South,LOC,29,46
uc1.a0011554979,91,1,1,Pays,NORP,75,79
uc1.a0011554979,91,3,0,Georgia,GPE,17,24
uc1.a0011554979,91,4,0,one,CARDINAL,99,102
uc1.a0011554979,91,5,0,Georgia,GPE,135,142
uc1.a0011554979,91,6,0,Atlanta,GPE,155,162
uc1.a0011554979,91,6,1,thousands,CARDINAL,204,213
uc1.a0011554979,91,6,2,years,DATE,245,250
uc1.a0011554979,92,0,0,90 WISDOM'S CALL.,WORK_OF_ART,0,17
uc1.a0011554979,92,6,0,California,GPE,3,13
uc1.a0011554979,92,6,1,Pacific,LOC,63,70
uc1.a0011554979,92,6,2,South Africa,GPE,171,183
uc1.a0011554979,92,7,0,Greece,GPE,14,20
uc1.a0011554979,92,7,1,Aristotle,PERSON,52,61
uc1.a0011554979,92,7,2,Corsica,GPE,77,84
uc1.a0011554979,92,7,3,Napoleon,PERSON,101,109
uc1.a0011554979,92,7,4,Kentucky,GPE,134,142
uc1.a0011554979,92,7,5,Abraham Lincoln,PERSON,175,190
uc1.a0011554979,92,7,6,Bethlehem,GPE,220,229
uc1.a0011554979,92,7,7,Christ,PERSON,248,254
uc1.a0011554979,92,9,0,one,CARDINAL,29,32
uc1.a0011554979,92,9,1,millions,CARDINAL,136,144
uc1.a0011554979,92,9,2,South,LOC,152,157
uc1.a0011554979,93,0,0,WISDOM'S CALL.,WORK_OF_ART,0,14
uc1.a0011554979,93,1,0,millions,CARDINAL,13,21
uc1.a0011554979,93,1,1,South,LOC,39,44
uc1.a0011554979,93,3,0,Southern,NORP,54,62
uc1.a0011554979,93,6,0,Milton,PERSON,21,27
uc1.a0011554979,93,6,1,Cromwell,PERSON,48,56
uc1.a0011554979,93,7,0,one,CARDINAL,17,20
uc1.a0011554979,93,8,0,South,LOC,40,45
uc1.a0011554979,93,9,0,Lines,NORP,78,83
uc1.a0011554979,93,10,0,Affected.,ORG,16,25
uc1.a0011554979,94,0,0,92,DATE,0,2
uc1.a0011554979,94,2,0,Shakespeare,PERSON,109,120
uc1.a0011554979,94,3,0,Victorian,DATE,9,18
uc1.a0011554979,94,3,1,Kipling,PERSON,87,94
uc1.a0011554979,94,3,2,Dominion,ORG,241,249
uc1.a0011554979,94,7,0,Sleepers,NORP,116,124
uc1.a0011554979,94,8,0,one,CARDINAL,103,106
uc1.a0011554979,94,8,1,two,CARDINAL,188,191
uc1.a0011554979,94,8,2,Anglo-Saxon,NORP,285,296
uc1.a0011554979,95,0,0,WISDOM,PERSON,0,6
uc1.a0011554979,95,1,0,93,CARDINAL,0,2
uc1.a0011554979,95,1,1,South,LOC,59,64
uc1.a0011554979,95,2,0,South,LOC,220,225
uc1.a0011554979,95,3,0,Florida,GPE,14,21
uc1.a0011554979,95,5,0,America,GPE,17,24
uc1.a0011554979,95,12,0,Greeks,NORP,12,18
uc1.a0011554979,95,12,1,Greek,NORP,146,151
uc1.a0011554979,95,13,0,Greeks,NORP,91,97
uc1.a0011554979,95,14,0,English,NORP,154,161
uc1.a0011554979,96,0,0,94,CARDINAL,0,2
uc1.a0011554979,96,0,1,WISDOM'S CALL.,ORG,3,17
uc1.a0011554979,96,2,0,earth,LOC,70,75
uc1.a0011554979,96,3,0,Greeks,NORP,23,29
uc1.a0011554979,96,3,1,Greeks,NORP,88,94
uc1.a0011554979,96,3,2,South,LOC,130,135
uc1.a0011554979,96,3,3,one,CARDINAL,145,148
uc1.a0011554979,96,4,0,South,LOC,17,22
uc1.a0011554979,96,4,1,The Course,WORK_OF_ART,33,43
uc1.a0011554979,96,4,2,two,CARDINAL,149,152
uc1.a0011554979,96,4,3,one,CARDINAL,297,300
uc1.a0011554979,96,6,0,South,LOC,33,38
uc1.a0011554979,96,6,1,South,LOC,391,396
uc1.a0011554979,96,7,0,Thomas Jefferson,PERSON,36,52
uc1.a0011554979,96,7,1,South,LOC,90,95
uc1.a0011554979,96,7,2,South,LOC,209,214
uc1.a0011554979,97,3,0,thousands,CARDINAL,52,61
uc1.a0011554979,97,3,1,Galveston,GPE,65,74
uc1.a0011554979,97,5,0,winter,DATE,4,10
uc1.a0011554979,97,7,0,one,CARDINAL,84,87
uc1.a0011554979,97,7,1,one,CARDINAL,116,119
uc1.a0011554979,97,7,2,one,CARDINAL,150,153
uc1.a0011554979,97,7,3,Southern,NORP,161,169
uc1.a0011554979,97,7,4,the Associated Press,ORG,202,222
uc1.a0011554979,97,7,5,Taft,PERSON,278,282
uc1.a0011554979,97,7,6,South,LOC,321,326
uc1.a0011554979,97,7,7,South,LOC,440,445
uc1.a0011554979,97,8,0,Crow,ORG,120,124
uc1.a0011554979,97,9,0,South,LOC,0,5
uc1.a0011554979,97,9,1,Negroes,NORP,49,56
uc1.a0011554979,98,0,0,96,CARDINAL,0,2
uc1.a0011554979,98,1,0,South,LOC,4,9
uc1.a0011554979,98,2,0,South,LOC,87,92
uc1.a0011554979,98,2,1,South,LOC,322,327
uc1.a0011554979,98,2,2,one,CARDINAL,335,338
uc1.a0011554979,98,3,0,Negro,NORP,12,17
uc1.a0011554979,98,3,1,Negro,NORP,93,98
uc1.a0011554979,98,3,2,South,LOC,137,142
uc1.a0011554979,98,4,0,Negroes,NORP,119,126
uc1.a0011554979,98,6,0,one,CARDINAL,3,6
uc1.a0011554979,98,6,1,Southern,NORP,26,34
uc1.a0011554979,98,7,0,three-fourth,CARDINAL,104,116
uc1.a0011554979,98,8,0,Negroes,NORP,4,11
uc1.a0011554979,98,8,1,more than one-fourth,CARDINAL,194,214
uc1.a0011554979,98,9,0,Negro,NORP,40,45
uc1.a0011554979,99,0,0,WISDOM,PERSON,0,6
uc1.a0011554979,99,2,0,Negro,NORP,225,230
uc1.a0011554979,99,3,0,Negroes,NORP,25,32
uc1.a0011554979,99,3,1,South,LOC,100,105
uc1.a0011554979,99,4,0,Negro,NORP,13,18
uc1.a0011554979,99,5,0,Negroes,NORP,35,42
uc1.a0011554979,99,6,0,Negro,NORP,82,87
uc1.a0011554979,100,2,0,Southern,NORP,21,29
uc1.a0011554979,100,2,1,one,CARDINAL,42,45
uc1.a0011554979,100,2,2,Negro,NORP,103,108
uc1.a0011554979,100,3,0,Chasm,PERSON,33,38
uc1.a0011554979,100,3,1,Bridged,PERSON,121,128
uc1.a0011554979,100,4,0,two,CARDINAL,144,147
uc1.a0011554979,100,5,0,South,LOC,91,96
uc1.a0011554979,100,6,0,South,LOC,31,36
uc1.a0011554979,100,6,1,the Fifteenth Amendment,LAW,92,115
uc1.a0011554979,100,6,2,Negroes,NORP,228,235
uc1.a0011554979,100,6,3,Negroes,NORP,292,299
uc1.a0011554979,100,8,0,Negroes,NORP,101,108
uc1.a0011554979,100,8,1,Negroes,NORP,215,222
uc1.a0011554979,101,0,0,WISDOM,ORG,0,6
uc1.a0011554979,101,0,1,Negroes,NORP,146,153
uc1.a0011554979,101,1,0,Negro,NORP,25,30
uc1.a0011554979,101,1,1,South,LOC,47,52
uc1.a0011554979,101,1,2,Northern,NORP,75,83
uc1.a0011554979,101,1,3,Negro,NORP,122,127
uc1.a0011554979,101,1,4,South,LOC,136,141
uc1.a0011554979,101,2,0,South,LOC,26,31
uc1.a0011554979,101,3,0,North,LOC,68,73
uc1.a0011554979,101,3,1,North,LOC,188,193
uc1.a0011554979,101,3,2,South,LOC,249,254
uc1.a0011554979,101,3,3,Negro,NORP,274,279
uc1.a0011554979,101,3,4,North,LOC,294,299
uc1.a0011554979,101,3,5,South,LOC,366,371
uc1.a0011554979,101,4,0,the House of Representatives,ORG,92,120
uc1.a0011554979,101,4,1,South,LOC,249,254
uc1.a0011554979,101,4,2,Negro,NORP,277,282
uc1.a0011554979,101,4,3,South,LOC,328,333
uc1.a0011554979,101,5,0,North,LOC,19,24
uc1.a0011554979,101,6,0,Alliance,ORG,35,43
uc1.a0011554979,102,1,0,South,LOC,59,64
uc1.a0011554979,102,1,1,North,LOC,125,130
uc1.a0011554979,102,1,2,Southern,NORP,172,180
uc1.a0011554979,102,2,0,Negro,NORP,38,43
uc1.a0011554979,102,2,1,South,LOC,57,62
uc1.a0011554979,102,2,2,Negro,NORP,86,91
uc1.a0011554979,102,2,3,North,LOC,105,110
uc1.a0011554979,102,2,4,South,LOC,126,131
uc1.a0011554979,102,2,5,millions,CARDINAL,139,147
uc1.a0011554979,102,2,6,annually,DATE,159,167
uc1.a0011554979,102,3,0,South,LOC,165,170
uc1.a0011554979,102,3,1,Negroes,NORP,179,186
uc1.a0011554979,102,4,0,Negro,NORP,105,110
uc1.a0011554979,102,4,1,Secure,ORG,165,171
uc1.a0011554979,102,4,2,one,CARDINAL,213,216
uc1.a0011554979,102,4,3,South,LOC,259,264
uc1.a0011554979,102,4,4,the Fifteenth Amendment,LAW,322,345
uc1.a0011554979,102,5,0,Taft,PERSON,10,14
uc1.a0011554979,102,5,1,the Fifteenth Amendment,LAW,182,205
uc1.a0011554979,102,6,0,North,LOC,24,29
uc1.a0011554979,103,0,0,WISDOM'S CALL,ORG,0,13
uc1.a0011554979,103,1,0,the Fifteenth Amendment,LAW,85,108
uc1.a0011554979,103,3,0,South,LOC,52,57
uc1.a0011554979,103,3,1,Southern,NORP,121,129
uc1.a0011554979,103,4,0,the Fifteenth Amendment,LAW,28,51
uc1.a0011554979,103,4,1,North,LOC,112,117
uc1.a0011554979,103,4,2,West,LOC,126,130
uc1.a0011554979,103,8,0,the Supreme Court,ORG,29,46
uc1.a0011554979,103,8,1,the United States,GPE,50,67
uc1.a0011554979,103,8,2,the day,DATE,189,196
uc1.a0011554979,103,9,0,South,LOC,26,31
uc1.a0011554979,104,0,0,102 WISDOM'S CALL,WORK_OF_ART,0,17
uc1.a0011554979,104,1,0,Roll Call,ORG,37,46
uc1.a0011554979,104,1,1,South,LOC,81,86
uc1.a0011554979,104,1,2,Fuas,LOC,94,98
uc1.a0011554979,104,2,0,Greece,GPE,25,31
uc1.a0011554979,104,3,0,South,LOC,10,15
uc1.a0011554979,104,4,0,Anglo,NORP,72,77
uc1.a0011554979,104,4,1,Saxon,NORP,78,83
uc1.a0011554979,104,4,2,Burke,PERSON,85,90
uc1.a0011554979,104,4,3,Pitt,PERSON,95,99
uc1.a0011554979,104,4,4,Fox,PERSON,101,104
uc1.a0011554979,104,4,5,Disraeli,NORP,109,117
uc1.a0011554979,104,5,0,South,LOC,24,29
uc1.a0011554979,104,5,1,Washington,PERSON,49,59
uc1.a0011554979,104,5,2,Jefferson,PERSON,64,73
uc1.a0011554979,104,5,3,Marshall,PERSON,75,83
uc1.a0011554979,104,5,4,Jackson,PERSON,85,92
uc1.a0011554979,104,5,5,Calhoun,PERSON,97,104
uc1.a0011554979,104,5,6,American,NORP,138,146
uc1.a0011554979,104,7,0,South,LOC,10,15
uc1.a0011554979,104,8,0,our decade,DATE,37,47
uc1.a0011554979,104,10,0,South,LOC,39,44
uc1.a0011554979,104,10,1,the House of Representatives,ORG,60,88
uc1.a0011554979,104,10,2,Senate,ORG,97,103
uc1.a0011554979,104,10,3,Washington,GPE,107,117
uc1.a0011554979,104,11,0,South,LOC,4,9
uc1.a0011554979,104,12,0,Negroes,NORP,4,11
uc1.a0011554979,104,14,0,the hour,TIME,11,19
uc1.a0011554979,104,14,1,South,LOC,59,64
uc1.a0011554979,105,0,0,WISDOM'S CALL. 103,WORK_OF_ART,0,18
uc1.a0011554979,105,1,0,South,LOC,28,33
uc1.a0011554979,105,1,1,half,CARDINAL,39,43
uc1.a0011554979,105,1,2,Negroes,NORP,74,81
uc1.a0011554979,105,1,3,two,CARDINAL,163,166
uc1.a0011554979,105,2,0,South,LOC,113,118
uc1.a0011554979,105,2,1,one,CARDINAL,152,155
uc1.a0011554979,105,2,2,South,LOC,192,197
uc1.a0011554979,107,0,0,TWO,CARDINAL,38,41
uc1.a0011554979,109,0,0,TWO,CARDINAL,39,42
uc1.a0011554979,109,3,0,one,CARDINAL,21,24
uc1.a0011554979,109,4,0,Frenchman,NORP,7,16
uc1.a0011554979,109,4,1,Greenlander,NORP,201,212
uc1.a0011554979,109,7,0,107,CARDINAL,1,4
uc1.a0011554979,110,0,0,108,CARDINAL,0,3
uc1.a0011554979,110,1,0,Irish,NORP,212,217
uc1.a0011554979,110,1,1,Japanese,NORP,244,252
uc1.a0011554979,110,2,0,Irishman,NORP,3,11
uc1.a0011554979,110,2,1,our day,DATE,19,26
uc1.a0011554979,110,2,2,Irish,NORP,100,105
uc1.a0011554979,110,2,3,the New York Independent,ORG,142,166
uc1.a0011554979,110,2,4,Irish,NORP,176,181
uc1.a0011554979,110,2,5,Irish,NORP,328,333
uc1.a0011554979,110,2,6,year,DATE,465,469
uc1.a0011554979,110,2,7,year,DATE,473,477
uc1.a0011554979,110,2,8,England,GPE,576,583
uc1.a0011554979,110,3,0,Boers,NORP,70,75
uc1.a0011554979,110,3,1,South Africa,GPE,79,91
uc1.a0011554979,110,3,2,England,GPE,171,178
uc1.a0011554979,110,3,3,Irishmen,NORP,236,244
uc1.a0011554979,110,3,4,Irish,NORP,306,311
uc1.a0011554979,110,4,0,Irish,NORP,53,58
uc1.a0011554979,110,4,1,Irish,NORP,74,79
uc1.a0011554979,110,4,2,Ireland,GPE,183,190
uc1.a0011554979,110,4,3,Irish,NORP,217,222
uc1.a0011554979,110,5,0,Ireland,GPE,3,10
uc1.a0011554979,111,1,0,109 anese.,PERCENT,0,10
uc1.a0011554979,111,3,0,Irish,NORP,33,38
uc1.a0011554979,111,4,0,Irish,NORP,25,30
uc1.a0011554979,111,4,1,Irishman,NORP,66,74
uc1.a0011554979,111,4,2,Japanese,NORP,83,91
uc1.a0011554979,111,5,0,Japanese,NORP,108,116
uc1.a0011554979,111,5,1,Russians,NORP,181,189
uc1.a0011554979,111,6,0,One,CARDINAL,0,3
uc1.a0011554979,111,6,1,Jap,NORP,26,29
uc1.a0011554979,111,6,2,Japanese,NORP,61,69
uc1.a0011554979,111,6,3,the Russo-Japanese war,EVENT,130,152
uc1.a0011554979,111,7,0,Japan,GPE,21,26
uc1.a0011554979,111,7,1,Russians,NORP,89,97
uc1.a0011554979,111,7,2,Russian,NORP,234,241
uc1.a0011554979,111,7,3,Japan,GPE,259,264
uc1.a0011554979,111,8,0,Japan,GPE,21,26
uc1.a0011554979,111,10,0,Togo,GPE,71,75
uc1.a0011554979,111,10,1,one,CARDINAL,89,92
uc1.a0011554979,112,0,0,110,CARDINAL,0,3
uc1.a0011554979,112,2,0,Japanese,NORP,54,62
uc1.a0011554979,112,2,1,Russian,NORP,128,135
uc1.a0011554979,112,3,0,Irish,NORP,36,41
uc1.a0011554979,112,3,1,Japanese,NORP,83,91
uc1.a0011554979,112,4,0,South,LOC,24,29
uc1.a0011554979,112,4,1,Anglowell,PERSON,38,47
uc1.a0011554979,112,4,2,Anglo-Saxon,NORP,67,78
uc1.a0011554979,112,4,3,Saxon,NORP,79,84
uc1.a0011554979,112,5,0,Anglo-Saxon,NORP,67,78
uc1.a0011554979,112,9,0,a thousand years,DATE,8,24
uc1.a0011554979,112,10,0,millions,CARDINAL,110,118
uc1.a0011554979,113,0,0,WISDOM,PERSON,0,6
uc1.a0011554979,113,1,0,111,CARDINAL,0,3
uc1.a0011554979,113,2,0,Napoleon Bonaparte,PERSON,0,18
uc1.a0011554979,113,2,1,Napoleon,PERSON,32,40
uc1.a0011554979,113,3,0,Anglo-Saxon,NORP,42,53
uc1.a0011554979,113,4,0,two,CARDINAL,6,9
uc1.a0011554979,113,4,1,Anglo,NORP,28,33
uc1.a0011554979,113,4,2,Celtic,NORP,48,54
uc1.a0011554979,113,5,0,Celtic,NORP,74,80
uc1.a0011554979,113,5,1,Napoleon Bonaparte,PERSON,93,111
uc1.a0011554979,113,5,2,Anglo-Saxon,NORP,130,141
uc1.a0011554979,113,5,3,1811,DATE,170,174
uc1.a0011554979,113,5,4,English,NORP,193,200
uc1.a0011554979,113,5,5,French,NORP,217,223
uc1.a0011554979,113,5,6,Waterloo,GPE,257,265
uc1.a0011554979,113,9,0,one,CARDINAL,18,21
uc1.a0011554979,114,5,0,Herbert Spencer,PERSON,0,15
uc1.a0011554979,114,5,1,Blend,PERSON,82,87
uc1.a0011554979,114,5,2,Japan,GPE,137,142
uc1.a0011554979,114,5,3,Japanese,NORP,331,339
uc1.a0011554979,114,5,4,Japanese,NORP,492,500
uc1.a0011554979,114,6,0,Giddings,PERSON,6,14
uc1.a0011554979,114,6,1,American,NORP,38,46
uc1.a0011554979,114,6,2,American,NORP,88,96
uc1.a0011554979,114,7,0,American,NORP,19,27
uc1.a0011554979,114,7,1,English,NORP,97,104
uc1.a0011554979,114,7,2,33 1-3 per cent,PERCENT,105,120
uc1.a0011554979,114,7,3,Irish,NORP,137,142
uc1.a0011554979,114,7,4,29 per cent,PERCENT,144,155
uc1.a0011554979,114,7,5,Scotch,NORP,172,178
uc1.a0011554979,114,7,6,19 per cent,PERCENT,180,191
uc1.a0011554979,115,0,0,WISDOM,PERSON,0,6
uc1.a0011554979,115,1,0,113,CARDINAL,0,3
uc1.a0011554979,115,2,0,Negroes,NORP,4,11
uc1.a0011554979,115,2,1,about a third,CARDINAL,23,36
uc1.a0011554979,115,2,2,Negro,NORP,37,42
uc1.a0011554979,115,2,3,South,LOC,72,77
uc1.a0011554979,115,2,4,Saxon,NORP,126,131
uc1.a0011554979,115,3,0,South,LOC,41,46
uc1.a0011554979,115,3,1,approximately 33 1-3 per cent,PERCENT,60,89
uc1.a0011554979,115,3,2,Negro,NORP,90,95
uc1.a0011554979,115,4,0,Southern,NORP,21,29
uc1.a0011554979,115,5,0,Southern,NORP,24,32
uc1.a0011554979,115,5,1,Anglo-Saxon,NORP,51,62
uc1.a0011554979,115,5,2,Negro,NORP,189,194
uc1.a0011554979,115,6,0,Negro,NORP,167,172
uc1.a0011554979,115,6,1,Negro,NORP,274,279
uc1.a0011554979,115,6,2,Negro,NORP,323,328
uc1.a0011554979,115,7,0,Anglo-Saxon,NORP,154,165
uc1.a0011554979,115,8,0,Negro,NORP,27,32
uc1.a0011554979,115,8,1,Southern,NORP,108,116
uc1.a0011554979,116,2,0,Lydston,PERSON,11,18
uc1.a0011554979,116,2,1,the University of Illinois,ORG,48,74
uc1.a0011554979,116,2,2,pro-Southern,NORP,95,107
uc1.a0011554979,116,2,3,Banquo,PERSON,193,199
uc1.a0011554979,116,4,0,American,NORP,85,93
uc1.a0011554979,116,5,0,millions,CARDINAL,60,68
uc1.a0011554979,116,6,0,more than two million,CARDINAL,10,31
uc1.a0011554979,116,6,1,the next century,DATE,60,76
uc1.a0011554979,116,7,0,year,DATE,71,75
uc1.a0011554979,116,8,0,two,CARDINAL,46,49
uc1.a0011554979,116,10,0,Southern,NORP,17,25
uc1.a0011554979,117,0,0,WISDOM'S CALL. 115,WORK_OF_ART,0,18
uc1.a0011554979,117,1,0,Southern,NORP,19,27
uc1.a0011554979,117,1,1,Negro,NORP,46,51
uc1.a0011554979,117,2,0,Negro,NORP,9,14
uc1.a0011554979,117,2,1,Africa,LOC,52,58
uc1.a0011554979,117,4,0,American,NORP,77,85
uc1.a0011554979,117,4,1,American,NORP,136,144
uc1.a0011554979,117,4,2,Negro,NORP,176,181
uc1.a0011554979,117,5,0,Blunder,PERSON,87,94
uc1.a0011554979,117,6,0,two,CARDINAL,13,16
uc1.a0011554979,117,6,1,South,LOC,79,84
uc1.a0011554979,117,8,0,Jews,NORP,19,23
uc1.a0011554979,117,8,1,Christ,PERSON,31,37
uc1.a0011554979,117,9,0,Christ,PERSON,71,77
uc1.a0011554979,117,10,0,South Carolina,GPE,0,14
uc1.a0011554979,118,0,0,116 WISDOM'S CALL,ORG,0,17
uc1.a0011554979,118,1,0,slaverý,PERSON,45,52
uc1.a0011554979,118,2,0,South,LOC,24,29
uc1.a0011554979,118,2,1,Anglo-Saxon,NORP,113,124
uc1.a0011554979,118,2,2,Negro,NORP,233,238
uc1.a0011554979,118,3,0,two,CARDINAL,133,136
uc1.a0011554979,118,6,0,one,CARDINAL,51,54
uc1.a0011554979,118,10,0,Jack Frost,PERSON,89,99
uc1.a0011554979,119,0,0,117,CARDINAL,15,18
uc1.a0011554979,119,1,0,winter,DATE,0,6
uc1.a0011554979,119,4,0,Thos. H. Huxley,PERSON,15,30
uc1.a0011554979,119,4,1,English,NORP,51,58
uc1.a0011554979,119,5,0,Negro,NORP,180,185
uc1.a0011554979,119,6,0,Huxley,PERSON,10,16
uc1.a0011554979,119,6,1,Africa,LOC,266,272
uc1.a0011554979,119,7,0,Africa,LOC,37,43
uc1.a0011554979,119,7,1,Huxley,PERSON,99,105
uc1.a0011554979,119,7,2,two,CARDINAL,121,124
uc1.a0011554979,120,0,0,Africa,LOC,105,111
uc1.a0011554979,120,3,0,African,NORP,39,46
uc1.a0011554979,120,3,1,two,CARDINAL,206,209
uc1.a0011554979,120,4,0,year,DATE,87,91
uc1.a0011554979,120,4,1,year,DATE,95,99
uc1.a0011554979,120,5,0,one,CARDINAL,27,30
uc1.a0011554979,120,5,1,English,NORP,53,60
uc1.a0011554979,121,1,0,Southern,NORP,55,63
uc1.a0011554979,121,5,0,Kentucky,GPE,33,41
uc1.a0011554979,121,5,1,Mammoth Cave,LOC,44,56
uc1.a0011554979,121,6,0,Mammoth Cave,LOC,121,133
uc1.a0011554979,122,0,0,120,CARDINAL,0,3
uc1.a0011554979,122,1,0,Will,PERSON,33,37
uc1.a0011554979,122,1,1,Negro,NORP,107,112
uc1.a0011554979,122,7,0,America,GPE,49,56
uc1.a0011554979,122,8,0,the thousand years,DATE,440,458
uc1.a0011554979,122,9,0,Negro,NORP,79,84
uc1.a0011554979,122,9,1,America,GPE,101,108
uc1.a0011554979,122,10,0,Huxley,PERSON,35,41
uc1.a0011554979,122,10,1,Africa,LOC,81,87
uc1.a0011554979,123,3,0,Negroes,NORP,137,144
uc1.a0011554979,123,5,0,Negro,NORP,41,46
uc1.a0011554979,123,9,0,one,CARDINAL,48,51
uc1.a0011554979,123,10,0,Negro,NORP,85,90
uc1.a0011554979,123,11,0,two,CARDINAL,43,46
uc1.a0011554979,123,11,1,millions,CARDINAL,74,82
uc1.a0011554979,123,11,2,Negroes,NORP,86,93
uc1.a0011554979,123,11,3,South,LOC,101,106
uc1.a0011554979,124,1,0,Negro,NORP,61,66
uc1.a0011554979,124,1,1,Work,ORG,130,134
uc1.a0011554979,124,2,0,hundreds of thousands,CARDINAL,33,54
uc1.a0011554979,124,2,1,Negroes,NORP,58,65
uc1.a0011554979,124,3,0,every day,DATE,64,73
uc1.a0011554979,124,3,1,Negro,NORP,152,157
uc1.a0011554979,124,4,0,Negro,NORP,19,24
uc1.a0011554979,124,7,0,Ray Stannard Baker,PERSON,7,25
uc1.a0011554979,124,7,1,Negroes,NORP,42,49
uc1.a0011554979,124,7,2,South,LOC,138,143
uc1.a0011554979,124,8,0,Negro,NORP,92,97
uc1.a0011554979,124,9,0,South,LOC,47,52
uc1.a0011554979,124,9,1,Tillman,PERSON,89,96
uc1.a0011554979,124,9,2,Dixon,PERSON,98,103
uc1.a0011554979,124,9,3,Vardaman,PERSON,105,113
uc1.a0011554979,124,9,4,Smith,PERSON,115,120
uc1.a0011554979,124,9,5,Watson,PERSON,122,128
uc1.a0011554979,124,9,6,Heflin,PERSON,133,139
uc1.a0011554979,125,0,0,WISDOM,PERSON,0,6
uc1.a0011554979,125,1,0,123,CARDINAL,0,3
uc1.a0011554979,125,2,0,Negro,NORP,7,12
uc1.a0011554979,125,2,1,America,GPE,94,101
uc1.a0011554979,125,2,2,these hundreds of thousands,CARDINAL,219,246
uc1.a0011554979,125,2,3,Negroes,NORP,250,257
uc1.a0011554979,125,5,0,Negro,NORP,109,114
uc1.a0011554979,125,6,0,Two,CARDINAL,0,3
uc1.a0011554979,125,6,1,Vardaman,PERSON,39,47
uc1.a0011554979,125,6,2,Mississippi,GPE,61,72
uc1.a0011554979,125,6,3,North,LOC,92,97
uc1.a0011554979,125,7,0,Negro,NORP,211,216
uc1.a0011554979,125,8,0,one,CARDINAL,3,6
uc1.a0011554979,125,8,1,Mississippi,GPE,47,58
uc1.a0011554979,125,9,0,Vardaman,PERSON,14,22
uc1.a0011554979,125,9,1,Negroes,NORP,40,47
uc1.a0011554979,125,11,0,one,CARDINAL,16,19
uc1.a0011554979,126,0,0,124,CARDINAL,0,3
uc1.a0011554979,126,0,1,Negro,NORP,261,266
uc1.a0011554979,126,1,0,Nemesis,WORK_OF_ART,39,46
uc1.a0011554979,126,1,1,Negro,NORP,71,76
uc1.a0011554979,126,1,2,one,CARDINAL,90,93
uc1.a0011554979,126,1,3,South,LOC,119,124
uc1.a0011554979,126,1,4,South,LOC,288,293
uc1.a0011554979,126,1,5,Negro,NORP,525,530
uc1.a0011554979,126,1,6,Negro,NORP,581,586
uc1.a0011554979,126,1,7,Negro,NORP,657,662
uc1.a0011554979,126,2,0,South,LOC,10,15
uc1.a0011554979,126,2,1,Negroes,NORP,172,179
uc1.a0011554979,126,3,0,Southerner,NORP,30,40
uc1.a0011554979,126,3,1,Negro,NORP,61,66
uc1.a0011554979,127,0,0,first,ORDINAL,311,316
uc1.a0011554979,127,1,0,the hundreds of thousands,CARDINAL,3,28
uc1.a0011554979,127,1,1,Negroes,NORP,32,39
uc1.a0011554979,127,1,2,the millions,CARDINAL,66,78
uc1.a0011554979,127,1,3,South,LOC,279,284
uc1.a0011554979,127,1,4,South,LOC,300,305
uc1.a0011554979,127,1,5,Tillman,PERSON,339,346
uc1.a0011554979,127,1,6,Vardaman,PERSON,348,356
uc1.a0011554979,127,2,0,South,LOC,15,20
uc1.a0011554979,127,2,1,Nemesis,PERSON,42,49
uc1.a0011554979,127,2,2,Negro,NORP,277,282
uc1.a0011554979,127,2,3,Negro,NORP,325,330
uc1.a0011554979,128,0,0,126 WISDOM'S CALL,WORK_OF_ART,0,17
uc1.a0011554979,128,4,0,the dark millions,CARDINAL,75,92
uc1.a0011554979,128,7,0,South,LOC,70,75
uc1.a0011554979,128,8,0,two,CARDINAL,55,58
uc1.a0011554979,128,8,1,South,LOC,72,77
uc1.a0011554979,128,8,2,South,LOC,123,128
uc1.a0011554979,128,8,3,Negro,NORP,213,218
uc1.a0011554979,128,9,0,South,LOC,119,124
uc1.a0011554979,128,9,1,millions,CARDINAL,209,217
uc1.a0011554979,131,3,0,two,CARDINAL,59,62
uc1.a0011554979,131,4,0,Negro,NORP,124,129
uc1.a0011554979,131,4,1,Negro,NORP,460,465
uc1.a0011554979,131,5,0,American,NORP,74,82
uc1.a0011554979,131,5,1,two,CARDINAL,137,140
uc1.a0011554979,132,0,0,130 WISDOM'S CALL. accomplished,WORK_OF_ART,0,31
uc1.a0011554979,132,1,0,Anglo-Saxon,NORP,46,57
uc1.a0011554979,132,1,1,Negro,NORP,80,85
uc1.a0011554979,132,1,2,South,LOC,228,233
uc1.a0011554979,132,2,0,South,LOC,181,186
uc1.a0011554979,132,3,0,two,CARDINAL,371,374
uc1.a0011554979,132,3,1,two,CARDINAL,397,400
uc1.a0011554979,132,6,0,two,CARDINAL,91,94
uc1.a0011554979,132,6,1,one day,DATE,120,127
uc1.a0011554979,132,6,2,one,CARDINAL,134,137
uc1.a0011554979,133,3,0,Southern,NORP,104,112
uc1.a0011554979,133,7,0,South,LOC,38,43
uc1.a0011554979,133,7,1,a few days,DATE,71,81
uc1.a0011554979,133,9,0,a given day,DATE,108,119
uc1.a0011554979,134,4,0,Negro,NORP,63,68
uc1.a0011554979,134,5,0,two,CARDINAL,16,19
uc1.a0011554979,134,6,0,South,LOC,24,29
uc1.a0011554979,134,6,1,Negro,NORP,157,162
uc1.a0011554979,134,6,2,Negro,NORP,175,180
uc1.a0011554979,134,6,3,Negro,NORP,241,246
uc1.a0011554979,134,7,0,Aid.,ORG,123,127
uc1.a0011554979,134,8,0,one,CARDINAL,96,99
uc1.a0011554979,134,8,1,two,CARDINAL,103,106
uc1.a0011554979,135,1,0,133,CARDINAL,0,3
uc1.a0011554979,135,4,0,South,LOC,102,107
uc1.a0011554979,135,9,0,night,TIME,12,17
uc1.a0011554979,135,10,0,The next morning,TIME,0,16
uc1.a0011554979,136,0,0,134 WISDOM'S CALL.,PERSON,0,18
uc1.a0011554979,136,1,0,two,CARDINAL,4,7
uc1.a0011554979,136,6,0,South,LOC,39,44
uc1.a0011554979,136,6,1,Negro,NORP,70,75
uc1.a0011554979,136,6,2,a hundred,CARDINAL,94,103
uc1.a0011554979,136,7,0,South,LOC,232,237
uc1.a0011554979,136,8,0,one,CARDINAL,88,91
uc1.a0011554979,136,9,0,South,LOC,60,65
uc1.a0011554979,136,9,1,Negro,NORP,84,89
uc1.a0011554979,137,0,0,WISDOM'S,PERSON,0,8
uc1.a0011554979,137,1,0,135,CARDINAL,0,3
uc1.a0011554979,137,1,1,Negro,NORP,15,20
uc1.a0011554979,137,2,0,Negro,NORP,55,60
uc1.a0011554979,137,2,1,one,CARDINAL,103,106
uc1.a0011554979,137,2,2,Negro,NORP,166,171
uc1.a0011554979,137,2,3,Negro,NORP,232,237
uc1.a0011554979,137,5,0,Southern,NORP,38,46
uc1.a0011554979,137,5,1,Southern,NORP,204,212
uc1.a0011554979,137,6,0,South,LOC,15,20
uc1.a0011554979,137,6,1,Negro,NORP,128,133
uc1.a0011554979,137,7,0,South,LOC,20,25
uc1.a0011554979,137,7,1,Negro,NORP,75,80
uc1.a0011554979,137,7,2,Negro,NORP,176,181
uc1.a0011554979,138,0,0,136 WISDOM'S CALL.,WORK_OF_ART,0,18
uc1.a0011554979,138,0,1,South,LOC,104,109
uc1.a0011554979,138,0,2,Negro,NORP,142,147
uc1.a0011554979,138,1,0,Courts,ORG,41,47
uc1.a0011554979,138,1,1,Colored of the South,ORG,126,146
uc1.a0011554979,138,5,0,the day,DATE,229,236
uc1.a0011554979,138,6,0,Sadder,PERSON,37,43
uc1.a0011554979,138,6,1,Still,PERSON,80,85
uc1.a0011554979,138,7,0,South,PERSON,0,5
uc1.a0011554979,138,7,1,two,CARDINAL,72,75
uc1.a0011554979,139,0,0,Negro,NORP,226,231
uc1.a0011554979,139,0,1,two,CARDINAL,283,286
uc1.a0011554979,139,4,0,South,LOC,47,52
uc1.a0011554979,139,4,1,mulatto,NORP,55,62
uc1.a0011554979,140,0,0,138 WISDOM'S CALL,WORK_OF_ART,0,17
uc1.a0011554979,140,5,0,midnight,TIME,275,283
uc1.a0011554979,140,6,0,Negro,NORP,569,574
uc1.a0011554979,140,7,0,one,CARDINAL,26,29
uc1.a0011554979,140,7,1,Negro,NORP,67,72
uc1.a0011554979,140,8,0,Negro,NORP,63,68
uc1.a0011554979,141,0,0,WISDOM,PERSON,0,6
uc1.a0011554979,141,4,0,South,LOC,37,42
uc1.a0011554979,141,4,1,Negro,NORP,109,114
uc1.a0011554979,141,5,0,South,LOC,23,28
uc1.a0011554979,141,5,1,Wise,PERSON,83,87
uc1.a0011554979,141,6,0,two,CARDINAL,69,72
uc1.a0011554979,141,8,0,New Orleans,GPE,15,26
uc1.a0011554979,141,11,0,NeWoman,NORP,74,81
uc1.a0011554979,141,12,0,5,CARDINAL,74,75
uc1.a0011554979,142,0,0,140 WISDOM'S CALL.,WORK_OF_ART,0,18
uc1.a0011554979,142,2,0,Negroes,NORP,69,76
uc1.a0011554979,142,8,0,White Wommost,ORG,34,47
uc1.a0011554979,142,9,0,Negro,NORP,47,52
uc1.a0011554979,142,11,0,Thousands,CARDINAL,0,9
uc1.a0011554979,142,11,1,South,LOC,41,46
uc1.a0011554979,143,1,0,141,CARDINAL,0,3
uc1.a0011554979,143,1,1,Negro,NORP,82,87
uc1.a0011554979,143,2,0,Negro,NORP,81,86
uc1.a0011554979,143,3,0,Southern,NORP,28,36
uc1.a0011554979,143,3,1,Negro,NORP,58,63
uc1.a0011554979,143,5,0,Negro,NORP,193,198
uc1.a0011554979,143,8,0,one,CARDINAL,4,7
uc1.a0011554979,144,0,0,142,CARDINAL,0,3
uc1.a0011554979,144,1,0,Anglo-Saxondom,NORP,0,14
uc1.a0011554979,144,2,0,one,CARDINAL,71,74
uc1.a0011554979,144,3,0,Negro,NORP,42,47
uc1.a0011554979,144,8,0,South,LOC,17,22
uc1.a0011554979,144,9,0,South,LOC,135,140
uc1.a0011554979,145,0,0,VII.,CARDINAL,0,4
uc1.a0011554979,147,0,0,VII,CARDINAL,13,16
uc1.a0011554979,147,2,0,Negroes,NORP,10,17
uc1.a0011554979,147,2,1,South,LOC,72,77
uc1.a0011554979,147,2,2,thousands,CARDINAL,85,94
uc1.a0011554979,147,2,3,Negro,NORP,280,285
uc1.a0011554979,147,4,0,Negro,NORP,11,16
uc1.a0011554979,147,7,0,South,LOC,0,5
uc1.a0011554979,149,1,0,147,CARDINAL,0,3
uc1.a0011554979,149,4,0,second,ORDINAL,10,16
uc1.a0011554979,149,7,0,Peter,PERSON,206,211
uc1.a0011554979,149,7,1,Paul,PERSON,219,223
uc1.a0011554979,149,7,2,Paul,PERSON,243,247
uc1.a0011554979,149,7,3,Peter,PERSON,329,334
uc1.a0011554979,150,0,0,148,CARDINAL,0,3
uc1.a0011554979,150,3,0,Negro,NORP,29,34
uc1.a0011554979,150,4,0,Nathan,PERSON,23,29
uc1.a0011554979,150,4,1,David,PERSON,43,48
uc1.a0011554979,150,6,0,South,LOC,29,34
uc1.a0011554979,150,6,1,Negro,NORP,71,76
uc1.a0011554979,150,8,0,thousands,CARDINAL,60,69
uc1.a0011554979,150,9,0,Negro,NORP,61,66
uc1.a0011554979,151,0,0,149,CARDINAL,15,18
uc1.a0011554979,151,1,0,Negro,NORP,24,29
uc1.a0011554979,151,2,0,Negro,NORP,65,70
uc1.a0011554979,151,2,1,Negro,NORP,127,132
uc1.a0011554979,151,3,0,Negroes,NORP,23,30
uc1.a0011554979,151,4,0,Negro,NORP,9,14
uc1.a0011554979,151,4,1,two,CARDINAL,103,106
uc1.a0011554979,151,5,0,Mob,ORG,122,125
uc1.a0011554979,151,7,0,South,LOC,15,20
uc1.a0011554979,152,0,0,150,CARDINAL,0,3
uc1.a0011554979,152,1,0,South,LOC,28,33
uc1.a0011554979,152,1,1,recent years,DATE,37,49
uc1.a0011554979,152,1,2,millions,CARDINAL,97,105
uc1.a0011554979,152,1,3,billions,CARDINAL,110,118
uc1.a0011554979,152,1,4,South,LOC,130,135
uc1.a0011554979,152,1,5,Negro,NORP,172,177
uc1.a0011554979,152,2,0,Negro,NORP,65,70
uc1.a0011554979,152,3,0,Negro,NORP,86,91
uc1.a0011554979,152,4,0,the United States,GPE,27,44
uc1.a0011554979,152,4,1,Negroes,NORP,125,132
uc1.a0011554979,152,4,2,Negroes,NORP,173,180
uc1.a0011554979,152,5,0,Negroes,NORP,49,56
uc1.a0011554979,152,6,0,Negro,NORP,31,36
uc1.a0011554979,152,7,0,Negro,NORP,75,80
uc1.a0011554979,152,8,0,Negro,NORP,43,48
uc1.a0011554979,152,9,0,Negro,NORP,46,51
uc1.a0011554979,152,9,1,Negro,NORP,193,198
uc1.a0011554979,153,1,0,Negro,NORP,52,57
uc1.a0011554979,153,2,0,Negro,NORP,25,30
uc1.a0011554979,153,4,0,Negro,NORP,53,58
uc1.a0011554979,153,7,0,Negro,NORP,4,9
uc1.a0011554979,153,8,0,her days,DATE,33,41
uc1.a0011554979,153,11,0,one,CARDINAL,31,34
uc1.a0011554979,154,0,0,152 WISDOM'S CALL. country to the other,WORK_OF_ART,0,39
uc1.a0011554979,154,1,0,South,LOC,39,44
uc1.a0011554979,154,2,0,South,LOC,27,32
uc1.a0011554979,154,2,1,North,LOC,72,77
uc1.a0011554979,154,2,2,Negro,NORP,176,181
uc1.a0011554979,154,3,0,thousands,CARDINAL,24,33
uc1.a0011554979,154,3,1,thousands,CARDINAL,171,180
uc1.a0011554979,154,4,0,South,LOC,4,9
uc1.a0011554979,154,7,0,South,LOC,27,32
uc1.a0011554979,154,10,0,Saul,PERSON,14,18
uc1.a0011554979,154,10,1,Jews,NORP,154,158
uc1.a0011554979,154,11,0,David,PERSON,0,5
uc1.a0011554979,154,12,0,Negro,PERSON,7,12
uc1.a0011554979,155,1,0,153,CARDINAL,0,3
uc1.a0011554979,155,1,1,Negro,NORP,80,85
uc1.a0011554979,155,2,0,Negro,NORP,76,81
uc1.a0011554979,155,3,0,South,LOC,14,19
uc1.a0011554979,155,12,0,James Gordon,PERSON,65,77
uc1.a0011554979,155,12,1,Mississippi,GPE,81,92
uc1.a0011554979,155,12,2,the United States,ORG,113,130
uc1.a0011554979,155,12,3,Senate,ORG,131,137
uc1.a0011554979,155,13,0,United States,GPE,32,45
uc1.a0011554979,155,14,0,five years old,DATE,21,35
uc1.a0011554979,156,2,0,about five years of age,DATE,25,48
uc1.a0011554979,156,4,0,Capitol,FAC,18,25
uc1.a0011554979,156,7,0,eight,CARDINAL,92,97
uc1.a0011554979,156,9,0,Capitol,FAC,198,205
uc1.a0011554979,156,9,1,the United States,GPE,209,226
uc1.a0011554979,156,9,2,the United States,ORG,244,261
uc1.a0011554979,156,9,3,Senate,ORG,262,268
uc1.a0011554979,156,11,0,Ma,PERSON,20,22
uc1.a0011554979,156,11,1,yesterday,DATE,79,88
uc1.a0011554979,156,15,0,one,CARDINAL,96,99
uc1.a0011554979,157,2,0,South,LOC,49,54
uc1.a0011554979,157,6,0,Negro,NORP,7,12
uc1.a0011554979,157,8,0,South,LOC,65,70
uc1.a0011554979,157,8,1,the millions,CARDINAL,222,234
uc1.a0011554979,157,9,0,thousands,CARDINAL,237,246
uc1.a0011554979,158,1,0,Negro,NORP,143,148
uc1.a0011554979,158,1,1,South,LOC,184,189
uc1.a0011554979,158,1,2,South,LOC,255,260
uc1.a0011554979,158,3,0,the Fifteenth Amendment,LAW,173,196
uc1.a0011554979,158,3,1,the Constitution of the United States,LAW,210,247
uc1.a0011554979,158,4,0,Negroes,NORP,236,243
uc1.a0011554979,158,4,1,Negro,NORP,356,361
uc1.a0011554979,158,4,2,Negro,NORP,518,523
uc1.a0011554979,159,0,0,WISDOM'S CALL. 157,WORK_OF_ART,0,18
uc1.a0011554979,159,1,0,earth,LOC,112,117
uc1.a0011554979,159,2,0,Negro,NORP,19,24
uc1.a0011554979,159,13,0,South,LOC,21,26
uc1.a0011554979,159,14,0,White,NORP,9,14
uc1.a0011554979,160,1,0,Negro,NORP,4,9
uc1.a0011554979,160,3,0,Negro,NORP,5,10
uc1.a0011554979,160,3,1,South,LOC,383,388
uc1.a0011554979,160,4,0,South,LOC,14,19
uc1.a0011554979,160,5,0,Wm. H. Taft,PERSON,9,20
uc1.a0011554979,160,5,1,Appeal,ORG,72,78
uc1.a0011554979,160,6,0,South,PERSON,0,5
uc1.a0011554979,160,6,1,Negroes,NORP,72,79
uc1.a0011554979,160,6,2,South,LOC,114,119
uc1.a0011554979,160,7,0,South,LOC,35,40
uc1.a0011554979,161,1,0,159,CARDINAL,0,3
uc1.a0011554979,161,2,0,Negroes,NORP,75,82
uc1.a0011554979,161,2,1,Negro,NORP,134,139
uc1.a0011554979,161,5,0,South,LOC,18,23
uc1.a0011554979,161,5,1,Negroes,NORP,114,121
uc1.a0011554979,161,5,2,Negro,NORP,185,190
uc1.a0011554979,163,0,0,20 22 VIII,CARDINAL,0,10
uc1.a0011554979,165,0,0,VIII,CARDINAL,23,27
uc1.a0011554979,165,3,0,European,NORP,4,12
uc1.a0011554979,165,3,1,Europe,LOC,75,81
uc1.a0011554979,165,5,0,Asia,LOC,6,10
uc1.a0011554979,165,5,1,Europe,LOC,57,63
uc1.a0011554979,165,6,0,Peter,PERSON,0,5
uc1.a0011554979,165,6,1,Jews,NORP,19,23
uc1.a0011554979,165,6,2,Asia,LOC,37,41
uc1.a0011554979,165,6,3,Christ,PERSON,74,80
uc1.a0011554979,165,6,4,three thousand,CARDINAL,131,145
uc1.a0011554979,165,7,0,Paul,PERSON,0,4
uc1.a0011554979,165,7,1,Greeks-Europeans,NORP,19,35
uc1.a0011554979,165,7,2,Greek,NORP,118,123
uc1.a0011554979,165,8,0,European,NORP,34,42
uc1.a0011554979,165,10,0,163,CARDINAL,57,60
uc1.a0011554979,166,0,0,164,CARDINAL,0,3
uc1.a0011554979,166,1,0,Europe,LOC,38,44
uc1.a0011554979,166,2,0,Europe,LOC,35,41
uc1.a0011554979,166,3,0,Europe,LOC,3,9
uc1.a0011554979,166,5,0,the The Child Bible,WORK_OF_ART,3,22
uc1.a0011554979,166,5,1,Europe,LOC,57,63
uc1.a0011554979,166,7,0,Christ,PERSON,4,10
uc1.a0011554979,166,9,0,Christ,PERSON,4,10
uc1.a0011554979,166,11,0,Europe,LOC,73,79
uc1.a0011554979,166,11,1,America,GPE,88,95
uc1.a0011554979,166,11,2,Europe,LOC,110,116
uc1.a0011554979,166,12,0,England,GPE,3,10
uc1.a0011554979,166,12,1,New England,LOC,15,26
uc1.a0011554979,166,12,2,Christian,NORP,119,128
uc1.a0011554979,166,12,3,South,LOC,147,152
uc1.a0011554979,167,0,0,165,CARDINAL,15,18
uc1.a0011554979,167,0,1,Christ,PERSON,48,54
uc1.a0011554979,167,0,2,New Testament,WORK_OF_ART,62,75
uc1.a0011554979,167,1,0,South,LOC,4,9
uc1.a0011554979,167,2,0,South,LOC,38,43
uc1.a0011554979,167,2,1,European,NORP,74,82
uc1.a0011554979,167,3,0,South,LOC,94,99
uc1.a0011554979,167,3,1,Asiatic,NORP,165,172
uc1.a0011554979,167,4,0,South,LOC,108,113
uc1.a0011554979,167,5,0,South,LOC,61,66
uc1.a0011554979,167,6,0,African,NORP,16,23
uc1.a0011554979,167,6,1,Asiatic,NORP,47,54
uc1.a0011554979,167,7,0,African,NORP,9,16
uc1.a0011554979,167,7,1,Christian,NORP,78,87
uc1.a0011554979,167,9,0,African,NORP,34,41
uc1.a0011554979,167,9,1,Christ,PERSON,131,137
uc1.a0011554979,167,10,0,South,LOC,26,31
uc1.a0011554979,167,10,1,African,NORP,68,75
uc1.a0011554979,167,10,2,Bible,WORK_OF_ART,180,185
uc1.a0011554979,168,0,0,166,CARDINAL,0,3
uc1.a0011554979,168,1,0,African,NORP,6,13
uc1.a0011554979,168,1,1,Bible,WORK_OF_ART,128,133
uc1.a0011554979,168,3,0,South,LOC,38,43
uc1.a0011554979,168,3,1,Bible,WORK_OF_ART,129,134
uc1.a0011554979,168,3,2,European,NORP,192,200
uc1.a0011554979,168,6,0,South,LOC,103,108
uc1.a0011554979,168,6,1,South,LOC,221,226
uc1.a0011554979,168,7,0,South,LOC,108,113
uc1.a0011554979,169,1,0,167,CARDINAL,0,3
uc1.a0011554979,169,3,0,Slums,LOC,32,37
uc1.a0011554979,169,3,1,Upward,PERSON,121,127
uc1.a0011554979,169,4,0,Negro,NORP,54,59
uc1.a0011554979,169,5,0,South,LOC,24,29
uc1.a0011554979,169,5,1,Negro,NORP,95,100
uc1.a0011554979,169,5,2,Bombay,GPE,164,170
uc1.a0011554979,169,7,0,A few years ago,DATE,0,15
uc1.a0011554979,169,7,1,Negro,NORP,16,21
uc1.a0011554979,169,7,2,Negro,NORP,104,109
uc1.a0011554979,169,9,0,the National Association of American Musicians,ORG,123,169
uc1.a0011554979,169,10,0,Negro,NORP,42,47
uc1.a0011554979,169,11,0,Negro,NORP,115,120
uc1.a0011554979,170,0,0,168 WISDOM'S CALL,WORK_OF_ART,0,17
uc1.a0011554979,170,1,0,Southern,NORP,26,34
uc1.a0011554979,170,1,1,Negro,NORP,226,231
uc1.a0011554979,170,3,0,Democratic,NORP,50,60
uc1.a0011554979,170,3,1,St. Louis,GPE,89,98
uc1.a0011554979,170,3,2,a few years ago,DATE,99,114
uc1.a0011554979,170,3,3,Southern,NORP,283,291
uc1.a0011554979,170,4,0,Confederate,NORP,18,29
uc1.a0011554979,170,4,1,Grant,PERSON,80,85
uc1.a0011554979,170,4,2,Union,ORG,118,123
uc1.a0011554979,170,4,3,Southern,NORP,163,171
uc1.a0011554979,170,4,4,South,LOC,329,334
uc1.a0011554979,170,5,0,Southern,NORP,79,87
uc1.a0011554979,170,6,0,Southern,NORP,14,22
uc1.a0011554979,170,8,0,South,LOC,44,49
uc1.a0011554979,171,0,0,WISDOM'S CALL. 169,WORK_OF_ART,0,18
uc1.a0011554979,171,0,1,Negro,NORP,81,86
uc1.a0011554979,171,0,2,South,LOC,381,386
uc1.a0011554979,171,1,0,Negroes,NORP,47,54
uc1.a0011554979,171,1,1,Negroes,NORP,253,260
uc1.a0011554979,171,2,0,ImDemocratic convention,ORG,38,61
uc1.a0011554979,171,2,1,SuperSouthern,NORP,111,124
uc1.a0011554979,171,3,0,midnight on Thursday,TIME,19,39
uc1.a0011554979,171,3,1,night,TIME,40,45
uc1.a0011554979,171,4,0,Friday,DATE,175,181
uc1.a0011554979,172,0,0,170,CARDINAL,0,3
uc1.a0011554979,172,1,0,Negro,NORP,21,26
uc1.a0011554979,172,1,1,Southern,NORP,72,80
uc1.a0011554979,172,2,0,Bessemer,NORP,7,15
uc1.a0011554979,172,2,1,Alabama,GPE,16,23
uc1.a0011554979,172,2,2,Negro,NORP,66,71
uc1.a0011554979,172,5,0,Scotchmen,NORP,159,168
uc1.a0011554979,172,5,1,Frenchmen,NORP,173,182
uc1.a0011554979,172,5,2,Southerners,NORP,264,275
uc1.a0011554979,172,6,0,Southern,NORP,17,25
uc1.a0011554979,172,6,1,InvestiSouthern,ORG,91,106
uc1.a0011554979,172,8,0,daily,DATE,69,74
uc1.a0011554979,172,8,1,Mississippi,GPE,102,113
uc1.a0011554979,173,0,0,WISDOM'S,PERSON,0,8
uc1.a0011554979,173,6,0,875,CARDINAL,5,8
uc1.a0011554979,173,6,1,forty-five per cent,PERCENT,52,71
uc1.a0011554979,173,6,2,"some 3,000",CARDINAL,111,121
uc1.a0011554979,173,8,0,half,CARDINAL,4,8
uc1.a0011554979,173,10,0,The Memphis CommerTestimony cial Appeal,ORG,60,99
uc1.a0011554979,173,10,1,the day,DATE,198,205
uc1.a0011554979,173,12,0,South,LOC,41,46
uc1.a0011554979,174,0,0,172 WISDOM'S CALL,WORK_OF_ART,0,17
uc1.a0011554979,174,1,0,night,TIME,33,38
uc1.a0011554979,174,4,0,Southern,NORP,94,102
uc1.a0011554979,174,4,1,Negro,NORP,249,254
uc1.a0011554979,174,6,0,Negroes,NORP,102,109
uc1.a0011554979,174,7,0,Negroes,NORP,7,14
uc1.a0011554979,175,3,0,earth,LOC,128,133
uc1.a0011554979,175,4,0,earth,LOC,21,26
uc1.a0011554979,175,4,1,earth,LOC,141,146
uc1.a0011554979,175,5,0,earth,LOC,28,33
uc1.a0011554979,175,6,0,earth,LOC,116,121
uc1.a0011554979,175,7,0,first,ORDINAL,26,31
uc1.a0011554979,175,7,1,first,ORDINAL,47,52
uc1.a0011554979,175,7,2,Negro,NORP,205,210
uc1.a0011554979,175,7,3,Negro,NORP,236,241
uc1.a0011554979,175,8,0,South,LOC,67,72
uc1.a0011554979,175,9,0,Negroes,NORP,23,30
uc1.a0011554979,176,0,0,174,CARDINAL,0,3
uc1.a0011554979,176,2,0,Negro,NORP,105,110
uc1.a0011554979,176,10,0,one,CARDINAL,4,7
uc1.a0011554979,177,1,0,175,CARDINAL,0,3
uc1.a0011554979,177,1,1,daily,DATE,49,54
uc1.a0011554979,177,7,0,Negro,NORP,58,63
uc1.a0011554979,177,10,0,Southern,NORP,24,32
uc1.a0011554979,177,11,0,Negroes,NORP,57,64
uc1.a0011554979,177,12,0,Negroes,NORP,7,14
uc1.a0011554979,178,0,0,176,CARDINAL,0,3
uc1.a0011554979,178,1,0,half,CARDINAL,96,100
uc1.a0011554979,178,1,1,Negroes,NORP,124,131
uc1.a0011554979,178,2,0,Negroes,NORP,11,18
uc1.a0011554979,178,3,0,Nashville,GPE,37,46
uc1.a0011554979,178,3,1,Tenn.,GPE,48,53
uc1.a0011554979,178,3,2,a few years ago,DATE,55,70
uc1.a0011554979,178,3,3,Negro,NORP,254,259
uc1.a0011554979,178,4,0,Nashville,GPE,19,28
uc1.a0011554979,178,4,1,Negroes,NORP,78,85
uc1.a0011554979,178,5,0,Negro,NORP,38,43
uc1.a0011554979,178,5,1,thousands,CARDINAL,84,93
uc1.a0011554979,178,7,0,South,LOC,167,172
uc1.a0011554979,178,7,1,South,LOC,329,334
uc1.a0011554979,178,7,2,millions,CARDINAL,428,436
uc1.a0011554979,178,8,0,South,LOC,43,48
uc1.a0011554979,179,0,0,WISDOM,PERSON,0,6
uc1.a0011554979,179,3,0,Negroes,NORP,16,23
uc1.a0011554979,179,6,0,Negroes,NORP,7,14
uc1.a0011554979,179,8,0,Massachusetts,GPE,14,27
uc1.a0011554979,179,8,1,New Orleans,GPE,42,53
uc1.a0011554979,179,8,2,Southern,NORP,66,74
uc1.a0011554979,179,8,3,North,LOC,99,104
uc1.a0011554979,179,8,4,South,LOC,124,129
uc1.a0011554979,179,8,5,the Civil War,EVENT,157,170
uc1.a0011554979,179,9,0,Charles Lamb,PERSON,178,190
uc1.a0011554979,179,9,1,one,CARDINAL,230,233
uc1.a0011554979,179,15,0,South,LOC,10,15
uc1.a0011554979,179,15,1,two,CARDINAL,116,119
uc1.a0011554979,180,0,0,178,CARDINAL,0,3
uc1.a0011554979,180,3,0,South,LOC,63,68
uc1.a0011554979,180,3,1,Negroes,NORP,103,110
uc1.a0011554979,180,4,0,Negroes,NORP,7,14
uc1.a0011554979,180,5,0,millions,CARDINAL,11,19
uc1.a0011554979,180,5,1,Negroes,NORP,34,41
uc1.a0011554979,180,7,0,Negro,NORP,63,68
uc1.a0011554979,183,0,0,IX,CARDINAL,19,21
uc1.a0011554979,183,2,0,Torrid,GPE,307,313
uc1.a0011554979,183,3,0,a “Paradise Lost,WORK_OF_ART,143,159
uc1.a0011554979,183,5,0,181,CARDINAL,39,42
uc1.a0011554979,184,1,0,German,NORP,25,31
uc1.a0011554979,184,1,1,one,CARDINAL,86,89
uc1.a0011554979,184,1,2,German,NORP,188,194
uc1.a0011554979,184,2,0,Bismarck,PERSON,0,8
uc1.a0011554979,184,2,1,French,NORP,151,157
uc1.a0011554979,184,2,2,French,NORP,196,202
uc1.a0011554979,184,2,3,German,NORP,226,232
uc1.a0011554979,184,4,0,South,LOC,119,124
uc1.a0011554979,184,5,0,Negro,PERSON,44,49
uc1.a0011554979,184,5,1,South,LOC,97,102
uc1.a0011554979,184,5,2,South,LOC,290,295
uc1.a0011554979,184,6,0,the years,DATE,3,12
uc1.a0011554979,184,6,1,the Civil War,EVENT,187,200
uc1.a0011554979,184,6,2,Northerner,NORP,209,219
uc1.a0011554979,184,6,3,Southerner,NORP,228,238
uc1.a0011554979,185,1,0,183,CARDINAL,0,3
uc1.a0011554979,185,2,0,Abolitionist,NORP,51,63
uc1.a0011554979,185,2,1,Abolitionists,NORP,83,96
uc1.a0011554979,185,2,2,North,LOC,160,165
uc1.a0011554979,185,3,0,William Lloyd Garrison,PERSON,101,123
uc1.a0011554979,185,3,1,Abolitionists,NORP,145,158
uc1.a0011554979,185,3,2,Boston,GPE,183,189
uc1.a0011554979,185,3,3,Lovejoy,PERSON,237,244
uc1.a0011554979,185,4,0,North,LOC,52,57
uc1.a0011554979,185,5,0,Alabama,GPE,83,90
uc1.a0011554979,185,6,0,North,LOC,18,23
uc1.a0011554979,185,7,0,Abolitionists,NORP,28,41
uc1.a0011554979,185,8,0,Negroes,NORP,14,21
uc1.a0011554979,185,9,0,one,CARDINAL,18,21
uc1.a0011554979,185,10,0,Southern,NORP,17,25
uc1.a0011554979,186,0,0,184,CARDINAL,0,3
uc1.a0011554979,186,2,0,Waterloo,EVENT,36,44
uc1.a0011554979,186,2,1,Eton,ORG,75,79
uc1.a0011554979,186,2,2,English,NORP,105,112
uc1.a0011554979,186,2,3,Napoleon,PERSON,272,280
uc1.a0011554979,186,3,0,the Civil War,EVENT,37,50
uc1.a0011554979,186,3,1,South,LOC,129,134
uc1.a0011554979,186,4,0,Southern,NORP,4,12
uc1.a0011554979,186,5,0,Negro,NORP,50,55
uc1.a0011554979,186,7,0,twenty,CARDINAL,42,48
uc1.a0011554979,186,7,1,Negro,NORP,49,54
uc1.a0011554979,186,7,2,at least five,CARDINAL,137,150
uc1.a0011554979,186,7,3,Yankees,NORP,151,158
uc1.a0011554979,186,8,0,David,PERSON,25,30
uc1.a0011554979,186,8,1,Goliath,PERSON,112,119
uc1.a0011554979,186,9,0,South,LOC,16,21
uc1.a0011554979,186,11,0,Negro,NORP,28,33
uc1.a0011554979,186,11,1,Southern,NORP,67,75
uc1.a0011554979,187,0,0,WISDOM,PERSON,0,6
uc1.a0011554979,187,1,0,185,CARDINAL,0,3
uc1.a0011554979,187,2,0,South,LOC,106,111
uc1.a0011554979,187,2,1,Southern,NORP,189,197
uc1.a0011554979,187,2,2,the Civil War,EVENT,325,338
uc1.a0011554979,187,3,0,Negro,PERSON,26,31
uc1.a0011554979,187,4,0,One,CARDINAL,0,3
uc1.a0011554979,187,4,1,the Civil War,EVENT,70,83
uc1.a0011554979,187,4,2,South,LOC,115,120
uc1.a0011554979,187,5,0,Southerners,NORP,44,55
uc1.a0011554979,187,6,0,Northerners,NORP,4,15
uc1.a0011554979,187,6,1,Southerner,NORP,137,147
uc1.a0011554979,187,7,0,Southern,NORP,30,38
uc1.a0011554979,187,7,1,Confederate,NORP,196,207
uc1.a0011554979,187,7,2,hundreds of thousands,CARDINAL,353,374
uc1.a0011554979,188,0,0,186,CARDINAL,0,3
uc1.a0011554979,188,1,0,South,LOC,146,151
uc1.a0011554979,188,3,0,the Affecting Negro,WORK_OF_ART,4,23
uc1.a0011554979,188,4,0,South,LOC,51,56
uc1.a0011554979,188,4,1,South,LOC,187,192
uc1.a0011554979,188,4,2,millions,CARDINAL,264,272
uc1.a0011554979,188,7,0,One,CARDINAL,0,3
uc1.a0011554979,188,7,1,Men On.,ORG,88,95
uc1.a0011554979,189,1,0,187,CARDINAL,0,3
uc1.a0011554979,189,8,0,Solomon,PERSON,0,7
uc1.a0011554979,189,11,0,Southern,NORP,4,12
uc1.a0011554979,189,11,1,Barriers,NORP,79,87
uc1.a0011554979,190,0,0,198,CARDINAL,0,3
uc1.a0011554979,190,0,1,two,CARDINAL,125,128
uc1.a0011554979,190,1,0,Negro,NORP,116,121
uc1.a0011554979,190,4,0,the New York Independent,ORG,14,38
uc1.a0011554979,190,4,1,William Hayes Ward,PERSON,44,62
uc1.a0011554979,190,4,2,two,CARDINAL,181,184
uc1.a0011554979,190,4,3,Negro,NORP,250,255
uc1.a0011554979,190,5,0,Japanese,NORP,21,29
uc1.a0011554979,190,5,1,Congress,ORG,67,75
uc1.a0011554979,190,5,2,South,LOC,113,118
uc1.a0011554979,190,5,3,Japanese,NORP,147,155
uc1.a0011554979,190,5,4,American,NORP,242,250
uc1.a0011554979,190,6,0,South,LOC,42,47
uc1.a0011554979,190,6,1,Method,NORP,78,84
uc1.a0011554979,190,6,2,Employed,ORG,127,135
uc1.a0011554979,191,2,0,Negro,NORP,73,78
uc1.a0011554979,191,4,0,AngloSaxon,NORP,70,80
uc1.a0011554979,191,6,0,Negroes,NORP,257,264
uc1.a0011554979,191,8,0,Anglo-Saxon,NORP,4,15
uc1.a0011554979,192,0,0,190,CARDINAL,0,3
uc1.a0011554979,192,1,0,Lower Germany,LOC,44,57
uc1.a0011554979,192,1,1,Great Britain,GPE,145,158
uc1.a0011554979,192,2,0,Anglo-Saxon,NORP,27,38
uc1.a0011554979,192,3,0,Fate,PERSON,19,23
uc1.a0011554979,192,3,1,African,NORP,56,63
uc1.a0011554979,192,4,0,African,NORP,77,84
uc1.a0011554979,192,5,0,South,LOC,38,43
uc1.a0011554979,192,6,0,Negro,NORP,72,77
uc1.a0011554979,192,6,1,Africa,LOC,211,217
uc1.a0011554979,192,7,0,English,LANGUAGE,62,69
uc1.a0011554979,192,7,1,Whites,NORP,82,88
uc1.a0011554979,192,8,0,Theodore Roosevelt,PERSON,89,107
uc1.a0011554979,192,9,0,South,LOC,74,79
uc1.a0011554979,192,9,1,Jones,PERSON,151,156
uc1.a0011554979,192,9,2,Alabama,GPE,160,167
uc1.a0011554979,192,11,0,Roosevelt,PERSON,10,19
uc1.a0011554979,193,1,0,191,CARDINAL,0,3
uc1.a0011554979,193,2,0,Hill,PERSON,51,55
uc1.a0011554979,193,2,1,the University of Georgia,ORG,60,85
uc1.a0011554979,193,2,2,South,LOC,108,113
uc1.a0011554979,193,2,3,Negro,NORP,151,156
uc1.a0011554979,193,3,0,South,LOC,24,29
uc1.a0011554979,193,3,1,Negroes,NORP,53,60
uc1.a0011554979,193,6,0,The Supreme Court,ORG,0,17
uc1.a0011554979,193,6,1,the Congress of the United States,ORG,22,55
uc1.a0011554979,193,6,2,South,LOC,104,109
uc1.a0011554979,193,7,0,South,LOC,47,52
uc1.a0011554979,193,8,0,the High Court of Things Eternal,ORG,31,63
uc1.a0011554979,193,8,1,South,LOC,278,283
uc1.a0011554979,193,8,2,millions,CARDINAL,578,586
uc1.a0011554979,194,0,0,192 WISDOM'S CALL.,WORK_OF_ART,0,18
uc1.a0011554979,194,1,0,One morning,TIME,2,13
uc1.a0011554979,194,1,1,a A Prayer,WORK_OF_ART,34,44
uc1.a0011554979,194,2,0,daily,DATE,0,5
uc1.a0011554979,194,2,1,one,CARDINAL,22,25
uc1.a0011554979,194,2,2,Southern,NORP,47,55
uc1.a0011554979,195,3,0,South,LOC,71,76
uc1.a0011554979,195,3,1,North,LOC,150,155
uc1.a0011554979,195,3,2,France,GPE,162,168
uc1.a0011554979,195,3,3,England,GPE,175,182
uc1.a0011554979,195,3,4,Germany,GPE,192,199
uc1.a0011554979,195,3,5,AngloSaxon,NORP,314,324
uc1.a0011554979,195,4,0,Southern,NORP,102,110
uc1.a0011554979,195,4,1,millions,CARDINAL,273,281
uc1.a0011554979,198,0,0,Prinslui University of California,ORG,0,33
uc1.a0011554979,198,0,1,Los Angeles,GPE,89,100
uc1.a0011554979,198,0,2,CA,GPE,102,104
uc1.a0011554979,198,2,0,SEBAINAH,GPE,37,45
uc1.a0011554979,198,2,1,LOS ANGELES,GPE,46,57
uc1.a0011554979,198,3,0,LUSANUELL THE,PERSON,0,13
uc1.a0011554979,198,5,0,S21IONY S01,PERSON,0,11
uc1.a0011554979,199,1,0,3,CARDINAL,60,61
uc1.a0011554979,199,1,1,MAY 07 1903,DATE,71,82
uc1.a0011554979,199,2,0,"Tue, 20 Oct 92",DATE,6,20
uc1.a0011554979,199,2,1,9:50 PDT,TIME,21,29
uc1.a0011554979,199,4,0,UCSD CENTRAL 2,ORG,13,27
uc1.a0011554979,199,4,1,Griggs,PERSON,76,82
uc1.a0011554979,199,4,2,Sutton Elbert,PERSON,84,97
uc1.a0011554979,199,4,3,Sutton E. Griggs,PERSON,120,136
uc1.a0011554979,200,0,0,South Libra,GPE,10,21
