vol_id,page,sentence_id,ent_id,entity,entity_type,start_char,end_char
uc1.32106007386094,1,0,0,SANTA CRUZ,GPE,26,36
uc1.32106007386094,2,0,0,Ontarih,NORP,4,11
uc1.32106007386094,2,3,0,2018,DATE,54,58
uc1.32106007386094,3,2,0,US $43114,MONEY,69,78
uc1.32106007386094,4,0,0,AN GUU,PERSON,0,6
uc1.32106007386094,5,1,0,195,MONEY,1,4
uc1.32106007386094,5,2,0,Frederick Douglass,PERSON,14,32
uc1.32106007386094,5,2,1,AMERICAN,NORP,36,44
uc1.32106007386094,5,3,0,pre-Civil War,EVENT,54,67
uc1.32106007386094,5,3,1,South,LOC,68,73
uc1.32106007386094,7,0,0,FREDERICK DOUGLASS,PERSON,0,18
uc1.32106007386094,7,0,1,"February, 1818",DATE,28,42
uc1.32106007386094,7,0,2,Negro,NORP,61,66
uc1.32106007386094,7,1,0,Douglass,PERSON,37,45
uc1.32106007386094,7,1,1,Nat Turner,PERSON,117,127
uc1.32106007386094,7,1,2,Douglass,PERSON,129,137
uc1.32106007386094,7,2,0,North,LOC,59,64
uc1.32106007386094,7,3,0,1845,DATE,40,44
uc1.32106007386094,7,3,1,Douglass,PERSON,80,88
uc1.32106007386094,7,3,2,American,NORP,142,150
uc1.32106007386094,7,4,0,Negro,NORP,13,18
uc1.32106007386094,7,4,1,the Civil War,EVENT,34,47
uc1.32106007386094,7,5,0,Douglass,PERSON,0,8
uc1.32106007386094,7,5,1,the Santo Domingo Commission,ORG,29,57
uc1.32106007386094,7,5,2,the District of Columbia,GPE,80,104
uc1.32106007386094,7,5,3,United States,GPE,110,123
uc1.32106007386094,7,5,4,Haiti,GPE,136,141
uc1.32106007386094,7,6,0,1895,DATE,11,15
uc1.32106007386094,8,0,0,0451,CARDINAL,37,41
uc1.32106007386094,8,0,1,Abraham Chapman,PERSON,149,164
uc1.32106007386094,8,2,0,James Baldwin,PERSON,13,26
uc1.32106007386094,8,2,1,Eldridge Cleaver,PERSON,31,47
uc1.32106007386094,8,3,0,Afro-American,NORP,49,62
uc1.32106007386094,8,3,1,Abraham Chapman,PERSON,85,100
uc1.32106007386094,8,4,0,Americans,NORP,64,73
uc1.32106007386094,8,4,1,first,ORDINAL,188,193
uc1.32106007386094,8,5,0,Ralph Ellison,PERSON,21,34
uc1.32106007386094,8,5,1,Richard Wright,PERSON,36,50
uc1.32106007386094,8,5,2,James Weldom Johnson,PERSON,52,72
uc1.32106007386094,8,5,3,James Baldwin,PERSON,74,87
uc1.32106007386094,8,5,4,Gwendolyn Brooks,PERSON,89,105
uc1.32106007386094,8,5,5,Langston Hughes,PERSON,107,122
uc1.32106007386094,8,5,6,Margaret Walker,PERSON,127,142
uc1.32106007386094,8,7,0,O WHY WE CAN'T WAIT,WORK_OF_ART,0,19
uc1.32106007386094,8,7,1,"Martin Luther King, Jr.",PERSON,23,46
uc1.32106007386094,8,8,0,King,PERSON,37,41
uc1.32106007386094,8,8,1,today,DATE,97,102
uc1.32106007386094,8,9,0,King,PERSON,45,49
uc1.32106007386094,8,9,1,Memphis,GPE,52,59
uc1.32106007386094,8,10,0,620194--$2.50,MONEY,1,14
uc1.32106007386094,8,11,0,Woodie King,PERSON,34,45
uc1.32106007386094,8,11,1,Ron Milner,PERSON,50,60
uc1.32106007386094,8,12,0,Twenty-three,CARDINAL,0,12
uc1.32106007386094,8,12,1,today,DATE,115,120
uc1.32106007386094,8,13,0,1 1,CARDINAL,15,18
uc1.32106007386094,8,14,0,"THE NEW AMERICAN LIBRARY, INC.",ORG,0,30
uc1.32106007386094,8,14,1,999,CARDINAL,41,44
uc1.32106007386094,8,14,2,Bergenfield,GPE,46,57
uc1.32106007386094,8,14,3,New Jersey,GPE,59,69
uc1.32106007386094,8,15,0,1.00,MONEY,31,35
uc1.32106007386094,8,19,0,4-6 weeks,DATE,6,15
uc1.32106007386094,9,0,0,FREDERICK DOUGLASS,PERSON,25,43
uc1.32106007386094,9,0,1,AMERICAN,NORP,47,55
uc1.32106007386094,9,0,2,NEW AMERICAN LIBRARY TIMES MIRROR,ORG,102,135
uc1.32106007386094,10,1,0,U.S.A.,GPE,76,82
uc1.32106007386094,10,1,1,"The New American Library, Inc.",ORG,164,194
uc1.32106007386094,10,1,2,New York,GPE,211,219
uc1.32106007386094,10,1,3,New York,GPE,221,229
uc1.32106007386094,10,1,4,FIRST,ORDINAL,236,241
uc1.32106007386094,10,1,5,"APRIL, 1968",DATE,259,270
uc1.32106007386094,10,1,6,THE UNITED STATES OF AMERICA,GPE,300,328
uc1.32106007386094,11,1,0,"the month of August, 1841",DATE,3,28
uc1.32106007386094,11,1,1,Nantucket,GPE,70,79
uc1.32106007386094,11,1,2,FREDERICK DOUGLASS,PERSON,136,154
uc1.32106007386094,11,1,3,Narrative,WORK_OF_ART,184,193
uc1.32106007386094,11,2,0,New Bedford,GPE,404,415
uc1.32106007386094,11,3,0,millions,CARDINAL,56,64
uc1.32106007386094,12,1,0,first,ORDINAL,25,30
uc1.32106007386094,12,3,0,American,NORP,294,302
uc1.32106007386094,12,5,0,New Bedford,GPE,22,33
uc1.32106007386094,12,5,1,DOUGLASS,PERSON,51,59
uc1.32106007386094,13,1,0,PATRICK Henry,PERSON,93,106
uc1.32106007386094,13,3,0,North,LOC,93,98
uc1.32106007386094,13,3,1,Massachusetts,GPE,108,121
uc1.32106007386094,13,5,0,Bay States,LOC,72,82
uc1.32106007386094,13,6,0,Mason,PERSON,95,100
uc1.32106007386094,13,6,1,Dixon,PERSON,105,110
uc1.32106007386094,13,7,0,DOUGLASS,PERSON,59,67
uc1.32106007386094,13,8,0,the Massachusetts Anti-Slavery Society,ORG,277,315
uc1.32106007386094,13,8,1,JOHN A. COLLINS,PERSON,321,336
uc1.32106007386094,13,9,0,first,ORDINAL,3,8
uc1.32106007386094,14,1,0,American,NORP,160,168
uc1.32106007386094,14,1,1,Massachusetts,GPE,176,189
uc1.32106007386094,14,6,0,his day,DATE,41,48
uc1.32106007386094,14,8,0,FREDERICK DOUGLASS,PERSON,167,185
uc1.32106007386094,14,8,1,the United States,GPE,227,244
uc1.32106007386094,14,8,2,CHARLES LENOX REMOND,PERSON,314,334
uc1.32106007386094,14,8,3,Atlantic,LOC,429,437
uc1.32106007386094,15,0,0,African,NORP,48,55
uc1.32106007386094,15,1,0,centuries,DATE,290,299
uc1.32106007386094,15,3,0,"brother,-DANIEL O'CONNELL",PERSON,0,25
uc1.32106007386094,15,3,1,Ireland,GPE,139,146
uc1.32106007386094,15,3,2,the Conciliation Hall,FAC,211,232
uc1.32106007386094,15,3,3,Dublin,GPE,234,240
uc1.32106007386094,15,3,4,the Loyal National Repeal Association,ORG,249,286
uc1.32106007386094,15,3,5,"March 31, 1845",DATE,288,302
uc1.32106007386094,15,4,0,O'CONNELL,PERSON,22,31
uc1.32106007386094,15,6,0,American,NORP,3,11
uc1.32106007386094,15,6,1,Africa,LOC,54,60
uc1.32106007386094,15,6,2,three years,DATE,95,106
uc1.32106007386094,15,6,3,Arabic,LANGUAGE,305,311
uc1.32106007386094,15,6,4,English,LANGUAGE,316,323
uc1.32106007386094,15,9,0,DOUGLASS,PERSON,4,12
uc1.32106007386094,16,3,0,FREDERICK DOUGLASS,PERSON,18,36
uc1.32106007386094,16,3,1,Maryland,GPE,192,200
uc1.32106007386094,16,3,2,Georgia,GPE,290,297
uc1.32106007386094,16,3,3,Alabama,GPE,299,306
uc1.32106007386094,16,3,4,Louisiana,GPE,311,320
uc1.32106007386094,16,8,0,Christ Jesus,PERSON,151,163
uc1.32106007386094,17,0,0,xi,PERSON,8,10
uc1.32106007386094,17,2,0,DOUGLASS,PERSON,160,168
uc1.32106007386094,17,2,1,the Chesapeake Bay,LOC,303,321
uc1.32106007386094,17,4,0,Alexandrian,NORP,30,41
uc1.32106007386094,17,5,0,four,CARDINAL,177,181
uc1.32106007386094,17,6,0,one hour,TIME,38,46
uc1.32106007386094,17,8,0,the United States,GPE,114,131
uc1.32106007386094,18,7,0,Narrative,WORK_OF_ART,106,115
uc1.32106007386094,18,8,0,DOUGLASS,PERSON,4,12
uc1.32106007386094,18,10,0,Narrative,WORK_OF_ART,21,30
uc1.32106007386094,18,10,1,two,CARDINAL,43,46
uc1.32106007386094,18,10,2,one,CARDINAL,82,85
uc1.32106007386094,18,11,0,DOUGLASS,PERSON,4,12
uc1.32106007386094,18,12,0,American,NORP,14,22
uc1.32106007386094,18,12,1,"March 17, 1845",DATE,27,41
uc1.32106007386094,19,1,0,Charles county,GPE,47,61
uc1.32106007386094,19,1,1,Maryland,GPE,63,71
uc1.32106007386094,19,1,2,Matthews,PERSON,135,143
uc1.32106007386094,19,1,3,Matthews,PERSON,165,173
uc1.32106007386094,19,1,4,Washington,GPE,228,238
uc1.32106007386094,19,1,5,one,CARDINAL,247,250
uc1.32106007386094,19,2,0,Matthews,PERSON,29,37
uc1.32106007386094,19,8,0,southern,NORP,55,63
uc1.32106007386094,19,8,1,Narrative,WORK_OF_ART,110,119
uc1.32106007386094,19,10,0,DOUGLASS,PERSON,21,29
uc1.32106007386094,19,11,0,Christianity,ORG,31,43
uc1.32106007386094,20,3,0,LLOYD GARRISON BOSTON,PERSON,4,25
uc1.32106007386094,20,3,1,"May 1, 1845",DATE,27,38
uc1.32106007386094,21,0,0,WENDELL PHILLIPS,PERSON,12,28
uc1.32106007386094,21,0,1,ESQ.,GPE,30,34
uc1.32106007386094,21,0,2,BOSTON,GPE,35,41
uc1.32106007386094,21,0,3,"April 22, 1845",DATE,43,57
uc1.32106007386094,21,1,0,The Man and the Lion,WORK_OF_ART,47,67
uc1.32106007386094,21,5,0,the half-peck,QUANTITY,27,40
uc1.32106007386094,21,6,0,1838,DATE,20,24
uc1.32106007386094,21,6,1,West India,LOC,67,77
uc1.32106007386094,22,0,0,WENDELL PHILLIPS,PERSON,16,32
uc1.32106007386094,22,0,1,ESQ,PERSON,34,37
uc1.32106007386094,22,1,0,Chesapeake,LOC,98,108
uc1.32106007386094,22,4,0,Valley,LOC,219,225
uc1.32106007386094,22,4,1,Mississippi,GPE,260,271
uc1.32106007386094,22,7,0,one,CARDINAL,3,6
uc1.32106007386094,22,8,0,some years,DATE,28,38
uc1.32106007386094,22,8,1,North,LOC,116,121
uc1.32106007386094,22,8,2,that “noon,TIME,128,138
uc1.32106007386094,22,8,3,Mason,PERSON,181,186
uc1.32106007386094,22,8,4,Dixon,PERSON,191,196
uc1.32106007386094,22,9,0,half,CARDINAL,32,36
uc1.32106007386094,22,9,1,Massachusetts,GPE,57,70
uc1.32106007386094,23,0,0,WENDELL PHILLIPS,PERSON,12,28
uc1.32106007386094,23,0,1,ESQ.,GPE,30,34
uc1.32106007386094,23,2,0,Some years ago,DATE,0,14
uc1.32106007386094,23,3,0,the other day,DATE,64,77
uc1.32106007386094,23,4,0,Massachusetts,GPE,128,141
uc1.32106007386094,23,5,0,1776,DATE,25,29
uc1.32106007386094,23,5,1,the Declaration of Independence,WORK_OF_ART,38,69
uc1.32106007386094,23,7,0,the Constitution of the United States,LAW,29,66
uc1.32106007386094,24,0,0,WENDELL PHILLIPS,PERSON,18,34
uc1.32106007386094,24,0,1,ESQ.,GPE,36,40
uc1.32106007386094,24,0,2,New England,LOC,45,56
uc1.32106007386094,24,0,3,Union,GPE,93,98
uc1.32106007386094,24,0,4,Pilgrims,NORP,313,321
uc1.32106007386094,24,0,5,Carolinas,GPE,443,452
uc1.32106007386094,24,0,6,Massachusetts,GPE,520,533
uc1.32106007386094,24,1,0,the day,DATE,10,17
uc1.32106007386094,24,2,0,WENDELL PHILLIPS FREDERICK DOUGLASS,PERSON,34,69
uc1.32106007386094,25,0,0,FREDERICK DOUGLASS,PERSON,25,43
uc1.32106007386094,25,0,1,AMERICAN,NORP,47,55
uc1.32106007386094,25,0,2,25,CARDINAL,130,132
uc1.32106007386094,26,0,0,Act of Congress,LAW,22,37
uc1.32106007386094,26,0,1,the year 1845,DATE,42,55
uc1.32106007386094,26,0,2,Frederick Douglass,PERSON,60,78
uc1.32106007386094,26,0,3,the District Court of,ORG,105,126
uc1.32106007386094,26,0,4,Massachusetts,GPE,127,140
uc1.32106007386094,27,0,0,Tuckahoe,GPE,24,32
uc1.32106007386094,27,0,1,Hillsborough,GPE,39,51
uc1.32106007386094,27,0,2,about twelve miles,QUANTITY,57,75
uc1.32106007386094,27,0,3,Easton,GPE,81,87
uc1.32106007386094,27,0,4,Talbot county,GPE,92,105
uc1.32106007386094,27,0,5,Maryland,GPE,107,115
uc1.32106007386094,27,4,0,spring-time,DATE,77,88
uc1.32106007386094,27,10,0,between twenty-seven and twenty-eight years,DATE,45,88
uc1.32106007386094,27,11,0,1835,DATE,61,65
uc1.32106007386094,27,11,1,about seventeen years old,DATE,73,98
uc1.32106007386094,27,12,0,Harriet Bailey,PERSON,20,34
uc1.32106007386094,27,13,0,Isaac,PERSON,24,29
uc1.32106007386094,27,13,1,Betsey Bailey,PERSON,34,47
uc1.32106007386094,27,17,0,21,DATE,53,55
uc1.32106007386094,28,0,0,FREDERICK DOUGLASS,PERSON,15,33
uc1.32106007386094,28,3,0,Maryland,GPE,38,46
uc1.32106007386094,28,4,0,its twelfth month,DATE,41,58
uc1.32106007386094,28,7,0,more than four,CARDINAL,44,58
uc1.32106007386094,28,7,1,five,CARDINAL,62,66
uc1.32106007386094,28,7,2,night,TIME,144,149
uc1.32106007386094,28,8,0,Stewart,PERSON,23,30
uc1.32106007386094,28,9,0,day,DATE,114,117
uc1.32106007386094,28,16,0,about seven years old,DATE,20,41
uc1.32106007386094,28,16,1,Lee's Mill,FAC,77,87
uc1.32106007386094,29,0,0,FREDERICK DOUGLASS,PERSON,12,30
uc1.32106007386094,29,5,0,first,ORDINAL,17,22
uc1.32106007386094,29,6,0,mulatto,NORP,217,224
uc1.32106007386094,29,7,0,one,CARDINAL,371,374
uc1.32106007386094,29,7,1,one,CARDINAL,511,514
uc1.32106007386094,29,8,0,Every year,DATE,0,10
uc1.32106007386094,30,0,0,FREDERICK DOUGLASS,PERSON,15,33
uc1.32106007386094,30,1,0,one,CARDINAL,66,69
uc1.32106007386094,30,2,0,Africa,LOC,229,235
uc1.32106007386094,30,2,1,Ham,PERSON,341,344
uc1.32106007386094,30,2,2,American,NORP,360,368
uc1.32106007386094,30,3,0,Ham,PERSON,29,32
uc1.32106007386094,30,3,1,thousands,CARDINAL,147,156
uc1.32106007386094,30,4,0,two,CARDINAL,11,14
uc1.32106007386094,30,5,0,Anthony,PERSON,27,34
uc1.32106007386094,30,6,0,first,ORDINAL,22,27
uc1.32106007386094,30,7,0,Anthony,PERSON,32,39
uc1.32106007386094,30,7,1,the Chesapeake Bay,LOC,100,118
uc1.32106007386094,30,9,0,two,CARDINAL,9,12
uc1.32106007386094,30,9,1,three,CARDINAL,16,21
uc1.32106007386094,30,9,2,about thirty,CARDINAL,33,45
uc1.32106007386094,30,11,0,Plummer,PERSON,24,31
uc1.32106007386094,30,12,0,Plummer,PERSON,4,11
uc1.32106007386094,31,0,0,FREDERICK DOUGLASS,PERSON,12,30
uc1.32106007386094,31,7,0,first,ORDINAL,11,16
uc1.32106007386094,31,13,0,Hester,PERSON,5,11
uc1.32106007386094,31,13,1,one night,TIME,21,30
uc1.32106007386094,31,14,0,evenings,TIME,33,41
uc1.32106007386094,31,14,1,Lloyd,PERSON,178,183
uc1.32106007386094,31,15,0,Ned Roberts,PERSON,25,36
uc1.32106007386094,31,15,1,Lloyd,PERSON,55,60
uc1.32106007386094,31,15,2,Ned,PERSON,63,66
uc1.32106007386094,31,18,0,Hester,PERSON,5,11
uc1.32106007386094,31,18,1,Lloyd,PERSON,95,100
uc1.32106007386094,31,18,2,Ned,PERSON,103,106
uc1.32106007386094,32,0,0,FREDERICK DOUGLASS,PERSON,15,33
uc1.32106007386094,32,0,1,Hester,PERSON,44,50
uc1.32106007386094,33,1,0,two,CARDINAL,32,35
uc1.32106007386094,33,1,1,Andrew,PERSON,42,48
uc1.32106007386094,33,1,2,Richard,PERSON,53,60
uc1.32106007386094,33,1,3,one,CARDINAL,62,65
uc1.32106007386094,33,1,4,Lucretia,PERSON,76,84
uc1.32106007386094,33,1,5,Thomas Auld,PERSON,111,122
uc1.32106007386094,33,2,0,one,CARDINAL,14,17
uc1.32106007386094,33,2,1,Edward Lloyd,PERSON,61,73
uc1.32106007386094,33,3,0,Lloyd,PERSON,22,27
uc1.32106007386094,33,5,0,two years,DATE,8,17
uc1.32106007386094,33,6,0,first,ORDINAL,68,73
uc1.32106007386094,33,7,0,about twelve miles,QUANTITY,18,36
uc1.32106007386094,33,7,1,Easton,GPE,46,52
uc1.32106007386094,33,7,2,Talbot county,GPE,57,70
uc1.32106007386094,33,7,3,Miles River,LOC,105,116
uc1.32106007386094,33,9,0,Baltimore,GPE,206,215
uc1.32106007386094,33,10,0,Sally Lloyd,PERSON,21,32
uc1.32106007386094,33,10,1,one,CARDINAL,46,49
uc1.32106007386094,33,11,0,Auld,PERSON,32,36
uc1.32106007386094,33,12,0,Peter,PERSON,17,22
uc1.32106007386094,33,12,1,Isaac,PERSON,24,29
uc1.32106007386094,33,12,2,Rich,PERSON,31,35
uc1.32106007386094,33,12,3,Jake,PERSON,41,45
uc1.32106007386094,33,13,0,Baltimore,GPE,187,196
uc1.32106007386094,33,14,0,Lloyd,PERSON,8,13
uc1.32106007386094,33,14,1,from three to four hundred 27,CARDINAL,19,48
uc1.32106007386094,34,0,0,FREDERICK DOUGLASS,PERSON,15,33
uc1.32106007386094,34,0,1,1,CARDINAL,34,35
uc1.32106007386094,34,1,0,Wye Town,GPE,59,67
uc1.32106007386094,34,1,1,New Design,GPE,72,82
uc1.32106007386094,34,2,0,Wye Town,GPE,1,9
uc1.32106007386094,34,2,1,Noah Willis,PERSON,53,64
uc1.32106007386094,34,3,0,New Design,GPE,0,10
uc1.32106007386094,34,3,1,Townsend,PERSON,47,55
uc1.32106007386094,34,4,0,over twenty,CARDINAL,65,76
uc1.32106007386094,34,6,0,twenty,CARDINAL,44,50
uc1.32106007386094,34,8,0,Baltimore,GPE,197,206
uc1.32106007386094,34,8,1,Austin Woolfolk,PERSON,220,235
uc1.32106007386094,34,9,0,yearly,DATE,97,103
uc1.32106007386094,34,10,0,eight pounds,QUANTITY,71,83
uc1.32106007386094,34,10,1,one bushel,QUANTITY,124,134
uc1.32106007386094,34,11,0,two,CARDINAL,35,38
uc1.32106007386094,34,11,1,one,CARDINAL,60,63
uc1.32106007386094,34,11,2,one,CARDINAL,105,108
uc1.32106007386094,34,11,3,one,CARDINAL,117,120
uc1.32106007386094,34,11,4,winter,DATE,142,148
uc1.32106007386094,34,11,5,one,CARDINAL,178,181
uc1.32106007386094,34,11,6,one,CARDINAL,205,208
uc1.32106007386094,34,11,7,more than seven dollars,MONEY,263,286
uc1.32106007386094,34,13,0,two,CARDINAL,137,140
uc1.32106007386094,34,15,0,seven to ten years old,DATE,14,36
uc1.32106007386094,34,16,0,one,CARDINAL,44,47
uc1.32106007386094,35,0,0,FREDERICK DOUGLASS,PERSON,12,30
uc1.32106007386094,35,3,0,this morning,TIME,98,110
uc1.32106007386094,35,4,0,Severe,PERSON,4,10
uc1.32106007386094,35,5,0,Severe,PERSON,4,10
uc1.32106007386094,35,6,0,half an hour,TIME,55,67
uc1.32106007386094,36,0,0,FREDERICK DOUGLASS Lloyd's,PERSON,15,41
uc1.32106007386094,36,2,0,Severe,PERSON,4,10
uc1.32106007386094,36,2,1,Hopkins,PERSON,39,46
uc1.32106007386094,36,4,0,Severe,PERSON,63,69
uc1.32106007386094,36,8,0,Lloyd,PERSON,31,36
uc1.32106007386094,36,13,0,the Great House Farm,FAC,28,48
uc1.32106007386094,36,14,0,the Great House Farm,ORG,114,134
uc1.32106007386094,36,16,0,American,NORP,71,79
uc1.32106007386094,36,16,1,Congress,ORG,80,88
uc1.32106007386094,36,16,2,one,CARDINAL,106,109
uc1.32106007386094,36,16,3,the Great House Farm,ORG,169,189
uc1.32106007386094,36,20,0,Lloyd,PERSON,54,59
uc1.32106007386094,37,0,0,FREDERICK DOUGLASS,PERSON,12,30
uc1.32106007386094,37,1,0,the Great House Farm,FAC,29,49
uc1.32106007386094,37,1,1,monthly,DATE,59,66
uc1.32106007386094,37,6,0,the Great House Farm,FAC,64,84
uc1.32106007386094,37,8,0,the Great House Farm,FAC,77,97
uc1.32106007386094,38,0,0,FREDERICK DOUGLASS,PERSON,15,33
uc1.32106007386094,38,5,0,Lloyd,PERSON,98,103
uc1.32106007386094,38,7,0,Fuistake,NORP,42,50
uc1.32106007386094,39,1,0,Lloyd,PERSON,8,13
uc1.32106007386094,39,1,1,four,CARDINAL,103,107
uc1.32106007386094,39,1,2,M’Durmond,PERSON,146,155
uc1.32106007386094,39,3,0,the summer months,DATE,7,24
uc1.32106007386094,39,3,1,Baltimore,GPE,61,70
uc1.32106007386094,39,3,2,Easton,GPE,72,78
uc1.32106007386094,39,3,3,Annapolis,GPE,84,93
uc1.32106007386094,39,15,0,33,CARDINAL,0,2
uc1.32106007386094,40,0,0,FREDERICK DOUGLASS,PERSON,15,33
uc1.32106007386094,40,2,0,three,CARDINAL,29,34
uc1.32106007386094,40,2,1,three,CARDINAL,53,58
uc1.32106007386094,40,2,2,four,CARDINAL,62,66
uc1.32106007386094,40,3,0,two,CARDINAL,41,44
uc1.32106007386094,40,3,1,Barney,PERSON,57,63
uc1.32106007386094,40,3,2,Barney,PERSON,74,80
uc1.32106007386094,40,5,0,Lloyd,PERSON,70,75
uc1.32106007386094,40,7,0,Barney,PERSON,0,6
uc1.32106007386094,40,10,0,Lloyd,PERSON,76,81
uc1.32106007386094,40,14,0,Barney,PERSON,282,288
uc1.32106007386094,40,16,0,Lloyd,PERSON,8,13
uc1.32106007386094,40,18,0,Lloyd,PERSON,20,25
uc1.32106007386094,40,18,1,Barney,PERSON,35,41
uc1.32106007386094,41,0,0,FREDERICK DOUGLASS,PERSON,12,30
uc1.32106007386094,41,0,1,35 between fifty and sixty years,DATE,31,63
uc1.32106007386094,41,0,2,more than thirty,CARDINAL,185,201
uc1.32106007386094,41,1,0,Lloyd,PERSON,8,13
uc1.32106007386094,41,1,1,three,CARDINAL,18,23
uc1.32106007386094,41,1,2,Edward,PERSON,29,35
uc1.32106007386094,41,1,3,Murray,PERSON,37,43
uc1.32106007386094,41,1,4,Daniel,PERSON,49,55
uc1.32106007386094,41,1,5,three,CARDINAL,61,66
uc1.32106007386094,41,1,6,Winder,PERSON,83,89
uc1.32106007386094,41,1,7,Nicholson,PERSON,95,104
uc1.32106007386094,41,1,8,Lowndes,PERSON,114,121
uc1.32106007386094,41,2,0,the Great House Farm,FAC,22,42
uc1.32106007386094,41,2,1,Barney,PERSON,120,126
uc1.32106007386094,41,2,2,William Wilkes,PERSON,135,149
uc1.32106007386094,41,3,0,Winder,PERSON,12,18
uc1.32106007386094,41,4,0,Lloyd,PERSON,34,39
uc1.32106007386094,41,4,1,Job,PERSON,90,93
uc1.32106007386094,41,5,0,ten to fifteen,CARDINAL,13,27
uc1.32106007386094,41,6,0,a thousand,CARDINAL,19,29
uc1.32106007386094,41,7,0,Lloyd,PERSON,8,13
uc1.32106007386094,41,9,0,Lloyd,PERSON,12,17
uc1.32106007386094,41,17,0,two or three weeks,DATE,62,80
uc1.32106007386094,41,18,0,Georgia,GPE,120,127
uc1.32106007386094,42,0,0,FREDERICK DOUGLASS,PERSON,15,33
uc1.32106007386094,42,14,0,Lloyd,PERSON,13,18
uc1.32106007386094,42,14,1,Jacob Jepson,PERSON,46,58
uc1.32106007386094,42,14,2,Lloyd,PERSON,126,131
uc1.32106007386094,42,14,3,Jepson,PERSON,185,191
uc1.32106007386094,42,15,0,Colonel Lloyd's,PERSON,0,15
uc1.32106007386094,43,0,0,FREDERICK DOUGLASS,PERSON,12,30
uc1.32106007386094,43,0,1,Jacob Jepson,PERSON,74,86
uc1.32106007386094,43,1,0,Jepson,PERSON,4,10
uc1.32106007386094,43,1,1,Lloyd,PERSON,61,66
uc1.32106007386094,44,1,0,Hopkins,PERSON,4,11
uc1.32106007386094,44,2,0,Lloyd,PERSON,105,110
uc1.32106007386094,44,3,0,Hopkins,PERSON,4,11
uc1.32106007386094,44,3,1,Austin Gore,PERSON,33,44
uc1.32106007386094,44,3,2,first,ORDINAL,150,155
uc1.32106007386094,44,3,3,Gore,PERSON,175,179
uc1.32106007386094,44,3,4,Lloyd,PERSON,199,204
uc1.32106007386094,44,3,5,one,CARDINAL,240,243
uc1.32106007386094,44,3,6,Great House Farm,FAC,340,356
uc1.32106007386094,44,4,0,Gore,PERSON,4,8
uc1.32106007386094,44,10,0,Gore,PERSON,4,8
uc1.32106007386094,44,10,1,dozen,CARDINAL,86,91
uc1.32106007386094,44,11,0,Gore,PERSON,84,88
uc1.32106007386094,44,12,0,38,DATE,6,8
uc1.32106007386094,45,0,0,FREDERICK DOUGLASS,PERSON,12,30
uc1.32106007386094,45,0,1,39,CARDINAL,31,33
uc1.32106007386094,45,1,0,Gore,PERSON,122,126
uc1.32106007386094,45,7,0,Gore,PERSON,4,8
uc1.32106007386094,45,9,0,Gore,PERSON,88,92
uc1.32106007386094,45,16,0,Gore,PERSON,4,8
uc1.32106007386094,45,16,1,one,CARDINAL,32,35
uc1.32106007386094,45,16,2,Lloyd,PERSON,47,52
uc1.32106007386094,45,16,3,Demby,PERSON,78,83
uc1.32106007386094,45,17,0,Demby,PERSON,13,18
uc1.32106007386094,46,0,0,FREDERICK,PERSON,15,24
uc1.32106007386094,46,1,0,Gore,PERSON,4,8
uc1.32106007386094,46,1,1,three,CARDINAL,41,46
uc1.32106007386094,46,1,2,third,ORDINAL,94,99
uc1.32106007386094,46,2,0,first,ORDINAL,4,9
uc1.32106007386094,46,3,0,Demby,PERSON,0,5
uc1.32106007386094,46,4,0,second,ORDINAL,4,10
uc1.32106007386094,46,4,1,third,ORDINAL,15,20
uc1.32106007386094,46,5,0,Gore,PERSON,4,8
uc1.32106007386094,46,5,1,Demby,PERSON,82,87
uc1.32106007386094,46,5,2,Demby,PERSON,204,209
uc1.32106007386094,46,7,0,Gore,PERSON,81,85
uc1.32106007386094,46,9,0,Lloyd,PERSON,24,29
uc1.32106007386094,46,10,0,Demby,PERSON,49,54
uc1.32106007386094,46,12,0,one,CARDINAL,18,21
uc1.32106007386094,46,13,0,Gore,PERSON,4,8
uc1.32106007386094,46,17,0,one,CARDINAL,157,160
uc1.32106007386094,46,18,0,Gore,PERSON,4,8
uc1.32106007386094,46,18,1,St. Michael's,GPE,18,31
uc1.32106007386094,46,18,2,Talbot county,GPE,33,46
uc1.32106007386094,46,18,3,Maryland,GPE,48,56
uc1.32106007386094,47,0,0,FREDERICK DOUGLASS,PERSON,12,30
uc1.32106007386094,47,1,0,Talbot county,GPE,83,96
uc1.32106007386094,47,1,1,Maryland,GPE,98,106
uc1.32106007386094,47,2,0,Thomas Lanman,PERSON,4,17
uc1.32106007386094,47,2,1,St. Michael's,GPE,22,35
uc1.32106007386094,47,2,2,two,CARDINAL,44,47
uc1.32106007386094,47,2,3,one,CARDINAL,56,59
uc1.32106007386094,47,5,0,Giles Hicks,PERSON,16,27
uc1.32106007386094,47,5,1,between fifteen and sixteen years of age,DATE,124,164
uc1.32106007386094,47,5,2,a few hours,TIME,295,306
uc1.32106007386094,47,6,0,a few hours,TIME,71,82
uc1.32106007386094,47,7,0,that night,TIME,76,86
uc1.32106007386094,47,7,1,Hicks,PERSON,100,105
uc1.32106007386094,47,7,2,the night,TIME,125,134
uc1.32106007386094,47,8,0,several nights previous,DATE,30,53
uc1.32106007386094,47,9,0,Hicks,PERSON,37,42
uc1.32106007386094,47,10,0,Hicks,PERSON,5,10
uc1.32106007386094,48,0,0,FREDERICK DOUGLASS,PERSON,15,33
uc1.32106007386094,48,1,0,Lloyd,PERSON,78,83
uc1.32106007386094,48,1,1,Demby,PERSON,182,187
uc1.32106007386094,48,1,2,Gore,PERSON,195,199
uc1.32106007386094,48,2,0,Lloyd,PERSON,8,13
uc1.32106007386094,48,2,1,Sundays,DATE,80,87
uc1.32106007386094,48,3,0,Lloyd,PERSON,32,37
uc1.32106007386094,48,3,1,Lloyd,PERSON,104,109
uc1.32106007386094,48,3,2,Beal Bondly,PERSON,140,151
uc1.32106007386094,48,4,0,Bondly,PERSON,22,28
uc1.32106007386094,48,5,0,Bondly,PERSON,4,10
uc1.32106007386094,48,5,1,Lloyd,PERSON,36,41
uc1.32106007386094,48,5,2,the next day,DATE,42,54
uc1.32106007386094,48,8,0,a half-cent,MONEY,72,83
uc1.32106007386094,48,8,1,a half-cent,MONEY,108,119
uc1.32106007386094,49,1,0,Lloyd,PERSON,48,53
uc1.32106007386094,49,3,0,evening,TIME,49,56
uc1.32106007386094,49,3,1,Lucretia Auld,PERSON,173,186
uc1.32106007386094,49,4,0,Daniel Lloyd,PERSON,54,66
uc1.32106007386094,49,5,0,Daniel,PERSON,26,32
uc1.32106007386094,49,10,0,summer,DATE,11,17
uc1.32106007386094,49,10,1,winter,DATE,30,36
uc1.32106007386094,49,12,0,the coldest nights,DATE,42,60
uc1.32106007386094,49,15,0,43,CARDINAL,0,2
uc1.32106007386094,50,0,0,FREDERICK DOUGLASS,PERSON,15,33
uc1.32106007386094,50,7,0,between seven and eight years old,DATE,15,48
uc1.32106007386094,50,7,1,Lloyd,PERSON,69,74
uc1.32106007386094,50,9,0,Anthony,PERSON,92,99
uc1.32106007386094,50,9,1,Baltimore,GPE,132,141
uc1.32106007386094,50,9,2,Hugh Auld,PERSON,160,169
uc1.32106007386094,50,9,3,Thomas Auld,PERSON,218,229
uc1.32106007386094,50,10,0,about three days,DATE,28,44
uc1.32106007386094,50,11,0,three,CARDINAL,10,15
uc1.32106007386094,50,14,0,Lucretia,PERSON,79,87
uc1.32106007386094,50,14,1,Baltimore,GPE,172,181
uc1.32106007386094,50,14,2,Baltimore,GPE,201,210
uc1.32106007386094,50,18,0,first,ORDINAL,46,51
uc1.32106007386094,51,0,0,FREDERICK DOUGLASS,PERSON,12,30
uc1.32106007386094,51,3,0,two,CARDINAL,6,9
uc1.32106007386094,51,3,1,one,CARDINAL,22,25
uc1.32106007386094,51,6,0,Baltimore,GPE,188,197
uc1.32106007386094,51,6,1,Baltimore,GPE,240,249
uc1.32106007386094,51,6,2,England,GPE,306,313
uc1.32106007386094,51,6,3,Ireland,GPE,356,363
uc1.32106007386094,51,7,0,Baltimore,GPE,34,43
uc1.32106007386094,51,8,0,Tom,PERSON,7,10
uc1.32106007386094,51,9,0,the Great House,FAC,37,52
uc1.32106007386094,51,9,1,Baltimore,GPE,125,134
uc1.32106007386094,51,10,0,the Great House,FAC,5,20
uc1.32106007386094,51,10,1,Baltimore,GPE,90,99
uc1.32106007386094,51,13,0,Miles River,LOC,17,28
uc1.32106007386094,51,13,1,Baltimore,GPE,33,42
uc1.32106007386094,51,13,2,Saturday,DATE,48,56
uc1.32106007386094,51,13,3,morning,TIME,57,64
uc1.32106007386094,51,14,0,the day of the week,DATE,16,35
uc1.32106007386094,51,14,1,the days of the month,DATE,76,97
uc1.32106007386094,51,14,2,the months of the year,DATE,103,125
uc1.32106007386094,51,15,0,Lloyd,PERSON,51,56
uc1.32106007386094,51,16,0,the day,DATE,80,87
uc1.32106007386094,52,0,0,FREDERICK,PERSON,15,24
uc1.32106007386094,52,1,0,the afternoon of that day,TIME,3,28
uc1.32106007386094,52,1,1,Annapolis,GPE,41,50
uc1.32106007386094,52,3,0,first,ORDINAL,11,16
uc1.32106007386094,52,3,1,New England,LOC,107,118
uc1.32106007386094,52,3,2,the Great House Farm,FAC,205,225
uc1.32106007386094,52,4,0,Baltimore,GPE,14,23
uc1.32106007386094,52,4,1,early on Sunday morning,TIME,24,47
uc1.32106007386094,52,4,2,Smith's Wharf,FAC,60,73
uc1.32106007386094,52,4,3,Bowley's Wharf,FAC,88,102
uc1.32106007386094,52,5,0,Curtis,PERSON,112,118
uc1.32106007386094,52,5,1,Louden Slater's Hill,LOC,122,142
uc1.32106007386094,52,5,2,Rich,PERSON,163,167
uc1.32106007386094,52,5,3,one,CARDINAL,169,172
uc1.32106007386094,52,5,4,Alliciana Street,FAC,237,253
uc1.32106007386094,52,5,5,Gardner,PERSON,264,271
uc1.32106007386094,52,5,6,Fells Point,LOC,288,299
uc1.32106007386094,52,6,0,Auld,PERSON,13,17
uc1.32106007386094,52,6,1,Thomas,PERSON,82,88
uc1.32106007386094,52,7,0,Sophia Auld,PERSON,140,151
uc1.32106007386094,52,10,0,Thomas,PERSON,7,13
uc1.32106007386094,52,10,1,Thomas,PERSON,85,91
uc1.32106007386094,52,11,0,Lloyd,PERSON,38,43
uc1.32106007386094,52,12,0,Baltimore,GPE,117,126
uc1.32106007386094,52,13,0,Baltimore,GPE,17,26
uc1.32106007386094,53,0,0,FREDERICK DOUGLASS,PERSON,12,30
uc1.32106007386094,53,3,0,Baltimore,GPE,87,96
uc1.32106007386094,54,0,0,VI,CARDINAL,8,10
uc1.32106007386094,54,1,0,first,ORDINAL,53,58
uc1.32106007386094,55,0,0,FREDERICK DOUGLASS,PERSON,12,30
uc1.32106007386094,55,1,0,Auld,PERSON,49,53
uc1.32106007386094,55,2,0,three or four,CARDINAL,72,85
uc1.32106007386094,55,3,0,Auld,PERSON,39,43
uc1.32106007386094,55,3,1,Auld,PERSON,98,102
uc1.32106007386094,56,0,0,FREDERICK DOUGLASS,PERSON,15,33
uc1.32106007386094,56,7,0,Baltimore,GPE,34,43
uc1.32106007386094,56,15,0,Philpot Street,FAC,28,42
uc1.32106007386094,56,15,1,Thomas Hamilton,PERSON,54,69
uc1.32106007386094,56,16,0,two,CARDINAL,9,12
uc1.32106007386094,56,17,0,Henrietta,PERSON,17,26
uc1.32106007386094,56,17,1,Mary,PERSON,31,35
uc1.32106007386094,56,18,0,Henrietta,PERSON,0,9
uc1.32106007386094,56,18,1,about twenty-two years,DATE,14,36
uc1.32106007386094,56,18,2,Mary,PERSON,45,49
uc1.32106007386094,56,18,3,about fourteen,DATE,54,68
uc1.32106007386094,56,18,4,two,CARDINAL,143,146
uc1.32106007386094,57,0,0,FREDERICK DOUGLASS 51,PERSON,12,33
uc1.32106007386094,57,2,0,Mary,PERSON,33,37
uc1.32106007386094,57,4,0,Hamilton,PERSON,102,110
uc1.32106007386094,57,5,0,Hamilton,PERSON,20,28
uc1.32106007386094,57,5,1,nearly every day,DATE,37,53
uc1.32106007386094,57,6,0,Hamilton,PERSON,5,13
uc1.32106007386094,57,6,1,one,CARDINAL,183,186
uc1.32106007386094,57,11,0,Mary,PERSON,12,16
uc1.32106007386094,57,12,0,Mary,PERSON,12,16
uc1.32106007386094,58,1,0,Hugh,PERSON,18,22
uc1.32106007386094,58,1,1,about seven years,DATE,32,49
uc1.32106007386094,58,7,0,first,ORDINAL,7,12
uc1.32106007386094,58,9,0,one,CARDINAL,178,181
uc1.32106007386094,59,0,0,FREDERICK DOUGLASS 53,PERSON,12,33
uc1.32106007386094,59,2,0,first,ORDINAL,4,9
uc1.32106007386094,59,13,0,first,ORDINAL,4,9
uc1.32106007386094,59,18,0,one,CARDINAL,72,75
uc1.32106007386094,60,0,0,FREDERICK DOUGLASS urchins,PERSON,15,41
uc1.32106007386094,60,1,0,two,CARDINAL,43,46
uc1.32106007386094,60,1,1,three,CARDINAL,50,55
uc1.32106007386094,60,1,2,Christian,NORP,291,300
uc1.32106007386094,60,2,0,Philpot Street,FAC,67,81
uc1.32106007386094,60,2,1,Durgin,GPE,93,99
uc1.32106007386094,60,2,2,Bailey,PERSON,104,110
uc1.32106007386094,60,5,0,twenty-one,DATE,37,47
uc1.32106007386094,60,8,0,about twelve years old,DATE,10,32
uc1.32106007386094,60,9,0,The Columbian Orator,WORK_OF_ART,55,75
uc1.32106007386094,60,12,0,three,CARDINAL,61,66
uc1.32106007386094,60,13,0,third,ORDINAL,104,109
uc1.32106007386094,60,16,0,one,CARDINAL,29,32
uc1.32106007386094,60,16,1,Sheridan,PERSON,36,44
uc1.32106007386094,60,16,2,Catholic,NORP,83,91
uc1.32106007386094,61,0,0,FREDERICK,PERSON,12,21
uc1.32106007386094,61,3,0,Sheridan,PERSON,16,24
uc1.32106007386094,61,4,0,one,CARDINAL,156,159
uc1.32106007386094,61,6,0,Africa,LOC,111,117
uc1.32106007386094,61,8,0,Hugh,PERSON,86,90
uc1.32106007386094,62,1,0,FREDERICK DOUGLASS,PERSON,12,30
uc1.32106007386094,62,15,0,the District of Columbia,GPE,160,184
uc1.32106007386094,62,15,1,States,GPE,221,227
uc1.32106007386094,62,18,0,one day,DATE,7,14
uc1.32106007386094,62,18,1,Waters,PERSON,40,46
uc1.32106007386094,62,18,2,two,CARDINAL,59,62
uc1.32106007386094,62,18,3,Irishmen,NORP,63,71
uc1.32106007386094,62,19,0,one,CARDINAL,22,25
uc1.32106007386094,62,23,0,Irishman,NORP,9,17
uc1.32106007386094,63,0,0,FREDERICK DOUGLASS,PERSON,12,30
uc1.32106007386094,63,9,0,one day,DATE,46,53
uc1.32106007386094,63,11,0,Durgin,PERSON,76,82
uc1.32106007386094,63,11,1,Bailey,PERSON,87,93
uc1.32106007386094,63,19,0,four,CARDINAL,79,83
uc1.32106007386094,64,0,0,FREDERICK DOUGLASS,PERSON,15,33
uc1.32106007386094,64,4,0,Webster's Spelling Book,WORK_OF_ART,54,77
uc1.32106007386094,64,5,0,Thomas,PERSON,31,37
uc1.32106007386094,64,7,0,Wilk Street,FAC,47,58
uc1.32106007386094,64,8,0,Thomas,PERSON,81,87
uc1.32106007386094,64,9,0,Thomas,PERSON,81,87
uc1.32106007386094,64,10,0,years,DATE,39,44
uc1.32106007386094,65,1,0,Baltimore,GPE,45,54
uc1.32106007386094,65,1,1,Richard,PERSON,85,92
uc1.32106007386094,65,1,2,about three years and six months,DATE,106,138
uc1.32106007386094,65,1,3,Captain Anthony,PERSON,171,186
uc1.32106007386094,65,1,4,Andrew,PERSON,216,222
uc1.32106007386094,65,1,5,Lucretia,PERSON,238,246
uc1.32106007386094,65,2,0,Hillsborough,GPE,48,60
uc1.32106007386094,65,4,0,Lucretia,PERSON,110,118
uc1.32106007386094,65,4,1,Andrew,PERSON,130,136
uc1.32106007386094,65,9,0,Baltimore,GPE,7,16
uc1.32106007386094,65,10,0,Rowe,PERSON,28,32
uc1.32106007386094,65,10,1,Wild Cat,PRODUCT,50,58
uc1.32106007386094,65,10,2,about twenty-four hours,TIME,81,104
uc1.32106007386094,65,11,0,five years,DATE,52,62
uc1.32106007386094,65,13,0,only about five years old,DATE,6,31
uc1.32106007386094,65,13,1,Lloyd,PERSON,92,97
uc1.32106007386094,65,13,2,between ten and eleven years old,DATE,130,162
uc1.32106007386094,65,16,0,59,CARDINAL,64,66
uc1.32106007386094,66,0,0,FREDERICK DOUGLASS,PERSON,15,33
uc1.32106007386094,66,8,0,Andrew,PERSON,102,108
uc1.32106007386094,66,10,0,Georgia,GPE,57,64
uc1.32106007386094,66,15,0,Baltimore,GPE,124,133
uc1.32106007386094,66,15,1,Andrew,PERSON,294,300
uc1.32106007386094,67,0,0,FREDERICK DOUGLASS,PERSON,12,30
uc1.32106007386094,67,2,0,Lucretia,PERSON,59,67
uc1.32106007386094,67,2,1,Baltimore,GPE,102,111
uc1.32106007386094,67,2,2,Hugh,PERSON,151,155
uc1.32106007386094,67,4,0,a glad day,DATE,7,17
uc1.32106007386094,67,6,0,Baltimore,GPE,18,27
uc1.32106007386094,67,6,1,just about one month,DATE,72,92
uc1.32106007386094,67,6,2,six,DATE,121,124
uc1.32106007386094,67,7,0,Baltimore,GPE,29,38
uc1.32106007386094,67,7,1,Lucretia,PERSON,53,61
uc1.32106007386094,67,7,2,one,CARDINAL,93,96
uc1.32106007386094,67,7,3,Amanda,PERSON,104,110
uc1.32106007386094,67,7,4,Andrew,PERSON,161,167
uc1.32106007386094,68,0,0,FREDERICK DOUGLASS,PERSON,15,33
uc1.32106007386094,68,3,0,Whittier,PERSON,47,55
uc1.32106007386094,68,3,1,Virginia,GPE,374,382
uc1.32106007386094,69,0,0,FREDERICK DOUGLASS,PERSON,12,30
uc1.32106007386094,69,1,0,twelve,CARDINAL,204,210
uc1.32106007386094,69,4,0,about two years,DATE,3,18
uc1.32106007386094,69,4,1,Lucretia,PERSON,43,51
uc1.32106007386094,69,4,2,Thomas,PERSON,60,66
uc1.32106007386094,69,4,3,second,ORDINAL,79,85
uc1.32106007386094,69,5,0,Rowena Hamilton,PERSON,13,28
uc1.32106007386094,69,6,0,William Hamilton,PERSON,35,51
uc1.32106007386094,69,7,0,St. Michael's,FAC,20,33
uc1.32106007386094,69,8,0,Hugh,PERSON,86,90
uc1.32106007386094,69,8,1,St. Michael's,FAC,177,190
uc1.32106007386094,69,10,0,Hugh,PERSON,149,153
uc1.32106007386094,69,13,0,Baltimore,GPE,23,32
uc1.32106007386094,69,16,0,Thomas,PERSON,7,13
uc1.32106007386094,70,0,0,FREDERICK DOUGLASS,PERSON,15,33
uc1.32106007386094,70,1,0,Baltimore,GPE,14,23
uc1.32106007386094,70,1,1,St. Michael's,GPE,28,41
uc1.32106007386094,70,1,2,Amanda,PRODUCT,55,61
uc1.32106007386094,70,1,3,Edward Dodson,PERSON,71,84
uc1.32106007386094,70,2,0,Philadelphia,GPE,95,107
uc1.32106007386094,70,3,0,North Point,LOC,44,55
uc1.32106007386094,71,2,0,Baltimore,GPE,7,16
uc1.32106007386094,71,2,1,Thomas Auld,PERSON,47,58
uc1.32106007386094,71,2,2,St. Michael's,FAC,63,76
uc1.32106007386094,71,2,3,"March, 1832",DATE,81,92
uc1.32106007386094,71,3,0,more than seven years,DATE,11,32
uc1.32106007386094,71,3,1,Lloyd,PERSON,99,104
uc1.32106007386094,71,10,0,first,ORDINAL,19,24
uc1.32106007386094,71,10,1,more than seven years,DATE,48,69
uc1.32106007386094,71,10,2,Lloyd,PERSON,183,188
uc1.32106007386094,71,12,0,Hugh,PERSON,45,49
uc1.32106007386094,71,13,0,Thomas,PERSON,19,25
uc1.32106007386094,71,17,0,Maryland,GPE,39,47
uc1.32106007386094,71,18,0,Thomas,PERSON,7,13
uc1.32106007386094,71,18,1,65,CARDINAL,51,53
uc1.32106007386094,72,0,0,FREDERICK,PERSON,15,24
uc1.32106007386094,72,1,0,four,CARDINAL,11,15
uc1.32106007386094,72,1,1,Eliza,PERSON,56,61
uc1.32106007386094,72,1,2,Priscilla,PERSON,71,80
uc1.32106007386094,72,1,3,Henny,PERSON,82,87
uc1.32106007386094,72,1,4,less than a half,CARDINAL,121,137
uc1.32106007386094,72,5,0,every morning,TIME,240,253
uc1.32106007386094,72,6,0,one,CARDINAL,44,47
uc1.32106007386094,72,8,0,one,CARDINAL,17,20
uc1.32106007386094,72,11,0,Auld,PERSON,8,12
uc1.32106007386094,72,17,0,Napoleon,PERSON,54,62
uc1.32106007386094,73,0,0,FREDERICK DOUGLASS,PERSON,12,30
uc1.32106007386094,73,5,0,Auld,PERSON,64,68
uc1.32106007386094,73,10,0,"August, 1832",DATE,3,15
uc1.32106007386094,73,10,1,Methodist,NORP,38,47
uc1.32106007386094,73,10,2,the Bay-side,LOC,69,81
uc1.32106007386094,73,10,3,Talbot county,GPE,83,96
uc1.32106007386094,73,18,0,morning,TIME,10,17
uc1.32106007386094,73,18,1,noon,TIME,19,23
uc1.32106007386094,73,18,2,night,TIME,29,34
uc1.32106007386094,74,0,0,FREDERICK,PERSON,15,24
uc1.32106007386094,74,3,0,three,CARDINAL,12,17
uc1.32106007386094,74,3,1,four,CARDINAL,21,25
uc1.32106007386094,74,4,0,Storks,PERSON,82,88
uc1.32106007386094,74,4,1,Ewery,PERSON,94,99
uc1.32106007386094,74,4,2,Humphry,PERSON,105,112
uc1.32106007386094,74,4,3,Hickey,PERSON,122,128
uc1.32106007386094,74,5,0,George Cookman,PERSON,21,35
uc1.32106007386094,74,6,0,Cookman,PERSON,20,27
uc1.32106007386094,74,8,0,Samuel Harrison,PERSON,43,58
uc1.32106007386094,74,11,0,Cookman,PERSON,4,11
uc1.32106007386094,74,13,0,St. Michael's,FAC,32,45
uc1.32106007386094,74,13,1,Wilson,PERSON,82,88
uc1.32106007386094,74,13,2,the New Testament,WORK_OF_ART,201,218
uc1.32106007386094,74,14,0,three,CARDINAL,11,16
uc1.32106007386094,74,14,1,West,PERSON,33,37
uc1.32106007386094,74,14,2,Fairbanks,PERSON,46,55
uc1.32106007386094,74,15,0,Sabbath,DATE,22,29
uc1.32106007386094,74,15,1,St. Michael's,GPE,58,71
uc1.32106007386094,74,17,0,one,CARDINAL,28,31
uc1.32106007386094,74,19,0,four or five hours,TIME,78,96
uc1.32106007386094,75,0,0,FREDERICK DOUGLASS,PERSON,12,30
uc1.32106007386094,75,1,0,early in the morning,TIME,31,51
uc1.32106007386094,75,2,0,Henny,PERSON,39,44
uc1.32106007386094,75,11,0,Thomas,PERSON,7,13
uc1.32106007386094,75,16,0,about five miles,QUANTITY,117,133
uc1.32106007386094,75,16,1,St. Michael's,FAC,139,152
uc1.32106007386094,75,19,0,William Hamilton,PERSON,7,23
uc1.32106007386094,75,21,0,Thomas,PERSON,7,13
uc1.32106007386094,75,22,0,nine months,DATE,21,32
uc1.32106007386094,76,0,0,FREDERICK DOUGLASS,PERSON,15,33
uc1.32106007386094,76,0,1,one year,DATE,34,42
uc1.32106007386094,76,0,2,Edward Covey,PERSON,58,70
uc1.32106007386094,76,1,0,Covey,PERSON,4,9
uc1.32106007386094,76,3,0,Covey,PERSON,4,9
uc1.32106007386094,76,5,0,Covey,PERSON,56,61
uc1.32106007386094,76,5,1,one year,DATE,83,91
uc1.32106007386094,76,7,0,Covey,PERSON,43,48
uc1.32106007386094,76,7,1,Methodist,NORP,129,138
uc1.32106007386094,76,11,0,1,CARDINAL,0,1
uc1.32106007386094,76,11,1,1,CARDINAL,14,15
uc1.32106007386094,77,1,0,Thomas,PERSON,14,20
uc1.32106007386094,77,1,1,Covey,PERSON,56,61
uc1.32106007386094,77,1,2,"the 1st of January, 1833",DATE,66,90
uc1.32106007386094,77,2,0,first,ORDINAL,19,24
uc1.32106007386094,77,4,0,one week,DATE,30,38
uc1.32106007386094,77,4,1,Covey,PERSON,50,55
uc1.32106007386094,77,5,0,Covey,PERSON,47,52
uc1.32106007386094,77,5,1,our coldest days,DATE,98,114
uc1.32106007386094,77,5,2,the month of January,DATE,118,138
uc1.32106007386094,77,14,0,71,CARDINAL,32,34
uc1.32106007386094,78,1,0,FREDERICK,PERSON,12,21
uc1.32106007386094,78,4,0,the day before,DATE,55,69
uc1.32106007386094,78,6,0,one half,CARDINAL,19,27
uc1.32106007386094,78,6,1,the day,DATE,31,38
uc1.32106007386094,78,10,0,Covey,PERSON,25,30
uc1.32106007386094,78,14,0,three,CARDINAL,55,60
uc1.32106007386094,78,19,0,first,ORDINAL,22,27
uc1.32106007386094,78,20,0,Covey,PERSON,17,22
uc1.32106007386094,78,20,1,one year,DATE,23,31
uc1.32106007386094,78,21,0,"the first six months, of that year",DATE,7,41
uc1.32106007386094,79,0,0,FREDERICK DOUGLASS,PERSON,12,30
uc1.32106007386094,79,2,0,Covey,PERSON,4,9
uc1.32106007386094,79,3,0,less than five minutes,TIME,14,36
uc1.32106007386094,79,4,0,midnight,TIME,126,134
uc1.32106007386094,79,5,0,Covey,PERSON,0,5
uc1.32106007386094,79,9,0,Covey,PERSON,4,9
uc1.32106007386094,79,21,0,a single minute,TIME,57,72
uc1.32106007386094,79,25,0,St. Michael's,FAC,51,64
uc1.32106007386094,79,25,1,seven miles,QUANTITY,80,91
uc1.32106007386094,79,25,2,half an hour,TIME,100,112
uc1.32106007386094,80,0,0,FREDERICK DOUGLASS,PERSON,15,33
uc1.32106007386094,80,0,1,half,CARDINAL,238,242
uc1.32106007386094,80,1,0,Covey,PERSON,4,9
uc1.32106007386094,80,5,0,night,TIME,66,71
uc1.32106007386094,80,14,0,Covey,PERSON,37,42
uc1.32106007386094,80,14,1,one,CARDINAL,115,118
uc1.32106007386094,80,15,0,Caroline,PERSON,21,29
uc1.32106007386094,80,16,0,Covey,PERSON,4,9
uc1.32106007386094,80,16,1,Thomas Lowe,PERSON,30,41
uc1.32106007386094,80,16,2,about six miles,QUANTITY,43,58
uc1.32106007386094,80,16,3,St. Michael's,FAC,64,77
uc1.32106007386094,80,17,0,about twenty years old,DATE,36,58
uc1.32106007386094,80,18,0,one,CARDINAL,31,34
uc1.32106007386094,81,0,0,FREDERICK DOUGLASS,PERSON,12,30
uc1.32106007386094,81,1,0,Samuel Harrison,PERSON,48,63
uc1.32106007386094,81,1,1,one year,DATE,82,90
uc1.32106007386094,81,1,2,every night,TIME,130,141
uc1.32106007386094,81,2,0,the end of the year,DATE,25,44
uc1.32106007386094,81,3,0,Covey,PERSON,19,24
uc1.32106007386094,81,4,0,Caroline,PERSON,71,79
uc1.32106007386094,81,6,0,the first six months,DATE,122,142
uc1.32106007386094,81,6,1,Covey,PERSON,163,168
uc1.32106007386094,81,10,0,The longest days,DATE,0,16
uc1.32106007386094,81,10,1,the shortest nights,DATE,45,64
uc1.32106007386094,81,11,0,first,ORDINAL,35,40
uc1.32106007386094,81,11,1,a few months,DATE,57,69
uc1.32106007386094,81,12,0,Covey,PERSON,4,9
uc1.32106007386094,81,15,0,Sunday,DATE,0,6
uc1.32106007386094,81,19,0,Covey,PERSON,54,59
uc1.32106007386094,82,0,0,FREDERICK DOUGLASS,PERSON,15,33
uc1.32106007386094,82,0,1,peake Bay,LOC,34,43
uc1.32106007386094,82,3,0,summer,DATE,41,47
uc1.32106007386094,82,28,0,only one,CARDINAL,7,15
uc1.32106007386094,82,30,0,one hundred miles,QUANTITY,18,35
uc1.32106007386094,82,37,0,North Point,LOC,51,62
uc1.32106007386094,83,0,0,FREDERICK DOUGLASS,PERSON,12,30
uc1.32106007386094,83,0,1,Pennsylvania,GPE,44,56
uc1.32106007386094,83,2,0,first,ORDINAL,12,17
uc1.32106007386094,83,9,0,a better day,DATE,9,21
uc1.32106007386094,83,10,0,one,CARDINAL,86,89
uc1.32106007386094,83,11,0,the first six months,DATE,66,86
uc1.32106007386094,83,11,1,Covey,PERSON,105,110
uc1.32106007386094,83,11,2,the last six,DATE,122,134
uc1.32106007386094,83,12,0,Covey,PERSON,47,52
uc1.32106007386094,83,14,0,one,CARDINAL,3,6
uc1.32106007386094,83,14,1,the hottest days,DATE,10,26
uc1.32106007386094,83,14,2,"the month of August, 1833",DATE,30,55
uc1.32106007386094,83,14,3,Bill Smith,PERSON,57,67
uc1.32106007386094,83,14,4,William Hughes,PERSON,69,83
uc1.32106007386094,83,14,5,Eli,PERSON,99,102
uc1.32106007386094,83,15,0,Hughes,PERSON,0,6
uc1.32106007386094,83,16,0,Eli,PERSON,0,3
uc1.32106007386094,83,16,1,Smith,PERSON,17,22
uc1.32106007386094,83,18,0,About three o'clock of that day,TIME,0,31
uc1.32106007386094,83,23,0,Covey,PERSON,4,9
uc1.32106007386094,83,23,1,about one hundred yards,QUANTITY,28,51
uc1.32106007386094,84,0,0,FREDERICK DOUGLASS,PERSON,15,33
uc1.32106007386094,84,3,0,Bill,PERSON,0,4
uc1.32106007386094,84,6,0,one,CARDINAL,15,18
uc1.32106007386094,84,13,0,Covey,PERSON,34,39
uc1.32106007386094,84,13,1,Hughes,PERSON,76,82
uc1.32106007386094,84,13,2,half-bushel,QUANTITY,109,120
uc1.32106007386094,84,17,0,Covey,PERSON,4,9
uc1.32106007386094,84,18,0,first,ORDINAL,35,40
uc1.32106007386094,84,19,0,seven miles,QUANTITY,48,59
uc1.32106007386094,84,21,0,Covey,PERSON,37,42
uc1.32106007386094,84,21,1,St. Michael's,FAC,97,110
uc1.32106007386094,84,21,2,Covey,PERSON,188,193
uc1.32106007386094,85,0,0,FREDERICK DOUGLASS,PERSON,12,30
uc1.32106007386094,85,6,0,about three quarters of an hour,TIME,18,49
uc1.32106007386094,85,6,1,about seven miles,QUANTITY,223,240
uc1.32106007386094,85,6,2,some five hours,TIME,252,267
uc1.32106007386094,85,14,0,Covey,PERSON,50,55
uc1.32106007386094,85,16,0,Covey,PERSON,71,76
uc1.32106007386094,85,16,1,Covey,PERSON,129,134
uc1.32106007386094,85,17,0,Thomas,PERSON,7,13
uc1.32106007386094,85,17,1,Covey,PERSON,66,71
uc1.32106007386094,85,17,2,Covey,PERSON,112,117
uc1.32106007386094,85,17,3,the whole year's,DATE,231,247
uc1.32106007386094,85,17,4,Covey,PERSON,278,283
uc1.32106007386094,85,17,5,one year,DATE,288,296
uc1.32106007386094,86,0,0,FREDERICK DOUGLASS,PERSON,15,33
uc1.32106007386094,86,1,0,St. Michael's,FAC,100,113
uc1.32106007386094,86,1,1,that night,TIME,114,124
uc1.32106007386094,86,1,2,Covey,PERSON,184,189
uc1.32106007386094,86,1,3,early in the morning,TIME,192,212
uc1.32106007386094,86,2,0,all night,TIME,11,20
uc1.32106007386094,86,2,1,Covey,PERSON,69,74
uc1.32106007386094,86,2,2,the morning,TIME,80,91
uc1.32106007386094,86,2,3,Saturday,DATE,94,102
uc1.32106007386094,86,2,4,morning,TIME,103,110
uc1.32106007386094,86,3,0,that night,TIME,16,26
uc1.32106007386094,86,3,1,that morning,TIME,41,53
uc1.32106007386094,86,4,0,Covey,PERSON,10,15
uc1.32106007386094,86,4,1,about nine o'clock,TIME,18,36
uc1.32106007386094,86,4,2,Kemp,PERSON,97,101
uc1.32106007386094,86,4,3,Covey,PERSON,130,135
uc1.32106007386094,86,9,0,that day,DATE,8,16
uc1.32106007386094,86,10,0,Sandy Jenkins,PERSON,27,40
uc1.32106007386094,86,11,0,Sandy,PERSON,0,5
uc1.32106007386094,86,11,1,about four miles,QUANTITY,32,48
uc1.32106007386094,86,11,2,Covey,PERSON,58,63
uc1.32106007386094,86,11,3,Saturday,DATE,80,88
uc1.32106007386094,86,14,0,Sandy,PERSON,8,13
uc1.32106007386094,86,15,0,Covey,PERSON,52,57
uc1.32106007386094,86,15,1,Covey,PERSON,279,284
uc1.32106007386094,87,0,0,FREDERICK DOUGLASS,PERSON,12,30
uc1.32106007386094,87,0,1,81 years,DATE,31,39
uc1.32106007386094,87,1,0,first,ORDINAL,5,10
uc1.32106007386094,87,1,1,Sandy,PERSON,158,163
uc1.32106007386094,87,3,0,Sunday,DATE,9,15
uc1.32106007386094,87,3,1,morning,TIME,16,23
uc1.32106007386094,87,4,0,Covey,PERSON,78,83
uc1.32106007386094,87,6,0,Covey,PERSON,34,39
uc1.32106007386094,87,6,1,Sandy,PERSON,113,118
uc1.32106007386094,87,6,2,any other day,DATE,152,165
uc1.32106007386094,87,6,3,Sunday,DATE,171,177
uc1.32106007386094,87,6,4,first,ORDINAL,350,355
uc1.32106007386094,87,7,0,Monday,DATE,19,25
uc1.32106007386094,87,7,1,morning,TIME,26,33
uc1.32106007386094,87,8,0,this morning,TIME,3,15
uc1.32106007386094,87,11,0,Covey,PERSON,91,96
uc1.32106007386094,87,11,1,half,CARDINAL,152,156
uc1.32106007386094,87,13,0,Covey,PERSON,4,9
uc1.32106007386094,87,13,1,Covey,PERSON,204,209
uc1.32106007386094,87,15,0,Covey,PERSON,47,52
uc1.32106007386094,88,0,0,FREDERICK DOUGLASS,PERSON,15,33
uc1.32106007386094,88,1,0,Covey,PERSON,4,9
uc1.32106007386094,88,1,1,Hughes,PERSON,29,35
uc1.32106007386094,88,2,0,Hughes,PERSON,0,6
uc1.32106007386094,88,2,1,Covey,PERSON,24,29
uc1.32106007386094,88,4,0,Hughes,PERSON,26,32
uc1.32106007386094,88,4,1,Covey,PERSON,73,78
uc1.32106007386094,88,5,0,Hughes,PERSON,47,53
uc1.32106007386094,88,5,1,Covey,PERSON,59,64
uc1.32106007386094,88,6,0,Hughes,PERSON,12,18
uc1.32106007386094,88,8,0,six months,DATE,72,82
uc1.32106007386094,88,12,0,Bill,PERSON,14,18
uc1.32106007386094,88,13,0,Covey,PERSON,0,5
uc1.32106007386094,88,14,0,Bill,PERSON,0,4
uc1.32106007386094,88,15,0,Covey,PERSON,0,5
uc1.32106007386094,88,16,0,Bill,PERSON,0,4
uc1.32106007386094,88,16,1,Covey,PERSON,83,88
uc1.32106007386094,88,17,0,nearly two hours,TIME,18,34
uc1.32106007386094,88,18,0,Covey,PERSON,0,5
uc1.32106007386094,88,18,1,half,CARDINAL,128,132
uc1.32106007386094,88,21,0,The whole six months,DATE,0,20
uc1.32106007386094,88,21,1,Covey,PERSON,55,60
uc1.32106007386094,88,24,0,Covey,PERSON,21,26
uc1.32106007386094,89,0,0,FREDERICK DOUGLASS,PERSON,12,30
uc1.32106007386094,89,7,0,four years afterwards,DATE,96,117
uc1.32106007386094,89,9,0,Covey,PERSON,58,63
uc1.32106007386094,89,11,0,Covey,PERSON,4,9
uc1.32106007386094,89,11,1,first,ORDINAL,60,65
uc1.32106007386094,89,13,0,about sixteen years old,DATE,55,78
uc1.32106007386094,89,14,0,Edward Covey,PERSON,33,45
uc1.32106007386094,89,14,1,"Christmas day, 1833",DATE,55,74
uc1.32106007386094,89,15,0,The days,DATE,0,8
uc1.32106007386094,89,15,1,Christmas and New Year's day,DATE,17,45
uc1.32106007386094,90,0,0,FREDERICK DOUGLASS,PERSON,15,33
uc1.32106007386094,90,0,1,the whole six days,DATE,81,99
uc1.32106007386094,90,6,0,Christmas,DATE,45,54
uc1.32106007386094,90,6,1,the year,DATE,154,162
uc1.32106007386094,90,6,2,Christmas,DATE,205,214
uc1.32106007386094,90,10,0,the day,DATE,104,111
uc1.32106007386094,91,0,0,FREDERICK DOUGLASS,PERSON,12,30
uc1.32106007386094,91,0,1,85,CARDINAL,31,33
uc1.32106007386094,91,1,0,those days,DATE,85,95
uc1.32106007386094,92,0,0,FREDERICK,PERSON,15,24
uc1.32106007386094,92,5,0,"the first of January, 1834",DATE,3,29
uc1.32106007386094,92,5,1,Covey,PERSON,42,47
uc1.32106007386094,92,5,2,William Freeland,PERSON,75,91
uc1.32106007386094,92,5,3,about three miles,QUANTITY,103,120
uc1.32106007386094,92,5,4,St. Michael's,FAC,126,139
uc1.32106007386094,92,6,0,Freeland,PERSON,17,25
uc1.32106007386094,92,6,1,Covey,PERSON,56,61
uc1.32106007386094,92,8,0,Covey,PERSON,4,9
uc1.32106007386094,92,11,0,Freeland,PERSON,4,12
uc1.32106007386094,92,11,1,Covey,PERSON,212,217
uc1.32106007386094,93,0,0,FREDERICK DOUGLASS,PERSON,12,30
uc1.32106007386094,93,4,0,Freeland,PERSON,14,22
uc1.32106007386094,93,4,1,Daniel Weeden,PERSON,38,51
uc1.32106007386094,93,4,2,Rigby Hopkins,PERSON,97,110
uc1.32106007386094,93,5,0,the Reformed Methodist Church,ORG,36,65
uc1.32106007386094,93,6,0,Weeden,PERSON,4,10
uc1.32106007386094,93,7,0,weeks,DATE,23,28
uc1.32106007386094,93,11,0,Hopkins,PERSON,4,11
uc1.32106007386094,93,11,1,Weeden,PERSON,36,42
uc1.32106007386094,93,14,0,one,CARDINAL,26,29
uc1.32106007386094,93,14,1,every Monday,DATE,60,72
uc1.32106007386094,93,17,0,Hopkins,PERSON,4,11
uc1.32106007386094,94,0,0,FREDERICK DOUGLASS,PERSON,15,33
uc1.32106007386094,94,9,0,Hopkins,PERSON,4,11
uc1.32106007386094,94,10,0,Hopkins,PERSON,155,162
uc1.32106007386094,94,11,0,Rigby Hopkins,PERSON,313,326
uc1.32106007386094,94,12,0,Freeland,PERSON,21,29
uc1.32106007386094,94,13,0,Covey,PERSON,13,18
uc1.32106007386094,94,13,1,Covey,PERSON,59,64
uc1.32106007386094,94,17,0,Edward Covey,PERSON,106,118
uc1.32106007386094,94,18,0,Freeland,PERSON,4,12
uc1.32106007386094,94,18,1,two,CARDINAL,42,45
uc1.32106007386094,94,19,0,Henry Harris,PERSON,17,29
uc1.32106007386094,94,19,1,John Harris,PERSON,34,45
uc1.32106007386094,95,0,0,FREDERICK DOUGLASS 89,PERSON,12,33
uc1.32106007386094,95,0,1,Sandy Jenkins,PERSON,45,58
uc1.32106007386094,95,0,2,Handy Caldwell,PERSON,66,80
uc1.32106007386094,95,1,0,Henry,PERSON,0,5
uc1.32106007386094,95,1,1,John,PERSON,10,14
uc1.32106007386094,95,3,0,Sabbath,DATE,96,103
uc1.32106007386094,95,4,0,Sundays,DATE,46,53
uc1.32106007386094,95,8,0,St. Michael's,FAC,50,63
uc1.32106007386094,95,9,0,Wright Fairbanks,PERSON,64,80
uc1.32106007386094,95,9,1,Garrison West,PERSON,85,98
uc1.32106007386094,95,9,2,Sabbath,DATE,227,234
uc1.32106007386094,95,9,3,St. Michael's—,PERSON,246,260
uc1.32106007386094,95,9,4,Christians,NORP,283,293
uc1.32106007386094,95,13,0,Covey,PERSON,78,83
uc1.32106007386094,95,15,0,Covey,PERSON,48,53
uc1.32106007386094,96,1,0,FREDERICK DOUGLASS,PERSON,12,30
uc1.32106007386094,96,1,1,ten years ago,DATE,45,58
uc1.32106007386094,96,2,0,one,CARDINAL,9,12
uc1.32106007386094,96,2,1,over forty,CARDINAL,18,28
uc1.32106007386094,96,4,0,those Sundays,DATE,15,28
uc1.32106007386094,96,10,0,Sabbath,DATE,29,36
uc1.32106007386094,96,11,0,thirty-nine,CARDINAL,83,94
uc1.32106007386094,96,16,0,nearly the whole year,DATE,20,41
uc1.32106007386094,96,16,1,Freeland,PERSON,59,67
uc1.32106007386094,96,16,2,Sabbath,DATE,84,91
uc1.32106007386094,96,16,3,three evenings,TIME,110,124
uc1.32106007386094,96,16,4,the winter,DATE,145,155
uc1.32106007386094,96,17,0,Sabbath,DATE,68,75
uc1.32106007386094,96,18,0,The year,DATE,0,8
uc1.32106007386094,96,19,0,only about half,CARDINAL,10,25
uc1.32106007386094,96,19,1,the year,DATE,37,45
uc1.32106007386094,96,21,0,Freeland,PERSON,16,24
uc1.32106007386094,96,22,0,the year,DATE,33,41
uc1.32106007386094,97,0,0,FREDERICK DOUGLASS,PERSON,12,30
uc1.32106007386094,97,4,0,Freeland,PERSON,157,165
uc1.32106007386094,97,9,0,the close of the year 1834,DATE,3,29
uc1.32106007386094,97,9,1,Freeland,PERSON,35,43
uc1.32106007386094,97,9,2,the year 1835,DATE,77,90
uc1.32106007386094,97,10,0,Freeland,PERSON,74,82
uc1.32106007386094,97,11,0,the year,DATE,34,42
uc1.32106007386094,97,13,0,year,DATE,36,40
uc1.32106007386094,97,13,1,year,DATE,47,51
uc1.32106007386094,97,15,0,1835,DATE,26,30
uc1.32106007386094,97,21,0,first,ORDINAL,7,12
uc1.32106007386094,97,21,1,Henry,PERSON,16,21
uc1.32106007386094,97,21,2,John,PERSON,31,35
uc1.32106007386094,98,0,0,FREDERICK DOUGLASS,PERSON,15,33
uc1.32106007386094,98,2,0,at least one,CARDINAL,84,96
uc1.32106007386094,98,8,0,Canada,GPE,22,28
uc1.32106007386094,98,9,0,New York,GPE,55,63
uc1.32106007386094,98,13,0,one,CARDINAL,7,10
uc1.32106007386094,98,13,1,millions,CARDINAL,130,138
uc1.32106007386094,99,0,0,FREDERICK DOUGLASS,PERSON,12,30
uc1.32106007386094,99,3,0,Patrick Henry,PERSON,65,78
uc1.32106007386094,99,6,0,Sandy,PERSON,0,5
uc1.32106007386094,99,6,1,one,CARDINAL,7,10
uc1.32106007386094,99,7,0,Henry Harris,PERSON,30,42
uc1.32106007386094,99,7,1,John Harris,PERSON,44,55
uc1.32106007386094,99,7,2,Henry Bailey,PERSON,57,69
uc1.32106007386094,99,7,3,Charles Roberts,PERSON,71,86
uc1.32106007386094,99,8,0,Henry Bailey,PERSON,0,12
uc1.32106007386094,99,9,0,Charles,PERSON,0,7
uc1.32106007386094,99,9,1,William Hamilton,PERSON,71,87
uc1.32106007386094,99,10,0,Hamilton,PERSON,78,86
uc1.32106007386094,99,10,1,the Saturday,TIME,97,109
uc1.32106007386094,99,10,2,Easter,DATE,128,134
uc1.32106007386094,99,10,3,the Chesapeake Bay,LOC,164,182
uc1.32106007386094,99,11,0,seventy or eighty miles,QUANTITY,53,76
uc1.32106007386094,99,11,1,Maryland,GPE,218,226
uc1.32106007386094,100,0,0,FREDERICK DOUGLASS,PERSON,15,33
uc1.32106007386094,100,1,0,The week,DATE,0,8
uc1.32106007386094,100,2,0,Baltimore,GPE,170,179
uc1.32106007386094,100,2,1,the Easter holidays,DATE,191,210
uc1.32106007386094,100,3,0,1835,DATE,33,37
uc1.32106007386094,100,4,0,WILLIAM HAMILTON,PERSON,1,17
uc1.32106007386094,100,4,1,St. Michael's,GPE,25,38
uc1.32106007386094,100,4,2,Talbot county,GPE,43,56
uc1.32106007386094,100,4,3,Maryland,GPE,58,66
uc1.32106007386094,100,5,0,Baltimore,GPE,21,30
uc1.32106007386094,100,5,1,Baltimore,GPE,73,82
uc1.32106007386094,100,9,0,half,CARDINAL,209,213
uc1.32106007386094,100,12,0,the middle of the week,DATE,12,34
uc1.32106007386094,100,15,0,the Saturday,TIME,25,37
uc1.32106007386094,100,15,1,morning,TIME,38,45
uc1.32106007386094,101,0,0,FREDERICK DOUGLASS,PERSON,12,30
uc1.32106007386094,101,2,0,Friday,DATE,0,6
uc1.32106007386094,101,2,1,night,TIME,7,12
uc1.32106007386094,101,6,0,The first two hours,TIME,0,19
uc1.32106007386094,101,6,1,that morning,TIME,23,35
uc1.32106007386094,101,7,0,Early in the morning,TIME,0,20
uc1.32106007386094,101,8,0,Sandy,PERSON,148,153
uc1.32106007386094,101,14,0,four,CARDINAL,67,71
uc1.32106007386094,101,14,1,two,CARDINAL,88,91
uc1.32106007386094,101,16,0,a few moments,TIME,15,28
uc1.32106007386094,101,19,0,a few moments,TIME,3,16
uc1.32106007386094,101,19,1,Hamilton,PERSON,30,38
uc1.32106007386094,101,20,0,William,PERSON,44,51
uc1.32106007386094,101,22,0,Hamilton,PERSON,4,12
uc1.32106007386094,101,23,0,a few moments,TIME,3,16
uc1.32106007386094,101,23,1,Freeland,PERSON,29,37
uc1.32106007386094,101,24,0,three,CARDINAL,18,23
uc1.32106007386094,101,24,1,William,PERSON,109,116
uc1.32106007386094,101,24,2,Hamilton,PERSON,125,133
uc1.32106007386094,101,25,0,John,PERSON,47,51
uc1.32106007386094,101,26,0,Henry,PERSON,0,5
uc1.32106007386094,101,26,1,Sandy,PERSON,10,15
uc1.32106007386094,101,27,0,Freeland,PERSON,4,12
uc1.32106007386094,102,0,0,FREDERICK,PERSON,15,24
uc1.32106007386094,102,5,0,a few moments,TIME,3,16
uc1.32106007386094,102,5,1,John,PERSON,42,46
uc1.32106007386094,102,6,0,Henry,PERSON,20,25
uc1.32106007386094,102,7,0,Henry,PERSON,16,21
uc1.32106007386094,102,8,0,Tom Graham,PERSON,18,28
uc1.32106007386094,102,9,0,Henry,PERSON,20,25
uc1.32106007386094,102,10,0,two,CARDINAL,11,14
uc1.32106007386094,102,11,0,Henry,PERSON,71,76
uc1.32106007386094,102,12,0,Henry,PERSON,27,32
uc1.32106007386094,102,15,0,one,CARDINAL,108,111
uc1.32106007386094,102,18,0,Easton,GPE,55,61
uc1.32106007386094,102,18,1,Betsy Freeland,PERSON,68,82
uc1.32106007386094,102,18,2,William Freeland,PERSON,94,110
uc1.32106007386094,102,18,3,Henry,PERSON,187,192
uc1.32106007386094,102,18,4,John,PERSON,197,201
uc1.32106007386094,102,21,0,Henry,PERSON,41,46
uc1.32106007386094,102,21,1,John,PERSON,51,55
uc1.32106007386094,103,0,0,FREDERICK DOUGLASS,PERSON,12,30
uc1.32106007386094,103,1,0,Henry,PERSON,0,5
uc1.32106007386094,103,1,1,John,PERSON,10,14
uc1.32106007386094,103,2,0,St. Michael's,FAC,57,70
uc1.32106007386094,103,3,0,Just a moment,TIME,0,13
uc1.32106007386094,103,3,1,Henry,PERSON,43,48
uc1.32106007386094,103,3,2,Hamilton,PERSON,54,62
uc1.32106007386094,103,3,3,Frederick,PERSON,150,159
uc1.32106007386094,103,4,0,Henry,PERSON,109,114
uc1.32106007386094,103,6,0,about half,CARDINAL,12,22
uc1.32106007386094,103,6,1,St. Michael's,FAC,30,43
uc1.32106007386094,103,6,2,Henry,PERSON,106,111
uc1.32106007386094,103,11,0,that morning,TIME,22,34
uc1.32106007386094,103,11,1,fifteen miles,QUANTITY,35,48
uc1.32106007386094,103,11,2,Easton,GPE,93,99
uc1.32106007386094,103,12,0,St. Michael's,FAC,16,29
uc1.32106007386094,103,18,0,one,CARDINAL,56,59
uc1.32106007386094,103,19,0,Easton,GPE,32,38
uc1.32106007386094,103,20,0,Joseph Graham,PERSON,60,73
uc1.32106007386094,103,21,0,Henry,PERSON,0,5
uc1.32106007386094,103,21,1,John,PERSON,7,11
uc1.32106007386094,103,21,2,one,CARDINAL,40,43
uc1.32106007386094,103,21,3,Charles,PERSON,58,65
uc1.32106007386094,104,0,0,FREDERICK DOUGLASS,PERSON,15,33
uc1.32106007386094,104,0,1,Henry Bailey,PERSON,38,50
uc1.32106007386094,104,2,0,scarcely twenty minutes,TIME,20,43
uc1.32106007386094,104,8,0,one,CARDINAL,44,47
uc1.32106007386094,104,8,1,one,CARDINAL,51,54
uc1.32106007386094,104,15,0,Hamilton,PERSON,80,88
uc1.32106007386094,104,15,1,Freeland,PERSON,97,105
uc1.32106007386094,104,15,2,Easton,GPE,117,123
uc1.32106007386094,104,15,3,Charles,PERSON,134,141
uc1.32106007386094,104,15,4,two,CARDINAL,147,150
uc1.32106007386094,104,15,5,Henrys,PERSON,151,157
uc1.32106007386094,104,15,6,John,PERSON,163,167
uc1.32106007386094,105,0,0,FREDERICK DOUGLASS,PERSON,12,30
uc1.32106007386094,105,0,1,Henry,PERSON,51,56
uc1.32106007386094,105,4,0,a few days before,DATE,4,21
uc1.32106007386094,105,7,0,about one week,DATE,23,37
uc1.32106007386094,105,7,1,Auld,PERSON,68,72
uc1.32106007386094,105,7,2,Alabama,GPE,227,234
uc1.32106007386094,105,8,0,Alabama,GPE,53,60
uc1.32106007386094,105,8,1,Baltimore,GPE,95,104
uc1.32106007386094,105,8,2,Hugh,PERSON,137,141
uc1.32106007386094,105,9,0,three years and one month,DATE,26,51
uc1.32106007386094,105,9,1,Baltimore,GPE,107,116
uc1.32106007386094,105,11,0,a few weeks,DATE,3,14
uc1.32106007386094,105,11,1,Baltimore,GPE,31,40
uc1.32106007386094,105,11,2,Hugh,PERSON,49,53
uc1.32106007386094,105,11,3,William Gardner,PERSON,70,85
uc1.32106007386094,105,11,4,Fell's Point,LOC,117,129
uc1.32106007386094,105,14,0,Gardner,PERSON,4,11
uc1.32106007386094,105,14,1,two,CARDINAL,48,51
uc1.32106007386094,105,14,2,Mexican,NORP,95,102
uc1.32106007386094,105,15,0,the July of that year,DATE,35,56
uc1.32106007386094,105,15,1,Gardner,PERSON,86,93
uc1.32106007386094,105,18,0,Gardner,PERSON,45,52
uc1.32106007386094,106,0,0,100,CARDINAL,0,3
uc1.32106007386094,106,0,1,FREDERICK DOUGLASS,PERSON,16,34
uc1.32106007386094,106,0,2,about seventy-five,CARDINAL,39,57
uc1.32106007386094,106,4,0,a dozen,CARDINAL,18,25
uc1.32106007386094,106,5,0,a dozen,CARDINAL,13,20
uc1.32106007386094,106,5,1,a single minute,TIME,42,57
uc1.32106007386094,106,6,0,Three,CARDINAL,0,5
uc1.32106007386094,106,6,1,four,CARDINAL,9,13
uc1.32106007386094,106,15,0,Fred,PERSON,10,14
uc1.32106007386094,106,16,0,Fred,PERSON,41,45
uc1.32106007386094,106,21,0,Three,CARDINAL,1,6
uc1.32106007386094,106,24,0,eight months,DATE,23,35
uc1.32106007386094,106,24,1,four,CARDINAL,116,120
uc1.32106007386094,106,32,0,Gardner,PERSON,29,36
uc1.32106007386094,107,0,0,FREDERICK DOUGLASS,PERSON,12,30
uc1.32106007386094,107,4,0,Covey,PERSON,59,64
uc1.32106007386094,107,6,0,One,CARDINAL,0,3
uc1.32106007386094,107,6,1,half,CARDINAL,25,29
uc1.32106007386094,107,7,0,one,CARDINAL,38,41
uc1.32106007386094,107,13,0,one,CARDINAL,20,23
uc1.32106007386094,107,19,0,one,CARDINAL,83,86
uc1.32106007386094,107,24,0,Lynch,PERSON,109,114
uc1.32106007386094,107,24,1,Gardner,PERSON,148,155
uc1.32106007386094,108,0,0,FREDERICK DOUGLASS,PERSON,16,34
uc1.32106007386094,108,0,1,Gardner,PERSON,88,95
uc1.32106007386094,108,1,0,Hugh,PERSON,64,68
uc1.32106007386094,108,1,1,Thomas,PERSON,183,189
uc1.32106007386094,108,7,0,Hugh,PERSON,7,11
uc1.32106007386094,108,9,0,Esquire Watson's,ORG,75,91
uc1.32106007386094,108,9,1,Bond Street,FAC,96,107
uc1.32106007386094,108,10,0,Watson,PERSON,4,10
uc1.32106007386094,108,11,0,Hugh,PERSON,7,11
uc1.32106007386094,108,11,1,Gardner,PERSON,40,47
uc1.32106007386094,108,11,2,midday,TIME,64,70
uc1.32106007386094,108,15,0,a thousand,CARDINAL,40,50
uc1.32106007386094,108,15,1,one,CARDINAL,138,141
uc1.32106007386094,108,16,0,Hugh,PERSON,7,11
uc1.32106007386094,109,0,0,FREDERICK DOUGLASS,PERSON,12,30
uc1.32106007386094,109,1,0,those days,DATE,58,68
uc1.32106007386094,109,3,0,Christian,NORP,55,64
uc1.32106007386094,109,3,1,Baltimore,GPE,73,82
uc1.32106007386094,109,4,0,Hugh,PERSON,7,11
uc1.32106007386094,109,4,1,Gardner,PERSON,85,92
uc1.32106007386094,109,6,0,Walter Price,PERSON,85,97
uc1.32106007386094,109,8,0,one year,DATE,17,25
uc1.32106007386094,109,8,1,Gardner,PERSON,51,58
uc1.32106007386094,109,10,0,six to seven dollars,MONEY,24,44
uc1.32106007386094,109,11,0,nine dollars,MONEY,24,36
uc1.32106007386094,109,11,1,a dollar,MONEY,61,69
uc1.32106007386094,109,16,0,Gardner,PERSON,12,19
uc1.32106007386094,110,0,0,FREDERICK DOUGLASS,PERSON,16,34
uc1.32106007386094,110,2,0,one dollar and fifty cents,MONEY,35,61
uc1.32106007386094,110,3,0,Saturday,DATE,104,112
uc1.32106007386094,110,3,1,Hugh,PERSON,182,186
uc1.32106007386094,111,2,0,First,ORDINAL,74,79
uc1.32106007386094,111,3,0,Secondly,ORDINAL,0,8
uc1.32106007386094,112,0,0,FREDERICK DOUGLASS,PERSON,16,34
uc1.32106007386094,113,0,0,FREDERICK DOUGLASS,PERSON,12,30
uc1.32106007386094,113,1,0,the early part of the year 1838,DATE,3,34
uc1.32106007386094,113,3,0,weekly,DATE,25,31
uc1.32106007386094,113,4,0,the last cent,MONEY,40,53
uc1.32106007386094,113,5,0,six dollars,MONEY,35,46
uc1.32106007386094,113,5,1,six cents,MONEY,66,75
uc1.32106007386094,113,9,0,a few cents,MONEY,83,94
uc1.32106007386094,113,12,0,the spring of 1838,DATE,3,21
uc1.32106007386094,113,12,1,Thomas,PERSON,35,41
uc1.32106007386094,113,12,2,Baltimore,GPE,50,59
uc1.32106007386094,113,21,0,About two months,DATE,0,16
uc1.32106007386094,114,0,0,FREDERICK DOUGLASS Hugh,PERSON,16,39
uc1.32106007386094,114,1,0,Thomas,PERSON,65,71
uc1.32106007386094,114,2,0,first,ORDINAL,11,16
uc1.32106007386094,114,2,1,three dollars,MONEY,296,309
uc1.32106007386094,114,3,0,two dollars,MONEY,13,24
uc1.32106007386094,114,4,0,about six dollars,MONEY,85,102
uc1.32106007386094,114,15,0,night,TIME,23,28
uc1.32106007386094,114,15,1,day,DATE,40,43
uc1.32106007386094,114,16,0,May,DATE,20,23
uc1.32106007386094,114,16,1,August,DATE,29,35
uc1.32106007386094,114,17,0,Hugh,PERSON,7,11
uc1.32106007386094,114,18,0,one Saturday,TIME,53,65
uc1.32106007386094,114,18,1,week,DATE,91,95
uc1.32106007386094,114,19,0,about ten miles,QUANTITY,59,74
uc1.32106007386094,114,19,1,Baltimore,GPE,80,89
uc1.32106007386094,114,20,0,the week,DATE,7,15
uc1.32106007386094,114,20,1,Baltimore,GPE,95,104
uc1.32106007386094,114,20,2,early Saturday,TIME,124,138
uc1.32106007386094,115,0,0,FREDERICK DOUGLASS,PERSON,12,30
uc1.32106007386094,115,0,1,Hugh,PERSON,66,70
uc1.32106007386094,115,1,0,Hugh,PERSON,19,23
uc1.32106007386094,115,2,0,the three dollars,MONEY,70,87
uc1.32106007386094,115,3,0,one day,DATE,29,36
uc1.32106007386094,115,9,0,a few moments,TIME,47,60
uc1.32106007386094,115,11,0,the whole week,DATE,108,122
uc1.32106007386094,115,13,0,Saturday,DATE,0,8
uc1.32106007386094,115,13,1,night,TIME,9,14
uc1.32106007386094,115,13,2,week,DATE,50,54
uc1.32106007386094,115,14,0,that week,DATE,46,55
uc1.32106007386094,115,19,0,the next day,DATE,33,45
uc1.32106007386094,115,19,1,Sunday,DATE,47,53
uc1.32106007386094,115,19,2,the third day of September,DATE,81,107
uc1.32106007386094,115,19,3,the day,DATE,112,119
uc1.32106007386094,115,19,4,second,ORDINAL,146,152
uc1.32106007386094,115,20,0,three weeks,DATE,10,21
uc1.32106007386094,115,21,0,Monday,DATE,9,15
uc1.32106007386094,115,21,1,morning,TIME,16,23
uc1.32106007386094,115,21,2,Hugh,PERSON,39,43
uc1.32106007386094,115,21,3,Butler,PERSON,121,127
uc1.32106007386094,115,21,4,the City Block,LOC,187,201
uc1.32106007386094,116,0,0,FREDERICK DOUGLASS,PERSON,16,34
uc1.32106007386094,116,1,0,the end of the week,DATE,3,22
uc1.32106007386094,116,1,1,between eight and nine dollars,MONEY,38,68
uc1.32106007386094,116,2,0,the week before,DATE,65,80
uc1.32106007386094,116,6,0,The second week,DATE,0,15
uc1.32106007386094,116,6,1,twenty-five cents,MONEY,107,124
uc1.32106007386094,116,11,0,thousands,CARDINAL,22,31
uc1.32106007386094,116,14,0,first,ORDINAL,110,115
uc1.32106007386094,117,0,0,FREDERICK DOUGLASS,PERSON,12,30
uc1.32106007386094,117,1,0,"the third day of September, 1838",DATE,53,85
uc1.32106007386094,117,1,1,New York,GPE,131,139
uc1.32106007386094,117,7,0,New York,GPE,61,69
uc1.32106007386094,117,12,0,thousands,CARDINAL,28,37
uc1.32106007386094,117,12,1,thousands,CARDINAL,117,126
uc1.32106007386094,118,0,0,FREDERICK DOUGLASS,PERSON,16,34
uc1.32106007386094,118,3,0,David RUGGLES,PERSON,49,62
uc1.32106007386094,118,5,0,Ruggles,PERSON,4,11
uc1.32106007386094,118,6,0,New York,GPE,14,22
uc1.32106007386094,118,6,1,Ruggles,PERSON,48,55
uc1.32106007386094,118,6,2,Church and Lespenard Streets,FAC,134,162
uc1.32106007386094,118,7,0,Ruggles,PERSON,4,11
uc1.32106007386094,118,7,1,Darg,PERSON,58,62
uc1.32106007386094,119,0,0,FREDERICK DOUGLASS,PERSON,12,30
uc1.32106007386094,119,1,0,Ruggles,PERSON,30,37
uc1.32106007386094,119,1,1,New York,GPE,128,136
uc1.32106007386094,119,3,0,Canada,GPE,22,28
uc1.32106007386094,119,3,1,New Bedford,GPE,85,96
uc1.32106007386094,119,4,0,Anna,PERSON,14,18
uc1.32106007386094,119,4,1,New York,GPE,99,107
uc1.32106007386094,119,5,0,a few days,DATE,3,13
uc1.32106007386094,119,5,1,Ruggles,PERSON,37,44
uc1.32106007386094,119,5,2,J. W. C. Pennington,PERSON,64,83
uc1.32106007386094,119,5,3,Ruggles,PERSON,113,120
uc1.32106007386094,119,5,4,Michaels,PERSON,127,135
uc1.32106007386094,119,5,5,two,CARDINAL,141,144
uc1.32106007386094,119,5,6,three,CARDINAL,148,153
uc1.32106007386094,119,5,7,Frederick Johnsont,PERSON,323,341
uc1.32106007386094,119,5,8,Anna Murray,PERSON,346,357
uc1.32106007386094,119,5,9,David Ruggles,PERSON,399,412
uc1.32106007386094,119,5,10,Michaels,PERSON,422,430
uc1.32106007386094,119,6,0,JAMES W. C. PENNINGTON,PERSON,1,23
uc1.32106007386094,119,6,1,New York,GPE,25,33
uc1.32106007386094,119,6,2,"Sept. 15, 1838",DATE,35,49
uc1.32106007386094,119,7,0,five-dollar,MONEY,39,50
uc1.32106007386094,119,7,1,Ruggles,PERSON,65,72
uc1.32106007386094,119,7,2,one,CARDINAL,87,90
uc1.32106007386094,119,7,3,Anna,PERSON,116,120
uc1.32106007386094,119,7,4,John W. Richmond,PRODUCT,207,223
uc1.32106007386094,119,7,5,Newport,GPE,228,235
uc1.32106007386094,119,7,6,New Bedford,GPE,251,262
uc1.32106007386094,119,8,0,Ruggles,PERSON,4,11
uc1.32106007386094,119,8,1,Shaw,PERSON,38,42
uc1.32106007386094,119,8,2,Newport,GPE,46,53
uc1.32106007386094,119,8,3,New Bedford,GPE,105,116
uc1.32106007386094,119,8,4,Newport,GPE,129,136
uc1.32106007386094,119,8,5,Newport,GPE,192,199
uc1.32106007386094,119,9,0,Frederick Bailey,PERSON,29,45
uc1.32106007386094,119,9,1,Johnson,PERSON,57,64
uc1.32106007386094,120,0,0,FREDERICK DOUGLASS,PERSON,16,34
uc1.32106007386094,120,0,1,New Bedford,GPE,118,129
uc1.32106007386094,120,1,0,two,CARDINAL,33,36
uc1.32106007386094,120,1,1,New Bedford,GPE,71,82
uc1.32106007386094,120,1,2,Joseph Ricketson,PERSON,126,142
uc1.32106007386094,120,1,3,William C. Taber,PERSON,147,163
uc1.32106007386094,120,4,0,New Bedford,GPE,14,25
uc1.32106007386094,120,4,1,Nathan Johnson,PERSON,64,78
uc1.32106007386094,120,5,0,Johnson,PERSON,18,25
uc1.32106007386094,120,8,0,Johnson,PERSON,37,44
uc1.32106007386094,120,10,0,the morning,TIME,3,14
uc1.32106007386094,120,10,1,New Bedford,FAC,36,47
uc1.32106007386094,120,11,0,Frederick Augustus Washington Bailey,PERSON,37,73
uc1.32106007386094,120,12,0,two,CARDINAL,35,38
uc1.32106007386094,120,12,1,Maryland,GPE,71,79
uc1.32106007386094,120,12,2,Frederick Bailey,PERSON,126,142
uc1.32106007386094,120,13,0,Baltimore,GPE,15,24
uc1.32106007386094,120,13,1,Stanley,PERSON,46,53
uc1.32106007386094,120,14,0,New York,GPE,14,22
uc1.32106007386094,120,14,1,Frederick Johnson,PERSON,52,69
uc1.32106007386094,120,15,0,New Bedford,GPE,18,29
uc1.32106007386094,120,16,0,Johnsons,NORP,58,66
uc1.32106007386094,120,16,1,New Bedford,GPE,70,81
uc1.32106007386094,120,17,0,Johnson,PERSON,11,18
uc1.32106007386094,120,17,1,Frederick,PERSON,107,116
uc1.32106007386094,120,19,0,Johnson,PERSON,4,11
uc1.32106007386094,120,19,1,"the ""Lady of the",WORK_OF_ART,34,50
uc1.32106007386094,121,0,0,FREDERICK DOUGLASS,PERSON,12,30
uc1.32106007386094,121,0,1,Douglass,PERSON,81,89
uc1.32106007386094,121,1,0,Frederick Douglass,PERSON,45,63
uc1.32106007386094,121,2,0,New Bedford,GPE,64,75
uc1.32106007386094,121,10,0,Spartan,NORP,124,131
uc1.32106007386094,121,11,0,New Bedford,GPE,69,80
uc1.32106007386094,121,12,0,the afternoon of the day,TIME,3,27
uc1.32106007386094,121,12,1,New Bedford,GPE,43,54
uc1.32106007386094,122,0,0,FREDERICK DOUGLASS,PERSON,16,34
uc1.32106007386094,122,0,1,Baltimore,GPE,57,66
uc1.32106007386094,122,6,0,Maryland,GPE,280,288
uc1.32106007386094,122,8,0,Hillsborough,GPE,153,165
uc1.32106007386094,122,8,1,Easton,GPE,167,173
uc1.32106007386094,122,8,2,St. Michael's,GPE,175,188
uc1.32106007386094,122,8,3,Baltimore,GPE,194,203
uc1.32106007386094,122,9,0,Maryland,GPE,77,85
uc1.32106007386094,122,12,0,seven years,DATE,31,42
uc1.32106007386094,122,12,1,Maryland,GPE,177,185
uc1.32106007386094,122,13,0,Nathan Johnson,PERSON,45,59
uc1.32106007386094,122,13,1,nine tenths,CARDINAL,390,401
uc1.32106007386094,122,13,2,Talbot county,GPE,425,438
uc1.32106007386094,122,13,3,Maryland,GPE,439,447
uc1.32106007386094,122,14,0,Johnson,PERSON,8,15
uc1.32106007386094,123,0,0,FREDERICK DOUGLASS,PERSON,12,30
uc1.32106007386094,123,1,0,Johnson,PERSON,75,82
uc1.32106007386094,123,9,0,the appointed hour,TIME,19,37
uc1.32106007386094,123,10,0,New Bedford,GPE,172,183
uc1.32106007386094,123,12,0,the third day,DATE,20,33
uc1.32106007386094,123,17,0,Hugh,PERSON,20,24
uc1.32106007386094,123,18,0,that day,DATE,9,17
uc1.32106007386094,124,0,0,FREDERICK DOUGLASS,PERSON,16,34
uc1.32106007386094,124,1,0,Johnson,PERSON,144,151
uc1.32106007386094,124,3,0,nearly three years,DATE,110,128
uc1.32106007386094,124,3,1,New Bedford,GPE,132,143
uc1.32106007386094,124,4,0,about four months,DATE,3,20
uc1.32106007386094,124,4,1,New Bedford,GPE,37,48
uc1.32106007386094,124,4,2,Liberator,PRODUCT,124,133
uc1.32106007386094,124,7,0,week,DATE,35,39
uc1.32106007386094,124,7,1,week,DATE,43,47
uc1.32106007386094,124,11,0,Liberator,WORK_OF_ART,37,46
uc1.32106007386094,124,15,0,Nantucket,GPE,51,60
uc1.32106007386094,124,15,1,"the 11th of August, 1841",DATE,65,89
uc1.32106007386094,124,15,2,William C. Coffin,PERSON,175,192
uc1.32106007386094,124,15,3,New Bedford,GPE,290,301
uc1.32106007386094,125,0,0,FREDERICK DOUGLASS,PERSON,12,30
uc1.32106007386094,125,0,1,New Bedford,GPE,79,90
uc1.32106007386094,126,2,0,Christ,PERSON,241,247
uc1.32106007386094,126,4,0,Christ,PERSON,58,64
uc1.32106007386094,126,5,0,Christianity,ORG,95,107
uc1.32106007386094,126,9,0,120,CARDINAL,55,58
uc1.32106007386094,127,0,0,FREDERICK DOUGLASS,PERSON,12,30
uc1.32106007386094,127,0,1,121,CARDINAL,31,34
uc1.32106007386094,127,1,0,the week,DATE,52,60
uc1.32106007386094,127,1,1,Sunday,DATE,81,87
uc1.32106007386094,127,1,2,Jesus,PERSON,139,144
uc1.32106007386094,127,2,0,Sunday,DATE,89,95
uc1.32106007386094,127,2,1,morning,TIME,96,103
uc1.32106007386094,127,4,0,Bible,WORK_OF_ART,49,54
uc1.32106007386094,127,5,0,millions,CARDINAL,56,64
uc1.32106007386094,127,8,0,Bibles,PRODUCT,97,103
uc1.32106007386094,127,15,0,Christianity,ORG,135,147
uc1.32106007386094,128,0,0,FREDERICK DOUGLASS,PERSON,16,34
uc1.32106007386094,128,3,0,Israel,GPE,54,60
uc1.32106007386094,128,10,0,Pilate,PERSON,1,7
uc1.32106007386094,128,10,1,Herod,PERSON,12,17
uc1.32106007386094,128,14,0,Christianity,ORG,33,45
uc1.32106007386094,128,14,1,Pharisees,NORP,127,136
uc1.32106007386094,128,14,2,one,CARDINAL,267,270
uc1.32106007386094,128,16,0,Rabbi,PERSON,106,111
uc1.32106007386094,128,16,1,Rabbi,PERSON,113,118
uc1.32106007386094,128,17,0,Pharisees,NORP,30,39
uc1.32106007386094,128,20,0,one,CARDINAL,32,35
uc1.32106007386094,128,21,0,Pharisees,NORP,38,47
uc1.32106007386094,129,0,0,FREDERICK DOUGLASS,PERSON,12,30
uc1.32106007386094,129,3,0,Pharisees,NORP,26,35
uc1.32106007386094,129,5,0,Pharisees,NORP,26,35
uc1.32106007386094,129,8,0,Christians,NORP,106,116
uc1.32106007386094,129,8,1,America,GPE,120,127
uc1.32106007386094,129,12,0,Pharisaical,NORP,17,28
uc1.32106007386094,129,16,0,Bible,WORK_OF_ART,45,50
uc1.32106007386094,129,17,0,Christian,NORP,285,294
uc1.32106007386094,130,0,0,FREDERICK DOUGLASS,PERSON,16,34
uc1.32106007386094,130,4,0,several years,DATE,31,44
uc1.32106007386094,130,4,1,Methodist,NORP,108,117
uc1.32106007386094,130,8,0,Jack,PERSON,72,76
uc1.32106007386094,130,8,1,Nell,PERSON,81,85
uc1.32106007386094,130,10,0,Tony,PERSON,85,89
uc1.32106007386094,130,10,1,Doll,PERSON,91,95
uc1.32106007386094,130,10,2,Sam,PERSON,101,104
uc1.32106007386094,130,11,0,Christ,PERSON,24,30
uc1.32106007386094,131,0,0,FREDERICK DOUGLASS,PERSON,12,30
uc1.32106007386094,131,4,0,Tony,PERSON,19,23
uc1.32106007386094,131,4,1,Bashan,NORP,63,69
uc1.32106007386094,131,4,2,Jacob,PERSON,125,130
uc1.32106007386094,131,6,0,Tom,PERSON,96,99
uc1.32106007386094,131,6,1,Dick,PERSON,105,109
uc1.32106007386094,131,6,2,Ned,PERSON,115,118
uc1.32106007386094,131,7,0,Nanny,PERSON,84,89
uc1.32106007386094,132,0,0,FREDERICK DOUGLASS,PERSON,16,34
uc1.32106007386094,132,1,0,Two,CARDINAL,1,4
uc1.32106007386094,132,3,0,Jack,PERSON,15,19
uc1.32106007386094,132,4,0,American,NORP,99,107
uc1.32106007386094,132,4,1,millions,CARDINAL,171,179
uc1.32106007386094,132,4,2,FREDERICK DOUGLASS LYNN,PERSON,375,398
uc1.32106007386094,132,4,3,Mass.,GPE,400,405
uc1.32106007386094,132,4,4,"April 28, 1845",DATE,407,421
uc1.32106007386094,134,0,0,FREDERICK DOUGLASS,PERSON,1,19
uc1.32106007386094,134,0,1,South,LOC,90,95
uc1.32106007386094,134,2,0,NARRATIVE OF THE LIFE OF FREDERICK DOUGLASS,WORK_OF_ART,0,43
uc1.32106007386094,134,2,1,pre-Civil War,EVENT,96,109
uc1.32106007386094,134,2,2,South,LOC,129,134
uc1.32106007386094,134,3,0,more than a century ago,DATE,8,31
uc1.32106007386094,134,3,1,Negro,NORP,37,42
uc1.32106007386094,134,3,2,U.S.,GPE,71,75
uc1.32106007386094,134,4,0,America,GPE,71,78
uc1.32106007386094,134,5,0,1453,CARDINAL,0,4
uc1.32106007386094,134,5,1,NEW AMERICAN LIBRARY,ORG,5,25
uc1.32106007386094,136,0,0,"THE UNIVERSITY LIBRARY UNIVERSITY OF CALIFORNIA,",ORG,0,48
uc1.32106007386094,136,0,1,SANTA CRUZ,GPE,49,59
uc1.32106007386094,136,2,0,459-2756,CARDINAL,24,32
uc1.32106007386094,136,3,0,14 days,DATE,37,44
uc1.32106007386094,136,4,0,OCT 23,DATE,0,6
uc1.32106007386094,136,4,1,JAN 30'01 Feb. 2ool FEB 2,DATE,18,43
uc1.32106007386094,136,5,0,2001,DATE,0,4
uc1.32106007386094,136,6,0,OCT 14,DATE,7,13
uc1.32106007386094,136,6,1,OCT 02 2001,DATE,19,30
uc1.32106007386094,136,6,2,03 2003,DATE,40,47
uc1.32106007386094,136,6,3,DEC 12,DATE,48,54
uc1.32106007386094,136,6,4,OCT 18 'OU 21,DATE,77,90
uc1.32106007386094,137,9,0,SANTA CRUZ,GPE,93,103
