vol_id,page,sentence_id,ent_id,entity,entity_type,start_char,end_char
uc1.$b396622,2,0,0,BERKELEY LIBRARY UNIVERSITY OF CALIFORWAA,ORG,1,42
uc1.$b396622,3,0,0,1st,ORDINAL,8,11
uc1.$b396622,3,0,1,11,CARDINAL,12,14
uc1.$b396622,5,0,0,An Absence,PERSON,0,10
uc1.$b396622,6,0,0,H. Orlando Patterson,PERSON,18,38
uc1.$b396622,6,0,1,New Authors Ltd.,ORG,77,93
uc1.$b396622,7,0,0,H. ORLANDO PATTERSON,PERSON,0,20
uc1.$b396622,7,0,1,HUTCHINSON,PERSON,41,51
uc1.$b396622,7,0,2,LONDON,GPE,55,61
uc1.$b396622,8,0,0,HUTCHINSON & CO (,ORG,11,28
uc1.$b396622,8,0,1,London,GPE,75,81
uc1.$b396622,8,0,2,London,GPE,85,91
uc1.$b396622,8,0,3,Melbourne,GPE,92,101
uc1.$b396622,8,0,4,Sydney,GPE,102,108
uc1.$b396622,8,0,5,Auckland,GPE,109,117
uc1.$b396622,8,0,6,Bombay,GPE,118,124
uc1.$b396622,8,0,7,Toronto,GPE,125,132
uc1.$b396622,8,0,8,Johannesburg,GPE,133,145
uc1.$b396622,8,0,9,New York,GPE,146,154
uc1.$b396622,8,1,0,1967,DATE,18,22
uc1.$b396622,8,1,1,H. Orlando Patterson,PERSON,23,43
uc1.$b396622,8,1,2,1967,DATE,44,48
uc1.$b396622,8,2,0,Baskerville,GPE,26,37
uc1.$b396622,8,2,1,Great Britain,GPE,50,63
uc1.$b396622,8,2,2,Antique Wove,ORG,67,79
uc1.$b396622,8,2,3,Anchor Press,ORG,89,101
uc1.$b396622,8,2,4,Wm. Brendon,PERSON,116,127
uc1.$b396622,8,2,5,Tiptree,GPE,137,144
uc1.$b396622,8,2,6,Essex,GPE,146,151
uc1.$b396622,9,1,0,Egypt,GPE,120,125
uc1.$b396622,9,3,0,One,CARDINAL,48,51
uc1.$b396622,9,3,1,one,CARDINAL,174,177
uc1.$b396622,9,4,0,DEREK WALCOTT,PERSON,0,13
uc1.$b396622,9,5,0,The Royal Palms,FAC,0,15
uc1.$b396622,9,7,0,BESSIE SMITH,PERSON,0,12
uc1.$b396622,9,8,0,230,CARDINAL,18,21
uc1.$b396622,11,0,0,Nerys,PERSON,4,9
uc1.$b396622,13,0,0,ONE,CARDINAL,14,17
uc1.$b396622,13,0,1,The Beast II,WORK_OF_ART,28,40
uc1.$b396622,13,0,2,TWO,CARDINAL,46,49
uc1.$b396622,13,0,3,The Noble Coward 79 PART THREE Exit,WORK_OF_ART,57,92
uc1.$b396622,13,0,4,The Second Adam,WORK_OF_ART,94,109
uc1.$b396622,13,0,5,129,CARDINAL,110,113
uc1.$b396622,13,0,6,FOUR,CARDINAL,119,123
uc1.$b396622,13,0,7,157,CARDINAL,137,140
uc1.$b396622,15,0,0,One,CARDINAL,5,8
uc1.$b396622,15,0,1,The Beast,PERSON,19,28
uc1.$b396622,15,5,0,F. NIETZSCHE,PERSON,0,12
uc1.$b396622,17,3,0,"a dry, harsh August",DATE,12,31
uc1.$b396622,18,6,0,later in the afternoon,TIME,73,95
uc1.$b396622,19,0,0,THE BEAST 15,PERSON,10,22
uc1.$b396622,19,7,0,hours,TIME,30,35
uc1.$b396622,19,18,0,the Windward Road,FAC,14,31
uc1.$b396622,19,19,0,Red-Stripe,PRODUCT,58,68
uc1.$b396622,19,22,0,RedStripe,PRODUCT,14,23
uc1.$b396622,20,15,0,first,ORDINAL,4,9
uc1.$b396622,20,16,0,second,ORDINAL,4,10
uc1.$b396622,20,17,0,third,ORDINAL,7,12
uc1.$b396622,20,17,1,fourth,ORDINAL,37,43
uc1.$b396622,20,18,0,fifth,ORDINAL,8,13
uc1.$b396622,20,19,0,one,CARDINAL,88,91
uc1.$b396622,21,0,0,THE BEAST 17,PERSON,10,22
uc1.$b396622,21,20,0,Revivalists,NORP,112,123
uc1.$b396622,22,0,0,Jesus,PERSON,40,45
uc1.$b396622,22,11,0,Bible,WORK_OF_ART,120,125
uc1.$b396622,22,11,1,Jezebels,NORP,223,231
uc1.$b396622,22,19,0,the Mountain View Road,FAC,49,71
uc1.$b396622,23,0,0,THE BEAST 19,PERSON,10,22
uc1.$b396622,23,6,0,two,CARDINAL,113,116
uc1.$b396622,23,7,0,The Hermitage,FAC,37,50
uc1.$b396622,23,10,0,mid-,DATE,7,11
uc1.$b396622,23,10,1,week,DATE,11,15
uc1.$b396622,23,13,0,Tiny,PERSON,206,210
uc1.$b396622,24,7,0,my early student days,DATE,175,196
uc1.$b396622,24,8,0,Japanese,NORP,15,23
uc1.$b396622,24,10,0,One,CARDINAL,0,3
uc1.$b396622,24,10,1,one,CARDINAL,7,10
uc1.$b396622,24,14,0,three,CARDINAL,14,19
uc1.$b396622,24,16,0,One,CARDINAL,0,3
uc1.$b396622,24,17,0,Tiny,PERSON,25,29
uc1.$b396622,24,18,0,third,ORDINAL,4,9
uc1.$b396622,25,0,0,THE BEAST,PERSON,10,19
uc1.$b396622,25,2,0,Mongoloid,NORP,31,40
uc1.$b396622,25,4,0,Negroid,NORP,42,49
uc1.$b396622,25,4,1,Chinese,NORP,65,72
uc1.$b396622,25,4,2,two,CARDINAL,99,102
uc1.$b396622,25,6,0,Negroes,NORP,75,82
uc1.$b396622,25,12,0,these days,DATE,50,60
uc1.$b396622,25,13,0,the next half-hour,TIME,75,93
uc1.$b396622,26,0,0,one,CARDINAL,27,30
uc1.$b396622,27,0,0,23,CARDINAL,20,22
uc1.$b396622,27,6,0,fifty shillings,MONEY,11,26
uc1.$b396622,27,8,0,another ten shillings,MONEY,11,32
uc1.$b396622,27,11,0,another pound,MONEY,45,58
uc1.$b396622,28,3,0,four pounds,QUANTITY,3,14
uc1.$b396622,28,5,0,two,CARDINAL,97,100
uc1.$b396622,28,5,1,two,CARDINAL,107,110
uc1.$b396622,28,5,2,two,CARDINAL,117,120
uc1.$b396622,28,15,0,Richard,PERSON,1,8
uc1.$b396622,28,19,0,Bessie Smith,PERSON,83,95
uc1.$b396622,29,0,0,THF BEAST 25,PERSON,10,22
uc1.$b396622,29,1,0,Mam,PERSON,20,23
uc1.$b396622,29,6,0,tonight,TIME,50,57
uc1.$b396622,29,8,0,Mam,PERSON,23,26
uc1.$b396622,29,20,0,Pauline,PERSON,6,13
uc1.$b396622,29,21,0,hundredth,ORDINAL,32,41
uc1.$b396622,29,22,0,Pauline,PERSON,34,41
uc1.$b396622,29,24,0,Tomorrow,DATE,1,9
uc1.$b396622,30,5,0,Mam,PERSON,21,24
uc1.$b396622,30,7,0,three,CARDINAL,28,33
uc1.$b396622,30,24,0,less than two weeks,DATE,49,68
uc1.$b396622,31,0,0,THE BEAST 27,PERSON,10,22
uc1.$b396622,31,4,0,Mam,PERSON,5,8
uc1.$b396622,31,7,0,a month,DATE,19,26
uc1.$b396622,31,7,1,New York,GPE,32,40
uc1.$b396622,31,11,0,Mam,PERSON,21,24
uc1.$b396622,31,14,0,American,NORP,40,48
uc1.$b396622,31,15,0,New York,GPE,44,52
uc1.$b396622,31,18,0,London,GPE,19,25
uc1.$b396622,31,22,0,London,GPE,23,29
uc1.$b396622,31,22,1,New York,GPE,31,39
uc1.$b396622,32,5,0,thirty years,DATE,25,37
uc1.$b396622,32,16,0,Mam,PERSON,9,12
uc1.$b396622,33,8,0,the day,DATE,75,82
uc1.$b396622,33,11,0,two,CARDINAL,249,252
uc1.$b396622,34,0,0,million,CARDINAL,75,82
uc1.$b396622,35,13,0,Elaine,PERSON,114,120
uc1.$b396622,35,14,0,Elaine,PERSON,0,6
uc1.$b396622,36,1,0,one,CARDINAL,33,36
uc1.$b396622,36,26,0,one,CARDINAL,38,41
uc1.$b396622,37,28,0,Pauline,PERSON,1,8
uc1.$b396622,38,14,0,third,ORDINAL,54,59
uc1.$b396622,39,0,0,THE BEAST 35,PERSON,10,22
uc1.$b396622,41,0,0,THE BEAST 37,PERSON,10,22
uc1.$b396622,41,7,0,seventeen,DATE,33,42
uc1.$b396622,41,7,1,New York,GPE,65,73
uc1.$b396622,41,8,0,months,DATE,62,68
uc1.$b396622,41,20,0,England,GPE,17,24
uc1.$b396622,42,4,0,Elaine,PERSON,16,22
uc1.$b396622,42,10,0,AngloSaxon,NORP,19,29
uc1.$b396622,42,12,0,AngloSaxon,NORP,31,41
uc1.$b396622,43,0,0,THE BEAST 39,PERSON,10,22
uc1.$b396622,43,1,0,Anglo,NORP,51,56
uc1.$b396622,43,7,0,Anglo,NORP,31,36
uc1.$b396622,43,7,1,Japanese,NORP,78,86
uc1.$b396622,43,7,2,African,NORP,91,98
uc1.$b396622,43,7,3,Indian,NORP,102,108
uc1.$b396622,44,2,0,Elaine,PERSON,21,27
uc1.$b396622,44,12,0,one,CARDINAL,5,8
uc1.$b396622,45,0,0,THE BEAST 41,PERSON,10,22
uc1.$b396622,45,6,0,Jamaican,NORP,3,11
uc1.$b396622,45,6,1,one,CARDINAL,16,19
uc1.$b396622,45,18,0,George,PERSON,51,57
uc1.$b396622,45,18,1,Edward,PERSON,62,68
uc1.$b396622,45,18,2,Neville,PERSON,73,80
uc1.$b396622,45,19,0,one moment,TIME,23,33
uc1.$b396622,46,15,0,England,GPE,14,21
uc1.$b396622,46,16,0,Jamaica,GPE,44,51
uc1.$b396622,48,1,0,Edward,PERSON,56,62
uc1.$b396622,48,1,1,Alexander,PERSON,94,103
uc1.$b396622,48,4,0,six,CARDINAL,11,14
uc1.$b396622,48,4,1,Edward,PERSON,34,40
uc1.$b396622,48,4,2,five-year,DATE,204,213
uc1.$b396622,48,5,0,Lloyd,PERSON,0,5
uc1.$b396622,48,5,1,Alexander,PERSON,141,150
uc1.$b396622,48,11,0,Lloyd,PERSON,0,5
uc1.$b396622,49,4,0,Alex,PERSON,25,29
uc1.$b396622,49,17,0,Edward,PERSON,14,20
uc1.$b396622,49,19,0,Lloyd,PERSON,38,43
uc1.$b396622,49,23,0,Alex,PERSON,0,4
uc1.$b396622,49,23,1,Lloyd,PERSON,26,31
uc1.$b396622,50,1,0,Appleton,PRODUCT,51,59
uc1.$b396622,50,2,0,Alex,PERSON,23,27
uc1.$b396622,50,8,0,Carmen,PERSON,0,6
uc1.$b396622,50,8,1,one,CARDINAL,58,61
uc1.$b396622,50,12,0,England,GPE,45,52
uc1.$b396622,50,16,0,half,CARDINAL,81,85
uc1.$b396622,51,0,0,47,CARDINAL,20,22
uc1.$b396622,51,5,0,Lloyd,PERSON,0,5
uc1.$b396622,51,6,0,Alex,PERSON,67,71
uc1.$b396622,51,7,0,Alex,PERSON,25,29
uc1.$b396622,51,7,1,this afternoon,TIME,78,92
uc1.$b396622,51,10,0,Alex,PERSON,19,23
uc1.$b396622,51,12,0,Lloyd,PERSON,0,5
uc1.$b396622,51,12,1,first,ORDINAL,15,20
uc1.$b396622,51,12,2,Alex,PERSON,32,36
uc1.$b396622,51,15,0,Edward,PERSON,34,40
uc1.$b396622,51,17,0,Lloyd,PERSON,16,21
uc1.$b396622,51,19,0,Alex,PERSON,15,19
uc1.$b396622,51,20,0,Edward,PERSON,0,6
uc1.$b396622,51,20,1,Lloyd,PERSON,99,104
uc1.$b396622,51,21,0,Lloyd,PERSON,0,5
uc1.$b396622,52,6,0,a million,CARDINAL,16,25
uc1.$b396622,52,6,1,Lloyd,PERSON,41,46
uc1.$b396622,52,7,0,Lloyd,PERSON,0,5
uc1.$b396622,52,10,0,Alex,PERSON,29,33
uc1.$b396622,52,15,0,Twenty per cent,PERCENT,0,15
uc1.$b396622,52,19,0,Alex,PERSON,13,17
uc1.$b396622,53,0,0,49,CARDINAL,20,22
uc1.$b396622,53,9,0,Alex,PERSON,16,20
uc1.$b396622,53,17,0,Two,CARDINAL,0,3
uc1.$b396622,53,20,0,Alex,PERSON,22,26
uc1.$b396622,53,20,1,Joyce,PERSON,29,34
uc1.$b396622,53,23,0,Joyce,PERSON,41,46
uc1.$b396622,53,23,1,Edward,PERSON,49,55
uc1.$b396622,53,29,0,Alex,PERSON,0,4
uc1.$b396622,54,2,0,Lloyd,PERSON,0,5
uc1.$b396622,54,10,0,Lloyd,PERSON,12,17
uc1.$b396622,54,16,0,Alex,PERSON,5,9
uc1.$b396622,54,16,1,Alex,PERSON,11,15
uc1.$b396622,54,16,2,Alex,PERSON,17,21
uc1.$b396622,54,16,3,Lloyd,PERSON,36,41
uc1.$b396622,54,26,0,Jamaica,GPE,15,22
uc1.$b396622,54,27,0,Uncle Sam,PERSON,0,9
uc1.$b396622,54,27,1,every moment,TIME,40,52
uc1.$b396622,54,29,0,Edward,PERSON,5,11
uc1.$b396622,54,29,1,two,CARDINAL,31,34
uc1.$b396622,54,29,2,Cuba,GPE,95,99
uc1.$b396622,54,30,0,America,GPE,18,25
uc1.$b396622,55,0,0,51,CARDINAL,20,22
uc1.$b396622,55,3,0,Carmen,PERSON,0,6
uc1.$b396622,55,5,0,Carmen,PERSON,0,6
uc1.$b396622,55,6,0,Carmen,PERSON,0,6
uc1.$b396622,55,7,0,Carmen,PERSON,0,6
uc1.$b396622,55,8,0,6,CARDINAL,4,5
uc1.$b396622,55,17,0,Lloyd,PERSON,26,31
uc1.$b396622,55,21,0,Negro,NORP,38,43
uc1.$b396622,55,21,1,Jamaican,NORP,55,63
uc1.$b396622,55,26,0,Jamaican,NORP,43,51
uc1.$b396622,55,26,1,Negro,NORP,83,88
uc1.$b396622,56,0,0,52,CARDINAL,0,2
uc1.$b396622,56,2,0,Edward,PERSON,40,46
uc1.$b396622,56,3,0,Alex,PERSON,25,29
uc1.$b396622,56,4,0,Edward,PERSON,24,30
uc1.$b396622,56,5,0,Edward,PERSON,23,29
uc1.$b396622,56,6,0,Alex,PERSON,15,19
uc1.$b396622,56,6,1,Edward,PERSON,27,33
uc1.$b396622,56,6,2,one,CARDINAL,37,40
uc1.$b396622,56,14,0,Alex,PERSON,24,28
uc1.$b396622,56,14,1,Edward,PERSON,62,68
uc1.$b396622,57,0,0,53,CARDINAL,20,22
uc1.$b396622,57,1,0,Edward,PERSON,83,89
uc1.$b396622,57,1,1,Pauline,PERSON,128,135
uc1.$b396622,57,2,0,Edward,PERSON,0,6
uc1.$b396622,57,2,1,Alex,PERSON,93,97
uc1.$b396622,57,2,2,Pauline,PERSON,102,109
uc1.$b396622,57,3,0,Alex,PERSON,71,75
uc1.$b396622,57,7,0,Edward,PERSON,4,10
uc1.$b396622,57,14,0,Alex,PERSON,0,4
uc1.$b396622,57,14,1,Carmen,PERSON,46,52
uc1.$b396622,58,0,0,RUINS,PERSON,17,22
uc1.$b396622,58,8,0,Alex,PERSON,0,4
uc1.$b396622,58,8,1,first,ORDINAL,22,27
uc1.$b396622,58,11,0,Jamaican,NORP,139,147
uc1.$b396622,58,15,0,Edward,PERSON,6,12
uc1.$b396622,59,0,0,THE BEAST 55,PERSON,10,22
uc1.$b396622,59,7,0,Alex,PERSON,18,22
uc1.$b396622,59,10,0,one brief,TIME,37,46
uc1.$b396622,59,14,0,Alex,PERSON,25,29
uc1.$b396622,59,15,0,Edward,PERSON,50,56
uc1.$b396622,60,1,0,Joyce,PERSON,0,5
uc1.$b396622,60,8,0,the Civil Service,ORG,14,31
uc1.$b396622,60,12,0,Service,ORG,9,16
uc1.$b396622,60,16,0,One morning,TIME,0,11
uc1.$b396622,60,17,0,three,CARDINAL,30,35
uc1.$b396622,60,17,1,the night before,TIME,40,56
uc1.$b396622,60,20,0,Alex,PERSON,37,41
uc1.$b396622,60,21,0,tonight,TIME,40,47
uc1.$b396622,60,23,0,Joyce,PERSON,9,14
uc1.$b396622,61,0,0,THE BEAST 57,PERSON,10,22
uc1.$b396622,61,1,0,A second,TIME,0,8
uc1.$b396622,61,2,0,evening,TIME,72,79
uc1.$b396622,61,8,0,first,ORDINAL,27,32
uc1.$b396622,61,11,0,English,NORP,193,200
uc1.$b396622,61,14,0,Mary,PERSON,45,49
uc1.$b396622,61,14,1,King's House,FAC,58,70
uc1.$b396622,61,16,0,Alex,PERSON,0,4
uc1.$b396622,62,0,0,RUINS,PERSON,17,22
uc1.$b396622,62,0,1,Carmen,PERSON,31,37
uc1.$b396622,62,0,2,seventeen,DATE,99,108
uc1.$b396622,62,8,0,an hour or so,TIME,84,97
uc1.$b396622,62,8,1,Alex,PERSON,105,109
uc1.$b396622,62,10,0,Edward,PERSON,0,6
uc1.$b396622,62,11,0,Alex,PERSON,51,55
uc1.$b396622,62,13,0,Carmen,PERSON,46,52
uc1.$b396622,62,14,0,today,DATE,55,60
uc1.$b396622,63,13,0,Alex,PERSON,0,4
uc1.$b396622,63,13,1,Edward,PERSON,102,108
uc1.$b396622,63,14,0,John Fitzmaurice,PERSON,55,71
uc1.$b396622,63,14,1,Jamaican,NORP,75,83
uc1.$b396622,63,15,0,Alex,PERSON,0,4
uc1.$b396622,63,15,1,Fitzmaurice,PERSON,147,158
uc1.$b396622,63,16,0,Alex,PERSON,5,9
uc1.$b396622,63,17,0,Fitzmaurice,PERSON,0,11
uc1.$b396622,63,17,1,Englishman,NORP,57,67
uc1.$b396622,64,0,0,English,LANGUAGE,23,30
uc1.$b396622,64,1,0,Alex,PERSON,23,27
uc1.$b396622,64,2,0,Fitzmaurice,PERSON,27,38
uc1.$b396622,64,2,1,Englishman,NORP,134,144
uc1.$b396622,64,2,2,Jamaican,NORP,212,220
uc1.$b396622,64,5,0,Oxford,GPE,9,15
uc1.$b396622,64,9,0,Alex,PERSON,24,28
uc1.$b396622,64,9,1,Jamaicans,NORP,166,175
uc1.$b396622,64,10,0,Fitzmaurice,PERSON,66,77
uc1.$b396622,64,11,0,English,NORP,30,37
uc1.$b396622,64,12,0,Alex,PERSON,15,19
uc1.$b396622,64,12,1,Fitzmaurice,PERSON,70,81
uc1.$b396622,64,13,0,Alex,PERSON,29,33
uc1.$b396622,65,0,0,THE BEAST 61,PERSON,10,22
uc1.$b396622,65,1,0,Fitzmaurice,PERSON,38,49
uc1.$b396622,65,3,0,tonight,TIME,30,37
uc1.$b396622,65,6,0,Alex,PERSON,0,4
uc1.$b396622,65,7,0,Fitzmaurice,PERSON,11,22
uc1.$b396622,65,8,0,two,CARDINAL,19,22
uc1.$b396622,65,9,0,Alex,PERSON,43,47
uc1.$b396622,65,10,0,Fitzmaurice,PERSON,0,11
uc1.$b396622,65,10,1,Alex,PERSON,29,33
uc1.$b396622,65,12,0,Alex,PERSON,31,35
uc1.$b396622,65,15,0,Alex,PERSON,39,43
uc1.$b396622,65,17,0,Alex,PERSON,68,72
uc1.$b396622,65,17,1,Fitzmaurice,PERSON,114,125
uc1.$b396622,66,2,0,Oxford,ORG,81,87
uc1.$b396622,66,3,0,Alex,PERSON,0,4
uc1.$b396622,66,4,0,Fitzmaurice,PERSON,27,38
uc1.$b396622,66,9,0,Alex,PERSON,0,4
uc1.$b396622,66,9,1,Fitzmaurice,PERSON,54,65
uc1.$b396622,66,9,2,Englishman,NORP,219,229
uc1.$b396622,66,10,0,Alex,PERSON,36,40
uc1.$b396622,66,11,0,Fitzmaurice,PERSON,68,79
uc1.$b396622,66,12,0,Fitzmaurice,PERSON,0,11
uc1.$b396622,66,12,1,Alex,PERSON,135,139
uc1.$b396622,66,14,0,Joyce,PERSON,16,21
uc1.$b396622,66,15,0,Alex,PERSON,25,29
uc1.$b396622,67,0,0,63,CARDINAL,20,22
uc1.$b396622,67,0,1,Negro,NORP,93,98
uc1.$b396622,67,4,0,Jamaican,NORP,12,20
uc1.$b396622,67,6,0,Rabelaisian,NORP,39,50
uc1.$b396622,67,8,0,Alex,PERSON,225,229
uc1.$b396622,67,8,1,tonight,TIME,295,302
uc1.$b396622,67,13,0,Alex,PERSON,0,4
uc1.$b396622,68,2,0,Joyce,PERSON,19,24
uc1.$b396622,68,11,0,Carl,PERSON,32,36
uc1.$b396622,68,11,1,the other day,DATE,44,57
uc1.$b396622,68,12,0,Chinese,NORP,28,35
uc1.$b396622,68,13,0,Carl,PERSON,19,23
uc1.$b396622,68,17,0,Jamaican,NORP,102,110
uc1.$b396622,68,17,1,Alex,PERSON,119,123
uc1.$b396622,68,20,0,Alex,PERSON,23,27
uc1.$b396622,69,5,0,only one,CARDINAL,88,96
uc1.$b396622,69,6,0,Alex,PERSON,48,52
uc1.$b396622,69,11,0,first,ORDINAL,52,57
uc1.$b396622,69,11,1,one,CARDINAL,87,90
uc1.$b396622,69,11,2,three,CARDINAL,124,129
uc1.$b396622,69,12,0,Negro,NORP,100,105
uc1.$b396622,69,17,0,Lloyd,PERSON,18,23
uc1.$b396622,69,17,1,Edward,PERSON,28,34
uc1.$b396622,69,17,2,one,CARDINAL,74,77
uc1.$b396622,69,17,3,two,CARDINAL,81,84
uc1.$b396622,70,5,0,Jamaican,NORP,9,17
uc1.$b396622,70,5,1,Jamaican,NORP,37,45
uc1.$b396622,70,17,0,about an hour later,TIME,62,81
uc1.$b396622,70,18,0,Carmen,PERSON,21,27
uc1.$b396622,70,22,0,Edward,PERSON,1,7
uc1.$b396622,71,0,0,THE BEAST 67,PERSON,10,22
uc1.$b396622,71,7,0,tonight,TIME,29,36
uc1.$b396622,72,5,0,tonight,TIME,29,36
uc1.$b396622,72,13,0,Tomorrow,DATE,0,8
uc1.$b396622,72,13,1,morning,TIME,9,16
uc1.$b396622,72,14,0,roughly a pound,QUANTITY,67,82
uc1.$b396622,73,0,0,THE BEAST 69,PERSON,10,22
uc1.$b396622,73,1,0,Carmen,PERSON,37,43
uc1.$b396622,74,5,0,Tomorrow,DATE,0,8
uc1.$b396622,74,5,1,morning,TIME,9,16
uc1.$b396622,74,16,0,Day,DATE,0,3
uc1.$b396622,75,0,0,71,CARDINAL,20,22
uc1.$b396622,75,5,0,the morning,TIME,19,30
uc1.$b396622,76,0,0,days,DATE,22,26
uc1.$b396622,76,1,0,days,DATE,19,23
uc1.$b396622,76,3,0,Days,DATE,0,4
uc1.$b396622,76,4,0,Days,DATE,0,4
uc1.$b396622,76,5,0,Days,DATE,0,4
uc1.$b396622,76,6,0,Days,DATE,0,4
uc1.$b396622,77,0,0,THE BEAST,PERSON,10,19
uc1.$b396622,77,10,0,second,ORDINAL,53,59
uc1.$b396622,77,10,1,Donne,PERSON,70,75
uc1.$b396622,77,10,2,A Nocturnal Upon S. Lucies Day,WORK_OF_ART,79,109
uc1.$b396622,77,11,0,Alchemie,PERSON,210,218
uc1.$b396622,78,8,0,first,ORDINAL,65,70
uc1.$b396622,78,17,0,mornings,TIME,25,33
uc1.$b396622,79,0,0,75,CARDINAL,20,22
uc1.$b396622,79,8,0,Mozart,PERSON,16,22
uc1.$b396622,79,9,0,Doris Day's,PERSON,0,11
uc1.$b396622,79,9,1,Odeon,ORG,37,42
uc1.$b396622,79,13,0,a week,DATE,5,11
uc1.$b396622,79,18,0,the first night,TIME,43,58
uc1.$b396622,79,18,1,the last night,TIME,71,85
uc1.$b396622,79,21,0,one,CARDINAL,84,87
uc1.$b396622,81,0,0,THE BEAST 77,PERSON,10,22
uc1.$b396622,83,0,0,Two,CARDINAL,5,8
uc1.$b396622,83,0,1,The Noble Coward,PERSON,16,32
uc1.$b396622,83,1,0,iii,CARDINAL,14,17
uc1.$b396622,85,0,0,Pauline,PERSON,22,29
uc1.$b396622,85,4,0,Each evening,TIME,0,12
uc1.$b396622,85,4,1,about nine,TIME,16,26
uc1.$b396622,86,0,0,82,CARDINAL,0,2
uc1.$b396622,86,3,0,Alex,PERSON,17,21
uc1.$b396622,86,15,0,Alex,PERSON,14,18
uc1.$b396622,86,21,0,first,ORDINAL,38,43
uc1.$b396622,87,0,0,THE NOBLE COWARD 83,PERSON,7,26
uc1.$b396622,88,10,0,two,CARDINAL,31,34
uc1.$b396622,88,17,0,one,CARDINAL,123,126
uc1.$b396622,89,8,0,One,CARDINAL,0,3
uc1.$b396622,89,12,0,first,ORDINAL,96,101
uc1.$b396622,90,1,0,Alex,PERSON,55,59
uc1.$b396622,91,7,0,evening,TIME,134,141
uc1.$b396622,92,0,0,Today,DATE,2,7
uc1.$b396622,92,4,0,all day,DATE,26,33
uc1.$b396622,92,10,0,many years,DATE,4,14
uc1.$b396622,92,10,1,five-year,DATE,29,38
uc1.$b396622,92,22,0,Mona Heights,GPE,133,145
uc1.$b396622,93,0,0,ENTER,PERSON,0,5
uc1.$b396622,93,0,1,THE NOBLE COWARD,PERSON,7,23
uc1.$b396622,93,6,0,ten degrees,QUANTITY,9,20
uc1.$b396622,93,7,0,ten degrees,QUANTITY,7,18
uc1.$b396622,93,9,0,ten degrees,QUANTITY,59,70
uc1.$b396622,93,13,0,Cuba,GPE,160,164
uc1.$b396622,94,0,0,90,CARDINAL,0,2
uc1.$b396622,94,2,0,the Dominican Republic,GPE,74,96
uc1.$b396622,94,2,1,Jamaica,GPE,184,191
uc1.$b396622,94,8,0,nineteen-fifty-one,DATE,4,22
uc1.$b396622,94,9,0,West Kingston,LOC,28,41
uc1.$b396622,94,9,1,Gordon Town,GPE,129,140
uc1.$b396622,95,14,0,a moment,TIME,3,11
uc1.$b396622,96,3,0,another minute,TIME,92,106
uc1.$b396622,96,5,0,third,ORDINAL,82,87
uc1.$b396622,97,0,0,THE NOBLE COWARD,PERSON,7,23
uc1.$b396622,98,0,0,Today,DATE,2,7
uc1.$b396622,98,7,0,a hundred,CARDINAL,8,17
uc1.$b396622,99,3,0,the morrow,DATE,114,124
uc1.$b396622,99,8,0,Ethiopia,GPE,83,91
uc1.$b396622,99,8,1,Africa,LOC,135,141
uc1.$b396622,99,10,0,half,CARDINAL,10,14
uc1.$b396622,99,10,1,half,CARDINAL,117,121
uc1.$b396622,99,14,0,one,CARDINAL,16,19
uc1.$b396622,100,1,0,Babylon,GPE,71,78
uc1.$b396622,100,1,1,Sodom,GPE,94,99
uc1.$b396622,100,5,0,Israelites,NORP,129,139
uc1.$b396622,100,6,0,Jew,NORP,11,14
uc1.$b396622,100,10,0,Jews,NORP,148,152
uc1.$b396622,100,11,0,Jew,NORP,90,93
uc1.$b396622,100,13,0,first,ORDINAL,24,29
uc1.$b396622,100,13,1,Green Bay,LOC,62,71
uc1.$b396622,101,0,0,NOBLE COWARD 97 hill,FAC,11,31
uc1.$b396622,101,2,0,a half-mile,QUANTITY,58,69
uc1.$b396622,101,6,0,Columbus,PERSON,25,33
uc1.$b396622,101,8,0,first,ORDINAL,17,22
uc1.$b396622,101,8,1,first,ORDINAL,38,43
uc1.$b396622,101,8,2,first,ORDINAL,61,66
uc1.$b396622,101,11,0,first,ORDINAL,17,22
uc1.$b396622,101,12,0,first,ORDINAL,10,15
uc1.$b396622,101,23,0,sixth,ORDINAL,42,47
uc1.$b396622,102,7,0,centuries,DATE,130,139
uc1.$b396622,103,0,0,ENTER,PERSON,0,5
uc1.$b396622,103,19,0,today,DATE,8,13
uc1.$b396622,104,0,0,100,CARDINAL,0,3
uc1.$b396622,104,4,0,only a few yards,QUANTITY,12,28
uc1.$b396622,104,6,0,one,CARDINAL,82,85
uc1.$b396622,105,0,0,ENTER,PERSON,0,5
uc1.$b396622,105,0,1,IOI,PERSON,24,27
uc1.$b396622,105,14,0,millions,CARDINAL,69,77
uc1.$b396622,106,0,0,102,CARDINAL,0,3
uc1.$b396622,107,3,0,the night,TIME,12,21
uc1.$b396622,107,3,1,five in the morning,TIME,54,73
uc1.$b396622,107,6,0,one,CARDINAL,67,70
uc1.$b396622,107,6,1,Parade,FAC,106,112
uc1.$b396622,107,7,0,about five minutes,TIME,48,66
uc1.$b396622,108,0,0,104,CARDINAL,0,3
uc1.$b396622,108,12,0,Romans,NORP,36,42
uc1.$b396622,108,15,0,Rabelaisian,NORP,23,34
uc1.$b396622,108,18,0,a thousand years,DATE,18,34
uc1.$b396622,109,0,0,105,CARDINAL,24,27
uc1.$b396622,109,0,1,Arawak Indians,NORP,38,52
uc1.$b396622,109,0,2,Spanish,NORP,94,101
uc1.$b396622,109,0,3,half,CARDINAL,119,123
uc1.$b396622,109,0,4,Caribs,NORP,137,143
uc1.$b396622,109,3,0,a million,CARDINAL,19,28
uc1.$b396622,109,4,0,the British Museum,ORG,18,36
uc1.$b396622,109,4,1,the Public Records Office,ORG,38,63
uc1.$b396622,109,4,2,the Institute of Jamaica,ORG,65,89
uc1.$b396622,109,4,3,the Archives of Spanish Town,ORG,94,122
uc1.$b396622,109,11,0,Alexander Blackman,PERSON,3,21
uc1.$b396622,109,12,0,morning,TIME,35,42
uc1.$b396622,111,1,0,the new day,DATE,31,42
uc1.$b396622,111,11,0,Paradise,FAC,167,175
uc1.$b396622,112,0,0,108,CARDINAL,0,3
uc1.$b396622,112,0,1,the dawn,TIME,34,42
uc1.$b396622,113,0,0,Elaine,PERSON,19,25
uc1.$b396622,113,0,1,the Hall of Residence,FAC,78,99
uc1.$b396622,113,5,0,those childhood days,DATE,40,60
uc1.$b396622,113,9,0,one,CARDINAL,71,74
uc1.$b396622,113,14,0,one,CARDINAL,4,7
uc1.$b396622,113,14,1,English,LANGUAGE,49,56
uc1.$b396622,114,8,0,William,PERSON,13,20
uc1.$b396622,114,8,1,William,PERSON,27,34
uc1.$b396622,114,9,0,William,PERSON,0,7
uc1.$b396622,114,14,0,English,LANGUAGE,75,82
uc1.$b396622,114,14,1,William,PERSON,168,175
uc1.$b396622,114,19,0,William,PERSON,17,24
uc1.$b396622,114,21,0,English,NORP,141,148
uc1.$b396622,114,23,0,ten,DATE,33,36
uc1.$b396622,115,0,0,THE NOBLE COWARD III,PERSON,7,27
uc1.$b396622,115,2,0,William,PERSON,61,68
uc1.$b396622,115,2,1,England,GPE,70,77
uc1.$b396622,115,7,0,All Through the Night,WORK_OF_ART,20,41
uc1.$b396622,115,7,1,Early One Morning,WORK_OF_ART,45,62
uc1.$b396622,115,7,2,The Blue Bells of Scotland,WORK_OF_ART,66,92
uc1.$b396622,115,10,0,Celtic,NORP,23,29
uc1.$b396622,115,11,0,Wales,GPE,57,62
uc1.$b396622,115,11,1,Scotland,GPE,70,78
uc1.$b396622,115,11,2,England,GPE,86,93
uc1.$b396622,116,1,0,one,CARDINAL,19,22
uc1.$b396622,116,16,0,Linstead Market,WORK_OF_ART,37,52
uc1.$b396622,116,16,1,Peel Head John-Crow,WORK_OF_ART,56,75
uc1.$b396622,116,16,2,Solas Market,WORK_OF_ART,79,91
uc1.$b396622,116,18,0,Annancy,PERSON,46,53
uc1.$b396622,117,3,0,later than four in the afternoon,TIME,23,55
uc1.$b396622,117,10,0,a hot afternoon,TIME,7,22
uc1.$b396622,117,13,0,second,ORDINAL,76,82
uc1.$b396622,118,0,0,114,CARDINAL,0,3
uc1.$b396622,118,1,0,Alexander,PERSON,35,44
uc1.$b396622,118,2,0,all day,DATE,29,36
uc1.$b396622,118,8,0,three,CARDINAL,115,120
uc1.$b396622,118,8,1,Lawd,PERSON,184,188
uc1.$b396622,118,11,0,another hundred years,DATE,103,124
uc1.$b396622,118,16,0,Alex,PERSON,38,42
uc1.$b396622,118,18,0,a minute,TIME,6,14
uc1.$b396622,118,19,0,Alex,PERSON,0,4
uc1.$b396622,118,20,0,the Mountain View Road,FAC,33,55
uc1.$b396622,119,4,0,ten,DATE,13,16
uc1.$b396622,121,0,0,THE NOBLE COWARD,PERSON,7,23
uc1.$b396622,122,0,0,118,CARDINAL,0,3
uc1.$b396622,123,0,0,all day,DATE,40,47
uc1.$b396622,123,1,0,first,ORDINAL,60,65
uc1.$b396622,123,2,0,One,CARDINAL,0,3
uc1.$b396622,124,11,0,one,CARDINAL,80,83
uc1.$b396622,124,14,0,six o'clock,TIME,10,21
uc1.$b396622,124,15,0,morning,TIME,6,13
uc1.$b396622,124,16,0,evening,TIME,6,13
uc1.$b396622,125,23,0,Africa,LOC,73,79
uc1.$b396622,126,3,0,Ashanti,NORP,10,17
uc1.$b396622,126,12,0,Oedipus,PERSON,0,7
uc1.$b396622,126,17,0,thirty years ago,DATE,16,32
uc1.$b396622,127,24,0,first,ORDINAL,14,19
uc1.$b396622,127,24,1,the Harbour Street,FAC,56,74
uc1.$b396622,128,2,0,Royal Mail,ORG,7,17
uc1.$b396622,128,8,0,One,CARDINAL,0,3
uc1.$b396622,128,16,0,a thousand,CARDINAL,10,20
uc1.$b396622,129,10,0,Kingston,PERSON,112,120
uc1.$b396622,129,12,0,Alex,PERSON,164,168
uc1.$b396622,129,16,0,Alexander,PERSON,16,25
uc1.$b396622,129,18,0,Alexander Blackman,PERSON,5,23
uc1.$b396622,130,12,0,Alex,PERSON,13,17
uc1.$b396622,130,18,0,Alexander,PERSON,15,24
uc1.$b396622,130,20,0,the night,TIME,112,121
uc1.$b396622,130,21,0,Alexander,PERSON,31,40
uc1.$b396622,131,0,0,127,CARDINAL,24,27
uc1.$b396622,131,7,0,Alexander,PERSON,9,18
uc1.$b396622,132,14,0,Alexander Blackman,PERSON,4,22
uc1.$b396622,133,0,0,Three,CARDINAL,5,10
uc1.$b396622,133,0,1,Second,ORDINAL,21,27
uc1.$b396622,133,1,0,one,CARDINAL,32,35
uc1.$b396622,133,3,0,first,ORDINAL,99,104
uc1.$b396622,133,4,0,MILTON,PERSON,0,6
uc1.$b396622,133,5,0,Paradise Lost,WORK_OF_ART,0,13
uc1.$b396622,133,5,1,10,CARDINAL,19,21
uc1.$b396622,135,6,0,Alexander,PERSON,86,95
uc1.$b396622,135,8,0,Alexander,PERSON,24,33
uc1.$b396622,136,2,0,Alexander,PERSON,100,109
uc1.$b396622,136,2,1,five pounds,MONEY,129,140
uc1.$b396622,136,3,0,Alexander,PERSON,35,44
uc1.$b396622,136,3,1,a week,DATE,105,111
uc1.$b396622,136,5,0,Alexander,PERSON,0,9
uc1.$b396622,136,5,1,the end of the week,DATE,26,45
uc1.$b396622,136,11,0,Jamaican,NORP,30,38
uc1.$b396622,136,14,0,third,ORDINAL,37,42
uc1.$b396622,136,14,1,Alexander,PERSON,79,88
uc1.$b396622,136,15,0,Jerico,GPE,76,82
uc1.$b396622,136,15,1,Hanover,GPE,111,118
uc1.$b396622,137,0,0,THE SECOND ADAM,PERSON,6,21
uc1.$b396622,137,1,0,Montego Bay,LOC,21,32
uc1.$b396622,137,1,1,fifty,CARDINAL,84,89
uc1.$b396622,137,11,0,Alexander,PERSON,16,25
uc1.$b396622,137,12,0,half,CARDINAL,59,63
uc1.$b396622,137,13,0,many years,DATE,32,42
uc1.$b396622,138,0,0,134,CARDINAL,0,3
uc1.$b396622,138,4,0,million,CARDINAL,51,58
uc1.$b396622,138,4,1,night,TIME,73,78
uc1.$b396622,138,11,0,the Daily Gleaner,WORK_OF_ART,47,64
uc1.$b396622,138,11,1,early in the mornings,TIME,101,122
uc1.$b396622,138,12,0,the first morning,TIME,12,29
uc1.$b396622,139,2,0,morning,TIME,127,134
uc1.$b396622,139,4,0,five,CARDINAL,11,15
uc1.$b396622,139,4,1,three,CARDINAL,24,29
uc1.$b396622,139,10,0,morning,TIME,43,50
uc1.$b396622,139,11,0,Morning,TIME,4,11
uc1.$b396622,140,0,0,136,CARDINAL,0,3
uc1.$b396622,140,2,0,Alexander,PERSON,0,9
uc1.$b396622,140,2,1,several paces,QUANTITY,25,38
uc1.$b396622,140,5,0,Alexander,PERSON,60,69
uc1.$b396622,140,7,0,quarter-acre,QUANTITY,46,58
uc1.$b396622,140,14,0,Alex,PERSON,0,4
uc1.$b396622,141,0,0,137,CARDINAL,22,25
uc1.$b396622,141,4,0,one,CARDINAL,18,21
uc1.$b396622,141,8,0,The next morning,TIME,0,16
uc1.$b396622,141,9,0,the third morning,TIME,21,38
uc1.$b396622,141,15,0,the fourth morning,TIME,3,21
uc1.$b396622,141,15,1,first,ORDINAL,36,41
uc1.$b396622,141,16,0,fifth,ORDINAL,53,58
uc1.$b396622,141,17,0,the fifth day,DATE,24,37
uc1.$b396622,141,17,1,Alex,PERSON,42,46
uc1.$b396622,142,5,0,those forty days,DATE,10,26
uc1.$b396622,142,5,1,Jesus,PERSON,30,35
uc1.$b396622,142,16,0,the sixth day,DATE,3,16
uc1.$b396622,142,17,0,third,ORDINAL,33,38
uc1.$b396622,142,18,0,the next day,DATE,52,64
uc1.$b396622,142,19,0,the same day,DATE,7,19
uc1.$b396622,143,3,0,one,CARDINAL,3,6
uc1.$b396622,143,3,1,midnight,TIME,19,27
uc1.$b396622,143,15,0,the eighth morning,TIME,3,21
uc1.$b396622,144,0,0,140,CARDINAL,0,3
uc1.$b396622,144,1,0,Alexander Blackman,PERSON,4,22
uc1.$b396622,144,1,1,Rebecca Jones,PERSON,45,58
uc1.$b396622,144,1,2,Wednesday of last week,DATE,121,143
uc1.$b396622,144,2,0,Blackman,PERSON,4,12
uc1.$b396622,144,2,1,the William Wilberforce Memorial High School,ORG,99,143
uc1.$b396622,144,2,2,the University of the West Indies,ORG,156,189
uc1.$b396622,144,2,3,Centenary,DATE,212,221
uc1.$b396622,144,3,0,first,ORDINAL,10,15
uc1.$b396622,144,3,1,1953,DATE,57,61
uc1.$b396622,144,3,2,Oxford University,ORG,65,82
uc1.$b396622,144,3,3,Rhodes,PERSON,88,94
uc1.$b396622,144,3,4,The Contribution of the Negro to Western Civilisation,WORK_OF_ART,148,201
uc1.$b396622,144,4,0,Oxford,ORG,14,20
uc1.$b396622,144,4,1,Blackman,PERSON,25,33
uc1.$b396622,144,4,2,1956,DATE,38,42
uc1.$b396622,144,4,3,the University of the West Indies,ORG,56,89
uc1.$b396622,144,4,4,a few months later,DATE,130,148
uc1.$b396622,144,4,5,Pauline Richards,PERSON,174,190
uc1.$b396622,144,5,0,1957,DATE,3,7
uc1.$b396622,144,5,1,Blackman,PERSON,12,20
uc1.$b396622,144,5,2,England,GPE,33,40
uc1.$b396622,144,5,3,two years,DATE,61,70
uc1.$b396622,144,5,4,June last year,DATE,88,102
uc1.$b396622,144,5,5,the University of the West Indies,ORG,126,159
uc1.$b396622,144,7,0,Blackman,PERSON,4,12
uc1.$b396622,144,8,0,May of this year,DATE,51,67
uc1.$b396622,144,10,0,Jones,PERSON,73,78
uc1.$b396622,145,0,0,ADAM 141,PERSON,17,25
uc1.$b396622,145,19,0,Alexander,PERSON,13,22
uc1.$b396622,146,14,0,Lamb,PERSON,36,40
uc1.$b396622,146,18,0,The next morning,TIME,0,16
uc1.$b396622,147,0,0,THE SECOND ADAM,PERSON,6,21
uc1.$b396622,147,1,0,the next day,DATE,119,131
uc1.$b396622,147,2,0,the following morning,TIME,38,59
uc1.$b396622,147,2,1,morning,TIME,155,162
uc1.$b396622,147,4,0,third,ORDINAL,131,136
uc1.$b396622,147,5,0,Rebecca Jones,PERSON,28,41
uc1.$b396622,147,5,1,Alexander Blackman,PERSON,62,80
uc1.$b396622,147,5,2,last Wednesday,DATE,124,138
uc1.$b396622,147,5,3,yesterday,DATE,167,176
uc1.$b396622,147,7,0,the Kingston Public Hospital,ORG,31,59
uc1.$b396622,148,0,0,144,CARDINAL,0,3
uc1.$b396622,148,2,0,An hour later,TIME,0,13
uc1.$b396622,148,5,0,tonight,TIME,13,20
uc1.$b396622,148,5,1,Anglican,NORP,210,218
uc1.$b396622,148,6,0,another three hours,TIME,7,26
uc1.$b396622,148,6,1,Montego Bay,GPE,123,134
uc1.$b396622,148,6,2,six o'clock train,TIME,184,201
uc1.$b396622,148,7,0,Kingston,GPE,43,51
uc1.$b396622,148,7,1,a half an hour later,TIME,71,91
uc1.$b396622,148,7,2,American,NORP,119,127
uc1.$b396622,149,8,0,one,CARDINAL,15,18
uc1.$b396622,149,21,0,England,GPE,91,98
uc1.$b396622,149,21,1,the West Indies,GPE,103,118
uc1.$b396622,150,0,0,146,CARDINAL,0,3
uc1.$b396622,150,7,0,Clarissa,PERSON,5,13
uc1.$b396622,150,12,0,Alexander,PERSON,1,10
uc1.$b396622,150,13,0,two,CARDINAL,10,13
uc1.$b396622,150,15,0,three,CARDINAL,57,62
uc1.$b396622,150,20,0,Alexander,PERSON,19,28
uc1.$b396622,151,0,0,ADAM,PERSON,17,21
uc1.$b396622,151,5,0,Jesus Christ Almighty,PERSON,0,21
uc1.$b396622,151,12,0,Alexander,PERSON,36,45
uc1.$b396622,151,14,0,Alexander,PERSON,17,26
uc1.$b396622,151,16,0,Alexander,PERSON,39,48
uc1.$b396622,151,20,0,Alexander,PERSON,0,9
uc1.$b396622,152,4,0,one,CARDINAL,21,24
uc1.$b396622,152,6,0,Clarissa,PERSON,107,115
uc1.$b396622,153,0,0,SECOND,ORDINAL,10,16
uc1.$b396622,153,9,0,first,ORDINAL,95,100
uc1.$b396622,153,10,0,Alexander,PERSON,1,10
uc1.$b396622,153,11,0,Pauline,PERSON,24,31
uc1.$b396622,153,26,0,first,ORDINAL,24,29
uc1.$b396622,154,29,0,the same afternoon,TIME,13,31
uc1.$b396622,154,29,1,Edward,PERSON,55,61
uc1.$b396622,155,27,0,Edward,PERSON,0,6
uc1.$b396622,155,27,1,tonight,TIME,25,32
uc1.$b396622,155,29,0,a couple of days,DATE,24,40
uc1.$b396622,156,3,0,the next afternoon,TIME,16,34
uc1.$b396622,156,3,1,the May Pen Cemetery,FAC,38,58
uc1.$b396622,156,5,0,Pearl,PERSON,97,102
uc1.$b396622,156,5,1,Jackson,PERSON,108,115
uc1.$b396622,156,5,2,Mass Rufus,PERSON,117,127
uc1.$b396622,156,5,3,T. T. Brown,PERSON,132,143
uc1.$b396622,156,6,0,Alexander,PERSON,147,156
uc1.$b396622,156,7,0,Colin,PERSON,36,41
uc1.$b396622,156,7,1,Alexander,PERSON,91,100
uc1.$b396622,156,8,0,Jane,PERSON,15,19
uc1.$b396622,156,9,0,Clarissa,PERSON,19,27
uc1.$b396622,157,0,0,Edward,PERSON,3,9
uc1.$b396622,157,0,1,Pauline,PERSON,14,21
uc1.$b396622,159,0,0,one,CARDINAL,71,74
uc1.$b396622,161,0,0,Four,CARDINAL,5,9
uc1.$b396622,161,3,0,DOSTOEVSKY,PERSON,0,10
uc1.$b396622,163,0,0,London,GPE,7,13
uc1.$b396622,163,0,1,December,DATE,33,41
uc1.$b396622,163,0,2,Underground,FAC,210,221
uc1.$b396622,164,0,0,EPILOGUE,GPE,8,16
uc1.$b396622,164,2,0,many shameful years ago,DATE,124,147
uc1.$b396622,166,0,0,University of California Library,ORG,38,70
uc1.$b396622,166,0,1,the NORTHERN REGIONAL LIBRARY FACILITY Bldg. 400,ORG,77,125
uc1.$b396622,166,0,2,Richmond Field Station,ORG,127,149
uc1.$b396622,166,0,3,University of California,ORG,150,174
uc1.$b396622,166,0,4,Richmond,GPE,175,183
uc1.$b396622,166,0,5,CA,GPE,185,187
uc1.$b396622,166,1,0,7 DAYS,DATE,32,38
uc1.$b396622,166,1,1,2-month,DATE,39,46
uc1.$b396622,166,1,2,(415) 642-6233,CARDINAL,79,93
uc1.$b396622,166,1,3,1-year,DATE,94,100
uc1.$b396622,166,2,0,4 days,DATE,35,41
uc1.$b396622,166,2,1,Santa Cruz,GPE,117,127
uc1.$b396622,166,2,2,JUN 23,DATE,147,153
uc1.$b396622,166,2,3,Santa Cruz,GPE,159,169
uc1.$b396622,166,2,4,2001,DATE,184,188
