vol_id,page,sentence_id,ent_id,entity,entity_type,start_char,end_char
uiug.30112002868674,3,0,0,Pol.,PERSON,0,4
uiug.30112002868674,3,0,1,12,CARDINAL,5,7
uiug.30112002868674,7,0,0,The BIRTH of the MARTYR'S GHOST,WORK_OF_ART,0,31
uiug.30112002868674,7,0,1,W. WARNER JACKSON,PERSON,43,60
uiug.30112002868674,7,0,2,Comet Press,ORG,74,85
uiug.30112002868674,7,0,3,New York,GPE,92,100
uiug.30112002868674,8,0,0,1957,DATE,12,16
uiug.30112002868674,8,0,1,W. Warner Jackson,PERSON,20,37
uiug.30112002868674,8,0,2,Library of Congress,ORG,58,77
uiug.30112002868674,8,0,3,57-7014 -65,CARDINAL,101,112
uiug.30112002868674,8,0,4,the United States of America,GPE,129,157
uiug.30112002868674,9,0,0,Vida L. Jackson,PERSON,21,36
uiug.30112002868674,13,0,0,ONE,CARDINAL,8,11
uiug.30112002868674,13,0,1,two,CARDINAL,168,171
uiug.30112002868674,13,1,0,Decelena,PERSON,8,16
uiug.30112002868674,13,4,0,Hour,TIME,0,4
uiug.30112002868674,13,4,1,hour,TIME,11,15
uiug.30112002868674,13,7,0,the Pacific Island of Salinco,LOC,47,76
uiug.30112002868674,13,7,1,seven waiting years,DATE,96,115
uiug.30112002868674,13,7,2,U. S. Army Air Force,ORG,154,174
uiug.30112002868674,13,7,3,B-29,PRODUCT,175,179
uiug.30112002868674,13,8,0,Upton Crayton,PERSON,34,47
uiug.30112002868674,13,8,1,Australian,NORP,52,62
uiug.30112002868674,13,8,2,Hitler,PERSON,118,124
uiug.30112002868674,13,9,0,Salinco,GPE,38,45
uiug.30112002868674,13,10,0,Crayton,PERSON,5,12
uiug.30112002868674,14,0,0,Japanese,NORP,92,100
uiug.30112002868674,14,0,1,New Guinea,GPE,139,149
uiug.30112002868674,14,2,0,three,CARDINAL,27,32
uiug.30112002868674,14,2,1,Japs,NORP,40,44
uiug.30112002868674,14,2,2,one,CARDINAL,65,68
uiug.30112002868674,14,5,0,four,CARDINAL,3,7
uiug.30112002868674,14,5,1,one day,DATE,54,61
uiug.30112002868674,14,5,2,the morning,TIME,76,87
uiug.30112002868674,14,6,0,a year,DATE,9,15
uiug.30112002868674,14,7,0,the second year,DATE,7,22
uiug.30112002868674,14,7,1,Crayton,PERSON,24,31
uiug.30112002868674,14,8,0,that year,DATE,7,16
uiug.30112002868674,14,8,1,12-year-old,DATE,58,69
uiug.30112002868674,14,8,2,Decelena,PERSON,80,88
uiug.30112002868674,14,9,0,the next five years,DATE,7,26
uiug.30112002868674,14,9,1,Decelena,PERSON,28,36
uiug.30112002868674,14,14,0,Frambrough Chaney,PERSON,72,89
uiug.30112002868674,14,15,0,Decelena,PERSON,0,8
uiug.30112002868674,14,15,1,the months,DATE,62,72
uiug.30112002868674,14,18,0,the night,TIME,20,29
uiug.30112002868674,14,18,1,Kansas City,GPE,33,44
uiug.30112002868674,14,19,0,Francis Chaney,PERSON,13,27
uiug.30112002868674,14,20,0,Negro,NORP,10,15
uiug.30112002868674,14,20,1,Negro,NORP,27,32
uiug.30112002868674,15,0,0,Spanish,NORP,31,38
uiug.30112002868674,15,0,1,Negro,NORP,44,49
uiug.30112002868674,15,3,0,Frambrough Chaney,PERSON,64,81
uiug.30112002868674,15,3,1,Frambrough,PERSON,130,140
uiug.30112002868674,15,3,2,first,ORDINAL,143,148
uiug.30112002868674,15,4,0,Frambrough,PERSON,0,10
uiug.30112002868674,15,5,0,Frambrough,PERSON,33,43
uiug.30112002868674,15,6,0,Francis Chaney,PERSON,51,65
uiug.30112002868674,15,7,0,half,CARDINAL,97,101
uiug.30112002868674,15,10,0,Tou'saint Chaney,PERSON,91,107
uiug.30112002868674,15,13,0,Frambrough,PERSON,26,36
uiug.30112002868674,15,16,0,some years,DATE,18,28
uiug.30112002868674,15,16,1,fifteen,DATE,64,71
uiug.30112002868674,15,16,2,Bible,WORK_OF_ART,92,97
uiug.30112002868674,15,16,3,Revelation,WORK_OF_ART,131,141
uiug.30112002868674,15,17,0,1940,DATE,10,14
uiug.30112002868674,15,19,0,one night,TIME,4,13
uiug.30112002868674,15,21,0,Mount Olive Baptist church,ORG,36,62
uiug.30112002868674,15,22,0,two,CARDINAL,28,31
uiug.30112002868674,15,22,1,North Third Street,FAC,56,74
uiug.30112002868674,15,23,0,3,CARDINAL,130,131
uiug.30112002868674,16,5,0,Douglass Hospital,FAC,28,45
uiug.30112002868674,16,7,0,three dollars,MONEY,26,39
uiug.30112002868674,16,8,0,15 years old,DATE,6,18
uiug.30112002868674,16,8,1,Missouri,GPE,33,41
uiug.30112002868674,16,8,2,Frambrough,PERSON,57,67
uiug.30112002868674,16,12,0,Many nights,DATE,0,11
uiug.30112002868674,16,12,1,Frambrough,PERSON,31,41
uiug.30112002868674,16,12,2,three or four,CARDINAL,46,59
uiug.30112002868674,16,13,0,Many nights,DATE,0,11
uiug.30112002868674,16,13,1,Frambrough,PERSON,47,57
uiug.30112002868674,16,14,0,those days,DATE,64,74
uiug.30112002868674,16,15,0,Frambrough,PERSON,39,49
uiug.30112002868674,16,17,0,Frambrough,PERSON,5,15
uiug.30112002868674,16,18,0,a year,DATE,6,12
uiug.30112002868674,16,18,1,Frambrough,PERSON,26,36
uiug.30112002868674,16,18,2,California,GPE,69,79
uiug.30112002868674,16,19,0,17,DATE,102,104
uiug.30112002868674,16,20,0,Frambrough,PERSON,0,10
uiug.30112002868674,16,21,0,Kansas City,GPE,28,39
uiug.30112002868674,16,21,1,Cedric Shadrel,PERSON,48,62
uiug.30112002868674,16,22,0,Los Angeles,GPE,58,69
uiug.30112002868674,16,23,0,Frambrough,PERSON,0,10
uiug.30112002868674,16,24,0,three,CARDINAL,50,55
uiug.30112002868674,16,27,0,Fairy LaFay,PERSON,19,30
uiug.30112002868674,16,27,1,4,DATE,32,33
uiug.30112002868674,17,3,0,Pamela Marks,PERSON,41,53
uiug.30112002868674,17,4,0,Decelena,PERSON,15,23
uiug.30112002868674,17,5,0,sixteenth,ORDINAL,14,23
uiug.30112002868674,17,9,0,a Church of God,ORG,145,160
uiug.30112002868674,17,10,0,Willie Wigglesby,PERSON,67,83
uiug.30112002868674,17,11,0,Decelena,PERSON,0,8
uiug.30112002868674,17,11,1,California,GPE,58,68
uiug.30112002868674,17,13,0,Korea,GPE,79,84
uiug.30112002868674,17,14,0,the seven years,DATE,71,86
uiug.30112002868674,17,15,0,less than twelve hours,TIME,8,30
uiug.30112002868674,17,15,1,California,GPE,36,46
uiug.30112002868674,17,15,2,Decelena,PERSON,48,56
uiug.30112002868674,17,17,0,hours,TIME,41,46
uiug.30112002868674,17,18,0,Decelena,PERSON,45,53
uiug.30112002868674,17,20,0,5,CARDINAL,0,1
uiug.30112002868674,18,0,0,TWO,CARDINAL,8,11
uiug.30112002868674,18,6,0,Earth,LOC,51,56
uiug.30112002868674,18,14,0,6,CARDINAL,0,1
uiug.30112002868674,19,9,0,my seven uncivilized years,DATE,83,109
uiug.30112002868674,19,10,0,The Last Supper,WORK_OF_ART,25,40
uiug.30112002868674,19,12,0,Bible,WORK_OF_ART,14,19
uiug.30112002868674,19,14,0,Decelena,PERSON,38,46
uiug.30112002868674,19,15,0,States,GPE,17,23
uiug.30112002868674,19,16,0,my seven years,DATE,54,68
uiug.30112002868674,19,20,0,Pamela Marks,PERSON,12,24
uiug.30112002868674,19,23,0,years back,DATE,36,46
uiug.30112002868674,19,23,1,Los 7,GPE,67,72
uiug.30112002868674,20,0,0,Angeles,GPE,2,9
uiug.30112002868674,20,1,0,States,GPE,25,31
uiug.30112002868674,20,1,1,Los Angeles,GPE,42,53
uiug.30112002868674,20,4,0,Arabs,NORP,78,83
uiug.30112002868674,20,6,0,Pamela,PERSON,1,7
uiug.30112002868674,20,10,0,Pamela,PERSON,0,6
uiug.30112002868674,20,10,1,Negro,NORP,27,32
uiug.30112002868674,20,20,0,Pamela,PERSON,7,13
uiug.30112002868674,20,25,0,Tou'saint?,PERSON,0,10
uiug.30112002868674,20,28,0,Tou'saint Chaney,PERSON,1,17
uiug.30112002868674,20,36,0,years ago,DATE,41,50
uiug.30112002868674,20,40,0,Frambrough Chaney's,PERSON,1,20
uiug.30112002868674,20,40,1,8,CARDINAL,55,56
uiug.30112002868674,21,1,0,Tou'saint,PERSON,1,10
uiug.30112002868674,21,3,0,Tou'saint Chaney,PERSON,5,21
uiug.30112002868674,21,6,0,Tou'saint,PERSON,5,14
uiug.30112002868674,21,18,0,Danny,PERSON,0,5
uiug.30112002868674,21,18,1,the Korean War,EVENT,20,34
uiug.30112002868674,21,19,0,Korean War,EVENT,1,11
uiug.30112002868674,21,23,0,seven years,DATE,24,35
uiug.30112002868674,21,28,0,Marks,PERSON,9,14
uiug.30112002868674,21,31,0,morning,TIME,6,13
uiug.30112002868674,21,34,0,Pamela,PERSON,0,6
uiug.30112002868674,21,36,0,a million years,DATE,26,41
uiug.30112002868674,22,0,0,Marks,PERSON,11,16
uiug.30112002868674,22,3,0,Tou'saint Chaney,PERSON,9,25
uiug.30112002868674,22,6,0,Marks,PERSON,0,5
uiug.30112002868674,22,10,0,Marks,PERSON,9,14
uiug.30112002868674,22,12,0,several years back,DATE,23,41
uiug.30112002868674,22,13,0,Zion Baptist,ORG,199,211
uiug.30112002868674,22,18,0,Bruno,PERSON,9,14
uiug.30112002868674,22,20,0,Bruno,PERSON,12,17
uiug.30112002868674,22,20,1,Marks,PERSON,20,25
uiug.30112002868674,22,23,0,Pamela,PERSON,42,48
uiug.30112002868674,22,25,0,World War Two,EVENT,1,14
uiug.30112002868674,22,26,0,Salinco,LOC,42,49
uiug.30112002868674,22,29,0,Pamela,PERSON,14,20
uiug.30112002868674,22,32,0,Pamela,PERSON,0,6
uiug.30112002868674,23,3,0,Pamela,PERSON,28,34
uiug.30112002868674,23,3,1,Marks,PERSON,37,42
uiug.30112002868674,23,7,0,Twenty miles,QUANTITY,1,13
uiug.30112002868674,23,12,0,Pamela,PERSON,0,6
uiug.30112002868674,23,14,0,last evening,TIME,18,30
uiug.30112002868674,23,22,0,Marks,PERSON,9,14
uiug.30112002868674,23,22,1,the following day,DATE,25,42
uiug.30112002868674,23,27,0,Pamela,PERSON,35,41
uiug.30112002868674,23,31,0,four months,DATE,27,38
uiug.30112002868674,24,0,0,forty-thousand,CARDINAL,47,61
uiug.30112002868674,24,0,1,the past year,DATE,112,125
uiug.30112002868674,24,1,0,Sunday,DATE,5,11
uiug.30112002868674,24,4,0,Edgar Hoover,PERSON,23,35
uiug.30112002868674,24,4,1,five million,CARDINAL,59,71
uiug.30112002868674,24,5,0,over a million and a half,CARDINAL,11,36
uiug.30112002868674,24,5,1,the year,DATE,57,65
uiug.30112002868674,24,11,0,hundreds,CARDINAL,17,25
uiug.30112002868674,24,11,1,daily,DATE,37,42
uiug.30112002868674,24,24,0,millions,CARDINAL,20,28
uiug.30112002868674,24,26,0,Christ,PERSON,57,63
uiug.30112002868674,24,33,0,12,CARDINAL,22,24
uiug.30112002868674,25,6,0,Marks,PERSON,0,5
uiug.30112002868674,25,6,1,a few moments,TIME,32,45
uiug.30112002868674,25,9,0,Christians,NORP,83,93
uiug.30112002868674,26,3,0,Jesus,PERSON,12,17
uiug.30112002868674,26,8,0,Zion Baptist,ORG,64,76
uiug.30112002868674,26,13,0,night,TIME,21,26
uiug.30112002868674,26,14,0,Morning,TIME,0,7
uiug.30112002868674,26,16,0,Pamela,PERSON,0,6
uiug.30112002868674,26,16,1,one,CARDINAL,18,21
uiug.30112002868674,26,21,0,Pamela,PERSON,39,45
uiug.30112002868674,26,21,1,several months,DATE,92,106
uiug.30112002868674,26,23,0,Army,ORG,18,22
uiug.30112002868674,26,23,1,Korea,GPE,75,80
uiug.30112002868674,26,28,0,more than a hundred and forty,CARDINAL,20,49
uiug.30112002868674,26,28,1,twenty-five pounds,QUANTITY,66,84
uiug.30112002868674,26,29,0,14,CARDINAL,26,28
uiug.30112002868674,27,5,0,John the Baptist,PERSON,81,97
uiug.30112002868674,27,6,0,Lazarus,PERSON,31,38
uiug.30112002868674,27,8,0,five in the morning,TIME,23,42
uiug.30112002868674,27,9,0,Pacific,LOC,66,73
uiug.30112002868674,27,10,0,more than five hundred yards,QUANTITY,10,38
uiug.30112002868674,27,19,0,Pacific,LOC,126,133
uiug.30112002868674,27,21,0,perhaps thirty miles,QUANTITY,34,54
uiug.30112002868674,28,5,0,Egypt,GPE,65,70
uiug.30112002868674,28,20,0,first,ORDINAL,9,14
uiug.30112002868674,29,8,0,Decelena,PERSON,20,28
uiug.30112002868674,29,10,0,Decelena,PERSON,8,16
uiug.30112002868674,29,12,0,Decelena,PERSON,0,8
uiug.30112002868674,29,16,0,nearly two hours,TIME,11,27
uiug.30112002868674,29,17,0,two,CARDINAL,16,19
uiug.30112002868674,29,18,0,Los Angeles,GPE,12,23
uiug.30112002868674,29,18,1,twenty miles,QUANTITY,28,40
uiug.30112002868674,29,19,0,nightfall,TIME,50,59
uiug.30112002868674,29,26,0,Ford,ORG,7,11
uiug.30112002868674,30,0,0,Mexican,NORP,4,11
uiug.30112002868674,30,2,0,Los Angeles,GPE,18,29
uiug.30112002868674,30,9,0,Mexican,NORP,11,18
uiug.30112002868674,30,10,0,the Rescue Mission,ORG,78,96
uiug.30112002868674,30,11,0,night,TIME,36,41
uiug.30112002868674,30,12,0,FOUR,CARDINAL,10,14
uiug.30112002868674,30,12,1,LOS ANGELES,GPE,15,26
uiug.30112002868674,30,16,0,this Rescue Mission,ORG,8,27
uiug.30112002868674,30,17,0,Skid Row,FAC,53,61
uiug.30112002868674,30,19,0,three,CARDINAL,17,22
uiug.30112002868674,30,21,0,18,CARDINAL,11,13
uiug.30112002868674,31,1,0,ten or fifteen years older,DATE,55,81
uiug.30112002868674,31,1,1,second,ORDINAL,87,93
uiug.30112002868674,31,2,0,third,ORDINAL,4,9
uiug.30112002868674,31,2,1,past sixty,DATE,48,58
uiug.30112002868674,31,10,0,six,TIME,19,22
uiug.30112002868674,31,12,0,six,TIME,63,66
uiug.30112002868674,31,13,0,Duke,PERSON,27,31
uiug.30112002868674,31,14,0,Duke,PERSON,0,4
uiug.30112002868674,31,15,0,Duke,PERSON,0,4
uiug.30112002868674,31,32,0,half,CARDINAL,62,66
uiug.30112002868674,31,39,0,19,CARDINAL,9,11
uiug.30112002868674,32,0,0,1,CARDINAL,0,1
uiug.30112002868674,32,7,0,the Club Pizarro,ORG,40,56
uiug.30112002868674,32,7,1,one,CARDINAL,74,77
uiug.30112002868674,32,7,2,Los Angeles,GPE,108,119
uiug.30112002868674,32,9,0,two,CARDINAL,34,37
uiug.30112002868674,32,16,0,Johnny,PERSON,11,17
uiug.30112002868674,32,23,0,two,CARDINAL,39,42
uiug.30112002868674,32,24,0,three,CARDINAL,14,19
uiug.30112002868674,32,24,1,Rescue Mission,ORG,80,94
uiug.30112002868674,32,25,0,FIVE,CARDINAL,8,12
uiug.30112002868674,33,3,0,Mission,FAC,19,26
uiug.30112002868674,33,3,1,one,CARDINAL,121,124
uiug.30112002868674,33,12,0,night,TIME,22,27
uiug.30112002868674,33,13,0,a quarter to nine,TIME,103,120
uiug.30112002868674,33,20,0,near six feet,QUANTITY,36,49
uiug.30112002868674,34,3,0,One,CARDINAL,0,3
uiug.30112002868674,34,4,0,one,CARDINAL,32,35
uiug.30112002868674,34,10,0,Santiago Best,PERSON,11,24
uiug.30112002868674,34,12,0,Tou'saint Chaney,PERSON,1,17
uiug.30112002868674,34,14,0,Santiago,PERSON,21,29
uiug.30112002868674,34,15,0,Kansas City,GPE,10,21
uiug.30112002868674,34,15,1,Kansas,GPE,23,29
uiug.30112002868674,34,17,0,Los Angeles,GPE,23,34
uiug.30112002868674,34,17,1,seven years,DATE,63,74
uiug.30112002868674,34,20,0,Salinco Island,LOC,1,15
uiug.30112002868674,34,21,0,Army,ORG,17,21
uiug.30112002868674,34,28,0,one,CARDINAL,29,32
uiug.30112002868674,35,1,0,one,CARDINAL,111,114
uiug.30112002868674,35,2,0,two,CARDINAL,8,11
uiug.30112002868674,35,4,0,Wyoming,GPE,23,30
uiug.30112002868674,35,7,0,Bible,WORK_OF_ART,17,22
uiug.30112002868674,35,10,0,one,CARDINAL,7,10
uiug.30112002868674,35,10,1,Jesus,PERSON,14,19
uiug.30112002868674,35,13,0,Santiago,PERSON,0,8
uiug.30112002868674,35,27,0,Christian,NORP,78,87
uiug.30112002868674,36,0,0,The 2. W,PERSON,12,20
uiug.30112002868674,36,2,0,Thomas,PERSON,9,15
uiug.30112002868674,36,5,0,scriptures,WORK_OF_ART,68,78
uiug.30112002868674,36,8,0,Collins,PERSON,10,17
uiug.30112002868674,36,11,0,Collins,PERSON,23,30
uiug.30112002868674,36,14,0,scriptures,WORK_OF_ART,37,47
uiug.30112002868674,36,15,0,Mission,ORG,4,11
uiug.30112002868674,36,18,0,Santa Claus,PERSON,1,12
uiug.30112002868674,36,22,0,Tou'saint Chaney,PERSON,1,17
uiug.30112002868674,36,24,0,Chaney,PERSON,1,7
uiug.30112002868674,36,28,0,Pizarro Club,ORG,7,19
uiug.30112002868674,36,29,0,over a hundred,CARDINAL,18,32
uiug.30112002868674,36,31,0,Frambrough Chaney,PERSON,22,39
uiug.30112002868674,36,35,0,1 24,CARDINAL,72,76
uiug.30112002868674,37,4,0,Tou'saint Chaney,PERSON,20,36
uiug.30112002868674,37,11,0,Bible,WORK_OF_ART,33,38
uiug.30112002868674,37,13,0,Jesus,PERSON,41,46
uiug.30112002868674,37,15,0,Bible,WORK_OF_ART,83,88
uiug.30112002868674,37,17,0,Bible,WORK_OF_ART,38,43
uiug.30112002868674,37,17,1,nine,CARDINAL,55,59
uiug.30112002868674,37,17,2,Revelation,WORK_OF_ART,67,77
uiug.30112002868674,37,18,0,sixth,ORDINAL,13,18
uiug.30112002868674,37,24,0,25,CARDINAL,10,12
uiug.30112002868674,38,10,0,Sunday,DATE,68,74
uiug.30112002868674,38,11,0,the next hour,TIME,101,114
uiug.30112002868674,38,13,0,Santiago Best,PERSON,0,13
uiug.30112002868674,38,13,1,Jew,NORP,28,31
uiug.30112002868674,38,20,0,Jesus,PERSON,0,5
uiug.30112002868674,38,21,0,Bible,WORK_OF_ART,39,44
uiug.30112002868674,38,21,1,Saint John,PERSON,48,58
uiug.30112002868674,38,21,2,three,CARDINAL,77,82
uiug.30112002868674,38,23,0,Santiago Best,PERSON,35,48
uiug.30112002868674,38,23,1,Jew,NORP,60,63
uiug.30112002868674,38,23,2,Rescue Mission,ORG,106,120
uiug.30112002868674,38,24,0,Santiago,PERSON,23,31
uiug.30112002868674,38,27,0,26,CARDINAL,2,4
uiug.30112002868674,39,3,0,Santiago,PERSON,21,29
uiug.30112002868674,39,11,0,Santiago,PERSON,0,8
uiug.30112002868674,39,11,1,one,CARDINAL,45,48
uiug.30112002868674,39,17,0,Wigglesby,PERSON,8,17
uiug.30112002868674,40,4,0,Chaney,PERSON,8,14
uiug.30112002868674,40,12,0,Wigglesby,PERSON,0,9
uiug.30112002868674,40,14,0,Richard,PERSON,1,8
uiug.30112002868674,40,14,1,Wigglesby,PERSON,11,20
uiug.30112002868674,40,17,0,Wigglesby,PERSON,41,50
uiug.30112002868674,40,20,0,Wigglesby,PERSON,0,9
uiug.30112002868674,40,22,0,Frambrough Chaney's,PERSON,9,28
uiug.30112002868674,40,25,0,Wigglesby,PERSON,44,53
uiug.30112002868674,40,28,0,Wigglesby,PERSON,34,43
uiug.30112002868674,40,30,0,Frambrough,PERSON,3,13
uiug.30112002868674,40,31,0,the last day,DATE,60,72
uiug.30112002868674,41,3,0,the Rescue Mission,ORG,34,52
uiug.30112002868674,41,4,0,Frambrough,PERSON,1,11
uiug.30112002868674,41,8,0,Wigglesby,PERSON,1,10
uiug.30112002868674,41,13,0,Wigglesby,PERSON,0,9
uiug.30112002868674,41,16,0,States,GPE,45,51
uiug.30112002868674,41,18,0,twenty,CARDINAL,9,15
uiug.30112002868674,41,19,0,Wigglesby,PERSON,33,42
uiug.30112002868674,41,24,0,Santiago,PERSON,19,27
uiug.30112002868674,41,27,0,Jesus,PERSON,31,36
uiug.30112002868674,41,30,0,Santiago,PERSON,31,39
uiug.30112002868674,42,1,0,Zion Baptist church,ORG,6,25
uiug.30112002868674,42,1,1,Marks,PERSON,45,50
uiug.30112002868674,42,2,0,Santiago,PERSON,29,37
uiug.30112002868674,42,7,0,Wigglesby,PERSON,35,44
uiug.30112002868674,42,8,0,Skipper,PERSON,26,33
uiug.30112002868674,42,9,0,Wigglesby,PERSON,0,9
uiug.30112002868674,42,9,1,Santiago,PERSON,36,44
uiug.30112002868674,42,10,0,Santiago,PERSON,15,23
uiug.30112002868674,42,11,0,SIX,CARDINAL,8,11
uiug.30112002868674,42,12,0,"a calm,",TIME,7,14
uiug.30112002868674,42,12,1,Mount Wilson,LOC,88,100
uiug.30112002868674,42,13,0,Los Angeles,GPE,0,11
uiug.30112002868674,42,15,0,Wigglesby,PERSON,64,73
uiug.30112002868674,42,18,0,Shadrel,PERSON,5,12
uiug.30112002868674,42,18,1,Tou'saint Chaney,PERSON,93,109
uiug.30112002868674,42,19,0,Shadrel,PERSON,1,8
uiug.30112002868674,43,1,0,Los Angeles',GPE,8,20
uiug.30112002868674,43,4,0,the Club Pizarro,FAC,30,46
uiug.30112002868674,43,5,0,Frambrough,PERSON,0,10
uiug.30112002868674,43,5,1,a Friday,DATE,41,49
uiug.30112002868674,43,5,2,nine,CARDINAL,59,63
uiug.30112002868674,43,6,0,the Club Pizarro,FAC,13,29
uiug.30112002868674,43,7,0,six miles,QUANTITY,7,16
uiug.30112002868674,43,7,1,Los Angeles,GPE,22,33
uiug.30112002868674,43,7,2,the Mojave Desert,LOC,38,55
uiug.30112002868674,43,8,0,Frambrough,PERSON,0,10
uiug.30112002868674,43,9,0,Army,ORG,31,35
uiug.30112002868674,43,9,1,thousands of dollars,MONEY,50,70
uiug.30112002868674,43,18,0,the Club Pizarro,FAC,37,53
uiug.30112002868674,43,21,0,Negress,NORP,71,78
uiug.30112002868674,43,21,1,Japanese,NORP,96,104
uiug.30112002868674,43,21,2,31,CARDINAL,108,110
uiug.30112002868674,44,0,0,Mexican,NORP,0,7
uiug.30112002868674,44,0,1,Jewish,NORP,11,17
uiug.30112002868674,44,9,0,Wigglesby,PERSON,5,14
uiug.30112002868674,44,11,0,second,ORDINAL,54,60
uiug.30112002868674,44,18,0,Frambrough,PERSON,23,33
uiug.30112002868674,44,19,0,Wigglesby,PERSON,0,9
uiug.30112002868674,44,20,0,Wigglesby,PERSON,84,93
uiug.30112002868674,44,22,0,two,CARDINAL,72,75
uiug.30112002868674,44,23,0,Wigglesby,PERSON,10,19
uiug.30112002868674,45,2,0,Wigglesby,PERSON,0,9
uiug.30112002868674,45,3,0,Wigglesby,PERSON,36,45
uiug.30112002868674,45,3,1,Chaney,PERSON,78,84
uiug.30112002868674,45,8,0,Wigglesby,PERSON,42,51
uiug.30112002868674,45,10,0,Shadrel,PERSON,17,24
uiug.30112002868674,45,12,0,Wigglesby,PERSON,0,9
uiug.30112002868674,45,13,0,Cedric Shadrel,PERSON,99,113
uiug.30112002868674,45,14,0,Wigglesby,PERSON,32,41
uiug.30112002868674,45,15,0,Stonewell,PERSON,18,27
uiug.30112002868674,45,15,1,Shadrel,PERSON,30,37
uiug.30112002868674,45,19,0,Wigglesby,PERSON,12,21
uiug.30112002868674,45,20,0,Stonewell,PERSON,11,20
uiug.30112002868674,45,21,0,Wigglesby,PERSON,27,36
uiug.30112002868674,45,22,0,Wigglesby,PERSON,5,14
uiug.30112002868674,45,22,1,Cedric,PERSON,70,76
uiug.30112002868674,45,23,0,Cedric Shadrel,PERSON,0,14
uiug.30112002868674,45,29,0,Wigglesby,PERSON,0,9
uiug.30112002868674,45,30,0,Cedric,PERSON,8,14
uiug.30112002868674,45,34,0,Will Frambrough's,PERSON,1,18
uiug.30112002868674,45,35,0,Shadrel,PERSON,0,7
uiug.30112002868674,45,36,0,Cedric Shadrel,PERSON,0,14
uiug.30112002868674,45,37,0,33,CARDINAL,20,22
uiug.30112002868674,46,5,0,near fifty,CARDINAL,11,21
uiug.30112002868674,46,5,1,over five eight,CARDINAL,37,52
uiug.30112002868674,46,9,0,ten years,DATE,14,23
uiug.30112002868674,46,9,1,Missouri State,ORG,27,41
uiug.30112002868674,46,9,2,ten years,DATE,105,114
uiug.30112002868674,46,10,0,Frambrough,PERSON,11,21
uiug.30112002868674,46,10,1,Kansas City,GPE,65,76
uiug.30112002868674,46,11,0,Frambrough,PERSON,0,10
uiug.30112002868674,46,12,0,Shadrel,PERSON,7,14
uiug.30112002868674,46,12,1,Club Pizarro,ORG,35,47
uiug.30112002868674,46,13,0,Shadrel,PERSON,0,7
uiug.30112002868674,46,13,1,Wigglesby,PERSON,16,25
uiug.30112002868674,46,16,0,Frambrough,PERSON,0,10
uiug.30112002868674,47,0,0,Shadrel,PERSON,5,12
uiug.30112002868674,47,0,1,Frambrough,PERSON,63,73
uiug.30112002868674,47,0,2,Frambrough,PERSON,107,117
uiug.30112002868674,47,3,0,Wigglesby,PERSON,60,69
uiug.30112002868674,47,5,0,Frambrough,PERSON,17,27
uiug.30112002868674,47,5,1,Shadrel,PERSON,30,37
uiug.30112002868674,47,6,0,Laddie,PERSON,11,17
uiug.30112002868674,47,6,1,Wigglesby,PERSON,20,29
uiug.30112002868674,47,6,2,Chaney,PERSON,79,85
uiug.30112002868674,47,8,0,Frambrough,PERSON,0,10
uiug.30112002868674,47,10,0,twenty pounds,QUANTITY,19,32
uiug.30112002868674,47,10,1,six feet three inches,QUANTITY,50,71
uiug.30112002868674,47,11,0,seven long years,DATE,100,116
uiug.30112002868674,47,19,0,Army,ORG,36,40
uiug.30112002868674,47,20,0,golly,PERSON,11,16
uiug.30112002868674,47,21,0,Shadrel,PERSON,38,45
uiug.30112002868674,47,22,0,Cedric,PERSON,1,7
uiug.30112002868674,47,28,0,35,CARDINAL,4,6
uiug.30112002868674,48,0,0,Shadrel,PERSON,0,7
uiug.30112002868674,48,1,0,Frambrough,PERSON,0,10
uiug.30112002868674,48,1,1,Wigglesby,PERSON,21,30
uiug.30112002868674,48,4,0,Shadrel,PERSON,10,17
uiug.30112002868674,48,4,1,tomorrow,DATE,45,53
uiug.30112002868674,48,4,2,morning,TIME,54,61
uiug.30112002868674,48,5,0,noon,TIME,30,34
uiug.30112002868674,48,6,0,Shadrel,PERSON,16,23
uiug.30112002868674,48,6,1,all night,TIME,106,115
uiug.30112002868674,48,7,0,Wigglesby,PERSON,0,9
uiug.30112002868674,48,8,0,Frambrough,PERSON,0,10
uiug.30112002868674,48,8,1,Cedric,PERSON,65,71
uiug.30112002868674,48,9,0,Frambrough,PERSON,0,10
uiug.30112002868674,48,11,0,Wigglesby,PERSON,0,9
uiug.30112002868674,48,11,1,the South Pacific,LOC,58,75
uiug.30112002868674,48,15,0,Australian,NORP,3,13
uiug.30112002868674,48,17,0,Wigglesby,PERSON,10,19
uiug.30112002868674,48,21,0,Fairy,PERSON,69,74
uiug.30112002868674,48,22,0,Mittie,PERSON,0,6
uiug.30112002868674,48,22,1,Frambrough,PERSON,59,69
uiug.30112002868674,48,22,2,Missouri,GPE,231,239
uiug.30112002868674,48,23,0,Tou'saint,PERSON,1,10
uiug.30112002868674,48,23,1,Rockyfeller,PERSON,31,42
uiug.30112002868674,48,24,0,Shadrel,PERSON,24,31
uiug.30112002868674,48,25,0,Las Vegas,GPE,39,48
uiug.30112002868674,48,25,1,Vegas,GPE,83,88
uiug.30112002868674,48,25,2,three,CARDINAL,117,122
uiug.30112002868674,48,25,3,one,CARDINAL,126,129
uiug.30112002868674,48,28,0,East,LOC,62,66
uiug.30112002868674,48,29,0,five million,CARDINAL,15,27
uiug.30112002868674,48,29,1,this year,DATE,47,56
uiug.30112002868674,48,29,2,36,CARDINAL,59,61
uiug.30112002868674,49,0,0,Frambrough,PERSON,26,36
uiug.30112002868674,49,5,0,Cedric Shadrel,PERSON,51,65
uiug.30112002868674,49,10,0,Spain,GPE,19,24
uiug.30112002868674,49,10,1,Portugal,GPE,29,37
uiug.30112002868674,49,10,2,Australia,GPE,43,52
uiug.30112002868674,49,10,3,Wigglesby,PERSON,59,68
uiug.30112002868674,49,12,0,Tou'saint,PERSON,4,13
uiug.30112002868674,49,15,0,Shadrel,PERSON,30,37
uiug.30112002868674,49,19,0,Shadrel,PERSON,62,69
uiug.30112002868674,49,23,0,Frambrough,PERSON,42,52
uiug.30112002868674,49,25,0,Frambrough,PERSON,30,40
uiug.30112002868674,49,31,0,37,PRODUCT,47,49
uiug.30112002868674,50,2,0,Marks,PERSON,21,26
uiug.30112002868674,50,2,1,Los Angeles,GPE,61,72
uiug.30112002868674,50,2,2,Mexican,NORP,86,93
uiug.30112002868674,50,3,0,the Rescue Mission,ORG,68,86
uiug.30112002868674,50,3,1,the night,TIME,96,105
uiug.30112002868674,50,3,2,Wigglesby,PERSON,111,120
uiug.30112002868674,50,5,0,Frambrough,PERSON,0,10
uiug.30112002868674,50,7,0,Frambrough,PERSON,16,26
uiug.30112002868674,50,15,0,Jesus,PERSON,51,56
uiug.30112002868674,50,16,0,Frambrough,PERSON,12,22
uiug.30112002868674,50,18,0,a few days,DATE,48,58
uiug.30112002868674,50,20,0,Cedric,PERSON,11,17
uiug.30112002868674,50,33,0,a few weeks,DATE,3,14
uiug.30112002868674,50,35,0,1,CARDINAL,6,7
uiug.30112002868674,50,35,1,38,CARDINAL,12,14
uiug.30112002868674,51,0,0,Army,ORG,8,12
uiug.30112002868674,51,1,0,Army,ORG,45,49
uiug.30112002868674,51,1,1,seven years,DATE,58,69
uiug.30112002868674,51,2,0,Shadrel,PERSON,50,57
uiug.30112002868674,51,3,0,Fairy,PERSON,12,17
uiug.30112002868674,51,3,1,Mittie,PERSON,23,29
uiug.30112002868674,51,7,0,Frambrough,PERSON,101,111
uiug.30112002868674,51,8,0,Frambrough,PERSON,39,49
uiug.30112002868674,51,9,0,fifty-thousand-dollar,MONEY,28,49
uiug.30112002868674,51,9,1,"some , few miles",QUANTITY,66,82
uiug.30112002868674,51,10,0,five miles,QUANTITY,7,17
uiug.30112002868674,51,11,0,my first year,DATE,22,35
uiug.30112002868674,51,11,1,Los Angeles,GPE,39,50
uiug.30112002868674,51,13,0,ten,CARDINAL,7,10
uiug.30112002868674,52,3,0,The morning,TIME,0,11
uiug.30112002868674,52,3,1,Frambrough,PERSON,18,28
uiug.30112002868674,52,3,2,Mittie,PERSON,89,95
uiug.30112002868674,52,3,3,Fairy,PERSON,100,105
uiug.30112002868674,52,3,4,the night,TIME,106,115
uiug.30112002868674,52,4,0,Fairy LaFay,PERSON,0,11
uiug.30112002868674,52,4,1,French,NORP,16,22
uiug.30112002868674,52,4,2,Spanish,NORP,27,34
uiug.30112002868674,52,4,3,Frambrough,PERSON,57,67
uiug.30112002868674,52,4,4,Napoleon,PERSON,129,137
uiug.30112002868674,52,5,0,Mittie Cook,PERSON,4,15
uiug.30112002868674,52,5,1,Los Angeles,GPE,96,107
uiug.30112002868674,52,5,2,the week-end,DATE,178,190
uiug.30112002868674,52,9,0,Mittie,PERSON,0,6
uiug.30112002868674,52,13,0,Napoleon,PERSON,36,44
uiug.30112002868674,52,13,1,the night before,TIME,98,114
uiug.30112002868674,52,15,0,Frambrough,PERSON,0,10
uiug.30112002868674,52,15,1,the years,DATE,43,52
uiug.30112002868674,52,18,0,second,ORDINAL,11,17
uiug.30112002868674,52,21,0,five o'clock,TIME,46,58
uiug.30112002868674,52,23,0,1,CARDINAL,0,1
uiug.30112002868674,53,10,0,Hours later,TIME,0,11
uiug.30112002868674,53,11,0,close to seven,TIME,18,32
uiug.30112002868674,53,12,0,Napoleon,PERSON,0,8
uiug.30112002868674,53,16,0,morning,TIME,6,13
uiug.30112002868674,53,18,0,morning,TIME,12,19
uiug.30112002868674,53,21,0,noon,TIME,27,31
uiug.30112002868674,53,21,1,two,TIME,42,45
uiug.30112002868674,53,23,0,Mittie,PERSON,8,14
uiug.30112002868674,53,24,0,Napoleon,PERSON,35,43
uiug.30112002868674,54,2,0,Frambrough,PERSON,15,25
uiug.30112002868674,54,4,0,Napoleon,PERSON,12,20
uiug.30112002868674,54,14,0,Frambrough,PERSON,15,25
uiug.30112002868674,54,16,0,Fairy,PERSON,0,5
uiug.30112002868674,54,16,1,over twenty-seven,DATE,25,42
uiug.30112002868674,54,24,0,1,CARDINAL,0,1
uiug.30112002868674,55,6,0,Fairy LaFay,PERSON,163,174
uiug.30112002868674,55,7,0,Fairy,PERSON,14,19
uiug.30112002868674,55,10,0,Jesus,PERSON,0,5
uiug.30112002868674,55,11,0,Frambrough,PERSON,0,10
uiug.30112002868674,55,11,1,this morning,TIME,32,44
uiug.30112002868674,55,12,0,last night,TIME,12,22
uiug.30112002868674,55,12,1,first,ORDINAL,32,37
uiug.30112002868674,55,16,0,Fairy,PERSON,165,170
uiug.30112002868674,55,17,0,Frambrough,PERSON,22,32
uiug.30112002868674,55,19,0,years ago,DATE,31,40
uiug.30112002868674,55,20,0,Frambrough,PERSON,25,35
uiug.30112002868674,55,20,1,Fairy,PERSON,37,42
uiug.30112002868674,55,24,0,Frambrough,PERSON,61,71
uiug.30112002868674,55,27,0,Fairy,PERSON,26,31
uiug.30112002868674,55,34,0,Framsame,ORG,12,20
uiug.30112002868674,55,34,1,43,DATE,22,24
uiug.30112002868674,56,0,0,brough,PERSON,12,18
uiug.30112002868674,56,4,0,Frambrough,PERSON,1,11
uiug.30112002868674,56,9,0,Frambrough,PERSON,16,26
uiug.30112002868674,56,20,0,Fairy,PERSON,34,39
uiug.30112002868674,56,30,0,Mittie,PERSON,0,6
uiug.30112002868674,56,31,0,this morning,TIME,19,31
uiug.30112002868674,56,32,0,Tou'saint,PERSON,30,39
uiug.30112002868674,57,1,0,Fairy,PERSON,91,96
uiug.30112002868674,57,18,0,Fairy,PERSON,24,29
uiug.30112002868674,57,22,0,last night,TIME,19,29
uiug.30112002868674,57,33,0,Jesus,PERSON,52,57
uiug.30112002868674,57,38,0,45,DATE,25,27
uiug.30112002868674,58,9,0,Frambrough,PERSON,0,10
uiug.30112002868674,58,17,0,Frambrough,PERSON,29,39
uiug.30112002868674,58,19,0,over seven years,DATE,12,28
uiug.30112002868674,58,20,0,Frambrough,PERSON,0,10
uiug.30112002868674,58,25,0,Fairy,PERSON,26,31
uiug.30112002868674,58,35,0,Odessia,PERSON,20,27
uiug.30112002868674,58,37,0,Sunday,DATE,76,82
uiug.30112002868674,58,38,0,Odessia,PERSON,0,7
uiug.30112002868674,58,42,0,46,CARDINAL,0,2
uiug.30112002868674,59,3,0,one night,TIME,6,15
uiug.30112002868674,59,5,0,Odessia,PERSON,64,71
uiug.30112002868674,59,17,0,Frambrough,PERSON,36,46
uiug.30112002868674,59,25,0,Frambrough,PERSON,0,10
uiug.30112002868674,59,36,0,47,CARDINAL,8,10
uiug.30112002868674,60,3,0,Frambrough,PERSON,25,35
uiug.30112002868674,60,4,0,Napoleon,PERSON,19,27
uiug.30112002868674,60,15,0,EIGHT,CARDINAL,8,13
uiug.30112002868674,60,17,0,Frambrough,PERSON,45,55
uiug.30112002868674,60,17,1,Fairy,PERSON,62,67
uiug.30112002868674,60,18,0,Frambrough,PERSON,66,76
uiug.30112002868674,60,18,1,Fairy,PERSON,172,177
uiug.30112002868674,61,1,0,Mittie,PERSON,0,6
uiug.30112002868674,61,1,1,three hours,TIME,55,66
uiug.30112002868674,61,1,2,the afternoon,TIME,93,106
uiug.30112002868674,61,2,0,Christ,PERSON,55,61
uiug.30112002868674,61,3,0,Mittie,PERSON,0,6
uiug.30112002868674,61,3,1,about six in the evening,TIME,18,42
uiug.30112002868674,61,3,2,the week end,DATE,83,95
uiug.30112002868674,61,3,3,first,ORDINAL,198,203
uiug.30112002868674,61,4,0,Monday,DATE,45,51
uiug.30112002868674,61,4,1,first,ORDINAL,108,113
uiug.30112002868674,61,5,0,Monday,DATE,49,55
uiug.30112002868674,61,5,1,Los Angeles,GPE,116,127
uiug.30112002868674,61,6,0,seven o'clock,TIME,3,16
uiug.30112002868674,61,7,0,Frambrough,PERSON,0,10
uiug.30112002868674,61,7,1,Fairy,PERSON,15,20
uiug.30112002868674,61,8,0,Shadrel,PERSON,0,7
uiug.30112002868674,61,10,0,the next two days,DATE,4,21
uiug.30112002868674,61,10,1,Frambrough,PERSON,44,54
uiug.30112002868674,61,10,2,Army Headquarters,ORG,98,115
uiug.30112002868674,61,11,0,Frambrough,PERSON,0,10
uiug.30112002868674,61,14,0,Cedric Shadrel,PERSON,0,14
uiug.30112002868674,61,15,0,Frambrough,PERSON,15,25
uiug.30112002868674,61,15,1,eight years,DATE,97,108
uiug.30112002868674,61,15,2,49,CARDINAL,259,261
uiug.30112002868674,62,2,0,Frambrough,PERSON,10,20
uiug.30112002868674,62,4,0,Four days,DATE,0,9
uiug.30112002868674,62,5,0,Frambrough,PERSON,14,24
uiug.30112002868674,62,5,1,Fairy,PERSON,29,34
uiug.30112002868674,62,5,2,Mittie,PERSON,52,58
uiug.30112002868674,62,6,0,Frambrough,PERSON,13,23
uiug.30112002868674,62,6,1,Fairy,PERSON,28,33
uiug.30112002868674,62,6,2,Shadrel,PERSON,38,45
uiug.30112002868674,62,6,3,Las Vegas,GPE,68,77
uiug.30112002868674,62,6,4,multi-million dollar,MONEY,114,134
uiug.30112002868674,62,8,0,Los Angeles,GPE,47,58
uiug.30112002868674,62,10,0,summer,DATE,15,21
uiug.30112002868674,62,11,0,Army,ORG,39,43
uiug.30112002868674,62,11,1,Los Angeles,GPE,60,71
uiug.30112002868674,62,17,0,Bible,WORK_OF_ART,17,22
uiug.30112002868674,62,18,0,One,CARDINAL,0,3
uiug.30112002868674,62,22,0,Santa Claus,PERSON,7,18
uiug.30112002868674,63,4,0,Santa Claus,PERSON,81,92
uiug.30112002868674,63,8,0,Jesus,PERSON,29,34
uiug.30112002868674,63,9,0,five dollars,MONEY,18,30
uiug.30112002868674,63,10,0,Bible,WORK_OF_ART,13,18
uiug.30112002868674,63,10,1,Jesus,PERSON,89,94
uiug.30112002868674,63,10,2,Lazarus,PERSON,139,146
uiug.30112002868674,63,10,3,Jesus,PERSON,203,208
uiug.30112002868674,63,11,0,Jesus,PERSON,101,106
uiug.30112002868674,63,14,0,Bible,WORK_OF_ART,96,101
uiug.30112002868674,63,14,1,the New Testament,WORK_OF_ART,106,123
uiug.30112002868674,63,14,2,Jesus,PERSON,152,157
uiug.30112002868674,63,14,3,Book,WORK_OF_ART,219,223
uiug.30112002868674,63,16,0,Bible,WORK_OF_ART,43,48
uiug.30112002868674,63,17,0,Sunday,DATE,48,54
uiug.30112002868674,63,17,1,Christ,PERSON,72,78
uiug.30112002868674,63,19,0,several hours,TIME,8,21
uiug.30112002868674,63,19,1,the Rescue Mission,ORG,35,53
uiug.30112002868674,63,20,0,Late in the evening,TIME,0,19
uiug.30112002868674,64,0,0,Zion Baptist church,ORG,36,55
uiug.30112002868674,64,2,0,Santiago Best,PERSON,37,50
uiug.30112002868674,64,4,0,Jew,NORP,57,60
uiug.30112002868674,64,7,0,Santiago,PERSON,24,32
uiug.30112002868674,64,7,1,Pamela,PERSON,46,52
uiug.30112002868674,64,7,2,Marks,PERSON,66,71
uiug.30112002868674,64,9,0,Pamela,PERSON,0,6
uiug.30112002868674,64,10,0,Pamela,PERSON,0,6
uiug.30112002868674,64,10,1,Santiago,PERSON,20,28
uiug.30112002868674,64,10,2,Marks,PERSON,51,56
uiug.30112002868674,64,13,0,Pamela,PERSON,0,6
uiug.30112002868674,64,13,1,Santiago,PERSON,36,44
uiug.30112002868674,64,17,0,Pamela,PERSON,0,6
uiug.30112002868674,64,17,1,Santiago,PERSON,15,23
uiug.30112002868674,64,17,2,Pamela,PERSON,122,128
uiug.30112002868674,65,0,0,Santiago,PERSON,4,12
uiug.30112002868674,65,2,0,Pamelà,PERSON,8,14
uiug.30112002868674,65,3,0,Frambrough,PERSON,60,70
uiug.30112002868674,65,4,0,Santiago,PERSON,6,14
uiug.30112002868674,65,6,0,Santiago,PERSON,26,34
uiug.30112002868674,65,7,0,twentyone,CARDINAL,62,71
uiug.30112002868674,65,8,0,Oregon,GPE,37,43
uiug.30112002868674,65,8,1,Utah,GPE,47,51
uiug.30112002868674,65,8,2,Colorado,GPE,60,68
uiug.30112002868674,65,10,0,the University of Arizona,ORG,57,82
uiug.30112002868674,65,10,1,one,CARDINAL,86,89
uiug.30112002868674,65,12,0,his younger days,DATE,99,115
uiug.30112002868674,65,13,0,twenty-six,DATE,7,17
uiug.30112002868674,65,15,0,miles,CARDINAL,47,52
uiug.30112002868674,65,18,0,Frambrough,PERSON,0,10
uiug.30112002868674,65,19,0,53,CARDINAL,2,4
uiug.30112002868674,66,0,0,about six feet,QUANTITY,27,41
uiug.30112002868674,66,0,1,a mile,QUANTITY,116,122
uiug.30112002868674,66,1,0,Santiago,PERSON,30,38
uiug.30112002868674,66,6,0,Santiago,PERSON,20,28
uiug.30112002868674,66,11,0,seven years,DATE,23,34
uiug.30112002868674,66,14,0,Santiago,PERSON,8,16
uiug.30112002868674,66,16,0,only a hundred feet,QUANTITY,10,29
uiug.30112002868674,66,26,0,over two million,CARDINAL,32,48
uiug.30112002868674,66,31,0,54,CARDINAL,0,2
uiug.30112002868674,67,2,0,Santiago,PERSON,10,18
uiug.30112002868674,67,11,0,nearly a foot and a half taller,QUANTITY,7,38
uiug.30112002868674,67,18,0,Frambrough Chaney,PERSON,5,22
uiug.30112002868674,67,19,0,Santiago,PERSON,32,40
uiug.30112002868674,67,24,0,Santiago,PERSON,15,23
uiug.30112002868674,67,32,0,55,DATE,3,5
uiug.30112002868674,68,28,0,first,ORDINAL,22,27
uiug.30112002868674,68,30,0,Santiago,PERSON,0,8
uiug.30112002868674,68,31,0,Jew,NORP,4,7
uiug.30112002868674,69,17,0,several yards,QUANTITY,11,24
uiug.30112002868674,69,19,0,Santiago,PERSON,5,13
uiug.30112002868674,69,23,0,Chaney,PERSON,55,61
uiug.30112002868674,69,27,0,Frambrough Chaney's,PERSON,5,24
uiug.30112002868674,69,31,0,English,LANGUAGE,30,37
uiug.30112002868674,69,32,0,Santiago,PERSON,0,8
uiug.30112002868674,69,35,0,second,ORDINAL,4,10
uiug.30112002868674,69,36,0,Ted,PERSON,25,28
uiug.30112002868674,69,38,0,two,CARDINAL,15,18
uiug.30112002868674,69,39,0,57,CARDINAL,0,2
uiug.30112002868674,70,3,0,Joe,PERSON,23,26
uiug.30112002868674,70,12,0,Frambrough Chaney's,PERSON,18,37
uiug.30112002868674,70,16,0,Jesus,PERSON,14,19
uiug.30112002868674,70,16,1,Ted,PERSON,21,24
uiug.30112002868674,70,18,0,Frambrough,PERSON,8,18
uiug.30112002868674,70,19,0,Shadrel,PERSON,25,32
uiug.30112002868674,70,20,0,Chaney,PERSON,27,33
uiug.30112002868674,70,23,0,Tou'saint Chaney,PERSON,38,54
uiug.30112002868674,70,25,0,tomorrow,DATE,53,61
uiug.30112002868674,70,26,0,Shadrel,PERSON,73,80
uiug.30112002868674,70,26,1,Tou'saint,PERSON,157,166
uiug.30112002868674,70,27,0,Ted,PERSON,34,37
uiug.30112002868674,70,28,0,Chaney,PERSON,28,34
uiug.30112002868674,70,28,1,Ted,PERSON,37,40
uiug.30112002868674,70,29,0,four,CARDINAL,21,25
uiug.30112002868674,70,32,0,Santiago,PERSON,12,20
uiug.30112002868674,70,33,0,Ted,PERSON,12,15
uiug.30112002868674,70,35,0,night,TIME,34,39
uiug.30112002868674,71,1,0,two,CARDINAL,10,13
uiug.30112002868674,71,1,1,Chaney,PERSON,25,31
uiug.30112002868674,71,1,2,Ted,PERSON,34,37
uiug.30112002868674,71,2,0,two,CARDINAL,5,8
uiug.30112002868674,71,2,1,the night,TIME,14,23
uiug.30112002868674,71,6,0,Frambrough,PERSON,1,11
uiug.30112002868674,71,9,0,tomorrow,DATE,4,12
uiug.30112002868674,71,9,1,morning,TIME,13,20
uiug.30112002868674,71,9,2,Frambrough,PERSON,31,41
uiug.30112002868674,71,9,3,Las Vegas,GPE,45,54
uiug.30112002868674,71,9,4,two,CARDINAL,89,92
uiug.30112002868674,71,10,0,Frambrough,PERSON,0,10
uiug.30112002868674,71,13,0,Ted,PERSON,0,3
uiug.30112002868674,71,17,0,Ted,PERSON,22,25
uiug.30112002868674,71,27,0,Tou'saint,PERSON,45,54
uiug.30112002868674,71,36,0,Ford,ORG,64,68
uiug.30112002868674,71,38,0,Santiago,PERSON,0,8
uiug.30112002868674,71,38,1,Arabian,NORP,46,53
uiug.30112002868674,71,39,0,ten,CARDINAL,8,11
uiug.30112002868674,71,40,0,five,CARDINAL,13,17
uiug.30112002868674,71,40,1,Santiago,PERSON,38,46
uiug.30112002868674,71,41,0,59,CARDINAL,51,53
uiug.30112002868674,72,0,0,Frambrough,PERSON,0,10
uiug.30112002868674,72,3,0,Santiago,PERSON,15,23
uiug.30112002868674,72,8,0,first,ORDINAL,40,45
uiug.30112002868674,72,13,0,Santiago,PERSON,32,40
uiug.30112002868674,72,24,0,Bible,WORK_OF_ART,18,23
uiug.30112002868674,72,24,1,Frambrough,PERSON,83,93
uiug.30112002868674,73,7,0,Bible,WORK_OF_ART,66,71
uiug.30112002868674,73,9,0,Frambrough,PERSON,23,33
uiug.30112002868674,73,23,0,Frambrough,PERSON,41,51
uiug.30112002868674,73,28,0,61,DATE,48,50
uiug.30112002868674,74,2,0,Nigger,NORP,17,23
uiug.30112002868674,74,4,0,Nigger,NORP,21,27
uiug.30112002868674,74,4,1,Frambrough,PERSON,29,39
uiug.30112002868674,74,21,0,Frambrough,PERSON,0,10
uiug.30112002868674,74,24,0,Frambrough,PERSON,78,88
uiug.30112002868674,74,26,0,Frambrough,PERSON,70,80
uiug.30112002868674,74,28,0,62,CARDINAL,0,2
uiug.30112002868674,75,3,0,Frambrough,PERSON,7,17
uiug.30112002868674,75,3,1,Frambrough,PERSON,44,54
uiug.30112002868674,75,4,0,Frambrough,PERSON,0,10
uiug.30112002868674,75,6,0,over a dozen,CARDINAL,14,26
uiug.30112002868674,75,8,0,Frambrough,PERSON,64,74
uiug.30112002868674,75,11,0,Frambrough,PERSON,54,64
uiug.30112002868674,75,12,0,Frambrough,PERSON,39,49
uiug.30112002868674,75,17,0,tomorrow,DATE,18,26
uiug.30112002868674,75,18,0,Good day,DATE,18,26
uiug.30112002868674,75,20,0,Frambrough,PERSON,27,37
uiug.30112002868674,75,28,0,Frambrough,PERSON,16,26
uiug.30112002868674,75,33,0,63,CARDINAL,0,2
uiug.30112002868674,76,0,0,Frambrough,PERSON,59,69
uiug.30112002868674,76,12,0,Frambrough,PERSON,27,37
uiug.30112002868674,76,12,1,Frambrough,PERSON,72,82
uiug.30112002868674,76,20,0,Frambrough,PERSON,17,27
uiug.30112002868674,76,22,0,Frambrough,PERSON,9,19
uiug.30112002868674,76,24,0,Frambrough,PERSON,30,40
uiug.30112002868674,76,28,0,Frambrough,PERSON,0,10
uiug.30112002868674,76,29,0,one,CARDINAL,91,94
uiug.30112002868674,77,2,0,Frambrough,PERSON,20,30
uiug.30112002868674,77,3,0,Tou'saint,PERSON,1,10
uiug.30112002868674,77,13,0,Frambrough,PERSON,9,19
uiug.30112002868674,77,21,0,Cedric Shadrel,PERSON,0,14
uiug.30112002868674,77,22,0,Frambrough,PERSON,47,57
uiug.30112002868674,77,22,1,Frambrough,PERSON,115,125
uiug.30112002868674,77,23,0,Cedric Shadrel,PERSON,0,14
uiug.30112002868674,77,26,0,those heavenly days,DATE,11,30
uiug.30112002868674,77,26,1,the past seven years,DATE,50,70
uiug.30112002868674,77,28,0,past six,TIME,7,15
uiug.30112002868674,78,4,0,Fairy,PERSON,39,44
uiug.30112002868674,78,4,1,Frambrough,PERSON,89,99
uiug.30112002868674,78,6,0,two,CARDINAL,58,61
uiug.30112002868674,78,12,0,Fairy,PERSON,23,28
uiug.30112002868674,78,14,0,Frambrough,PERSON,0,10
uiug.30112002868674,78,15,0,Frambrough,PERSON,0,10
uiug.30112002868674,78,19,0,Frambrough,PERSON,17,27
uiug.30112002868674,78,22,0,Frambrough,PERSON,28,38
uiug.30112002868674,78,23,0,Frambrough,PERSON,21,31
uiug.30112002868674,78,25,0,66,CARDINAL,2,4
uiug.30112002868674,79,4,0,Frambrough,PERSON,26,36
uiug.30112002868674,79,5,0,Fairy,PERSON,21,26
uiug.30112002868674,79,5,1,Frambrough,PERSON,143,153
uiug.30112002868674,79,5,2,a few more days,DATE,190,205
uiug.30112002868674,79,10,0,the Kentucky Derby,EVENT,40,58
uiug.30112002868674,79,10,1,this fall,DATE,59,68
uiug.30112002868674,79,16,0,French,NORP,27,33
uiug.30112002868674,79,22,0,summer,DATE,63,69
uiug.30112002868674,80,4,0,more than three miles,QUANTITY,14,35
uiug.30112002868674,80,7,0,Frambrough,PERSON,53,63
uiug.30112002868674,80,10,0,perhaps two hundred feet,QUANTITY,65,89
uiug.30112002868674,80,20,0,68,CARDINAL,14,16
uiug.30112002868674,81,6,0,that day,DATE,43,51
uiug.30112002868674,81,10,0,these days,DATE,56,66
uiug.30112002868674,82,10,0,one,CARDINAL,48,51
uiug.30112002868674,82,11,0,Egypt,GPE,64,69
uiug.30112002868674,82,20,0,some twenty yards,QUANTITY,17,34
uiug.30112002868674,82,21,0,one,CARDINAL,27,30
uiug.30112002868674,82,21,1,Fairy LaFay,PERSON,125,136
uiug.30112002868674,83,11,0,Fairy,PERSON,11,16
uiug.30112002868674,83,33,0,Golly,PERSON,1,6
uiug.30112002868674,83,36,0,71,DATE,9,11
uiug.30112002868674,84,43,0,72,CARDINAL,0,2
uiug.30112002868674,85,3,0,Frambrough,PERSON,9,19
uiug.30112002868674,85,9,0,Kentucky,GPE,75,83
uiug.30112002868674,85,13,0,Frambrough,PERSON,0,10
uiug.30112002868674,85,21,0,years ago,DATE,28,37
uiug.30112002868674,85,23,0,Frambrough,PERSON,1,11
uiug.30112002868674,85,23,1,Fairy,PERSON,40,45
uiug.30112002868674,85,24,0,Negro,NORP,42,47
uiug.30112002868674,85,26,0,Kansas City,GPE,57,68
uiug.30112002868674,85,29,0,Frambrough,PERSON,4,14
uiug.30112002868674,86,1,0,Fairy,PERSON,12,17
uiug.30112002868674,86,2,0,Fairy,PERSON,26,31
uiug.30112002868674,86,10,0,Jesus,PERSON,17,22
uiug.30112002868674,86,11,0,Jesus,PERSON,0,5
uiug.30112002868674,86,20,0,Army,ORG,113,117
uiug.30112002868674,86,28,0,Fairy,PERSON,0,5
uiug.30112002868674,86,30,0,Fairy,PERSON,147,152
uiug.30112002868674,86,32,0,one,CARDINAL,10,13
uiug.30112002868674,87,1,0,Frambrough,PERSON,55,65
uiug.30112002868674,87,6,0,Pizarro,ORG,37,44
uiug.30112002868674,87,8,0,Theda Mae,PERSON,0,9
uiug.30112002868674,87,11,0,day before yesterday,DATE,12,32
uiug.30112002868674,87,15,0,a week,DATE,41,47
uiug.30112002868674,87,15,1,one night,TIME,128,137
uiug.30112002868674,87,15,2,midnight,TIME,158,166
uiug.30112002868674,87,18,0,Theda,PERSON,0,5
uiug.30112002868674,87,22,0,Fairy,PERSON,46,51
uiug.30112002868674,87,27,0,75,CARDINAL,91,93
uiug.30112002868674,88,3,0,the other day,DATE,13,26
uiug.30112002868674,88,9,0,Fairy,PERSON,17,22
uiug.30112002868674,88,35,0,Frambrough,PERSON,0,10
uiug.30112002868674,88,44,0,one,CARDINAL,19,22
uiug.30112002868674,88,48,0,76,CARDINAL,60,62
uiug.30112002868674,89,5,0,thousands of dollars,MONEY,18,38
uiug.30112002868674,89,5,1,Pizarro,PERSON,74,81
uiug.30112002868674,89,14,0,Fairy,PERSON,38,43
uiug.30112002868674,89,20,0,Fairy,PERSON,7,12
uiug.30112002868674,89,22,0,Fairy,PERSON,39,44
uiug.30112002868674,89,25,0,one,CARDINAL,58,61
uiug.30112002868674,90,15,0,a thousand,CARDINAL,22,32
uiug.30112002868674,90,22,0,first,ORDINAL,22,27
uiug.30112002868674,91,1,0,the day,DATE,105,112
uiug.30112002868674,91,7,0,Tou'saint,PERSON,0,9
uiug.30112002868674,91,20,0,Fairy,PERSON,7,12
uiug.30112002868674,92,9,0,Los Angeles,GPE,53,64
uiug.30112002868674,92,14,0,Fairy,PERSON,0,5
uiug.30112002868674,92,19,0,one,CARDINAL,3,6
uiug.30112002868674,92,22,0,all four,CARDINAL,57,65
uiug.30112002868674,93,7,0,each moment,TIME,79,90
uiug.30112002868674,93,11,0,Fairy,PERSON,5,10
uiug.30112002868674,93,12,0,daily,DATE,88,93
uiug.30112002868674,93,13,0,More than a hundred,CARDINAL,0,19
uiug.30112002868674,93,13,1,daily,DATE,39,44
uiug.30112002868674,93,16,0,hours,TIME,13,18
uiug.30112002868674,93,16,1,one,CARDINAL,25,28
uiug.30112002868674,93,22,0,Fairy,PERSON,68,73
uiug.30112002868674,93,24,0,81,CARDINAL,29,31
uiug.30112002868674,94,2,0,Book,WORK_OF_ART,8,12
uiug.30112002868674,94,7,0,eight o'clock,TIME,51,64
uiug.30112002868674,94,12,0,One,CARDINAL,0,3
uiug.30112002868674,94,12,1,past sixty,DATE,20,30
uiug.30112002868674,94,15,0,one,CARDINAL,15,18
uiug.30112002868674,94,23,0,second,ORDINAL,4,10
uiug.30112002868674,94,25,0,first,ORDINAL,19,24
uiug.30112002868674,94,25,1,three,CARDINAL,38,43
uiug.30112002868674,94,31,0,82,CARDINAL,0,2
uiug.30112002868674,95,5,0,Tou'saint Chaney,PERSON,4,20
uiug.30112002868674,95,6,0,Frambrough,PERSON,1,11
uiug.30112002868674,95,11,0,Frambrough Chaney's,PERSON,54,73
uiug.30112002868674,95,14,0,Frambrough,PERSON,12,22
uiug.30112002868674,95,17,0,Tou'saint,PERSON,11,20
uiug.30112002868674,95,29,0,Frambrough,PERSON,44,54
uiug.30112002868674,95,33,0,Barney,PERSON,66,72
uiug.30112002868674,95,34,0,Chaney,PERSON,45,51
uiug.30112002868674,95,37,0,83,DATE,2,4
uiug.30112002868674,96,4,0,five gallon,QUANTITY,10,21
uiug.30112002868674,96,16,0,second,ORDINAL,4,10
uiug.30112002868674,96,21,0,Frambrough,PERSON,0,10
uiug.30112002868674,96,21,1,Shadrel,PERSON,15,22
uiug.30112002868674,96,21,2,Frambrough,PERSON,79,89
uiug.30112002868674,96,22,0,the night,TIME,8,17
uiug.30112002868674,96,23,0,The following morning,TIME,0,21
uiug.30112002868674,96,23,1,the Rescue Mission,ORG,78,96
uiug.30112002868674,96,24,0,Santiago,PERSON,0,8
uiug.30112002868674,96,28,0,Cedric Shadrel,PERSON,23,37
uiug.30112002868674,96,29,0,Hitler,PERSON,21,27
uiug.30112002868674,96,30,0,84,CARDINAL,0,2
uiug.30112002868674,97,3,0,Santiago,PERSON,1,9
uiug.30112002868674,97,5,0,Frambrough Chaney,PERSON,15,32
uiug.30112002868674,97,10,0,Santiago,PERSON,29,37
uiug.30112002868674,97,16,0,Santiago,PERSON,6,14
uiug.30112002868674,97,17,0,just eight-thirty,TIME,6,23
uiug.30112002868674,97,27,0,Marks,PERSON,32,37
uiug.30112002868674,97,28,0,Pamela,PERSON,9,15
uiug.30112002868674,97,30,0,that particular night,TIME,22,43
uiug.30112002868674,98,3,0,Santiago,PERSON,30,38
uiug.30112002868674,98,7,0,Mittie,PERSON,50,56
uiug.30112002868674,98,9,0,Mittie,PERSON,0,6
uiug.30112002868674,98,10,0,Marks,PERSON,31,36
uiug.30112002868674,98,14,0,Marks,PERSON,42,47
uiug.30112002868674,98,15,0,the Rescue Mission,ORG,30,48
uiug.30112002868674,98,16,0,about a mile,QUANTITY,46,58
uiug.30112002868674,98,18,0,Santiago,PERSON,7,15
uiug.30112002868674,98,18,1,Mittie,PERSON,62,68
uiug.30112002868674,98,20,0,Santiago,PERSON,16,24
uiug.30112002868674,98,21,0,a couple of hours,TIME,15,32
uiug.30112002868674,98,23,0,Mittie,PERSON,1,7
uiug.30112002868674,98,26,0,Santiago,PERSON,31,39
uiug.30112002868674,98,28,0,Mission,FAC,48,55
uiug.30112002868674,99,1,0,Santiago,PERSON,0,8
uiug.30112002868674,99,1,1,Mittie,PERSON,60,66
uiug.30112002868674,99,7,0,Santiago,PERSON,0,8
uiug.30112002868674,99,10,0,Four,CARDINAL,0,4
uiug.30112002868674,99,11,0,one,CARDINAL,6,9
uiug.30112002868674,99,11,1,Cedric Shadrel,PERSON,29,43
uiug.30112002868674,99,12,0,Santiago,PERSON,0,8
uiug.30112002868674,99,15,0,Santiago,PERSON,51,59
uiug.30112002868674,99,16,0,One,CARDINAL,0,3
uiug.30112002868674,99,18,0,thousands,CARDINAL,53,62
uiug.30112002868674,99,19,0,one,CARDINAL,128,131
uiug.30112002868674,99,19,1,two,CARDINAL,135,138
uiug.30112002868674,100,0,0,Cedric Shadrel,PERSON,22,36
uiug.30112002868674,100,3,0,Santiago,PERSON,28,36
uiug.30112002868674,100,6,0,Cedric Shadrel,PERSON,57,71
uiug.30112002868674,100,7,0,CHAPTER ELEVEN,DATE,0,14
uiug.30112002868674,100,10,0,Shadrel,PERSON,61,68
uiug.30112002868674,100,10,1,one,CARDINAL,77,80
uiug.30112002868674,100,12,0,Shadrel,PERSON,27,34
uiug.30112002868674,100,16,0,Frambrough,PERSON,13,23
uiug.30112002868674,100,21,0,Shadrel,PERSON,0,7
uiug.30112002868674,101,1,0,Frambrough,PERSON,13,23
uiug.30112002868674,101,5,0,Frambrough,PERSON,25,35
uiug.30112002868674,101,16,0,Shadrel,PERSON,13,20
uiug.30112002868674,101,23,0,Stonewall,PERSON,12,21
uiug.30112002868674,101,25,0,Shadrel,PERSON,9,16
uiug.30112002868674,101,29,0,more than a hundred feet,QUANTITY,18,42
uiug.30112002868674,101,31,0,Frambrough,PERSON,14,24
uiug.30112002868674,102,3,0,Shadrel,PERSON,29,36
uiug.30112002868674,102,3,1,Frambrough,PERSON,126,136
uiug.30112002868674,102,3,2,Shadrel,PERSON,179,186
uiug.30112002868674,102,14,0,Santiago,PERSON,21,29
uiug.30112002868674,102,28,0,Cedric Shadrel's,PERSON,58,74
uiug.30112002868674,102,29,0,90,CARDINAL,0,2
uiug.30112002868674,103,3,0,Shadrel,PERSON,36,43
uiug.30112002868674,103,5,0,Frambrough,PERSON,0,10
uiug.30112002868674,103,7,0,two,CARDINAL,5,8
uiug.30112002868674,103,9,0,Wigglesby,PERSON,8,17
uiug.30112002868674,103,11,0,tons,CARDINAL,52,56
uiug.30112002868674,103,12,0,Egypt,GPE,64,69
uiug.30112002868674,103,20,0,Wigglesby,PERSON,90,99
uiug.30112002868674,103,21,0,Salinco Island,LOC,87,101
uiug.30112002868674,103,26,0,Jesus,PERSON,3,8
uiug.30112002868674,103,27,0,91,CARDINAL,2,4
uiug.30112002868674,104,0,0,TWELVE,CARDINAL,8,14
uiug.30112002868674,104,0,1,two,CARDINAL,26,29
uiug.30112002868674,104,6,0,Pamela,PERSON,12,18
uiug.30112002868674,104,24,0,Santiago,PERSON,0,8
uiug.30112002868674,104,28,0,Santiago,PERSON,20,28
uiug.30112002868674,104,36,0,92,CARDINAL,77,79
uiug.30112002868674,105,1,0,Santiago,PERSON,11,19
uiug.30112002868674,105,5,0,one,CARDINAL,22,25
uiug.30112002868674,105,17,0,Pamela,PERSON,1,7
uiug.30112002868674,105,25,0,only one,CARDINAL,7,15
uiug.30112002868674,105,28,0,over five years,DATE,33,48
uiug.30112002868674,105,33,0,an hour,TIME,22,29
uiug.30112002868674,105,46,0,93,DATE,9,11
uiug.30112002868674,106,2,0,Santiago,PERSON,0,8
uiug.30112002868674,106,9,0,Santiago,PERSON,10,18
uiug.30112002868674,106,19,0,Tou'saint,PERSON,19,28
uiug.30112002868674,106,25,0,Biblical,NORP,59,67
uiug.30112002868674,106,38,0,Jesus,PERSON,16,21
uiug.30112002868674,107,3,0,Pamela,PERSON,47,53
uiug.30112002868674,107,7,0,Pamela,PERSON,0,6
uiug.30112002868674,107,11,0,a couple more hours,TIME,46,65
uiug.30112002868674,107,16,0,the day,DATE,81,88
uiug.30112002868674,107,17,0,three days ago,DATE,9,23
uiug.30112002868674,107,20,0,all day,DATE,33,40
uiug.30112002868674,107,20,1,this evening,TIME,49,61
uiug.30112002868674,107,22,0,Tou'saint Chaney,PERSON,8,24
uiug.30112002868674,107,25,0,Pamela Marks,PERSON,60,72
uiug.30112002868674,107,25,1,95,CARDINAL,75,77
uiug.30112002868674,108,0,0,Santiago,PERSON,11,19
uiug.30112002868674,108,4,0,The entire night,TIME,0,16
uiug.30112002868674,108,9,0,Pamela,PERSON,0,6
uiug.30112002868674,108,13,0,Santiago,PERSON,45,53
uiug.30112002868674,108,13,1,Pamela,PERSON,101,107
uiug.30112002868674,108,14,0,Indian,NORP,7,13
uiug.30112002868674,108,14,1,Joshua,LOC,52,58
uiug.30112002868674,108,16,0,Two,CARDINAL,0,3
uiug.30112002868674,108,17,0,Frambrough,PERSON,11,21
uiug.30112002868674,108,18,0,two,CARDINAL,6,9
uiug.30112002868674,108,18,1,two,CARDINAL,15,18
uiug.30112002868674,108,19,0,Santiago,GPE,77,85
uiug.30112002868674,108,23,0,Pamela,PERSON,19,25
uiug.30112002868674,109,3,0,Santiago,PERSON,12,20
uiug.30112002868674,109,7,0,Pamela,PERSON,28,34
uiug.30112002868674,109,9,0,Santiago,PERSON,14,22
uiug.30112002868674,109,10,0,Santiago,PERSON,12,20
uiug.30112002868674,109,15,0,Jew,NORP,24,27
uiug.30112002868674,109,17,0,Santiago,PERSON,8,16
uiug.30112002868674,109,20,0,this morning,TIME,19,31
uiug.30112002868674,109,21,0,Santiago,PERSON,20,28
uiug.30112002868674,109,23,0,Pamela,PERSON,12,18
uiug.30112002868674,109,26,0,Santiago,PERSON,45,53
uiug.30112002868674,109,29,0,Pamela,PERSON,0,6
uiug.30112002868674,109,31,0,Pamela,PERSON,166,172
uiug.30112002868674,109,32,0,Pamela,PERSON,17,23
uiug.30112002868674,110,1,0,Pamela,PERSON,0,6
uiug.30112002868674,110,10,0,Pamela,PERSON,30,36
uiug.30112002868674,110,29,0,some moments,TIME,7,19
uiug.30112002868674,110,29,1,Pamela,PERSON,46,52
uiug.30112002868674,110,32,0,Pamela,PERSON,13,19
uiug.30112002868674,110,35,0,tomorrow,DATE,26,34
uiug.30112002868674,110,35,1,Santiago,PERSON,44,52
uiug.30112002868674,110,37,0,Santiago,PERSON,0,8
uiug.30112002868674,111,2,0,Pamela,PERSON,15,21
uiug.30112002868674,111,5,0,Pamela,PERSON,0,6
uiug.30112002868674,111,18,0,Pamela,PERSON,0,6
uiug.30112002868674,111,22,0,Pamela,PERSON,27,33
uiug.30112002868674,111,30,0,Pamela,PERSON,19,25
uiug.30112002868674,111,31,0,MANY DAYS,DATE,25,34
uiug.30112002868674,111,31,1,Marks,PERSON,69,74
uiug.30112002868674,111,33,0,late August,DATE,5,16
uiug.30112002868674,111,33,1,Santiago,GPE,57,65
uiug.30112002868674,111,34,0,One Saturday,TIME,0,12
uiug.30112002868674,111,34,1,Pamela,PERSON,29,35
uiug.30112002868674,111,34,2,the Rescue Mission,ORG,48,66
uiug.30112002868674,112,0,0,Jew,NORP,9,12
uiug.30112002868674,112,2,0,Santiago,PERSON,49,57
uiug.30112002868674,112,2,1,Las Vegas,GPE,118,127
uiug.30112002868674,112,3,0,Pamela,PERSON,0,6
uiug.30112002868674,112,4,0,Santiago,PERSON,38,46
uiug.30112002868674,112,5,0,One night,TIME,0,9
uiug.30112002868674,112,5,1,over a week,DATE,91,102
uiug.30112002868674,112,6,0,Pamela,PERSON,0,6
uiug.30112002868674,112,7,0,the three hundred or more miles,QUANTITY,22,53
uiug.30112002868674,112,7,1,Las Vegas,GPE,57,66
uiug.30112002868674,112,10,0,night,TIME,37,42
uiug.30112002868674,112,12,0,Santiago,PERSON,0,8
uiug.30112002868674,112,14,0,nearly two hours,TIME,39,55
uiug.30112002868674,112,14,1,Pamela,PERSON,81,87
uiug.30112002868674,112,16,0,the night,TIME,23,32
uiug.30112002868674,112,16,1,San Bernardino,GPE,91,105
uiug.30112002868674,112,17,0,the day,DATE,20,27
uiug.30112002868674,112,17,1,dusk,TIME,62,66
uiug.30112002868674,112,19,0,100,CARDINAL,59,62
uiug.30112002868674,113,2,0,Santiago,PERSON,0,8
uiug.30112002868674,113,2,1,Indian,NORP,20,26
uiug.30112002868674,113,3,0,Pamela,PERSON,32,38
uiug.30112002868674,113,4,0,Santiago,PERSON,57,65
uiug.30112002868674,113,5,0,Frambrough,PERSON,23,33
uiug.30112002868674,113,5,1,Shadrel,PERSON,38,45
uiug.30112002868674,113,18,0,Nearly fifty or sixty feet,QUANTITY,0,26
uiug.30112002868674,113,22,0,ten minutes,TIME,45,56
uiug.30112002868674,113,28,0,Mittie,PERSON,1,7
uiug.30112002868674,114,2,0,A day,DATE,0,5
uiug.30112002868674,114,4,0,Mittie,PERSON,0,6
uiug.30112002868674,114,7,0,Mittie,PERSON,28,34
uiug.30112002868674,114,8,0,Mittie,PERSON,0,6
uiug.30112002868674,114,9,0,a Cedric Shadrel,PERSON,125,141
uiug.30112002868674,114,10,0,Shadrel,PERSON,5,12
uiug.30112002868674,114,12,0,Fairy,PERSON,11,16
uiug.30112002868674,114,15,0,Fairy,PERSON,14,19
uiug.30112002868674,114,20,0,Fairy,PERSON,0,5
uiug.30112002868674,114,20,1,the day before,DATE,91,105
uiug.30112002868674,114,21,0,Mittie,PERSON,32,38
uiug.30112002868674,114,21,1,that particular day,DATE,57,76
uiug.30112002868674,114,26,0,Santiago,PERSON,33,41
uiug.30112002868674,114,27,0,Mittie,PERSON,7,13
uiug.30112002868674,114,27,1,Fairy,PERSON,26,31
uiug.30112002868674,114,30,0,102,CARDINAL,5,8
uiug.30112002868674,115,5,0,Santiago,PERSON,0,8
uiug.30112002868674,115,8,0,Mittie,PERSON,11,17
uiug.30112002868674,115,8,1,Frambrough Chaney,PERSON,92,109
uiug.30112002868674,115,12,0,over a week,DATE,49,60
uiug.30112002868674,115,15,0,Santiago,PERSON,0,8
uiug.30112002868674,115,17,0,midnight,TIME,10,18
uiug.30112002868674,115,20,0,Marks,PERSON,35,40
uiug.30112002868674,115,21,0,Pamela,PERSON,40,46
uiug.30112002868674,116,1,0,Pamela,PERSON,83,89
uiug.30112002868674,116,2,0,two,CARDINAL,35,38
uiug.30112002868674,116,3,0,the second day,DATE,10,24
uiug.30112002868674,116,3,1,another day,DATE,57,68
uiug.30112002868674,116,4,0,two,CARDINAL,37,40
uiug.30112002868674,116,5,0,One,CARDINAL,0,3
uiug.30112002868674,116,5,1,three,CARDINAL,62,67
uiug.30112002868674,116,6,0,Shadrel,PERSON,10,17
uiug.30112002868674,116,8,0,a hour,TIME,21,27
uiug.30112002868674,116,8,1,Cadillac,ORG,44,52
uiug.30112002868674,116,10,0,Pamela,PERSON,0,6
uiug.30112002868674,116,17,0,Santiago,PERSON,19,27
uiug.30112002868674,116,23,0,Las Vegas,GPE,11,20
uiug.30112002868674,116,23,1,the seventh day,DATE,24,39
uiug.30112002868674,116,23,2,thirty or forty miles,QUANTITY,56,77
uiug.30112002868674,116,23,3,each day,DATE,78,86
uiug.30112002868674,116,24,0,two,CARDINAL,53,56
uiug.30112002868674,116,25,0,Gambler's Paradise,FAC,0,18
uiug.30112002868674,116,25,1,two miles,QUANTITY,59,68
uiug.30112002868674,116,25,2,Las Vegas,GPE,78,87
uiug.30112002868674,117,2,0,Santiago,PERSON,0,8
uiug.30112002868674,117,4,0,the fourth night,TIME,3,19
uiug.30112002868674,117,4,1,Santiago,PERSON,20,28
uiug.30112002868674,117,5,0,two,CARDINAL,13,16
uiug.30112002868674,117,7,0,Jew,NORP,23,26
uiug.30112002868674,117,12,0,One,CARDINAL,0,3
uiug.30112002868674,117,12,1,Santiago,GPE,56,64
uiug.30112002868674,117,16,0,some weeks,DATE,4,14
uiug.30112002868674,117,16,1,Santiago,PERSON,28,36
uiug.30112002868674,117,16,2,Marks,PERSON,91,96
uiug.30112002868674,117,17,0,Pamela,PERSON,0,6
uiug.30112002868674,117,17,1,Santiago,PERSON,104,112
uiug.30112002868674,117,18,0,Pamela,PERSON,14,20
uiug.30112002868674,117,18,1,Lakes,LOC,69,74
uiug.30112002868674,117,18,2,hours,TIME,100,105
uiug.30112002868674,117,22,0,One late evening,TIME,0,16
uiug.30112002868674,117,22,1,Santiago,PERSON,21,29
uiug.30112002868674,117,22,2,105,CARDINAL,60,63
uiug.30112002868674,118,0,0,the day,DATE,93,100
uiug.30112002868674,118,0,1,over two weeks,DATE,152,166
uiug.30112002868674,118,2,0,Santiago,PERSON,7,15
uiug.30112002868674,118,4,0,the Rescue Mission,ORG,61,79
uiug.30112002868674,118,10,0,first,ORDINAL,25,30
uiug.30112002868674,118,11,0,Santiago,PERSON,37,45
uiug.30112002868674,118,21,0,this evening,TIME,9,21
uiug.30112002868674,118,24,0,the Rescue Mission,ORG,11,29
uiug.30112002868674,118,24,1,about eight,TIME,30,41
uiug.30112002868674,118,25,0,Santiago,PERSON,63,71
uiug.30112002868674,118,26,0,Los Angeles,GPE,38,49
uiug.30112002868674,118,27,0,Santiago,PERSON,0,8
uiug.30112002868674,118,28,0,two,CARDINAL,54,57
uiug.30112002868674,118,29,0,one,CARDINAL,40,43
uiug.30112002868674,118,30,0,Santiago,PERSON,6,14
uiug.30112002868674,119,4,0,Santiago,PERSON,0,8
uiug.30112002868674,119,20,0,Jesus,PERSON,24,29
uiug.30112002868674,119,28,0,weeks,DATE,25,30
uiug.30112002868674,120,0,0,Tou'saint,PERSON,27,36
uiug.30112002868674,120,6,0,Tou'saint,PERSON,12,21
uiug.30112002868674,120,13,0,Pizarro,PRODUCT,4,11
uiug.30112002868674,120,16,0,Santiago,PERSON,21,29
uiug.30112002868674,120,26,0,Santiago,PERSON,22,30
uiug.30112002868674,120,28,0,Tou'saint Chaney,PERSON,13,29
uiug.30112002868674,120,33,0,Santiago,PERSON,31,39
uiug.30112002868674,120,36,0,108,CARDINAL,4,7
uiug.30112002868674,121,1,0,first,ORDINAL,4,9
uiug.30112002868674,121,1,1,San Pedro,FAC,55,64
uiug.30112002868674,121,4,0,Santiago,PERSON,58,66
uiug.30112002868674,121,7,0,Santiago,PERSON,0,8
uiug.30112002868674,121,9,0,Two,CARDINAL,0,3
uiug.30112002868674,121,9,1,one,CARDINAL,32,35
uiug.30112002868674,121,11,0,the night,TIME,87,96
uiug.30112002868674,121,16,0,fifty or more,CARDINAL,21,34
uiug.30112002868674,121,17,0,Santiago,GPE,33,41
uiug.30112002868674,122,16,0,Mexican,NORP,23,30
uiug.30112002868674,122,19,0,Odessia,PERSON,19,26
uiug.30112002868674,122,23,0,Sam,PERSON,13,16
uiug.30112002868674,122,30,0,Santiago,PERSON,0,8
uiug.30112002868674,122,38,0,110,CARDINAL,2,5
uiug.30112002868674,123,12,0,Two,CARDINAL,0,3
uiug.30112002868674,123,14,0,first,ORDINAL,44,49
uiug.30112002868674,123,20,0,Francis,PERSON,5,12
uiug.30112002868674,123,21,0,Francis,PERSON,0,7
uiug.30112002868674,123,26,0,Santiago,PERSON,9,17
uiug.30112002868674,124,3,0,Santiago,PERSON,18,26
uiug.30112002868674,124,9,0,FOURTEEN,CARDINAL,8,16
uiug.30112002868674,124,9,1,NEAR NINE,CARDINAL,24,33
uiug.30112002868674,124,9,2,the Rescue Mission,ORG,50,68
uiug.30112002868674,124,11,0,a few dollars,MONEY,21,34
uiug.30112002868674,124,11,1,Club Pizarro,ORG,57,69
uiug.30112002868674,124,12,0,Frambrough,PERSON,114,124
uiug.30112002868674,124,12,1,Shadrel,PERSON,129,136
uiug.30112002868674,124,15,0,Rescue Mission,ORG,32,46
uiug.30112002868674,124,15,1,Santiago,PERSON,55,63
uiug.30112002868674,124,15,2,morning,TIME,96,103
uiug.30112002868674,124,18,0,Tou'saint,PERSON,1,10
uiug.30112002868674,124,18,1,Santiago,PERSON,13,21
uiug.30112002868674,125,3,0,a few dollars,MONEY,31,44
uiug.30112002868674,125,7,0,Santiago,PERSON,0,8
uiug.30112002868674,125,9,0,Santiago,PERSON,0,8
uiug.30112002868674,125,14,0,one,CARDINAL,7,10
uiug.30112002868674,125,19,0,about a mile,QUANTITY,35,47
uiug.30112002868674,125,19,1,the Club Pizarro,FAC,53,69
uiug.30112002868674,125,19,2,miles,CARDINAL,122,127
uiug.30112002868674,125,20,0,noon,TIME,128,132
uiug.30112002868674,125,23,0,close to ten,TIME,7,19
uiug.30112002868674,125,26,0,a 113,CARDINAL,19,24
uiug.30112002868674,126,5,0,Tou'saint,PERSON,8,17
uiug.30112002868674,126,9,0,years back,DATE,35,45
uiug.30112002868674,126,11,0,Bill,PERSON,8,12
uiug.30112002868674,126,17,0,Bill,PERSON,32,36
uiug.30112002868674,126,22,0,Bill,PERSON,0,4
uiug.30112002868674,126,22,1,two,CARDINAL,41,44
uiug.30112002868674,126,23,0,Five,CARDINAL,0,4
uiug.30112002868674,126,25,0,Bill,PERSON,0,4
uiug.30112002868674,126,25,1,a hundred dollars,MONEY,29,46
uiug.30112002868674,126,25,2,one,CARDINAL,52,55
uiug.30112002868674,126,25,3,114,CARDINAL,70,73
uiug.30112002868674,127,0,0,Bill,PERSON,19,23
uiug.30112002868674,127,1,0,Shadrel,PERSON,16,23
uiug.30112002868674,127,1,1,Frambrough,PERSON,28,38
uiug.30112002868674,127,1,2,a hundred dollars,MONEY,114,131
uiug.30112002868674,127,2,0,one,CARDINAL,81,84
uiug.30112002868674,127,3,0,Frambrough,PERSON,34,44
uiug.30112002868674,127,4,0,Frambrough,PERSON,24,34
uiug.30112002868674,127,6,0,two,CARDINAL,50,53
uiug.30112002868674,127,7,0,One,CARDINAL,0,3
uiug.30112002868674,127,7,1,Frambrough,PERSON,16,26
uiug.30112002868674,127,7,2,Cedric Shadrel,PERSON,56,70
uiug.30112002868674,127,10,0,Frambrough,PERSON,0,10
uiug.30112002868674,127,13,0,Shadrel,PERSON,0,7
uiug.30112002868674,127,16,0,Shadrel,PERSON,0,7
uiug.30112002868674,127,20,0,Frambrough,PERSON,36,46
uiug.30112002868674,127,23,0,Cedric Shadrel,PERSON,0,14
uiug.30112002868674,127,25,0,115,CARDINAL,0,3
uiug.30112002868674,128,0,0,a million,CARDINAL,10,19
uiug.30112002868674,128,0,1,Los Angeles,GPE,36,47
uiug.30112002868674,128,2,0,Frambrough,PERSON,14,24
uiug.30112002868674,128,3,0,Frambrough,PERSON,0,10
uiug.30112002868674,128,5,0,Las Vegas,GPE,21,30
uiug.30112002868674,128,8,0,Shaa,PERSON,8,12
uiug.30112002868674,128,8,1,Frambrough,PERSON,18,28
uiug.30112002868674,128,11,0,Frambrough,PERSON,0,10
uiug.30112002868674,128,22,0,Frambrough,PERSON,1,11
uiug.30112002868674,128,26,0,Frambrough,PERSON,21,31
uiug.30112002868674,128,42,0,116,CARDINAL,0,3
uiug.30112002868674,129,5,0,Shadrel,PERSON,22,29
uiug.30112002868674,129,11,0,Wigglesby,PERSON,92,101
uiug.30112002868674,129,14,0,first,ORDINAL,167,172
uiug.30112002868674,129,15,0,Army Headquarters,ORG,36,53
uiug.30112002868674,129,17,0,Frambrough,PERSON,0,10
uiug.30112002868674,129,18,0,Shadrel,PERSON,0,7
uiug.30112002868674,129,20,0,nearly a million,MONEY,50,66
uiug.30112002868674,129,20,1,Las Vegas,GPE,105,114
uiug.30112002868674,129,24,0,Las Vegas,GPE,99,108
uiug.30112002868674,129,25,0,Six months from now,DATE,0,19
uiug.30112002868674,129,25,1,Club Pizarro,ORG,31,43
uiug.30112002868674,129,25,2,California,GPE,100,110
uiug.30112002868674,129,30,0,seventy thousand,CARDINAL,11,27
uiug.30112002868674,129,34,0,a few days,DATE,3,13
uiug.30112002868674,129,35,0,Frambrough,PERSON,5,15
uiug.30112002868674,129,35,1,a week,DATE,81,87
uiug.30112002868674,129,36,0,Shadrel,PERSON,25,32
uiug.30112002868674,130,2,0,Shadrel,PERSON,15,22
uiug.30112002868674,130,7,0,Shadrel,PERSON,0,7
uiug.30112002868674,130,10,0,First,ORDINAL,0,5
uiug.30112002868674,130,11,0,The Federal Bureau of Investigation,ORG,0,35
uiug.30112002868674,130,16,0,Cedric,PERSON,29,35
uiug.30112002868674,130,23,0,Frambrough,PERSON,32,42
uiug.30112002868674,130,24,0,Christ,PERSON,13,19
uiug.30112002868674,130,32,0,118,CARDINAL,7,10
uiug.30112002868674,131,5,0,Frambrough,PERSON,9,19
uiug.30112002868674,131,8,0,one,CARDINAL,23,26
uiug.30112002868674,131,12,0,Frambrough,PERSON,23,33
uiug.30112002868674,131,24,0,Shadrel,PERSON,0,7
uiug.30112002868674,131,25,0,Frambrough,PERSON,11,21
uiug.30112002868674,131,33,0,Frambrough,PERSON,0,10
uiug.30112002868674,131,34,0,three days,DATE,7,17
uiug.30112002868674,131,36,0,Cedric Shadrel,PERSON,0,14
uiug.30112002868674,131,39,0,a whole week,DATE,4,16
uiug.30112002868674,131,41,0,three whole days,DATE,45,61
uiug.30112002868674,131,42,0,the very first day,DATE,21,39
uiug.30112002868674,131,43,0,119,CARDINAL,4,7
uiug.30112002868674,132,6,0,Las Vegas,GPE,17,26
uiug.30112002868674,132,17,0,three days,DATE,9,19
uiug.30112002868674,132,17,1,more than a day,DATE,105,120
uiug.30112002868674,132,18,0,Las Vegas,GPE,11,20
uiug.30112002868674,132,23,0,Frambrough,PERSON,11,21
uiug.30112002868674,132,23,1,Shadrel,PERSON,24,31
uiug.30112002868674,132,26,0,Las Vegas,GPE,147,156
uiug.30112002868674,132,30,0,one,CARDINAL,17,20
uiug.30112002868674,132,30,1,the first twenty miles,QUANTITY,55,77
uiug.30112002868674,132,30,2,Nevada,GPE,123,129
uiug.30112002868674,132,35,0,120,CARDINAL,43,46
uiug.30112002868674,133,3,0,Fairy,PERSON,121,126
uiug.30112002868674,133,5,0,Shadrel,PERSON,19,26
uiug.30112002868674,133,9,0,half,CARDINAL,23,27
uiug.30112002868674,133,18,0,night,TIME,6,11
uiug.30112002868674,133,19,0,Shadrel,PERSON,0,7
uiug.30112002868674,133,25,0,Cedric Shadrel,PERSON,109,123
uiug.30112002868674,133,26,0,first,ORDINAL,36,41
uiug.30112002868674,133,27,0,Shadrel,PERSON,71,78
uiug.30112002868674,133,28,0,two,CARDINAL,25,28
uiug.30112002868674,133,30,0,Shadrel,PERSON,17,24
uiug.30112002868674,133,31,0,121,CARDINAL,0,3
uiug.30112002868674,134,0,0,Mike,PERSON,5,9
uiug.30112002868674,134,0,1,Stonewell,PERSON,11,20
uiug.30112002868674,134,0,2,Pencie,PERSON,22,28
uiug.30112002868674,134,0,3,Shadrel,PERSON,31,38
uiug.30112002868674,134,6,0,Bill,PERSON,63,67
uiug.30112002868674,134,9,0,Bill,PERSON,5,9
uiug.30112002868674,134,9,1,Cedric Shadrel,PERSON,59,73
uiug.30112002868674,134,11,0,Bill,PERSON,14,18
uiug.30112002868674,134,23,0,just about dawn,TIME,50,65
uiug.30112002868674,134,24,0,122,CARDINAL,0,3
uiug.30112002868674,135,2,0,some hundred and fifty yards,QUANTITY,39,67
uiug.30112002868674,135,7,0,Frambrough,PERSON,11,21
uiug.30112002868674,135,7,1,first,ORDINAL,38,43
uiug.30112002868674,135,8,0,Frambrough,PERSON,0,10
uiug.30112002868674,135,8,1,Shadrel,PERSON,79,86
uiug.30112002868674,135,12,0,the early morning,TIME,3,20
uiug.30112002868674,135,15,0,123,CARDINAL,233,236
uiug.30112002868674,136,2,0,one,CARDINAL,14,17
uiug.30112002868674,136,6,0,millions,CARDINAL,91,99
uiug.30112002868674,136,12,0,this lonely hour,TIME,15,31
uiug.30112002868674,136,14,0,Jesus,PERSON,14,19
uiug.30112002868674,136,18,0,this morning,TIME,29,41
uiug.30112002868674,137,19,0,half,CARDINAL,80,84
uiug.30112002868674,137,21,0,Santiago Best,PERSON,14,27
uiug.30112002868674,137,22,0,Santiago,PERSON,99,107
uiug.30112002868674,137,23,0,Jew,NORP,21,24
uiug.30112002868674,137,24,0,125,CARDINAL,11,14
uiug.30112002868674,138,0,0,Santiago,PERSON,12,20
uiug.30112002868674,138,1,0,Santiago,PERSON,25,33
uiug.30112002868674,138,2,0,Late in the evening,TIME,0,19
uiug.30112002868674,138,2,1,the Rescue Mission,ORG,30,48
uiug.30112002868674,138,4,0,Santiago,PERSON,19,27
uiug.30112002868674,138,25,0,126,CARDINAL,0,3
uiug.30112002868674,139,4,0,three,CARDINAL,15,20
uiug.30112002868674,139,7,0,Santiago,PERSON,34,42
uiug.30112002868674,139,8,0,Santiago,PERSON,0,8
uiug.30112002868674,139,12,0,last night,TIME,22,32
uiug.30112002868674,139,14,0,the night,TIME,17,26
uiug.30112002868674,139,15,0,a frightening night,TIME,7,26
uiug.30112002868674,139,15,1,Santiago,PERSON,28,36
uiug.30112002868674,139,18,0,Sunday,DATE,1,7
uiug.30112002868674,139,20,0,this morning,TIME,23,35
uiug.30112002868674,139,22,0,Zion Baptist,ORG,4,16
uiug.30112002868674,139,24,0,Pamela,PERSON,9,15
uiug.30112002868674,139,29,0,Pamela,PERSON,11,17
uiug.30112002868674,139,30,0,this morning,TIME,15,27
uiug.30112002868674,139,31,0,Pamela,PERSON,0,6
uiug.30112002868674,140,3,0,Santiago,PERSON,16,24
uiug.30112002868674,140,8,0,Santiago,PERSON,14,22
uiug.30112002868674,140,9,0,this morning,TIME,7,19
uiug.30112002868674,140,12,0,Marks,PERSON,44,49
uiug.30112002868674,140,15,0,an hour,TIME,73,80
uiug.30112002868674,140,16,0,three or four hours,TIME,40,59
uiug.30112002868674,140,17,0,Sunday,DATE,92,98
uiug.30112002868674,140,17,1,night,TIME,99,104
uiug.30112002868674,140,18,0,the morning,TIME,36,47
uiug.30112002868674,140,18,1,night,TIME,58,63
uiug.30112002868674,140,22,0,tonight,TIME,26,33
uiug.30112002868674,140,23,0,Santiago,PERSON,18,26
uiug.30112002868674,140,26,0,Rescue Mission,ORG,11,25
uiug.30112002868674,140,27,0,128,CARDINAL,0,3
uiug.30112002868674,141,0,0,CHAPTER SIXTEEN,DATE,0,15
uiug.30112002868674,141,1,0,Two months,DATE,0,10
uiug.30112002868674,141,2,0,Late September,DATE,0,14
uiug.30112002868674,141,3,0,those long idle days,DATE,7,27
uiug.30112002868674,141,3,1,Santiago,PERSON,28,36
uiug.30112002868674,141,4,0,Santiago,PERSON,88,96
uiug.30112002868674,141,6,0,Pamela,PERSON,0,6
uiug.30112002868674,141,7,0,Los Angeles,GPE,61,72
uiug.30112002868674,141,9,0,Pamela,PERSON,0,6
uiug.30112002868674,141,9,1,Santiago,PERSON,22,30
uiug.30112002868674,141,9,2,Jew,NORP,76,79
uiug.30112002868674,141,13,0,Santiago,PERSON,0,8
uiug.30112002868674,142,1,0,Santiago,PERSON,3,11
uiug.30112002868674,142,3,0,many days,DATE,14,23
uiug.30112002868674,142,3,1,September,DATE,31,40
uiug.30112002868674,142,5,0,One night,TIME,0,9
uiug.30112002868674,142,5,1,Los Angeles,GPE,21,32
uiug.30112002868674,142,5,2,Zion Baptist,ORG,43,55
uiug.30112002868674,142,6,0,Pamela,PERSON,0,6
uiug.30112002868674,142,6,1,Ford,ORG,32,36
uiug.30112002868674,142,8,0,Marks,PERSON,13,18
uiug.30112002868674,142,8,1,San Francisco,GPE,31,44
uiug.30112002868674,142,8,2,Baptist,NORP,71,78
uiug.30112002868674,142,9,0,Santiago,PERSON,19,27
uiug.30112002868674,142,10,0,Pamela,PERSON,112,118
uiug.30112002868674,142,10,1,the night,TIME,158,167
uiug.30112002868674,142,10,2,the Rescue Mission,ORG,199,217
uiug.30112002868674,142,11,0,Pamela,PERSON,83,89
uiug.30112002868674,142,12,0,Santiago,PERSON,61,69
uiug.30112002868674,142,13,0,San Pedro,LOC,21,30
uiug.30112002868674,142,13,1,Pamela,PERSON,39,45
uiug.30112002868674,142,13,2,Rescue Mission,ORG,59,73
uiug.30112002868674,142,13,3,Santiago,PERSON,80,88
uiug.30112002868674,142,15,0,midnight,TIME,16,24
uiug.30112002868674,142,16,0,Santiago,PERSON,0,8
uiug.30112002868674,142,16,1,two,CARDINAL,49,52
uiug.30112002868674,142,17,0,the Rescue Mission,ORG,22,40
uiug.30112002868674,142,17,1,Pamela,PERSON,41,47
uiug.30112002868674,142,18,0,Santiago,PERSON,12,20
uiug.30112002868674,142,18,1,130,CARDINAL,23,26
uiug.30112002868674,143,5,0,Santiago,PERSON,0,8
uiug.30112002868674,143,6,0,Bible,WORK_OF_ART,112,117
uiug.30112002868674,143,9,0,tonight,TIME,22,29
uiug.30112002868674,143,13,0,first,ORDINAL,43,48
uiug.30112002868674,143,15,0,Pamela,PERSON,0,6
uiug.30112002868674,143,17,0,Santiago,PERSON,23,31
uiug.30112002868674,143,18,0,Santiago,PERSON,9,17
uiug.30112002868674,143,19,0,two,CARDINAL,9,12
uiug.30112002868674,143,21,0,one,CARDINAL,8,11
uiug.30112002868674,143,21,1,Pamela,PERSON,27,33
uiug.30112002868674,143,22,0,Santiago,PERSON,29,37
uiug.30112002868674,143,23,0,Mission,ORG,22,29
uiug.30112002868674,143,25,0,tonight,TIME,47,54
uiug.30112002868674,143,26,0,the Rescue Mission,ORG,14,32
uiug.30112002868674,144,8,0,Pamela,PERSON,14,20
uiug.30112002868674,144,11,0,over thirty years,DATE,86,103
uiug.30112002868674,144,13,0,Spring and,FAC,11,21
uiug.30112002868674,144,16,0,First Street,FAC,32,44
uiug.30112002868674,144,16,1,Santiago,PERSON,47,55
uiug.30112002868674,144,17,0,Los Angeles,GPE,62,73
uiug.30112002868674,144,22,0,the Rescue Mission,ORG,21,39
uiug.30112002868674,144,23,0,Santiago,PERSON,14,22
uiug.30112002868674,144,32,0,the night,TIME,36,45
uiug.30112002868674,144,33,0,the Union Station,FAC,43,60
uiug.30112002868674,144,33,1,Santiago,PERSON,63,71
uiug.30112002868674,144,34,0,132,CARDINAL,34,37
uiug.30112002868674,145,5,0,tonight,TIME,68,75
uiug.30112002868674,145,11,0,that night,TIME,41,51
uiug.30112002868674,145,18,0,Pamela,PERSON,0,6
uiug.30112002868674,145,21,0,Broadway,FAC,16,24
uiug.30112002868674,145,22,0,Sunset Boulevard,FAC,11,27
uiug.30112002868674,145,22,1,Union Station,FAC,48,61
uiug.30112002868674,145,24,0,Santiago,PERSON,0,8
uiug.30112002868674,145,31,0,Christians,NORP,66,76
uiug.30112002868674,145,32,0,Christ,PERSON,0,6
uiug.30112002868674,145,35,0,133,CARDINAL,58,61
uiug.30112002868674,146,2,0,Pamela,PERSON,0,6
uiug.30112002868674,146,4,0,Tou'saint,PERSON,0,9
uiug.30112002868674,146,8,0,Santiago,PERSON,22,30
uiug.30112002868674,146,10,0,tonight,TIME,31,38
uiug.30112002868674,146,10,1,Tou'saint,PERSON,60,69
uiug.30112002868674,146,16,0,Pamela,PERSON,0,6
uiug.30112002868674,146,17,0,Skid Row,FAC,25,33
uiug.30112002868674,146,21,0,Pamela,PERSON,19,25
uiug.30112002868674,146,29,0,two,CARDINAL,23,26
uiug.30112002868674,147,6,0,Pamela,PERSON,19,25
uiug.30112002868674,147,6,1,Santiago,PERSON,28,36
uiug.30112002868674,147,11,0,pagans,NORP,26,32
uiug.30112002868674,147,12,0,Los Angeles,GPE,28,39
uiug.30112002868674,147,13,0,two,CARDINAL,10,13
uiug.30112002868674,147,13,1,Christian,NORP,14,23
uiug.30112002868674,147,15,0,Pamela,PERSON,0,6
uiug.30112002868674,147,16,0,Pamela,PERSON,15,21
uiug.30112002868674,147,18,0,more than one,CARDINAL,17,30
uiug.30112002868674,147,19,0,Santiago,PERSON,22,30
uiug.30112002868674,147,22,0,Pamela,PERSON,46,52
uiug.30112002868674,147,23,0,Santiago,PERSON,0,8
uiug.30112002868674,147,23,1,three,CARDINAL,32,37
uiug.30112002868674,147,25,0,Pamela,PERSON,9,15
uiug.30112002868674,147,29,0,135,CARDINAL,55,58
uiug.30112002868674,148,2,0,Pamela,PERSON,0,6
uiug.30112002868674,148,5,0,Santiago,PERSON,7,15
uiug.30112002868674,148,8,0,George,PERSON,3,9
uiug.30112002868674,148,10,0,Santiago,PERSON,0,8
uiug.30112002868674,148,12,0,Pamela,PERSON,8,14
uiug.30112002868674,148,14,0,Pamela,PERSON,0,6
uiug.30112002868674,148,15,0,Santiago,PERSON,38,46
uiug.30112002868674,148,16,0,twenty yards,QUANTITY,22,34
uiug.30112002868674,148,27,0,136,CARDINAL,0,3
uiug.30112002868674,149,2,0,Santiago,PERSON,43,51
uiug.30112002868674,149,9,0,Santiago,PERSON,0,8
uiug.30112002868674,149,13,0,Santiago,PERSON,16,24
uiug.30112002868674,149,19,0,Santiago,PERSON,19,27
uiug.30112002868674,149,31,0,Santiago,PERSON,0,8
uiug.30112002868674,149,40,0,one,CARDINAL,19,22
uiug.30112002868674,149,51,0,Frambrough Chaney,PERSON,5,22
uiug.30112002868674,149,52,0,137,CARDINAL,2,5
uiug.30112002868674,150,0,0,Santiago,PERSON,51,59
uiug.30112002868674,150,0,1,Frambrough,PERSON,72,82
uiug.30112002868674,150,0,2,Skid Row,FAC,106,114
uiug.30112002868674,150,1,0,Frambrough,PERSON,21,31
uiug.30112002868674,150,3,0,Santiago,PERSON,0,8
uiug.30112002868674,150,4,0,Frambrough,PERSON,48,58
uiug.30112002868674,150,7,0,Frambrough,PERSON,0,10
uiug.30112002868674,150,10,0,the night,TIME,3,12
uiug.30112002868674,150,10,1,Frambrough,PERSON,16,26
uiug.30112002868674,150,10,2,over a month,DATE,85,97
uiug.30112002868674,150,14,0,Frambrough,PERSON,0,10
uiug.30112002868674,150,15,0,138,CARDINAL,19,22
uiug.30112002868674,151,4,0,One,CARDINAL,0,3
uiug.30112002868674,151,4,1,Frambrough,PERSON,46,56
uiug.30112002868674,151,4,2,Frambrough,PERSON,124,134
uiug.30112002868674,151,5,0,Frambrough,PERSON,0,10
uiug.30112002868674,151,5,1,Frambrough,PERSON,83,93
uiug.30112002868674,151,6,0,Frambrough,PERSON,37,47
uiug.30112002868674,151,6,1,third,ORDINAL,66,71
uiug.30112002868674,151,6,2,Frambrough,PERSON,107,117
uiug.30112002868674,151,7,0,Frambrough,PERSON,19,29
uiug.30112002868674,151,8,0,one,CARDINAL,182,185
uiug.30112002868674,151,10,0,Santiago,PERSON,0,8
uiug.30112002868674,151,10,1,Frambrough,PERSON,56,66
uiug.30112002868674,151,11,0,Santiago,PERSON,0,8
uiug.30112002868674,151,14,0,Santiago,PERSON,0,8
uiug.30112002868674,151,16,0,Frambrough,PERSON,19,29
uiug.30112002868674,151,17,0,Santiago,PERSON,19,27
uiug.30112002868674,151,21,0,the great day,DATE,3,16
uiug.30112002868674,151,22,0,139,CARDINAL,42,45
uiug.30112002868674,152,6,0,Santiago,PERSON,20,28
uiug.30112002868674,152,7,0,a few dollars,MONEY,39,52
uiug.30112002868674,152,9,0,Los Angeles,GPE,146,157
uiug.30112002868674,152,11,0,only several yards,QUANTITY,7,25
uiug.30112002868674,152,12,0,four,CARDINAL,11,15
uiug.30112002868674,152,12,1,five,CARDINAL,19,23
uiug.30112002868674,152,14,0,Santiago,PERSON,19,27
uiug.30112002868674,152,17,0,Santiago,PERSON,0,8
uiug.30112002868674,152,20,0,Santiago,PERSON,13,21
uiug.30112002868674,152,28,0,Two,CARDINAL,0,3
uiug.30112002868674,152,28,1,one,CARDINAL,42,45
uiug.30112002868674,152,29,0,Santiago,PERSON,6,14
uiug.30112002868674,152,32,0,140,CARDINAL,5,8
uiug.30112002868674,153,2,0,Santiago,PERSON,9,17
uiug.30112002868674,153,9,0,one,CARDINAL,50,53
uiug.30112002868674,153,11,0,Frambrough,PERSON,40,50
uiug.30112002868674,153,12,0,Santiago,PERSON,26,34
uiug.30112002868674,153,13,0,some fifty or sixty yards,QUANTITY,27,52
uiug.30112002868674,153,14,0,days,DATE,23,27
uiug.30112002868674,153,16,0,one,CARDINAL,14,17
uiug.30112002868674,153,18,0,two,CARDINAL,24,27
uiug.30112002868674,153,18,1,San Pedro,FAC,54,63
uiug.30112002868674,153,28,0,San Pedro,GPE,43,52
uiug.30112002868674,153,29,0,three or four,CARDINAL,16,29
uiug.30112002868674,153,30,0,141,CARDINAL,0,3
uiug.30112002868674,155,5,0,Chaney,PERSON,26,32
uiug.30112002868674,155,13,0,one,CARDINAL,19,22
uiug.30112002868674,155,22,0,several months,DATE,12,26
uiug.30112002868674,155,25,0,Fairy,PERSON,50,55
uiug.30112002868674,155,26,0,143,CARDINAL,0,3
uiug.30112002868674,156,2,0,Frambrough,PERSON,41,51
uiug.30112002868674,156,4,0,Frambrough,PERSON,0,10
uiug.30112002868674,156,5,0,fifth,ORDINAL,2,7
uiug.30112002868674,156,6,0,Fairy,PERSON,32,37
uiug.30112002868674,156,7,0,Frambrough,PERSON,0,10
uiug.30112002868674,156,11,0,Fairy,PERSON,29,34
uiug.30112002868674,156,15,0,Daniel,PERSON,104,110
uiug.30112002868674,156,22,0,Fairy,PERSON,17,22
uiug.30112002868674,156,24,0,144,CARDINAL,0,3
uiug.30112002868674,157,12,0,minutes,TIME,86,93
uiug.30112002868674,157,14,0,Last evening,TIME,1,13
uiug.30112002868674,157,19,0,Fairy,PERSON,0,5
uiug.30112002868674,157,20,0,Frambrough,PERSON,15,25
uiug.30112002868674,157,24,0,Fairy,PERSON,3,8
uiug.30112002868674,157,27,0,145,CARDINAL,0,3
uiug.30112002868674,158,4,0,Fairy,PERSON,74,79
uiug.30112002868674,158,8,0,six-footers,QUANTITY,34,45
uiug.30112002868674,158,15,0,First,ORDINAL,1,6
uiug.30112002868674,158,19,0,Frambrough,PERSON,9,19
uiug.30112002868674,158,19,1,Fairy,PERSON,46,51
uiug.30112002868674,158,20,0,Frambrough,PERSON,39,49
uiug.30112002868674,159,1,0,Frambrough,PERSON,1,11
uiug.30112002868674,159,7,0,first,ORDINAL,51,56
uiug.30112002868674,159,9,0,Republicans,NORP,69,80
uiug.30112002868674,159,15,0,Jesus,PERSON,0,5
uiug.30112002868674,159,19,0,over five hundred,CARDINAL,32,49
uiug.30112002868674,159,20,0,the Korean War,EVENT,28,42
uiug.30112002868674,159,21,0,Republicans,NORP,26,37
uiug.30112002868674,159,22,0,Democrats,NORP,0,9
uiug.30112002868674,159,24,0,Tou'saint Chaney,PERSON,22,38
uiug.30112002868674,159,28,0,one,CARDINAL,30,33
uiug.30112002868674,159,30,0,Fairy,PERSON,95,100
uiug.30112002868674,159,31,0,147,CARDINAL,25,28
uiug.30112002868674,160,3,0,but one,CARDINAL,17,24
uiug.30112002868674,160,8,0,a thousand to one,CARDINAL,12,29
uiug.30112002868674,160,10,0,Frambrough,PERSON,64,74
uiug.30112002868674,160,12,0,Frambrough,PERSON,51,61
uiug.30112002868674,160,18,0,Las Vegas,GPE,73,82
uiug.30112002868674,160,19,0,one,CARDINAL,20,23
uiug.30112002868674,160,19,1,Fairy,PERSON,52,57
uiug.30112002868674,160,31,0,148,CARDINAL,0,3
uiug.30112002868674,161,1,0,tonight,TIME,8,15
uiug.30112002868674,161,11,0,Fairy,PERSON,12,17
uiug.30112002868674,161,13,0,Fairy,PERSON,0,5
uiug.30112002868674,162,0,0,Fairy,PERSON,33,38
uiug.30112002868674,162,3,0,Tou'saint,PERSON,25,34
uiug.30112002868674,162,7,0,Christian,NORP,13,22
uiug.30112002868674,162,14,0,The other day,DATE,95,108
uiug.30112002868674,162,16,0,one moment,TIME,15,25
uiug.30112002868674,162,16,1,a thousand dollars,MONEY,85,103
uiug.30112002868674,162,20,0,one,CARDINAL,66,69
uiug.30112002868674,162,25,0,150,CARDINAL,44,47
uiug.30112002868674,163,4,0,Zion Baptist,ORG,35,47
uiug.30112002868674,163,4,1,Sunday,DATE,55,61
uiug.30112002868674,163,5,0,Marks,PERSON,9,14
uiug.30112002868674,163,10,0,Jerusalem,GPE,30,39
uiug.30112002868674,164,7,0,Jesus,PERSON,35,40
uiug.30112002868674,165,6,0,One,CARDINAL,0,3
uiug.30112002868674,165,10,0,more than one,CARDINAL,13,26
uiug.30112002868674,165,15,0,Tou'saint,PERSON,4,13
uiug.30112002868674,165,18,0,Fairy,PERSON,32,37
uiug.30112002868674,165,31,0,Tou'saint,PERSON,0,9
uiug.30112002868674,165,35,0,153,CARDINAL,23,26
uiug.30112002868674,166,6,0,Fairy,PERSON,18,23
uiug.30112002868674,167,6,0,Fairy,PERSON,21,26
uiug.30112002868674,167,13,0,Fairy,PERSON,158,163
uiug.30112002868674,167,15,0,third,ORDINAL,27,32
uiug.30112002868674,167,18,0,Fairy,PERSON,14,19
uiug.30112002868674,167,26,0,155,CARDINAL,58,61
uiug.30112002868674,168,5,0,Fairy,PERSON,84,89
uiug.30112002868674,168,9,0,Jesus,PERSON,5,10
uiug.30112002868674,168,12,0,a million,CARDINAL,21,30
uiug.30112002868674,168,18,0,Fairy,PERSON,5,10
uiug.30112002868674,168,20,0,Shadrel,PERSON,1,8
uiug.30112002868674,168,21,0,Cedric Shadrel,PERSON,0,14
uiug.30112002868674,168,22,0,NINETEEN,CARDINAL,8,16
uiug.30112002868674,168,23,0,Cedric Shadrel,PERSON,0,14
uiug.30112002868674,168,24,0,156,CARDINAL,15,18
uiug.30112002868674,169,4,0,Fairy,PERSON,13,18
uiug.30112002868674,169,7,0,Fairy,PERSON,7,12
uiug.30112002868674,169,7,1,Shadrel,PERSON,79,86
uiug.30112002868674,169,14,0,weeks,DATE,35,40
uiug.30112002868674,169,15,0,Tonight,TIME,0,7
uiug.30112002868674,169,15,1,one,CARDINAL,9,12
uiug.30112002868674,169,15,2,Jew,NORP,51,54
uiug.30112002868674,169,17,0,two,CARDINAL,4,7
uiug.30112002868674,169,21,0,Fairy,PERSON,28,33
uiug.30112002868674,169,24,0,two,CARDINAL,20,23
uiug.30112002868674,169,25,0,Shadrel,PERSON,32,39
uiug.30112002868674,170,4,0,Shadrel,PERSON,40,47
uiug.30112002868674,170,11,0,Shadrel,PERSON,35,42
uiug.30112002868674,170,13,0,night,TIME,28,33
uiug.30112002868674,170,13,1,night,TIME,40,45
uiug.30112002868674,170,21,0,Shadrel,PERSON,0,7
uiug.30112002868674,170,24,0,one,CARDINAL,27,30
uiug.30112002868674,170,29,0,Cedric,PERSON,62,68
uiug.30112002868674,170,34,0,Cedric,PERSON,27,33
uiug.30112002868674,170,40,0,Shadrel,PERSON,0,7
uiug.30112002868674,171,6,0,Cedric,PERSON,0,6
uiug.30112002868674,171,7,0,Fairy,PERSON,0,5
uiug.30112002868674,171,10,0,Fairy,PERSON,142,147
uiug.30112002868674,171,11,0,Shadrel,PERSON,28,35
uiug.30112002868674,171,13,0,Fairy,PERSON,0,5
uiug.30112002868674,171,14,0,Fairy,PERSON,0,5
uiug.30112002868674,171,15,0,Cecil,PERSON,54,59
uiug.30112002868674,171,15,1,the very next day,DATE,60,77
uiug.30112002868674,171,17,0,Shadrel,PERSON,0,7
uiug.30112002868674,171,17,1,Fairy,PERSON,13,18
uiug.30112002868674,171,20,0,Shadrel,PERSON,6,13
uiug.30112002868674,171,21,0,Fairy,PERSON,4,9
uiug.30112002868674,172,4,0,Cedric,PERSON,8,14
uiug.30112002868674,172,13,0,Cedric,PERSON,13,19
uiug.30112002868674,172,19,0,Fairy,PERSON,11,16
uiug.30112002868674,172,20,0,Fairy,PERSON,27,32
uiug.30112002868674,172,35,0,Fairy,PERSON,10,15
uiug.30112002868674,172,35,1,Shadrel,PERSON,55,62
uiug.30112002868674,172,38,0,Shadrel,PERSON,23,30
uiug.30112002868674,172,40,0,Shadrel,PERSON,0,7
uiug.30112002868674,172,41,0,Fairy,PERSON,0,5
uiug.30112002868674,172,43,0,160,CARDINAL,56,59
uiug.30112002868674,173,7,0,Shadrel,PERSON,10,17
uiug.30112002868674,173,7,1,Fairy,PERSON,41,46
uiug.30112002868674,173,12,0,Santiago,GPE,25,33
uiug.30112002868674,173,22,0,this crucial hour,TIME,31,48
uiug.30112002868674,173,32,0,fifty,DATE,36,41
uiug.30112002868674,173,34,0,161,CARDINAL,0,3
uiug.30112002868674,174,3,0,Ford,ORG,49,53
uiug.30112002868674,174,4,0,Pamela,PERSON,11,17
uiug.30112002868674,174,4,1,Santiago,PERSON,22,30
uiug.30112002868674,174,5,0,two,CARDINAL,12,15
uiug.30112002868674,174,6,0,Shadrel,PERSON,27,34
uiug.30112002868674,174,7,0,just fifty yards,QUANTITY,7,23
uiug.30112002868674,174,9,0,Shadrel,PERSON,6,13
uiug.30112002868674,174,14,0,Shadrel,PERSON,39,46
uiug.30112002868674,174,15,0,Santiago,PERSON,88,96
uiug.30112002868674,174,15,1,Pamela,PERSON,101,107
uiug.30112002868674,174,23,0,Santiago,PERSON,7,15
uiug.30112002868674,174,23,1,Pamela,PERSON,20,26
uiug.30112002868674,174,26,0,162,CARDINAL,0,3
uiug.30112002868674,175,0,0,Pamela,PERSON,31,37
uiug.30112002868674,175,5,0,Shadrel,PERSON,84,91
uiug.30112002868674,175,8,0,Shadrel,PERSON,0,7
uiug.30112002868674,175,8,1,one,CARDINAL,26,29
uiug.30112002868674,175,9,0,Pamela,PERSON,49,55
uiug.30112002868674,175,16,0,A .45 caliber,PRODUCT,0,13
uiug.30112002868674,175,18,0,Pamela,PERSON,34,40
uiug.30112002868674,175,22,0,Santiago,PERSON,1,9
uiug.30112002868674,175,32,0,Pamela,PERSON,0,6
uiug.30112002868674,175,33,0,Santiago,PERSON,44,52
uiug.30112002868674,175,39,0,163,CARDINAL,4,7
uiug.30112002868674,176,0,0,the Lord thy God,PERSON,11,27
uiug.30112002868674,176,9,0,Union Pacific,ORG,12,25
uiug.30112002868674,176,10,0,the day,DATE,76,83
uiug.30112002868674,176,13,0,half,CARDINAL,59,63
uiug.30112002868674,176,16,0,Bible,WORK_OF_ART,120,125
uiug.30112002868674,177,3,0,Bible,WORK_OF_ART,128,133
uiug.30112002868674,177,3,1,Jesus,PERSON,162,167
uiug.30112002868674,177,4,0,two,CARDINAL,46,49
uiug.30112002868674,177,4,1,two,CARDINAL,65,68
uiug.30112002868674,177,4,2,two,CARDINAL,79,82
uiug.30112002868674,177,6,0,thousands of thousands,CARDINAL,97,119
uiug.30112002868674,177,8,0,Bibles,PRODUCT,29,35
uiug.30112002868674,177,9,0,one,CARDINAL,109,112
uiug.30112002868674,177,11,0,Books,WORK_OF_ART,63,68
uiug.30112002868674,177,13,0,Bible,WORK_OF_ART,4,9
uiug.30112002868674,177,14,0,Jesus,PERSON,0,5
uiug.30112002868674,177,15,0,165,CARDINAL,0,3
uiug.30112002868674,178,7,0,Pamela,PERSON,14,20
uiug.30112002868674,178,16,0,166,CARDINAL,22,25
uiug.30112002868674,179,0,0,2,CARDINAL,14,15
uiug.30112002868674,179,4,0,Salinco,LOC,15,22
uiug.30112002868674,179,6,0,W. Warner Jackson,PERSON,0,17
uiug.30112002868674,184,0,0,3,CARDINAL,36,37
